"ID","Description","GeneRatio","BgRatio","RichFactor","FoldEnrichment","zScore","pvalue","p.adjust","qvalue","geneID","Count"
"GO:0006814","sodium ion transport","10/114","242/18842",0.0413223140495868,6.82978106423082,7.12134713464196,2.14603316898604e-06,0.0126186750336379,0.0126186750336379,"NEDD4L/CNNM4/EDN1/PRSS8/WNK2/SCNN1A/SLC9A2/SLC6A7/SLC6A9/WNK4",10
"GO:0061436","establishment of skin barrier","4/114","27/18842",0.148148148148148,24.4860298895387,9.52791952000879,2.00327083896691e-05,0.040026568806278,0.040026568806278,"KDF1/KLF4/CLDN4/LSR",4
"GO:0035725","sodium ion transmembrane transport","8/114","191/18842",0.0418848167539267,6.92275190594287,6.41871161582718,2.1188749035175e-05,0.040026568806278,0.040026568806278,"NEDD4L/CNNM4/WNK2/SCNN1A/SLC9A2/SLC6A7/SLC6A9/WNK4",8
"GO:0042060","wound healing","11/114","394/18842",0.0279187817258883,4.61443583578235,5.65682424365463,2.72289583716177e-05,0.040026568806278,0.040026568806278,"DMTN/EDN1/ERBB3/SYT7/CLDN3/HNF4A/DDR1/PRRG2/MIR200B/ERBB2/CLDN4",11
"GO:0042490","mechanoreceptor differentiation","4/114","31/18842",0.129032258064516,21.3265421618563,8.83684241638597,3.52522628152889e-05,0.0414566610707798,0.0414566610707798,"TPRN/ESRP1/SLC44A4/HES5",4
"GO:0048598","embryonic morphogenesis","10/114","354/18842",0.0282485875706215,4.66894637724254,5.43696740449612,5.81801335444733e-05,0.0524632613393243,0.0524632613393243,"KDF1/TPRN/MMP15/KLF4/EYA2/CRB2/IHH/HOXB9/SLC44A4/HES5",10
"GO:0008544","epidermis development","9/114","287/18842",0.0313588850174216,5.18301852191454,5.57133094225449,6.24562634991956e-05,0.0524632613393243,0.0524632613393243,"KDF1/TPRN/KLF4/ESRP1/OVOL1/SLC44A4/VDR/CLDN4/LSR",9
"GO:0097192","extrinsic apoptotic signaling pathway in absence of ligand","4/114","43/18842",0.0930232558139535,15.374949000408,7.36261118962666,0.000130746696110098,0.0960988216409222,0.0960988216409222,"ERBB3/KLF4/EYA2/UNC5B",4
"GO:0038034","signal transduction in absence of ligand","4/114","45/18842",0.0888888888888889,14.6916179337232,7.17423267920814,0.000156390418073047,0.102175073141057,0.102175073141057,"ERBB3/KLF4/EYA2/UNC5B",4
"GO:0048729","tissue morphogenesis","10/114","408/18842",0.0245098039215686,4.05099759201926,4.86094665375348,0.000186546561530105,0.109689378179702,0.109689378179702,"NRARP/KDF1/KLF4/SIRT6/EYA2/CRB2/DDR1/IHH/HES5/WNK4",10
"GO:0009611","response to wounding","11/114","496/18842",0.0221774193548387,3.66549943406904,4.69361473282369,0.000210980200364626,0.112778507104,0.112778507104,"DMTN/EDN1/ERBB3/SYT7/CLDN3/HNF4A/DDR1/PRRG2/MIR200B/ERBB2/CLDN4",11
"GO:0044703","multi-organism reproductive process","6/114","155/18842",0.0387096774193548,6.39796264855688,5.26483338243778,0.000361175157110185,0.176975826983991,0.176975826983991,"EDN1/DDR1/IHH/HSD11B2/VDR/CLDN4",6
"GO:0044706","multi-multicellular organism process","6/114","159/18842",0.0377358490566038,6.23700761337305,5.17388963680594,0.000413732087218806,0.187134205603583,0.187134205603583,"EDN1/DDR1/IHH/HSD11B2/VDR/CLDN4",6
"GO:1901099","negative regulation of signal transduction in absence of ligand","3/114","27/18842",0.111111111111111,18.364522417154,7.04451850194259,0.000567531175588369,0.218889361612973,0.218889361612973,"KLF4/EYA2/UNC5B",3
"GO:2001240","negative regulation of extrinsic apoptotic signaling pathway in absence of ligand","3/114","27/18842",0.111111111111111,18.364522417154,7.04451850194259,0.000567531175588369,0.218889361612973,0.218889361612973,"KLF4/EYA2/UNC5B",3
"GO:0035315","hair cell differentiation","3/114","28/18842",0.107142857142857,17.7086466165414,6.90300868571364,0.000632843392418459,0.218889361612973,0.218889361612973,"TPRN/ESRP1/SLC44A4",3
"GO:0060113","inner ear receptor cell differentiation","3/114","28/18842",0.107142857142857,17.7086466165414,6.90300868571364,0.000632843392418459,0.218889361612973,0.218889361612973,"TPRN/ESRP1/HES5",3
"GO:0002028","regulation of sodium ion transport","4/114","67/18842",0.0597014925373134,9.8675045823514,5.67293163911245,0.000726382907286896,0.231104637640344,0.231104637640344,"NEDD4L/PRSS8/WNK2/WNK4",4
"GO:0071466","cellular response to xenobiotic stimulus","6/114","179/18842",0.0335195530726257,5.54013525433696,4.76171368777971,0.000772332533157425,0.231104637640344,0.231104637640344,"EDN1/HNF4A/CES3/ACER2/ALDH3A1/WNK4",6
"GO:2001239","regulation of extrinsic apoptotic signaling pathway in absence of ligand","3/114","31/18842",0.0967741935483871,15.9949066213922,6.51894581018912,0.000856940360047611,0.231104637640344,0.231104637640344,"KLF4/EYA2/UNC5B",3
"GO:0018108","peptidyl-tyrosine phosphorylation","5/114","122/18842",0.040983606557377,6.77379925222893,4.99168731905881,0.000876783587416758,0.231104637640344,0.231104637640344,"DMTN/FGFR3/GPRC5A/DDR1/ERBB2",5
"GO:0098719","sodium ion import across plasma membrane","3/114","32/18842",0.09375,15.4950657894737,6.40264587971222,0.00094144099568951,0.231104637640344,0.231104637640344,"NEDD4L/SCNN1A/SLC9A2",3
"GO:0097191","extrinsic apoptotic signaling pathway","6/114","186/18842",0.032258064516129,5.33163554046406,4.63188548877623,0.000942674518542118,0.231104637640344,0.231104637640344,"FGFR3/ERBB3/KLF4/EYA2/UNC5B/ITM2C",6
"GO:0018212","peptidyl-tyrosine modification","5/114","124/18842",0.0403225806451613,6.66454442558008,4.93747384897167,0.000943284235266712,0.231104637640344,0.231104637640344,"DMTN/FGFR3/GPRC5A/DDR1/ERBB2",5
"GO:0098773","skin epidermis development","4/114","74/18842",0.0540540540540541,8.93409198672357,5.33534851848929,0.00105563615763657,0.244487773700427,0.244487773700427,"KDF1/KLF4/CLDN4/LSR",4
"GO:0009913","epidermal cell differentiation","6/114","191/18842",0.031413612565445,5.19206392945715,4.54309919875214,0.00108106838711073,0.244487773700427,0.244487773700427,"KDF1/TPRN/ESRP1/OVOL1/SLC44A4/VDR",6
"GO:0070293","renal absorption","3/114","34/18842",0.0882352941176471,14.5835913312693,6.18502497604539,0.00112586312220604,0.245187968835981,0.245187968835981,"EDN1/CLDN4/WNK4",3
"GO:0045165","cell fate commitment","6/114","195/18842",0.0307692307692308,5.08556005398111,4.4742795907189,0.00120260761155767,0.252547598427111,0.252547598427111,"EDN1/KLF4/ESRP1/EYA2/IHH/HES5",6
"GO:0061041","regulation of wound healing","5/114","135/18842",0.037037037037037,6.12150747238466,4.65930694678744,0.00137825559470564,0.257216988059512,0.257216988059512,"DMTN/EDN1/CLDN3/MIR200B/CLDN4",5
"GO:0010669","epithelial structure maintenance","3/114","38/18842",0.0789473684210526,13.0484764542936,5.80039421100165,0.00155955915757699,0.257216988059512,0.257216988059512,"ILDR1/INAVA/LSR",3
"GO:0061053","somite development","3/114","38/18842",0.0789473684210526,13.0484764542936,5.80039421100165,0.00155955915757699,0.257216988059512,0.257216988059512,"CRB2/IHH/CDX2",3
"GO:0001710","mesodermal cell fate commitment","2/114","10/18842",0.2,33.0561403508772,7.91082374160643,0.00158194043937108,0.257216988059512,0.257216988059512,"KLF4/EYA2",2
"GO:0010960","magnesium ion homeostasis","2/114","10/18842",0.2,33.0561403508772,7.91082374160643,0.00158194043937108,0.257216988059512,0.257216988059512,"CNNM4/CNNM2",2
"GO:0038129","ERBB3 signaling pathway","2/114","10/18842",0.2,33.0561403508772,7.91082374160643,0.00158194043937108,0.257216988059512,0.257216988059512,"ERBB3/ERBB2",2
"GO:0060856","establishment of blood-brain barrier","2/114","10/18842",0.2,33.0561403508772,7.91082374160643,0.00158194043937108,0.257216988059512,0.257216988059512,"CLDN3/LSR",2
"GO:0071389","cellular response to mineralocorticoid stimulus","2/114","10/18842",0.2,33.0561403508772,7.91082374160643,0.00158194043937108,0.257216988059512,0.257216988059512,"EDN1/SCNN1A",2
"GO:0007565","female pregnancy","5/114","140/18842",0.0357142857142857,5.90288220551378,4.54286834431016,0.00161854227180305,0.257216988059512,0.257216988059512,"DDR1/IHH/HSD11B2/VDR/CLDN4",5
"GO:0042541","hemoglobin biosynthetic process","2/114","11/18842",0.181818181818182,30.0510366826156,7.51934455532536,0.00192584814083452,0.267351948106457,0.267351948106457,"KLF4/SLC6A9",2
"GO:0001707","mesoderm formation","3/114","41/18842",0.0731707317073171,12.0937098844673,5.54800645967987,0.0019449404673845,0.267351948106457,0.267351948106457,"KLF4/EYA2/CRB2",3
"GO:0046636","negative regulation of alpha-beta T cell activation","3/114","41/18842",0.0731707317073171,12.0937098844673,5.54800645967987,0.0019449404673845,0.267351948106457,0.267351948106457,"LGALS9C/IHH/LGALS9B",3
"GO:0043491","phosphatidylinositol 3-kinase/protein kinase B signal transduction","7/114","294/18842",0.0238095238095238,3.93525480367586,3.95757933072597,0.00208268137737708,0.267351948106457,0.267351948106457,"FGFR3/EDN1/ERBB3/KLF4/UNC5B/DDR1/ERBB2",7
"GO:0048332","mesoderm morphogenesis","3/114","42/18842",0.0714285714285714,11.8057644110276,5.46965476666032,0.0020853868527479,0.267351948106457,0.267351948106457,"KLF4/EYA2/CRB2",3
"GO:0007162","negative regulation of cell adhesion","7/114","295/18842",0.023728813559322,3.92191495688374,3.94639401340795,0.00212283634869678,0.267351948106457,0.267351948106457,"DMTN/LGALS9C/ERBB3/KLF4/IHH/LGALS9B/ACER2",7
"GO:0001704","formation of primary germ layer","4/114","90/18842",0.0444444444444444,7.3458089668616,4.70807260552908,0.00217707302146792,0.267351948106457,0.267351948106457,"MMP15/KLF4/EYA2/CRB2",4
"GO:0035739","CD4-positive, alpha-beta T cell proliferation","2/114","12/18842",0.166666666666667,27.546783625731,7.17688641899216,0.0023018966295002,0.267351948106457,0.267351948106457,"LGALS9C/LGALS9B",2
"GO:0046642","negative regulation of alpha-beta T cell proliferation","2/114","12/18842",0.166666666666667,27.546783625731,7.17688641899216,0.0023018966295002,0.267351948106457,0.267351948106457,"LGALS9C/LGALS9B",2
"GO:0072584","caveolin-mediated endocytosis","2/114","12/18842",0.166666666666667,27.546783625731,7.17688641899216,0.0023018966295002,0.267351948106457,0.267351948106457,"NEDD4L/PROM2",2
"GO:1903764","regulation of potassium ion export across plasma membrane","2/114","12/18842",0.166666666666667,27.546783625731,7.17688641899216,0.0023018966295002,0.267351948106457,0.267351948106457,"NEDD4L/WNK4",2
"GO:2000561","regulation of CD4-positive, alpha-beta T cell proliferation","2/114","12/18842",0.166666666666667,27.546783625731,7.17688641899216,0.0023018966295002,0.267351948106457,0.267351948106457,"LGALS9C/LGALS9B",2
"GO:0030307","positive regulation of cell growth","5/114","154/18842",0.0324675324675325,5.36625655046708,4.24469899037161,0.00245479148511213,0.267351948106457,0.267351948106457,"NEDD4L/EDN1/JUP/SLC44A4/ERBB2",5
"GO:0040008","regulation of growth","9/114","482/18842",0.0186721991701245,3.08615418213584,3.61986424536062,0.00263360661118658,0.267351948106457,0.267351948106457,"NEDD4L/FGFR3/EDN1/JUP/HNF4A/SLC44A4/PAK4/MIR200B/ERBB2",9
"GO:0015698","inorganic anion transport","5/114","157/18842",0.0318471337579618,5.26371661638172,4.18552853654121,0.00266846255330849,0.267351948106457,0.267351948106457,"CLDN3/TMC4/CLCN2/VDR/CLDN4",5
"GO:0048562","embryonic organ morphogenesis","5/114","157/18842",0.0318471337579618,5.26371661638172,4.18552853654121,0.00266846255330849,0.267351948106457,0.267351948106457,"TPRN/CRB2/IHH/HOXB9/SLC44A4",5
"GO:0045604","regulation of epidermal cell differentiation","3/114","46/18842",0.0652173913043478,10.779176201373,5.18092337389735,0.00270959391024951,0.267351948106457,0.267351948106457,"KDF1/ESRP1/VDR",3
"GO:0003096","renal sodium ion transport","2/114","13/18842",0.153846153846154,25.4278002699055,6.87386674781344,0.00270969128662438,0.267351948106457,0.267351948106457,"EDN1/WNK4",2
"GO:0009954","proximal/distal pattern formation","2/114","13/18842",0.153846153846154,25.4278002699055,6.87386674781344,0.00270969128662438,0.267351948106457,0.267351948106457,"HOXB9/HES5",2
"GO:0020027","hemoglobin metabolic process","2/114","13/18842",0.153846153846154,25.4278002699055,6.87386674781344,0.00270969128662438,0.267351948106457,0.267351948106457,"KLF4/SLC6A9",2
"GO:0070099","regulation of chemokine-mediated signaling pathway","2/114","13/18842",0.153846153846154,25.4278002699055,6.87386674781344,0.00270969128662438,0.267351948106457,0.267351948106457,"EDN1/PADI2",2
"GO:0070294","renal sodium ion absorption","2/114","13/18842",0.153846153846154,25.4278002699055,6.87386674781344,0.00270969128662438,0.267351948106457,0.267351948106457,"EDN1/WNK4",2
"GO:0046330","positive regulation of JNK cascade","4/114","96/18842",0.0416666666666667,6.88669590643275,4.51140287518258,0.00275307723357239,0.267351948106457,0.267351948106457,"EDN1/ERBB3/ERN2/ERBB2",4
"GO:0046486","glycerolipid metabolic process","8/114","395/18842",0.020253164556962,3.34745725072174,3.67868046567659,0.00277354912151256,0.267351948106457,0.267351948106457,"SERINC2/MGLL/PIGZ/STARD10/SLC44A4/PAK4/PGAP3/PLA2G4F",8
"GO:0008217","regulation of blood pressure","5/114","162/18842",0.0308641975308642,5.10125622698722,4.09020122283699,0.00305410325466414,0.284229417237032,0.284229417237032,"GPR37L1/EDN1/SCNN1A/HSD11B2/WNK4",5
"GO:0002009","morphogenesis of an epithelium","7/114","316/18842",0.0221518987341772,3.6612813679769,3.72222142839208,0.00311339387254138,0.284229417237032,0.284229417237032,"NRARP/KDF1/SIRT6/DDR1/IHH/HES5/WNK4",7
"GO:0010766","negative regulation of sodium ion transport","2/114","14/18842",0.142857142857143,23.6115288220551,6.60314068279826,0.00314884101915626,0.284229417237032,0.284229417237032,"NEDD4L/WNK4",2
"GO:0048545","response to steroid hormone","7/114","317/18842",0.0220820189274448,3.64973158448171,3.71202681995264,0.00316809890332502,0.284229417237032,0.284229417237032,"EDN1/SCNN1A/FOXA1/HSD11B2/PADI2/VDR/CLDN4",7
"GO:0048839","inner ear development","4/114","100/18842",0.04,6.61122807017544,4.38943532530451,0.00319033019347689,0.284229417237032,0.284229417237032,"TPRN/ESRP1/SLC44A4/HES5",4
"GO:0071526","semaphorin-plexin signaling pathway","3/114","49/18842",0.0612244897959184,10.1192266380236,4.98673962177458,0.00324573126580988,0.284849251387494,0.284849251387494,"EDN1/SEMA4G/ERBB2",3
"GO:1903034","regulation of response to wounding","5/114","165/18842",0.0303030303030303,5.00850611376927,4.03487108188651,0.00330394895684989,0.285694409798196,0.285694409798196,"DMTN/EDN1/CLDN3/MIR200B/CLDN4",5
"GO:0045682","regulation of epidermis development","3/114","51/18842",0.0588235294117647,9.72239422084623,4.86636358018985,0.00363675215451244,0.309914531428017,0.309914531428017,"KDF1/ESRP1/VDR",3
"GO:0009952","anterior/posterior pattern specification","4/114","105/18842",0.0380952380952381,6.29640768588137,4.24604632786498,0.00380065130141981,0.318229734662594,0.318229734662595,"CRB2/HOXB9/HES5/CDX2",4
"GO:0035282","segmentation","3/114","52/18842",0.0576923076923077,9.53542510121457,4.80863859255639,0.00384256992534765,0.318229734662594,0.318229734662595,"CRB2/HES5/CDX2",3
"GO:0048568","embryonic organ development","6/114","248/18842",0.0241935483870968,3.99872665534805,3.70881360393791,0.00400124686652962,0.322981250019766,0.322981250019766,"TPRN/EDN1/CRB2/IHH/HOXB9/SLC44A4",6
"GO:0035435","phosphate ion transmembrane transport","2/114","16/18842",0.125,20.6600877192982,6.13797500393275,0.00411965880127253,0.322981250019766,0.322981250019766,"CLDN3/VDR",2
"GO:0035988","chondrocyte proliferation","2/114","16/18842",0.125,20.6600877192982,6.13797500393275,0.00411965880127253,0.322981250019766,0.322981250019766,"FGFR3/SIRT6",2
"GO:0042491","inner ear auditory receptor cell differentiation","2/114","16/18842",0.125,20.6600877192982,6.13797500393275,0.00411965880127253,0.322981250019766,0.322981250019766,"TPRN/ESRP1",2
"GO:0015816","glycine transport","2/114","17/18842",0.117647058823529,19.4447884416925,5.93593787046567,0.00465056204577184,0.359806642488664,0.359806642488664,"SLC6A7/SLC6A9",2
"GO:0043583","ear development","4/114","112/18842",0.0357142857142857,5.90288220551378,4.06022669222362,0.00478152869426599,0.365134918471221,0.365134918471221,"TPRN/ESRP1/SLC44A4/HES5",4
"GO:0016042","lipid catabolic process","7/114","347/18842",0.0201729106628242,3.33419283078012,3.42399404368643,0.00517950411967388,0.389994914814711,0.389994914814711,"SIRT6/MGLL/SGPP2/PLCD3/PAK4/ACER2/PLA2G4F",7
"GO:0060562","epithelial tube morphogenesis","5/114","184/18842",0.0271739130434783,4.49132341723875,3.71300170457319,0.00523972759700037,0.389994914814711,0.389994914814711,"NRARP/SIRT6/IHH/HES5/WNK4",5
"GO:0007411","axon guidance","5/114","185/18842",0.027027027027027,4.46704599336178,3.69728783228388,0.00535981123644861,0.392406358220151,0.392406358220151,"EDN1/SEMA4G/EPHA10/UNC5B/IGSF9",5
"GO:0097485","neuron projection guidance","5/114","186/18842",0.0268817204301075,4.44302961705339,3.68168530608829,0.00548183158777199,0.392406358220151,0.392406358220151,"EDN1/SEMA4G/EPHA10/UNC5B/IGSF9",5
"GO:0042130","negative regulation of T cell proliferation","3/114","59/18842",0.0508474576271186,8.40410347903657,4.44400671458764,0.00548218173444464,0.392406358220151,0.392406358220151,"LGALS9C/IHH/LGALS9B",3
"GO:0045765","regulation of angiogenesis","7/114","352/18842",0.0198863636363636,3.28683213716108,3.37905968640178,0.00559135736627495,0.392406358220151,0.392406358220151,"KLF4/SIRT6/E2F2/JUP/PAK4/MIR200B/ERBB2",7
"GO:0045216","cell-cell junction organization","5/114","187/18842",0.0267379679144385,4.41927010038465,3.66619267458877,0.00560580511743073,0.392406358220151,0.392406358220151,"ILDR1/CLDN3/JUP/INAVA/LSR",5
"GO:0046879","hormone secretion","6/114","268/18842",0.0223880597014925,3.70031421838177,3.47366297559755,0.00581125649753363,0.402002214182327,0.402002214182327,"EDN1/SIRT6/SYT7/ILDR1/HNF4A/WNK4",6
"GO:0050673","epithelial cell proliferation","7/114","356/18842",0.0196629213483146,3.24990143899073,3.34368778163775,0.00593817399625641,0.406005384860322,0.406005384860322,"NRARP/ERBB3/SIRT6/SGPP2/IHH/ERBB2/VDR",7
"GO:0120192","tight junction assembly","3/114","61/18842",0.0491803278688525,8.12855910267472,4.35076890484111,0.00601647605821453,0.406630795658638,0.406630795658637,"ILDR1/CLDN3/LSR",3
"GO:0003382","epithelial cell morphogenesis","2/114","20/18842",0.1,16.5280701754386,5.4207365196772,0.00642073210972652,0.408452475652359,0.408452475652359,"RAB25/CLDN3",2
"GO:0015693","magnesium ion transport","2/114","20/18842",0.1,16.5280701754386,5.4207365196772,0.00642073210972652,0.408452475652359,0.408452475652359,"CNNM4/CNNM2",2
"GO:1903830","magnesium ion transmembrane transport","2/114","20/18842",0.1,16.5280701754386,5.4207365196772,0.00642073210972652,0.408452475652359,0.408452475652359,"CNNM4/CNNM2",2
"GO:0003014","renal system process","4/114","122/18842",0.0327868852459016,5.41903940178315,3.82044161576741,0.00645837287372391,0.408452475652359,0.408452475652359,"EDN1/CLDN4/TMEM63C/WNK4",4
"GO:1901342","regulation of vasculature development","7/114","362/18842",0.0193370165745856,3.19603566928371,3.29155708826684,0.00648830922260082,0.408452475652359,0.408452475652359,"KLF4/SIRT6/E2F2/JUP/PAK4/MIR200B/ERBB2",7
"GO:0001894","tissue homeostasis","5/114","194/18842",0.0257731958762887,4.25981190088624,3.56070484709739,0.00652968243389826,0.408452475652359,0.408452475652359,"ILDR1/CLDN3/INAVA/CRB2/LSR",5
"GO:0060249","anatomical structure homeostasis","5/114","194/18842",0.0257731958762887,4.25981190088624,3.56070484709739,0.00652968243389826,0.408452475652359,0.408452475652359,"ILDR1/CLDN3/INAVA/CRB2/LSR",5
"GO:0098739","import across plasma membrane","6/114","278/18842",0.0215827338129496,3.56720939038243,3.36439214900285,0.00691256489494997,0.419889463424263,0.419889463424263,"NEDD4L/SIRT6/SCNN1A/SLC9A2/SLC6A7/SLC6A9",6
"GO:0001558","regulation of cell growth","7/114","367/18842",0.0190735694822888,3.15249294899374,3.24893667198177,0.0069751109185366,0.419889463424263,0.419889463424263,"NEDD4L/EDN1/JUP/HNF4A/SLC44A4/PAK4/ERBB2",7
"GO:0060795","cell fate commitment involved in formation of primary germ layer","2/114","21/18842",0.0952380952380952,15.7410192147034,5.27320326631086,0.00706870717596844,0.419889463424263,0.419889463424263,"KLF4/EYA2",2
"GO:0009410","response to xenobiotic stimulus","7/114","368/18842",0.0190217391304348,3.14392639206712,3.24049988474962,0.00707564657957661,0.419889463424263,0.419889463424263,"EDN1/HNF4A/HSD11B2/CES3/ACER2/ALDH3A1/WNK4",7
"GO:0048667","cell morphogenesis involved in neuron differentiation","8/114","463/18842",0.0172786177105832,2.85582206055095,3.15445684027638,0.00713302592973645,0.419889463424263,0.419889463424263,"NEDD4L/TPRN/EDN1/SEMA4G/EPHA10/JUP/UNC5B/IGSF9",8
"GO:0007173","epidermal growth factor receptor signaling pathway","4/114","126/18842",0.0317460317460317,5.24700640490114,3.73181727149198,0.00722577739485444,0.419889463424263,0.419889463424263,"GPRC5A/ERBB3/GRB7/ERBB2",4
"GO:0009914","hormone transport","6/114","281/18842",0.0213523131672598,3.52912530436411,3.33258719669751,0.00727063922431804,0.419889463424263,0.419889463424263,"EDN1/SIRT6/SYT7/ILDR1/HNF4A/WNK4",6
"GO:0001667","ameboidal-type cell migration","5/114","200/18842",0.025,4.13201754385965,3.4741745311823,0.00740260619364806,0.419889463424263,0.419889463424263,"DMTN/EDN1/SEMA4G/RAB25/CRB2",5
"GO:0007369","gastrulation","4/114","127/18842",0.031496062992126,5.20569139383893,3.71024891388624,0.00742661635988492,0.419889463424263,0.419889463424263,"MMP15/KLF4/EYA2/CRB2",4
"GO:2001236","regulation of extrinsic apoptotic signaling pathway","4/114","127/18842",0.031496062992126,5.20569139383893,3.71024891388624,0.00742661635988492,0.419889463424263,0.419889463424263,"KLF4/EYA2/UNC5B/ITM2C",4
"GO:0001569","branching involved in blood vessel morphogenesis","2/114","22/18842",0.0909090909090909,15.0255183413078,5.13545764177191,0.00774503222724288,0.420858677240742,0.420858677240742,"NRARP/SIRT6",2
"GO:0001756","somitogenesis","2/114","22/18842",0.0909090909090909,15.0255183413078,5.13545764177191,0.00774503222724288,0.420858677240742,0.420858677240742,"CRB2/CDX2",2
"GO:0006670","sphingosine metabolic process","2/114","22/18842",0.0909090909090909,15.0255183413078,5.13545764177191,0.00774503222724288,0.420858677240742,0.420858677240742,"SGPP2/ACER2",2
"GO:0045217","cell-cell junction maintenance","2/114","22/18842",0.0909090909090909,15.0255183413078,5.13545764177191,0.00774503222724288,0.420858677240742,0.420858677240742,"CLDN3/INAVA",2
"GO:0090303","positive regulation of wound healing","3/114","67/18842",0.0447761194029851,7.40062843676355,4.09476276351586,0.00780163194204777,0.420858677240742,0.420858677240742,"DMTN/CLDN3/CLDN4",3
"GO:0071383","cellular response to steroid hormone stimulus","5/114","205/18842",0.024390243902439,4.03123662815575,3.4046107661973,0.00818980114451587,0.42508664682239,0.42508664682239,"EDN1/SCNN1A/FOXA1/PADI2/VDR",5
"GO:0016338","calcium-independent cell-cell adhesion","2/114","23/18842",0.0869565217391304,14.372234935164,5.00643226880872,0.00844934668325049,0.42508664682239,0.42508664682239,"CLDN3/CLDN4",2
"GO:0038128","ERBB2 signaling pathway","2/114","23/18842",0.0869565217391304,14.372234935164,5.00643226880872,0.00844934668325049,0.42508664682239,0.42508664682239,"ERBB3/ERBB2",2
"GO:0045606","positive regulation of epidermal cell differentiation","2/114","23/18842",0.0869565217391304,14.372234935164,5.00643226880872,0.00844934668325049,0.42508664682239,0.42508664682239,"KDF1/VDR",2
"GO:0046519","sphingoid metabolic process","2/114","23/18842",0.0869565217391304,14.372234935164,5.00643226880872,0.00844934668325049,0.42508664682239,0.42508664682239,"SGPP2/ACER2",2
"GO:0050732","negative regulation of peptidyl-tyrosine phosphorylation","2/114","23/18842",0.0869565217391304,14.372234935164,5.00643226880872,0.00844934668325049,0.42508664682239,0.42508664682239,"DMTN/GPRC5A",2
"GO:0120193","tight junction organization","3/114","69/18842",0.0434782608695652,7.186117467582,4.01637789263024,0.00845873014968058,0.42508664682239,0.42508664682239,"ILDR1/CLDN3/LSR",3
"GO:0050801","monoatomic ion homeostasis","8/114","478/18842",0.0167364016736402,2.76620421346253,3.05161627800037,0.00856442732097411,0.42508664682239,0.42508664682239,"CNNM4/DMTN/EDN1/WNK2/SCNN1A/SLC9A2/CNNM2/WNK4",8
"GO:0045927","positive regulation of growth","5/114","208/18842",0.0240384615384615,3.97309379217274,3.36392211586963,0.00868906623830712,0.42508664682239,0.42508664682239,"NEDD4L/EDN1/JUP/SLC44A4/ERBB2",5
"GO:0001708","cell fate specification","3/114","70/18842",0.0428571428571429,7.08345864661654,3.97835017877712,0.00879910919952412,0.42508664682239,0.42508664682239,"ESRP1/EYA2/IHH",3
"GO:0050672","negative regulation of lymphocyte proliferation","3/114","70/18842",0.0428571428571429,7.08345864661654,3.97835017877712,0.00879910919952412,0.42508664682239,0.42508664682239,"LGALS9C/IHH/LGALS9B",3
"GO:0030072","peptide hormone secretion","5/114","210/18842",0.0238095238095238,3.93525480367586,3.33721676899163,0.0090333928514615,0.42508664682239,0.42508664682239,"EDN1/SIRT6/SYT7/ILDR1/HNF4A",5
"GO:0032945","negative regulation of mononuclear cell proliferation","3/114","71/18842",0.0422535211267606,6.98369162342476,3.9410629621204,0.00914742751892275,0.42508664682239,0.42508664682239,"LGALS9C/IHH/LGALS9B",3
"GO:0003094","glomerular filtration","2/114","24/18842",0.0833333333333333,13.7733918128655,4.8852165852931,0.00918129322218428,0.42508664682239,0.42508664682239,"EDN1/TMEM63C",2
"GO:0006817","phosphate ion transport","2/114","24/18842",0.0833333333333333,13.7733918128655,4.8852165852931,0.00918129322218428,0.42508664682239,0.42508664682239,"CLDN3/VDR",2
"GO:0070977","bone maturation","2/114","24/18842",0.0833333333333333,13.7733918128655,4.8852165852931,0.00918129322218428,0.42508664682239,0.42508664682239,"RFLNA/FGFR3",2
"GO:0097623","potassium ion export across plasma membrane","2/114","24/18842",0.0833333333333333,13.7733918128655,4.8852165852931,0.00918129322218428,0.42508664682239,0.42508664682239,"NEDD4L/WNK4",2
"GO:0150105","protein localization to cell-cell junction","2/114","24/18842",0.0833333333333333,13.7733918128655,4.8852165852931,0.00918129322218428,0.42508664682239,0.42508664682239,"ILDR1/LSR",2
"GO:0051216","cartilage development","4/114","136/18842",0.0294117647058824,4.86119711042312,3.52581614249548,0.00940158533436414,0.431885326297352,0.431885326297352,"RFLNA/FGFR3/IHH/HES5",4
"GO:0002790","peptide secretion","5/114","214/18842",0.0233644859813084,3.86169863912117,3.28478061551973,0.00975014689009367,0.44280488181662,0.44280488181662,"EDN1/SIRT6/SYT7/ILDR1/HNF4A",5
"GO:0070371","ERK1 and ERK2 cascade","6/114","300/18842",0.02,3.30561403508772,3.14070861846763,0.00985733055060078,0.44280488181662,0.44280488181662,"FGFR3/EDN1/WNK2/KLF4/ERBB2/WNK4",6
"GO:0048333","mesodermal cell differentiation","2/114","25/18842",0.08,13.2224561403509,4.7710283751666,0.00994051775506698,0.44280488181662,0.44280488181662,"KLF4/EYA2",2
"GO:0048799","animal organ maturation","2/114","25/18842",0.08,13.2224561403509,4.7710283751666,0.00994051775506698,0.44280488181662,0.44280488181662,"RFLNA/FGFR3",2
"GO:0046328","regulation of JNK cascade","4/114","139/18842",0.0287769784172662,4.75627918717657,3.46791406601606,0.0101288713467338,0.447802733224022,0.447802733224022,"EDN1/ERBB3/ERN2/ERBB2",4
"GO:0097205","renal filtration","2/114","26/18842",0.0769230769230769,12.7139001349528,4.66319137552004,0.0107266694002754,0.470692657265814,0.470692657265814,"EDN1/TMEM63C",2
"GO:0007043","cell-cell junction assembly","4/114","142/18842",0.028169014084507,4.65579441561651,3.41164499972993,0.0108917356669128,0.473885816471022,0.473885816471022,"ILDR1/CLDN3/JUP/LSR",4
"GO:1903036","positive regulation of response to wounding","3/114","76/18842",0.0394736842105263,6.52423822714681,3.76488780909751,0.011009364983983,0.473885816471022,0.473885816471022,"DMTN/CLDN3/CLDN4",3
"GO:0048638","regulation of developmental growth","5/114","221/18842",0.0226244343891403,3.73938239263317,3.19599430604026,0.0110970778416712,0.473885816471022,0.473885816471022,"NEDD4L/FGFR3/EDN1/JUP/MIR200B",5
"GO:0006650","glycerophospholipid metabolic process","6/114","308/18842",0.0194805194805195,3.21975393028025,3.06446250988812,0.0111218099784015,0.473885816471022,0.473885816471022,"SERINC2/PIGZ/STARD10/SLC44A4/PGAP3/PLA2G4F",6
"GO:1903038","negative regulation of leukocyte cell-cell adhesion","4/114","144/18842",0.0277777777777778,4.5911306042885,3.37499837853257,0.0114203850969624,0.481217551024907,0.481217551024907,"LGALS9C/KLF4/IHH/LGALS9B",4
"GO:0006656","phosphatidylcholine biosynthetic process","2/114","27/18842",0.0740740740740741,12.2430149447693,4.56111748387639,0.0115394004582503,0.481217551024907,0.481217551024907,"STARD10/SLC44A4",2
"GO:0014044","Schwann cell development","2/114","27/18842",0.0740740740740741,12.2430149447693,4.56111748387639,0.0115394004582503,0.481217551024907,0.481217551024907,"ERBB3/ERBB2",2
"GO:0050678","regulation of epithelial cell proliferation","6/114","312/18842",0.0192307692307692,3.17847503373819,3.02726803057891,0.0117953920884316,0.488428911830828,0.488428911830828,"ERBB3/SIRT6/SGPP2/IHH/ERBB2/VDR",6
"GO:0038127","ERBB signaling pathway","4/114","146/18842",0.0273972602739726,4.52823840422975,3.33901754579224,0.0119653010305159,0.49199979062541,0.49199979062541,"GPRC5A/ERBB3/GRB7/ERBB2",4
"GO:0070664","negative regulation of leukocyte proliferation","3/114","79/18842",0.0379746835443038,6.27648234510326,3.66661740637754,0.0122239588665565,0.498525988712195,0.498525988712195,"LGALS9C/IHH/LGALS9B",3
"GO:0045684","positive regulation of epidermis development","2/114","28/18842",0.0714285714285714,11.8057644110276,4.46429248861204,0.0123783663863912,0.498525988712195,0.498525988712195,"KDF1/VDR",2
"GO:0048713","regulation of oligodendrocyte differentiation","2/114","28/18842",0.0714285714285714,11.8057644110276,4.46429248861204,0.0123783663863912,0.498525988712195,0.498525988712195,"CLCN2/HES5",2
"GO:0031214","biomineral tissue development","4/114","148/18842",0.027027027027027,4.46704599336178,3.30368051289265,0.0125266560077935,0.499019902410551,0.499019902410551,"RFLNA/CNNM4/FGFR3/VDR",4
"GO:0050730","regulation of peptidyl-tyrosine phosphorylation","3/114","80/18842",0.0375,6.19802631578947,3.63498482078712,0.0126452322209476,0.499019902410551,0.499019902410551,"DMTN/FGFR3/GPRC5A",3
"GO:2001237","negative regulation of extrinsic apoptotic signaling pathway","3/114","80/18842",0.0375,6.19802631578947,3.63498482078712,0.0126452322209476,0.499019902410551,0.499019902410551,"KLF4/EYA2/UNC5B",3
"GO:0043009","chordate embryonic development","5/114","230/18842",0.0217391304347826,3.593058733791,3.08701294046254,0.0130088791455607,0.505650438648735,0.505650438648735,"EDN1/CRB2/HOXB9/HES5/CDX2",5
"GO:0043954","cellular component maintenance","3/114","81/18842",0.037037037037037,6.12150747238467,3.60388586577718,0.0130747512068274,0.505650438648735,0.505650438648735,"TPRN/CLDN3/INAVA",3
"GO:0046503","glycerolipid catabolic process","3/114","81/18842",0.037037037037037,6.12150747238467,3.60388586577718,0.0130747512068274,0.505650438648735,0.505650438648735,"MGLL/PAK4/PLA2G4F",3
"GO:0090313","regulation of protein targeting to membrane","2/114","29/18842",0.0689655172413793,11.3986690865094,4.37226452638104,0.0132432257741335,0.505650438648735,0.505650438648735,"DMTN/ERBB2",2
"GO:1903533","regulation of protein targeting","2/114","29/18842",0.0689655172413793,11.3986690865094,4.37226452638104,0.0132432257741335,0.505650438648735,0.505650438648735,"DMTN/ERBB2",2
"GO:0003073","regulation of systemic arterial blood pressure","3/114","82/18842",0.0365853658536585,6.04685494223363,3.57330454377861,0.0135125384938261,0.509318758613446,0.509318758613446,"GPR37L1/EDN1/HSD11B2",3
"GO:0043537","negative regulation of blood vessel endothelial cell migration","3/114","82/18842",0.0365853658536585,6.04685494223363,3.57330454377861,0.0135125384938261,0.509318758613446,0.509318758613446,"KLF4/JUP/MIR200B",3
"GO:0051051","negative regulation of transport","7/114","418/18842",0.0167464114832536,2.76785864181986,2.85169066748974,0.0136138154333883,0.509867737250468,0.509867737250468,"NEDD4L/EDN1/ERBB3/PROM2/SIRT6/CLDN3/WNK4",7
"GO:0014037","Schwann cell differentiation","2/114","30/18842",0.0666666666666667,11.0187134502924,4.28463467106802,0.0141336403182081,0.516185124664992,0.516185124664992,"ERBB3/ERBB2",2
"GO:0032414","positive regulation of ion transmembrane transporter activity","2/114","30/18842",0.0666666666666667,11.0187134502924,4.28463467106802,0.0141336403182081,0.516185124664992,0.516185124664992,"EDN1/WNK2",2
"GO:0060135","maternal process involved in female pregnancy","2/114","30/18842",0.0666666666666667,11.0187134502924,4.28463467106802,0.0141336403182081,0.516185124664992,0.516185124664992,"IHH/VDR",2
"GO:2000515","negative regulation of CD4-positive, alpha-beta T cell activation","2/114","30/18842",0.0666666666666667,11.0187134502924,4.28463467106802,0.0141336403182081,0.516185124664992,0.516185124664992,"LGALS9C/LGALS9B",2
"GO:0043588","skin development","5/114","236/18842",0.0211864406779661,3.50170978293191,3.01734604472503,0.0144004395055868,0.5167588464839,0.5167588464839,"KDF1/KLF4/VDR/CLDN4/LSR",5
"GO:0046883","regulation of hormone secretion","5/114","236/18842",0.0211864406779661,3.50170978293191,3.01734604472503,0.0144004395055868,0.5167588464839,0.5167588464839,"EDN1/SIRT6/SYT7/ILDR1/HNF4A",5
"GO:0007498","mesoderm development","3/114","84/18842",0.0357142857142857,5.90288220551378,3.51363412651053,0.0144130018407074,0.5167588464839,0.5167588464839,"KLF4/EYA2/CRB2",3
"GO:0015833","peptide transport","5/114","238/18842",0.0210084033613445,3.47228365030223,2.99462406312633,0.0148856902863383,0.523607904217264,0.523607904217264,"EDN1/SIRT6/SYT7/ILDR1/HNF4A",5
"GO:0016049","cell growth","7/114","426/18842",0.0164319248826291,2.7158800757763,2.79481314934402,0.014965486521663,0.523607904217264,0.523607904217264,"NEDD4L/EDN1/JUP/HNF4A/SLC44A4/PAK4/ERBB2",7
"GO:0010765","positive regulation of sodium ion transport","2/114","31/18842",0.0645161290322581,10.6632710809281,4.20104920399227,0.0150492747980812,0.523607904217264,0.523607904217264,"PRSS8/WNK2",2
"GO:0030513","positive regulation of BMP signaling pathway","2/114","31/18842",0.0645161290322581,10.6632710809281,4.20104920399227,0.0150492747980812,0.523607904217264,0.523607904217264,"CRB2/HES5",2
"GO:0046640","regulation of alpha-beta T cell proliferation","2/114","31/18842",0.0645161290322581,10.6632710809281,4.20104920399227,0.0150492747980812,0.523607904217264,0.523607904217264,"LGALS9C/LGALS9B",2
"GO:0043410","positive regulation of MAPK cascade","7/114","428/18842",0.0163551401869159,2.70318904738482,2.78079754176071,0.0153178810645687,0.529818474468613,0.529818474468613,"GPR37L1/FGFR3/EDN1/ERBB3/INAVA/ERN2/ERBB2",7
"GO:0023061","signal release","7/114","430/18842",0.0162790697674419,2.6906160750714,2.76686161829071,0.0156761670901932,0.539040131522432,0.539040131522432,"EDN1/SIRT6/SYT7/ILDR1/HNF4A/SLC44A4/WNK4",7
"GO:0006506","GPI anchor biosynthetic process","2/114","32/18842",0.0625,10.3300438596491,4.12119322141316,0.015989797051574,0.543468246608412,0.543468246608412,"PIGZ/PGAP3",2
"GO:0180046","GPI anchored protein biosynthesis","2/114","32/18842",0.0625,10.3300438596491,4.12119322141316,0.015989797051574,0.543468246608412,0.543468246608412,"PIGZ/PGAP3",2
"GO:0050886","endocrine process","3/114","89/18842",0.0337078651685393,5.5712596096984,3.37251750804227,0.016810184352224,0.556953532680889,0.556953532680889,"EDN1/HSD11B2/WNK4",3
"GO:0010001","glial cell differentiation","4/114","162/18842",0.0246913580246914,4.08100498158978,3.07270008158518,0.0169298544507945,0.556953532680889,0.556953532680889,"ERBB3/CLCN2/HES5/ERBB2",4
"GO:0006505","GPI anchor metabolic process","2/114","33/18842",0.0606060606060606,10.0170122275385,4.04478531412303,0.0169548779506597,0.556953532680889,0.556953532680889,"PIGZ/PGAP3",2
"GO:0032411","positive regulation of transporter activity","2/114","33/18842",0.0606060606060606,10.0170122275385,4.04478531412303,0.0169548779506597,0.556953532680889,0.556953532680889,"EDN1/WNK2",2
"GO:0034311","diol metabolic process","2/114","33/18842",0.0606060606060606,10.0170122275385,4.04478531412303,0.0169548779506597,0.556953532680889,0.556953532680889,"SGPP2/ACER2",2
"GO:0046633","alpha-beta T cell proliferation","2/114","33/18842",0.0606060606060606,10.0170122275385,4.04478531412303,0.0169548779506597,0.556953532680889,0.556953532680889,"LGALS9C/LGALS9B",2
"GO:0003002","regionalization","5/114","247/18842",0.0202429149797571,3.34576319340862,2.89529788454005,0.0172051951157798,0.562036373782139,0.562036373782139,"CRB2/IHH/HOXB9/HES5/CDX2",5
"GO:0072009","nephron epithelium development","3/114","90/18842",0.0333333333333333,5.5093567251462,3.34557484744438,0.0173147743981122,0.56249101359613,0.56249101359613,"EDN1/HES5/WNK4",3
"GO:0009792","embryo development ending in birth or egg hatching","5/114","248/18842",0.0201612903225806,3.33227221279004,2.8845453104088,0.0174768812937479,0.564637703336469,0.56463770333647,"EDN1/CRB2/HOXB9/HES5/CDX2",5
"GO:0035633","maintenance of blood-brain barrier","2/114","34/18842",0.0588235294117647,9.72239422084623,3.97157311282322,0.0179441913774381,0.576567460652108,0.576567460652108,"CLDN3/LSR",2
"GO:0021782","glial cell development","3/114","93/18842",0.032258064516129,5.33163554046406,3.26710451807564,0.0188790622074973,0.599298900525147,0.599298900525147,"ERBB3/HES5/ERBB2",3
"GO:0045429","positive regulation of nitric oxide biosynthetic process","2/114","35/18842",0.0571428571428571,9.44461152882205,3.90132953748247,0.0189574142002853,0.599298900525147,0.599298900525147,"EDN1/KLF4",2
"GO:0051385","response to mineralocorticoid","2/114","35/18842",0.0571428571428571,9.44461152882205,3.90132953748247,0.0189574142002853,0.599298900525147,0.599298900525147,"EDN1/SCNN1A",2
"GO:0021700","developmental maturation","5/114","254/18842",0.0196850393700787,3.25355712114933,2.82116051724597,0.0191669249442156,0.602681918032021,0.602681918032021,"RFLNA/FGFR3/EDN1/IGSF9/HES5",5
"GO:0030282","bone mineralization","3/114","96/18842",0.03125,5.16502192982456,3.19195898821204,0.0205192974487846,0.641773771270496,0.641773771270496,"RFLNA/FGFR3/VDR",3
"GO:0007254","JNK cascade","4/114","173/18842",0.023121387283237,3.82151911570835,2.9087354291394,0.0209929032578325,0.649045700654343,0.649045700654343,"EDN1/ERBB3/ERN2/ERBB2",4
"GO:0086005","ventricular cardiac muscle cell action potential","2/114","37/18842",0.0540540540540541,8.93409198672357,3.7689478179968,0.0210543102971925,0.649045700654343,0.649045700654343,"NEDD4L/JUP",2
"GO:0051899","membrane depolarization","3/114","97/18842",0.0309278350515464,5.11177428106348,3.16760566200188,0.0210829470790781,0.649045700654343,0.649045700654343,"NEDD4L/EDN1/CLCN2",3
"GO:0050679","positive regulation of epithelial cell proliferation","4/114","174/18842",0.0229885057471264,3.79955636216979,2.89450059722813,0.0213894007522685,0.653813015155746,0.653813015155746,"ERBB3/SIRT6/IHH/ERBB2",4
"GO:0007409","axonogenesis","6/114","357/18842",0.0168067226890756,2.77782692024178,2.64589471489724,0.0214601891029012,0.653813015155746,0.653813015155746,"EDN1/SEMA4G/EPHA10/JUP/UNC5B/IGSF9",6
"GO:0032689","negative regulation of type II interferon production","2/114","38/18842",0.0526315789473684,8.69898430286242,3.70645567929891,0.0221373520271711,0.670967164534877,0.670967164534877,"LGALS9C/LGALS9B",2
"GO:0051896","regulation of phosphatidylinositol 3-kinase/protein kinase B signal transduction","5/114","265/18842",0.0188679245283019,3.11850380668653,2.70971175430467,0.0225381350850883,0.679611457950354,0.679611457950354,"FGFR3/ERBB3/KLF4/UNC5B/DDR1",5
"GO:0046634","regulation of alpha-beta T cell activation","3/114","100/18842",0.03,4.95842105263158,3.09651166973629,0.0228246530863932,0.684739592591795,0.684739592591796,"LGALS9C/IHH/LGALS9B",3
"GO:0055080","monoatomic cation homeostasis","7/114","466/18842",0.0150214592274678,2.48275732249078,2.52869380625292,0.0231879261763799,0.685731058603278,0.685731058603278,"CNNM4/DMTN/EDN1/SCNN1A/SLC9A2/CNNM2/WNK4",7
"GO:0070633","transepithelial transport","2/114","39/18842",0.0512820512820513,8.47593342330184,3.64621988939727,0.0232430400185659,0.685731058603278,0.685731058603278,"EDN1/CLDN3",2
"GO:0140353","lipid export from cell","2/114","39/18842",0.0512820512820513,8.47593342330184,3.64621988939727,0.0232430400185659,0.685731058603278,0.685731058603278,"EDN1/WNK4",2
"GO:0010596","negative regulation of endothelial cell migration","3/114","101/18842",0.0297029702970297,4.90932777488275,3.07344249492228,0.023422144048226,0.685731058603278,0.685731058603278,"KLF4/JUP/MIR200B",3
"GO:0006575","modified amino acid metabolic process","4/114","179/18842",0.0223463687150838,3.69342350289131,2.82487433572684,0.0234408065951121,0.685731058603278,0.685731058603278,"GGT6/ETHE1/SERINC2/CKMT1B",4
"GO:0071695","anatomical structure maturation","4/114","180/18842",0.0222222222222222,3.6729044834308,2.81124890693098,0.0238649515315945,0.694682747553346,0.694682747553346,"RFLNA/FGFR3/EDN1/HES5",4
"GO:0001953","negative regulation of cell-matrix adhesion","2/114","40/18842",0.05,8.2640350877193,3.58810055039858,0.0243710657194468,0.702460129560524,0.702460129560524,"DMTN/ACER2",2
"GO:0019433","triglyceride catabolic process","2/114","40/18842",0.05,8.2640350877193,3.58810055039858,0.0243710657194468,0.702460129560524,0.702460129560524,"MGLL/PAK4",2
"GO:0055007","cardiac muscle cell differentiation","3/114","103/18842",0.029126213592233,4.81400102197241,3.0282024880211,0.0246425044420051,0.705805257630176,0.705805257630176,"EDN1/SIRT6/MIR200B",3
"GO:0090276","regulation of peptide hormone secretion","4/114","182/18842",0.021978021978022,3.63254289570079,2.78428720020609,0.0247271909986082,0.705805257630176,0.705805257630176,"SIRT6/SYT7/ILDR1/HNF4A",4
"GO:0001990","regulation of systemic arterial blood pressure by hormone","2/114","41/18842",0.0487804878048781,8.06247325631151,3.53196970674289,0.0255211234246807,0.724947853802524,0.724947853802524,"EDN1/HSD11B2",2
"GO:0007224","smoothened signaling pathway","3/114","105/18842",0.0285714285714286,4.72230576441103,2.98411369734616,0.0258966839177925,0.732079333829905,0.732079333829905,"DISP2/IHH/HES5",3
"GO:0045766","positive regulation of angiogenesis","4/114","185/18842",0.0216216216216216,3.57363679468943,2.74454853611467,0.0260555720968156,0.733046717364957,0.733046717364957,"KLF4/SIRT6/JUP/PAK4",4
"GO:0002791","regulation of peptide secretion","4/114","186/18842",0.021505376344086,3.55442369364271,2.73148512340036,0.0265077422178935,0.736728574580342,0.736728574580342,"SIRT6/SYT7/ILDR1/HNF4A",4
"GO:0048705","skeletal system morphogenesis","3/114","106/18842",0.0283018867924528,4.67775571002979,2.96248440147633,0.0265364450832233,0.736728574580342,0.736728574580342,"RFLNA/FGFR3/HOXB9",3
"GO:0007389","pattern specification process","5/114","277/18842",0.0180505415162455,2.98340616885173,2.59455431958937,0.0266314881820298,0.736728574580342,0.736728574580342,"CRB2/IHH/HOXB9/HES5/CDX2",5
"GO:0008015","blood circulation","7/114","480/18842",0.0145833333333333,2.41034356725146,2.44199206983157,0.0266876167322471,0.736728574580342,0.736728574580342,"NEDD4L/GPR37L1/EDN1/SCNN1A/JUP/HSD11B2/WNK4",7
"GO:0051897","positive regulation of phosphatidylinositol 3-kinase/protein kinase B signal transduction","4/114","188/18842",0.0212765957446809,3.51661067562523,2.70562543576187,0.0274261992232795,0.738774387858859,0.738774387858859,"FGFR3/ERBB3/UNC5B/DDR1",4
"GO:0090087","regulation of peptide transport","4/114","188/18842",0.0212765957446809,3.51661067562523,2.70562543576187,0.0274261992232795,0.738774387858859,0.738774387858859,"SIRT6/SYT7/ILDR1/HNF4A",4
"GO:0007423","sensory organ development","6/114","379/18842",0.0158311345646438,2.61658103041244,2.48041671075914,0.0277220506841419,0.738774387858859,0.738774387858859,"TPRN/ESRP1/CLDN3/CRB2/SLC44A4/HES5",6
"GO:0032355","response to estradiol","3/114","108/18842",0.0277777777777778,4.5911306042885,2.920024665708,0.0278412805175933,0.738774387858859,0.738774387858859,"MMP15/FOXA1/IHH",3
"GO:0001755","neural crest cell migration","2/114","43/18842",0.0465116279069767,7.687474500204,3.42521386226466,0.0278861261259008,0.738774387858859,0.738774387858859,"EDN1/SEMA4G",2
"GO:0007528","neuromuscular junction development","2/114","43/18842",0.0465116279069767,7.687474500204,3.42521386226466,0.0278861261259008,0.738774387858859,0.738774387858859,"NEDD4L/ERBB3",2
"GO:0090497","mesenchymal cell migration","2/114","43/18842",0.0465116279069767,7.687474500204,3.42521386226466,0.0278861261259008,0.738774387858859,0.738774387858859,"EDN1/SEMA4G",2
"GO:1902305","regulation of sodium ion transmembrane transport","2/114","43/18842",0.0465116279069767,7.687474500204,3.42521386226466,0.0278861261259008,0.738774387858859,0.738774387858859,"NEDD4L/WNK2",2
"GO:1904018","positive regulation of vasculature development","4/114","189/18842",0.0211640211640212,3.49800426993409,2.69282687790546,0.0278925023987528,0.738774387858859,0.738774387858859,"KLF4/SIRT6/JUP/PAK4",4
"GO:0048589","developmental growth","6/114","381/18842",0.015748031496063,2.60284569691946,2.46595582506645,0.0283453410362418,0.744542724689548,0.744542724689548,"NEDD4L/KDF1/FGFR3/EDN1/JUP/MIR200B",6
"GO:0048863","stem cell differentiation","4/114","190/18842",0.0210526315789474,3.47959372114497,2.68011435665115,0.0283635323691256,0.744542724689548,0.744542724689548,"EDN1/SEMA4G/SIRT6/HES5",4
"GO:0010817","regulation of hormone levels","7/114","487/18842",0.0143737166324435,2.37569797182896,2.39976703532412,0.0285663662934928,0.746534372469946,0.746534372469946,"EDN1/SIRT6/SYT7/ILDR1/HNF4A/CLCN2/WNK4",7
"GO:0072073","kidney epithelium development","3/114","110/18842",0.0272727272727273,4.50765550239234,2.87859059106275,0.0291798163501625,0.755847225281743,0.755847225281743,"EDN1/HES5/WNK4",3
"GO:0090263","positive regulation of canonical Wnt signaling pathway","3/114","110/18842",0.0272727272727273,4.50765550239234,2.87859059106275,0.0291798163501625,0.755847225281743,0.755847225281743,"NRARP/WNK2/JUP",3
"GO:1902476","chloride transmembrane transport","3/114","111/18842",0.027027027027027,4.46704599336178,2.85824406620589,0.0298616996523602,0.770117517350342,0.770117517350342,"TMC4/CLCN2/CLDN4",3
"GO:0006644","phospholipid metabolic process","6/114","387/18842",0.0155038759689922,2.562491500068,2.42311943711184,0.0302707230484195,0.774499874662916,0.774499874662916,"SERINC2/PIGZ/STARD10/SLC44A4/PGAP3/PLA2G4F",6
"GO:0022408","negative regulation of cell-cell adhesion","4/114","194/18842",0.0206185567010309,3.40784952070899,2.63010312255708,0.0302950631245698,0.774499874662916,0.774499874662916,"LGALS9C/KLF4/IHH/LGALS9B",4
"GO:0034762","regulation of transmembrane transport","6/114","388/18842",0.0154639175257732,2.55588714053174,2.4160582245002,0.0305997752438418,0.778903369843245,0.778903369843245,"NEDD4L/EDN1/WNK2/SIRT6/CLDN3/WNK4",6
"GO:0035265","organ growth","3/114","113/18842",0.0265486725663717,4.38798323241733,2.81826533827653,0.0312506448665647,0.792042206100864,0.792042206100864,"FGFR3/EDN1/MIR200B",3
"GO:0042398","modified amino acid biosynthetic process","2/114","46/18842",0.0434782608695652,7.186117467582,3.27735178521177,0.0315913887717527,0.793834897341478,0.793834897341478,"GGT6/CKMT1B",2
"GO:0072091","regulation of stem cell proliferation","2/114","46/18842",0.0434782608695652,7.186117467582,3.27735178521177,0.0315913887717527,0.793834897341478,0.793834897341478,"KDF1/SIRT6",2
"GO:1902414","protein localization to cell junction","3/114","114/18842",0.0263157894736842,4.34949215143121,2.79862294156331,0.031957683365802,0.79962203485496,0.79962203485496,"ILDR1/ERBB2/LSR",3
"GO:0030149","sphingolipid catabolic process","2/114","47/18842",0.0425531914893617,7.03322135125047,3.23099081469881,0.0328673752823396,0.815443741182098,0.815443741182098,"SGPP2/ACER2",2
"GO:0042472","inner ear morphogenesis","2/114","47/18842",0.0425531914893617,7.03322135125047,3.23099081469881,0.0328673752823396,0.815443741182098,0.815443741182098,"TPRN/SLC44A4",2
"GO:0061448","connective tissue development","4/114","203/18842",0.0197044334975369,3.25676259614554,2.52221027190504,0.0349200016988192,0.862729453735533,0.862729453735533,"RFLNA/FGFR3/IHH/HES5",4
"GO:0098771","inorganic ion homeostasis","6/114","402/18842",0.0149253731343284,2.46687614558785,2.31944839492311,0.0354550851126716,0.869234869387492,0.869234869387492,"CNNM4/DMTN/EDN1/SCNN1A/CNNM2/WNK4",6
"GO:0003044","regulation of systemic arterial blood pressure mediated by a chemical signal","2/114","49/18842",0.0408163265306122,6.74615109201575,3.14221374911112,0.0354789742607139,0.869234869387492,0.869234869387492,"EDN1/HSD11B2",2
"GO:0015695","organic cation transport","3/114","120/18842",0.025,4.13201754385965,2.68532829975732,0.0363749709364695,0.884039471038653,0.884039471038653,"SLC44A4/SLC6A7/SLC6A9",3
"GO:0010559","regulation of glycoprotein biosynthetic process","2/114","50/18842",0.04,6.61122807017544,3.09966758381218,0.0368140219122948,0.884039471038653,0.884039471038653,"ACER2/ITM2C",2
"GO:0089718","amino acid import across plasma membrane","2/114","50/18842",0.04,6.61122807017544,3.09966758381218,0.0368140219122948,0.884039471038653,0.884039471038653,"SLC6A7/SLC6A9",2
"GO:0001952","regulation of cell-matrix adhesion","3/114","121/18842",0.0247933884297521,4.0978686385385,2.66716486628671,0.0371402150294398,0.884039471038653,0.884039471038653,"DMTN/JUP/ACER2",3
"GO:0019827","stem cell population maintenance","3/114","121/18842",0.0247933884297521,4.0978686385385,2.66716486628671,0.0371402150294398,0.884039471038653,0.884039471038653,"KLF4/SIRT6/HES5",3
"GO:0048639","positive regulation of developmental growth","3/114","121/18842",0.0247933884297521,4.0978686385385,2.66716486628671,0.0371402150294398,0.884039471038653,0.884039471038653,"NEDD4L/EDN1/JUP",3
"GO:0060070","canonical Wnt signaling pathway","5/114","304/18842",0.0164473684210526,2.71843259464451,2.35665796037278,0.0374980930200961,0.884039471038653,0.884039471038653,"NRARP/EDN1/WNK2/KLF4/JUP",5
"GO:0006821","chloride transport","3/114","122/18842",0.0245901639344262,4.06427955133736,2.64919591247601,0.0379137068484915,0.884039471038653,0.884039471038653,"TMC4/CLCN2/CLDN4",3
"GO:0003254","regulation of membrane depolarization","2/114","51/18842",0.0392156862745098,6.48159614723082,3.05827037586076,0.0381681961881226,0.884039471038653,0.884039471038653,"NEDD4L/CLCN2",2
"GO:0045685","regulation of glial cell differentiation","2/114","51/18842",0.0392156862745098,6.48159614723082,3.05827037586076,0.0381681961881226,0.884039471038653,0.884039471038653,"CLCN2/HES5",2
"GO:0046461","neutral lipid catabolic process","2/114","51/18842",0.0392156862745098,6.48159614723082,3.05827037586076,0.0381681961881226,0.884039471038653,0.884039471038653,"MGLL/PAK4",2
"GO:0046464","acylglycerol catabolic process","2/114","51/18842",0.0392156862745098,6.48159614723082,3.05827037586076,0.0381681961881226,0.884039471038653,0.884039471038653,"MGLL/PAK4",2
"GO:0072078","nephron tubule morphogenesis","2/114","51/18842",0.0392156862745098,6.48159614723082,3.05827037586076,0.0381681961881226,0.884039471038653,0.884039471038653,"HES5/WNK4",2
"GO:0072006","nephron development","3/114","123/18842",0.024390243902439,4.03123662815575,2.63141759215374,0.0386954273478724,0.884039471038653,0.884039471038653,"EDN1/HES5/WNK4",3
"GO:0022604","regulation of cell morphogenesis","4/114","211/18842",0.018957345971564,3.13328344558078,2.43125441912713,0.0393574416730085,0.884039471038653,0.884039471038653,"NEDD4L/DMTN/CLDN3/CLDN4",4
"GO:0033002","muscle cell proliferation","4/114","211/18842",0.018957345971564,3.13328344558078,2.43125441912713,0.0393574416730085,0.884039471038653,0.884039471038653,"EDN1/KLF4/HES5/MIR200B",4
"GO:0046474","glycerophospholipid biosynthetic process","4/114","211/18842",0.018957345971564,3.13328344558078,2.43125441912713,0.0393574416730085,0.884039471038653,0.884039471038653,"PIGZ/STARD10/SLC44A4/PGAP3",4
"GO:0006690","icosanoid metabolic process","3/114","124/18842",0.0241935483870968,3.99872665534805,2.61382616651983,0.0394853567789473,0.884039471038653,0.884039471038653,"GGT6/EDN1/MGLL",3
"GO:0034763","negative regulation of transmembrane transport","3/114","124/18842",0.0241935483870968,3.99872665534805,2.61382616651983,0.0394853567789473,0.884039471038653,0.884039471038653,"NEDD4L/SIRT6/CLDN3",3
"GO:0043524","negative regulation of neuron apoptotic process","3/114","124/18842",0.0241935483870968,3.99872665534805,2.61382616651983,0.0394853567789473,0.884039471038653,0.884039471038653,"ERBB3/UNC5B/TOX3",3
"GO:0098727","maintenance of cell number","3/114","124/18842",0.0241935483870968,3.99872665534805,2.61382616651983,0.0394853567789473,0.884039471038653,0.884039471038653,"KLF4/SIRT6/HES5",3
"GO:0030520","estrogen receptor signaling pathway","2/114","52/18842",0.0384615384615385,6.35695006747638,3.01796764981266,0.0395412212386336,0.884039471038653,0.884039471038653,"FOXA1/PADI2",2
"GO:0042306","regulation of protein import into nucleus","2/114","52/18842",0.0384615384615385,6.35695006747638,3.01796764981266,0.0395412212386336,0.884039471038653,0.884039471038653,"SIRT6/JUP",2
"GO:0061564","axon development","6/114","414/18842",0.0144927536231884,2.395372489194,2.2398035320399,0.039992845934198,0.890749750352592,0.890749750352592,"EDN1/SEMA4G/EPHA10/JUP/UNC5B/IGSF9",6
"GO:0050868","negative regulation of T cell activation","3/114","125/18842",0.024,3.96673684210526,2.59641800030082,0.0402834747028608,0.893837099067251,0.893837099067251,"LGALS9C/IHH/LGALS9B",3
"GO:0006749","glutathione metabolic process","2/114","53/18842",0.0377358490566038,6.23700761337305,2.97870851542157,0.0409328237999242,0.894739791611726,0.894739791611726,"GGT6/ETHE1",2
"GO:0042181","ketone biosynthetic process","2/114","53/18842",0.0377358490566038,6.23700761337305,2.97870851542157,0.0409328237999242,0.894739791611726,0.894739791611726,"SIRT6/CLCN2",2
"GO:0072028","nephron morphogenesis","2/114","53/18842",0.0377358490566038,6.23700761337305,2.97870851542157,0.0409328237999242,0.894739791611726,0.894739791611726,"HES5/WNK4",2
"GO:0072088","nephron epithelium morphogenesis","2/114","53/18842",0.0377358490566038,6.23700761337305,2.97870851542157,0.0409328237999242,0.894739791611726,0.894739791611726,"HES5/WNK4",2
"GO:1900180","regulation of protein localization to nucleus","3/114","126/18842",0.0238095238095238,3.93525480367586,2.57918955807234,0.0410897600030561,0.894843662288777,0.894843662288777,"EDN1/SIRT6/JUP",3
"GO:0006873","intracellular monoatomic ion homeostasis","6/114","418/18842",0.0143540669856459,2.37245026441702,2.21386683191079,0.0415839502091522,0.902264307121088,0.902264307121088,"CNNM4/DMTN/EDN1/SCNN1A/SLC9A2/WNK4",6
"GO:0042180","ketone metabolic process","4/114","216/18842",0.0185185185185185,3.06075373619233,2.3765769041077,0.0422874267321349,0.908668872472015,0.908668872472015,"EDN1/SIRT6/CLCN2/HSD11B2",4
"GO:0055021","regulation of cardiac muscle tissue growth","2/114","54/18842",0.037037037037037,6.12150747238466,2.94044536883381,0.0423427331730156,0.908668872472015,0.908668872472015,"EDN1/MIR200B",2
"GO:0061333","renal tubule morphogenesis","2/114","54/18842",0.037037037037037,6.12150747238466,2.94044536883381,0.0423427331730156,0.908668872472015,0.908668872472015,"HES5/WNK4",2
"GO:0007422","peripheral nervous system development","2/114","55/18842",0.0363636363636364,6.01020733652313,2.90313362371486,0.0437706812032721,0.925797141997266,0.925797141997266,"ERBB3/ERBB2",2
"GO:0015804","neutral amino acid transport","2/114","55/18842",0.0363636363636364,6.01020733652313,2.90313362371486,0.0437706812032721,0.925797141997266,0.925797141997266,"SLC6A7/SLC6A9",2
"GO:0042471","ear morphogenesis","2/114","55/18842",0.0363636363636364,6.01020733652313,2.90313362371486,0.0437706812032721,0.925797141997266,0.925797141997266,"TPRN/SLC44A4",2
"GO:1902895","positive regulation of miRNA transcription","2/114","55/18842",0.0363636363636364,6.01020733652313,2.90313362371486,0.0437706812032721,0.925797141997266,0.925797141997266,"KLF4/FOXA1",2
"GO:0002064","epithelial cell development","3/114","130/18842",0.0230769230769231,3.81417004048583,2.51200562241285,0.0443961296049456,0.93566036586767,0.93566036586767,"KDF1/RAB25/CLDN3",3
"GO:0035050","embryonic heart tube development","2/114","56/18842",0.0357142857142857,5.90288220551378,2.8667314688247,0.0452164022599693,0.946165285724624,0.946165285724624,"EDN1/IHH",2
"GO:0045428","regulation of nitric oxide biosynthetic process","2/114","56/18842",0.0357142857142857,5.90288220551378,2.8667314688247,0.0452164022599693,0.946165285724624,0.946165285724624,"EDN1/KLF4",2
"GO:0030837","negative regulation of actin filament polymerization","2/114","57/18842",0.0350877192982456,5.79932286857495,2.83119964901838,0.0466796332160146,0.963074537930406,0.963074537930405,"DMTN/KANK4",2
"GO:0034331","cell junction maintenance","2/114","57/18842",0.0350877192982456,5.79932286857495,2.83119964901838,0.0466796332160146,0.963074537930406,0.963074537930405,"CLDN3/INAVA",2
"GO:0046824","positive regulation of nucleocytoplasmic transport","2/114","57/18842",0.0350877192982456,5.79932286857495,2.83119964901838,0.0466796332160146,0.963074537930406,0.963074537930405,"SIRT6/JUP",2
"GO:1903018","regulation of glycoprotein metabolic process","2/114","57/18842",0.0350877192982456,5.79932286857495,2.83119964901838,0.0466796332160146,0.963074537930406,0.963074537930405,"ACER2/ITM2C",2
"GO:1990138","neuron projection extension","3/114","134/18842",0.0223880597014925,3.70031421838177,2.44743812993594,0.0478313199923194,0.970001522198521,0.970001522198521,"NEDD4L/EDN1/JUP",3
"GO:0014032","neural crest cell development","2/114","58/18842",0.0344827586206897,5.69933454325469,2.79650126704076,0.0481601134278166,0.970001522198521,0.970001522198521,"EDN1/SEMA4G",2
"GO:0070542","response to fatty acid","2/114","58/18842",0.0344827586206897,5.69933454325469,2.79650126704076,0.0481601134278166,0.970001522198521,0.970001522198521,"EDN1/ILDR1",2
"GO:0050878","regulation of body fluid levels","5/114","327/18842",0.0152905198776758,2.52722785557165,2.17357462292127,0.0486323254672768,0.970001522198521,0.970001522198521,"EDN1/SCNN1A/HNF4A/DDR1/PRRG2",5
"GO:0006805","xenobiotic metabolic process","3/114","135/18842",0.0222222222222222,3.6729044834308,2.4316829556337,0.04871005562694,0.970001522198521,0.970001522198521,"HNF4A/CES3/ALDH3A1",3
"GO:0030518","nuclear receptor-mediated steroid hormone signaling pathway","3/114","135/18842",0.0222222222222222,3.6729044834308,2.4316829556337,0.04871005562694,0.970001522198521,0.970001522198521,"FOXA1/PADI2/VDR",3
"GO:0035051","cardiocyte differentiation","3/114","135/18842",0.0222222222222222,3.6729044834308,2.4316829556337,0.04871005562694,0.970001522198521,0.970001522198521,"EDN1/SIRT6/MIR200B",3
"GO:0043401","steroid hormone receptor signaling pathway","3/114","135/18842",0.0222222222222222,3.6729044834308,2.4316829556337,0.04871005562694,0.970001522198521,0.970001522198521,"FOXA1/PADI2/VDR",3
"GO:0021675","nerve development","2/114","59/18842",0.0338983050847458,5.60273565269105,2.76260160381936,0.0496575847153034,0.970001522198521,0.970001522198521,"EDN1/ERBB3",2
"GO:0060420","regulation of heart growth","2/114","59/18842",0.0338983050847458,5.60273565269105,2.76260160381936,0.0496575847153034,0.970001522198521,0.970001522198521,"EDN1/MIR200B",2
"GO:0097009","energy homeostasis","2/114","59/18842",0.0338983050847458,5.60273565269105,2.76260160381936,0.0496575847153034,0.970001522198521,0.970001522198521,"BCAT2/WNK4",2
"GO:0007160","cell-matrix adhesion","4/114","229/18842",0.0174672489082969,2.88699915728185,2.24150627410242,0.0504691417676494,0.970001522198521,0.970001522198521,"DMTN/JUP/DDR1/ACER2",4
"GO:0007219","Notch signaling pathway","3/114","137/18842",0.0218978102189781,3.61928543987706,2.40061743650452,0.0504912638810045,0.970001522198521,0.970001522198521,"NRARP/NEURL1B/HES5",3
"GO:0046887","positive regulation of hormone secretion","3/114","137/18842",0.0218978102189781,3.61928543987706,2.40061743650452,0.0504912638810045,0.970001522198521,0.970001522198521,"EDN1/SIRT6/ILDR1",3
"GO:0019216","regulation of lipid metabolic process","5/114","331/18842",0.0151057401812689,2.49668733767955,2.1433290043102,0.0507485811476563,0.970001522198521,0.970001522198521,"EDN1/SIRT6/HNF4A/PAK4/CLCN2",5
"GO:0034113","heterotypic cell-cell adhesion","2/114","60/18842",0.0333333333333333,5.5093567251462,2.72946795524731,0.0511717913420874,0.970001522198521,0.970001522198521,"KLF4/JUP",2
"GO:0070301","cellular response to hydrogen peroxide","2/114","60/18842",0.0333333333333333,5.5093567251462,2.72946795524731,0.0511717913420874,0.970001522198521,0.970001522198521,"EDN1/KLF4",2
"GO:0071384","cellular response to corticosteroid stimulus","2/114","60/18842",0.0333333333333333,5.5093567251462,2.72946795524731,0.0511717913420874,0.970001522198521,0.970001522198521,"EDN1/SCNN1A",2
"GO:0080164","regulation of nitric oxide metabolic process","2/114","60/18842",0.0333333333333333,5.5093567251462,2.72946795524731,0.0511717913420874,0.970001522198521,0.970001522198521,"EDN1/KLF4",2
"GO:0030048","actin filament-based movement","3/114","138/18842",0.0217391304347826,3.593058733791,2.38530187862237,0.0513936803916312,0.970001522198521,0.970001522198521,"NEDD4L/JUP/MYO1D",3
"GO:0034614","cellular response to reactive oxygen species","3/114","138/18842",0.0217391304347826,3.593058733791,2.38530187862237,0.0513936803916312,0.970001522198521,0.970001522198521,"GPR37L1/EDN1/KLF4",3
"GO:0030856","regulation of epithelial cell differentiation","3/114","139/18842",0.0215827338129496,3.56720939038243,2.3701277545367,0.0523039335323275,0.970001522198521,0.970001522198521,"KDF1/ESRP1/VDR",3
"GO:0070201","regulation of establishment of protein localization","6/114","443/18842",0.0135440180586907,2.23856480931448,2.05817448498611,0.0524345297163901,0.970001522198521,0.970001522198521,"DMTN/SIRT6/SYT7/JUP/HNF4A/ERBB2",6
"GO:0016331","morphogenesis of embryonic epithelium","2/114","61/18842",0.0327868852459016,5.41903940178315,2.69706948369578,0.052702479995778,0.970001522198521,0.970001522198521,"KDF1/HES5",2
"GO:0010594","regulation of endothelial cell migration","4/114","234/18842",0.0170940170940171,2.82531114110061,2.19206629638105,0.0538320872931296,0.970001522198521,0.970001522198521,"EDN1/KLF4/JUP/MIR200B",4
"GO:0042063","gliogenesis","4/114","234/18842",0.0170940170940171,2.82531114110061,2.19206629638105,0.0538320872931296,0.970001522198521,0.970001522198521,"ERBB3/CLCN2/HES5/ERBB2",4
"GO:0098656","monoatomic anion transmembrane transport","3/114","141/18842",0.0212765957446809,3.51661067562523,2.34019407745806,0.0541478317251594,0.970001522198521,0.970001522198521,"TMC4/CLCN2/CLDN4",3
"GO:0098659","inorganic cation import across plasma membrane","3/114","141/18842",0.0212765957446809,3.51661067562523,2.34019407745806,0.0541478317251594,0.970001522198521,0.970001522198521,"NEDD4L/SCNN1A/SLC9A2",3
"GO:0099587","inorganic ion import across plasma membrane","3/114","141/18842",0.0212765957446809,3.51661067562523,2.34019407745806,0.0541478317251594,0.970001522198521,0.970001522198521,"NEDD4L/SCNN1A/SLC9A2",3
"GO:0046456","icosanoid biosynthetic process","2/114","62/18842",0.032258064516129,5.33163554046406,2.6653770827088,0.054249399768439,0.970001522198521,0.970001522198521,"GGT6/EDN1",2
"GO:0048864","stem cell development","2/114","62/18842",0.032258064516129,5.33163554046406,2.6653770827088,0.054249399768439,0.970001522198521,0.970001522198521,"EDN1/SEMA4G",2
"GO:0086002","cardiac muscle cell action potential involved in contraction","2/114","62/18842",0.032258064516129,5.33163554046406,2.6653770827088,0.054249399768439,0.970001522198521,0.970001522198521,"NEDD4L/JUP",2
"GO:0006869","lipid transport","6/114","447/18842",0.0134228187919463,2.21853290945484,2.03422893968508,0.0543172755139273,0.970001522198521,0.970001522198521,"EDN1/SERINC2/SYT7/STARD10/SLC44A4/WNK4",6
"GO:0030177","positive regulation of Wnt signaling pathway","3/114","142/18842",0.0211267605633803,3.49184581171238,2.32542980735225,0.0550814165321719,0.970001522198521,0.970001522198521,"NRARP/WNK2/JUP",3
"GO:0031960","response to corticosteroid","3/114","142/18842",0.0211267605633803,3.49184581171238,2.32542980735225,0.0550814165321719,0.970001522198521,0.970001522198521,"EDN1/SCNN1A/HSD11B2",3
"GO:0048732","gland development","4/114","236/18842",0.0169491525423729,2.80136782634552,2.17265412758972,0.0552107172954512,0.970001522198521,0.970001522198521,"EDN1/DDR1/IHH/LSR",4
"GO:0070059","intrinsic apoptotic signaling pathway in response to endoplasmic reticulum stress","2/114","63/18842",0.0317460317460317,5.24700640490114,2.63436325351813,0.0558123021371903,0.970001522198521,0.970001522198521,"RNF186/ERN2",2
"GO:1901379","regulation of potassium ion transmembrane transport","2/114","63/18842",0.0317460317460317,5.24700640490114,2.63436325351813,0.0558123021371903,0.970001522198521,0.970001522198521,"NEDD4L/WNK4",2
"GO:0001501","skeletal system development","5/114","341/18842",0.0146627565982405,2.42347070021094,2.06960192840359,0.0562737878048788,0.970001522198521,0.970001522198521,"RFLNA/FGFR3/IHH/HOXB9/HES5",5
"GO:0048762","mesenchymal cell differentiation","4/114","238/18842",0.0168067226890756,2.77782692024178,2.15344354794361,0.0566084029539108,0.970001522198521,0.970001522198521,"EDN1/SEMA4G/CRB2/FOXA1",4
"GO:0010812","negative regulation of cell-substrate adhesion","2/114","64/18842",0.03125,5.16502192982456,2.60400199217556,0.0573909409449537,0.970001522198521,0.970001522198521,"DMTN/ACER2",2
"GO:0050994","regulation of lipid catabolic process","2/114","64/18842",0.03125,5.16502192982456,2.60400199217556,0.0573909409449537,0.970001522198521,0.970001522198521,"SIRT6/PAK4",2
"GO:0060993","kidney morphogenesis","2/114","64/18842",0.03125,5.16502192982456,2.60400199217556,0.0573909409449537,0.970001522198521,0.970001522198521,"HES5/WNK4",2
"GO:2000630","positive regulation of miRNA metabolic process","2/114","64/18842",0.03125,5.16502192982456,2.60400199217556,0.0573909409449537,0.970001522198521,0.970001522198521,"KLF4/FOXA1",2
"GO:0001702","gastrulation with mouth forming second","1/114","10/18842",0.1,16.5280701754386,3.83202172378276,0.0588958327752951,0.970001522198521,0.970001522198521,"CRB2",1
"GO:0001821","histamine secretion","1/114","10/18842",0.1,16.5280701754386,3.83202172378276,0.0588958327752951,0.970001522198521,0.970001522198521,"EDN1",1
"GO:0002093","auditory receptor cell morphogenesis","1/114","10/18842",0.1,16.5280701754386,3.83202172378276,0.0588958327752951,0.970001522198521,0.970001522198521,"TPRN",1
"GO:0007175","negative regulation of epidermal growth factor-activated receptor activity","1/114","10/18842",0.1,16.5280701754386,3.83202172378276,0.0588958327752951,0.970001522198521,0.970001522198521,"GPRC5A",1
"GO:0031509","subtelomeric heterochromatin formation","1/114","10/18842",0.1,16.5280701754386,3.83202172378276,0.0588958327752951,0.970001522198521,0.970001522198521,"SIRT6",1
"GO:0033148","positive regulation of intracellular estrogen receptor signaling pathway","1/114","10/18842",0.1,16.5280701754386,3.83202172378276,0.0588958327752951,0.970001522198521,0.970001522198521,"FOXA1",1
"GO:0034115","negative regulation of heterotypic cell-cell adhesion","1/114","10/18842",0.1,16.5280701754386,3.83202172378276,0.0588958327752951,0.970001522198521,0.970001522198521,"KLF4",1
"GO:0038065","collagen-activated signaling pathway","1/114","10/18842",0.1,16.5280701754386,3.83202172378276,0.0588958327752951,0.970001522198521,0.970001522198521,"DDR1",1
"GO:0038130","ERBB4 signaling pathway","1/114","10/18842",0.1,16.5280701754386,3.83202172378276,0.0588958327752951,0.970001522198521,0.970001522198521,"ERBB2",1
"GO:0046940","nucleoside monophosphate phosphorylation","1/114","10/18842",0.1,16.5280701754386,3.83202172378276,0.0588958327752951,0.970001522198521,0.970001522198521,"AK1",1
"GO:0048840","otolith development","1/114","10/18842",0.1,16.5280701754386,3.83202172378276,0.0588958327752951,0.970001522198521,0.970001522198521,"SLC44A4",1
"GO:0060075","regulation of resting membrane potential","1/114","10/18842",0.1,16.5280701754386,3.83202172378276,0.0588958327752951,0.970001522198521,0.970001522198521,"CLCN2",1
"GO:0061307","cardiac neural crest cell differentiation involved in heart development","1/114","10/18842",0.1,16.5280701754386,3.83202172378276,0.0588958327752951,0.970001522198521,0.970001522198521,"EDN1",1
"GO:0061308","cardiac neural crest cell development involved in heart development","1/114","10/18842",0.1,16.5280701754386,3.83202172378276,0.0588958327752951,0.970001522198521,0.970001522198521,"EDN1",1
"GO:0061309","cardiac neural crest cell development involved in outflow tract morphogenesis","1/114","10/18842",0.1,16.5280701754386,3.83202172378276,0.0588958327752951,0.970001522198521,0.970001522198521,"EDN1",1
"GO:0070100","negative regulation of chemokine-mediated signaling pathway","1/114","10/18842",0.1,16.5280701754386,3.83202172378276,0.0588958327752951,0.970001522198521,0.970001522198521,"PADI2",1
"GO:0070561","vitamin D receptor signaling pathway","1/114","10/18842",0.1,16.5280701754386,3.83202172378276,0.0588958327752951,0.970001522198521,0.970001522198521,"VDR",1
"GO:0070586","cell-cell adhesion involved in gastrulation","1/114","10/18842",0.1,16.5280701754386,3.83202172378276,0.0588958327752951,0.970001522198521,0.970001522198521,"KLF4",1
"GO:0070587","regulation of cell-cell adhesion involved in gastrulation","1/114","10/18842",0.1,16.5280701754386,3.83202172378276,0.0588958327752951,0.970001522198521,0.970001522198521,"KLF4",1
"GO:0071372","cellular response to follicle-stimulating hormone stimulus","1/114","10/18842",0.1,16.5280701754386,3.83202172378276,0.0588958327752951,0.970001522198521,0.970001522198521,"EDN1",1
"GO:1901750","leukotriene D4 biosynthetic process","1/114","10/18842",0.1,16.5280701754386,3.83202172378276,0.0588958327752951,0.970001522198521,0.970001522198521,"GGT6",1
"GO:1905456","regulation of lymphoid progenitor cell differentiation","1/114","10/18842",0.1,16.5280701754386,3.83202172378276,0.0588958327752951,0.970001522198521,0.970001522198521,"HES5",1
"GO:1990859","cellular response to endothelin","1/114","10/18842",0.1,16.5280701754386,3.83202172378276,0.0588958327752951,0.970001522198521,0.970001522198521,"KLF4",1
"GO:2000726","negative regulation of cardiac muscle cell differentiation","1/114","10/18842",0.1,16.5280701754386,3.83202172378276,0.0588958327752951,0.970001522198521,0.970001522198521,"MIR200B",1
"GO:0030858","positive regulation of epithelial cell differentiation","2/114","65/18842",0.0307692307692308,5.08556005398111,2.57426868623951,0.0589850723813404,0.970001522198521,0.970001522198521,"KDF1/VDR",2
"GO:0048640","negative regulation of developmental growth","2/114","66/18842",0.0303030303030303,5.00850611376927,2.54514002007338,0.0605944549636804,0.970001522198521,0.970001522198521,"FGFR3/MIR200B",2
"GO:1903670","regulation of sprouting angiogenesis","2/114","66/18842",0.0303030303030303,5.00850611376927,2.54514002007338,0.0605944549636804,0.970001522198521,0.970001522198521,"KLF4/E2F2",2
"GO:0042129","regulation of T cell proliferation","3/114","148/18842",0.0202702702702703,3.35028449502134,2.23954026015873,0.0608438520277888,0.970001522198521,0.970001522198521,"LGALS9C/IHH/LGALS9B",3
"GO:0050796","regulation of insulin secretion","3/114","149/18842",0.0201342281879195,3.32779936418227,2.22565516176796,0.061830776028354,0.970001522198521,0.970001522198521,"SIRT6/SYT7/HNF4A",3
"GO:0051250","negative regulation of lymphocyte activation","3/114","149/18842",0.0201342281879195,3.32779936418227,2.22565516176796,0.061830776028354,0.970001522198521,0.970001522198521,"LGALS9C/IHH/LGALS9B",3
"GO:0072089","stem cell proliferation","2/114","68/18842",0.0294117647058824,4.86119711042312,2.48860931400288,0.063858019161292,0.970001522198521,0.970001522198521,"KDF1/SIRT6",2
"GO:0001958","endochondral ossification","1/114","11/18842",0.0909090909090909,15.0255183413078,3.63025616357569,0.0645928312387408,0.970001522198521,0.970001522198521,"FGFR3",1
"GO:0002934","desmosome organization","1/114","11/18842",0.0909090909090909,15.0255183413078,3.63025616357569,0.0645928312387408,0.970001522198521,0.970001522198521,"JUP",1
"GO:0006521","regulation of amino acid metabolic process","1/114","11/18842",0.0909090909090909,15.0255183413078,3.63025616357569,0.0645928312387408,0.970001522198521,0.970001522198521,"HNF4A",1
"GO:0007379","segment specification","1/114","11/18842",0.0909090909090909,15.0255183413078,3.63025616357569,0.0645928312387408,0.970001522198521,0.970001522198521,"HES5",1
"GO:0007567","parturition","1/114","11/18842",0.0909090909090909,15.0255183413078,3.63025616357569,0.0645928312387408,0.970001522198521,0.970001522198521,"EDN1",1
"GO:0009188","ribonucleoside diphosphate biosynthetic process","1/114","11/18842",0.0909090909090909,15.0255183413078,3.63025616357569,0.0645928312387408,0.970001522198521,0.970001522198521,"AK1",1
"GO:0010466","negative regulation of peptidase activity","1/114","11/18842",0.0909090909090909,15.0255183413078,3.63025616357569,0.0645928312387408,0.970001522198521,0.970001522198521,"CRB2",1
"GO:0015824","proline transport","1/114","11/18842",0.0909090909090909,15.0255183413078,3.63025616357569,0.0645928312387408,0.970001522198521,0.970001522198521,"SLC6A7",1
"GO:0032310","prostaglandin secretion","1/114","11/18842",0.0909090909090909,15.0255183413078,3.63025616357569,0.0645928312387408,0.970001522198521,0.970001522198521,"EDN1",1
"GO:0032342","aldosterone biosynthetic process","1/114","11/18842",0.0909090909090909,15.0255183413078,3.63025616357569,0.0645928312387408,0.970001522198521,0.970001522198521,"CLCN2",1
"GO:0033079","immature T cell proliferation","1/114","11/18842",0.0909090909090909,15.0255183413078,3.63025616357569,0.0645928312387408,0.970001522198521,0.970001522198521,"IHH",1
"GO:0035519","protein K29-linked ubiquitination","1/114","11/18842",0.0909090909090909,15.0255183413078,3.63025616357569,0.0645928312387408,0.970001522198521,0.970001522198521,"RNF186",1
"GO:0035524","proline transmembrane transport","1/114","11/18842",0.0909090909090909,15.0255183413078,3.63025616357569,0.0645928312387408,0.970001522198521,0.970001522198521,"SLC6A7",1
"GO:0036075","replacement ossification","1/114","11/18842",0.0909090909090909,15.0255183413078,3.63025616357569,0.0645928312387408,0.970001522198521,0.970001522198521,"FGFR3",1
"GO:0038083","peptidyl-tyrosine autophosphorylation","1/114","11/18842",0.0909090909090909,15.0255183413078,3.63025616357569,0.0645928312387408,0.970001522198521,0.970001522198521,"DDR1",1
"GO:0055064","chloride ion homeostasis","1/114","11/18842",0.0909090909090909,15.0255183413078,3.63025616357569,0.0645928312387408,0.970001522198521,0.970001522198521,"WNK4",1
"GO:0060044","negative regulation of cardiac muscle cell proliferation","1/114","11/18842",0.0909090909090909,15.0255183413078,3.63025616357569,0.0645928312387408,0.970001522198521,0.970001522198521,"MIR200B",1
"GO:0071476","cellular hypotonic response","1/114","11/18842",0.0909090909090909,15.0255183413078,3.63025616357569,0.0645928312387408,0.970001522198521,0.970001522198521,"CLCN2",1
"GO:0097264","self proteolysis","1/114","11/18842",0.0909090909090909,15.0255183413078,3.63025616357569,0.0645928312387408,0.970001522198521,0.970001522198521,"IHH",1
"GO:0120182","regulation of focal adhesion disassembly","1/114","11/18842",0.0909090909090909,15.0255183413078,3.63025616357569,0.0645928312387408,0.970001522198521,0.970001522198521,"PAK4",1
"GO:0120186","negative regulation of protein localization to chromatin","1/114","11/18842",0.0909090909090909,15.0255183413078,3.63025616357569,0.0645928312387408,0.970001522198521,0.970001522198521,"SIRT6",1
"GO:1902306","negative regulation of sodium ion transmembrane transport","1/114","11/18842",0.0909090909090909,15.0255183413078,3.63025616357569,0.0645928312387408,0.970001522198521,0.970001522198521,"NEDD4L",1
"GO:1990839","response to endothelin","1/114","11/18842",0.0909090909090909,15.0255183413078,3.63025616357569,0.0645928312387408,0.970001522198521,0.970001522198521,"KLF4",1
"GO:2000009","negative regulation of protein localization to cell surface","1/114","11/18842",0.0909090909090909,15.0255183413078,3.63025616357569,0.0645928312387408,0.970001522198521,0.970001522198521,"NEDD4L",1
"GO:2001280","positive regulation of unsaturated fatty acid biosynthetic process","1/114","11/18842",0.0909090909090909,15.0255183413078,3.63025616357569,0.0645928312387408,0.970001522198521,0.970001522198521,"EDN1",1
"GO:0010876","lipid localization","6/114","468/18842",0.0128205128205128,2.11898335582546,1.91250860271973,0.0648727870041235,0.970001522198521,0.970001522198521,"EDN1/SERINC2/SYT7/STARD10/SLC44A4/WNK4",6
"GO:0046620","regulation of organ growth","2/114","69/18842",0.0289855072463768,4.790744978388,2.46116637900634,0.0655117292810416,0.970001522198521,0.970001522198521,"EDN1/MIR200B",2
"GO:0090596","sensory organ morphogenesis","3/114","153/18842",0.0196078431372549,3.24079807361541,2.17127137045105,0.0658530001444935,0.970001522198521,0.970001522198521,"TPRN/CRB2/SLC44A4",3
"GO:0045017","glycerolipid biosynthetic process","4/114","251/18842",0.0159362549800797,2.6339554064444,2.03322005647579,0.0661543836269514,0.970001522198521,0.970001522198521,"PIGZ/STARD10/SLC44A4/PGAP3",4
"GO:0008277","regulation of G protein-coupled receptor signaling pathway","3/114","154/18842",0.0194805194805195,3.21975393028025,2.15795548379447,0.0668770133090827,0.970001522198521,0.970001522198521,"EDN1/MGLL/PADI2",3
"GO:0016525","negative regulation of angiogenesis","3/114","154/18842",0.0194805194805195,3.21975393028025,2.15795548379447,0.0668770133090827,0.970001522198521,0.970001522198521,"KLF4/E2F2/MIR200B",3
"GO:0006809","nitric oxide biosynthetic process","2/114","70/18842",0.0285714285714286,4.72230576441103,2.4342461523173,0.0671797475187332,0.970001522198521,0.970001522198521,"EDN1/KLF4",2
"GO:0014033","neural crest cell differentiation","2/114","70/18842",0.0285714285714286,4.72230576441103,2.4342461523173,0.0671797475187332,0.970001522198521,0.970001522198521,"EDN1/SEMA4G",2
"GO:0032272","negative regulation of protein polymerization","2/114","70/18842",0.0285714285714286,4.72230576441103,2.4342461523173,0.0671797475187332,0.970001522198521,0.970001522198521,"DMTN/KANK4",2
"GO:0055017","cardiac muscle tissue growth","2/114","70/18842",0.0285714285714286,4.72230576441103,2.4342461523173,0.0671797475187332,0.970001522198521,0.970001522198521,"EDN1/MIR200B",2
"GO:2000514","regulation of CD4-positive, alpha-beta T cell activation","2/114","70/18842",0.0285714285714286,4.72230576441103,2.4342461523173,0.0671797475187332,0.970001522198521,0.970001522198521,"LGALS9C/LGALS9B",2
"GO:0032206","positive regulation of telomere maintenance","2/114","71/18842",0.028169014084507,4.65579441561651,2.40783062952475,0.0688618437506118,0.970001522198521,0.970001522198521,"KLF4/SIRT6",2
"GO:0061045","negative regulation of wound healing","2/114","71/18842",0.028169014084507,4.65579441561651,2.40783062952475,0.0688618437506118,0.970001522198521,0.970001522198521,"EDN1/MIR200B",2
"GO:2000736","regulation of stem cell differentiation","2/114","71/18842",0.028169014084507,4.65579441561651,2.40783062952475,0.0688618437506118,0.970001522198521,0.970001522198521,"SIRT6/HES5",2
"GO:2000181","negative regulation of blood vessel morphogenesis","3/114","156/18842",0.0192307692307692,3.17847503373819,2.13164762254189,0.0689469380177817,0.970001522198521,0.970001522198521,"KLF4/E2F2/MIR200B",3
"GO:0010563","negative regulation of phosphorus metabolic process","3/114","157/18842",0.0191082802547771,3.15822996982903,2.11865232610224,0.069992776620801,0.970001522198521,0.970001522198521,"DMTN/GPRC5A/SIRT6",3
"GO:0043535","regulation of blood vessel endothelial cell migration","3/114","157/18842",0.0191082802547771,3.15822996982903,2.11865232610224,0.069992776620801,0.970001522198521,0.970001522198521,"KLF4/JUP/MIR200B",3
"GO:0045936","negative regulation of phosphate metabolic process","3/114","157/18842",0.0191082802547771,3.15822996982903,2.11865232610224,0.069992776620801,0.970001522198521,0.970001522198521,"DMTN/GPRC5A/SIRT6",3
"GO:0002357","defense response to tumor cell","1/114","12/18842",0.0833333333333333,13.7733918128655,3.45326889760626,0.0702556434759444,0.970001522198521,0.970001522198521,"KLF4",1
"GO:0006705","mineralocorticoid biosynthetic process","1/114","12/18842",0.0833333333333333,13.7733918128655,3.45326889760626,0.0702556434759444,0.970001522198521,0.970001522198521,"CLCN2",1
"GO:0030011","maintenance of cell polarity","1/114","12/18842",0.0833333333333333,13.7733918128655,3.45326889760626,0.0702556434759444,0.970001522198521,0.970001522198521,"CRB2",1
"GO:0030878","thyroid gland development","1/114","12/18842",0.0833333333333333,13.7733918128655,3.45326889760626,0.0702556434759444,0.970001522198521,0.970001522198521,"EDN1",1
"GO:0032341","aldosterone metabolic process","1/114","12/18842",0.0833333333333333,13.7733918128655,3.45326889760626,0.0702556434759444,0.970001522198521,0.970001522198521,"CLCN2",1
"GO:0035630","bone mineralization involved in bone maturation","1/114","12/18842",0.0833333333333333,13.7733918128655,3.45326889760626,0.0702556434759444,0.970001522198521,0.970001522198521,"RFLNA",1
"GO:0042045","epithelial fluid transport","1/114","12/18842",0.0833333333333333,13.7733918128655,3.45326889760626,0.0702556434759444,0.970001522198521,0.970001522198521,"EDN1",1
"GO:0048012","hepatocyte growth factor receptor signaling pathway","1/114","12/18842",0.0833333333333333,13.7733918128655,3.45326889760626,0.0702556434759444,0.970001522198521,0.970001522198521,"MUC20",1
"GO:0048548","regulation of pinocytosis","1/114","12/18842",0.0833333333333333,13.7733918128655,3.45326889760626,0.0702556434759444,0.970001522198521,0.970001522198521,"PROM2",1
"GO:0061099","negative regulation of protein tyrosine kinase activity","1/114","12/18842",0.0833333333333333,13.7733918128655,3.45326889760626,0.0702556434759444,0.970001522198521,0.970001522198521,"GPRC5A",1
"GO:0072017","distal tubule development","1/114","12/18842",0.0833333333333333,13.7733918128655,3.45326889760626,0.0702556434759444,0.970001522198521,0.970001522198521,"WNK4",1
"GO:0072070","loop of Henle development","1/114","12/18842",0.0833333333333333,13.7733918128655,3.45326889760626,0.0702556434759444,0.970001522198521,0.970001522198521,"HES5",1
"GO:0086100","endothelin receptor signaling pathway","1/114","12/18842",0.0833333333333333,13.7733918128655,3.45326889760626,0.0702556434759444,0.970001522198521,0.970001522198521,"EDN1",1
"GO:0097150","neuronal stem cell population maintenance","1/114","12/18842",0.0833333333333333,13.7733918128655,3.45326889760626,0.0702556434759444,0.970001522198521,0.970001522198521,"HES5",1
"GO:0098911","regulation of ventricular cardiac muscle cell action potential","1/114","12/18842",0.0833333333333333,13.7733918128655,3.45326889760626,0.0702556434759444,0.970001522198521,0.970001522198521,"JUP",1
"GO:0120180","cell-substrate junction disassembly","1/114","12/18842",0.0833333333333333,13.7733918128655,3.45326889760626,0.0702556434759444,0.970001522198521,0.970001522198521,"PAK4",1
"GO:0120181","focal adhesion disassembly","1/114","12/18842",0.0833333333333333,13.7733918128655,3.45326889760626,0.0702556434759444,0.970001522198521,0.970001522198521,"PAK4",1
"GO:1905651","regulation of artery morphogenesis","1/114","12/18842",0.0833333333333333,13.7733918128655,3.45326889760626,0.0702556434759444,0.970001522198521,0.970001522198521,"EDN1",1
"GO:0022898","regulation of transmembrane transporter activity","2/114","72/18842",0.0277777777777778,4.5911306042885,2.38190267468759,0.0705577900697319,0.970001522198521,0.970001522198521,"EDN1/WNK2",2
"GO:0030500","regulation of bone mineralization","2/114","72/18842",0.0277777777777778,4.5911306042885,2.38190267468759,0.0705577900697319,0.970001522198521,0.970001522198521,"RFLNA/VDR",2
"GO:0048709","oligodendrocyte differentiation","2/114","72/18842",0.0277777777777778,4.5911306042885,2.38190267468759,0.0705577900697319,0.970001522198521,0.970001522198521,"CLCN2/HES5",2
"GO:1904062","regulation of monoatomic cation transmembrane transport","4/114","257/18842",0.0155642023346304,2.57246228411496,1.98026912655641,0.0708267316884594,0.970001522198521,0.970001522198521,"NEDD4L/EDN1/WNK2/WNK4",4
"GO:0030336","negative regulation of cell migration","5/114","365/18842",0.0136986301369863,2.26411920211488,1.90273116372066,0.0709002533786769,0.970001522198521,0.970001522198521,"KLF4/CLDN3/JUP/MIR200B/PADI2",5
"GO:0006820","monoatomic anion transport","3/114","158/18842",0.0189873417721519,3.13824117255163,2.1057606316604,0.071045816846395,0.970001522198521,0.970001522198521,"TMC4/CLCN2/CLDN4",3
"GO:1901343","negative regulation of vasculature development","3/114","158/18842",0.0189873417721519,3.13824117255163,2.1057606316604,0.071045816846395,0.970001522198521,0.970001522198521,"KLF4/E2F2/MIR200B",3
"GO:0051336","regulation of hydrolase activity","3/114","159/18842",0.0188679245283019,3.11850380668653,2.09297096742039,0.0721060213630024,0.970001522198521,0.970001522198521,"FGFR3/PROM2/CRB2",3
"GO:0022617","extracellular matrix disassembly","2/114","73/18842",0.0273972602739726,4.52823840422975,2.35644596695067,0.0722673607679499,0.970001522198521,0.970001522198521,"MMP15/DDR1",2
"GO:0150116","regulation of cell-substrate junction organization","2/114","73/18842",0.0273972602739726,4.52823840422975,2.35644596695067,0.0722673607679499,0.970001522198521,0.970001522198521,"DMTN/PAK4",2
"GO:0048660","regulation of smooth muscle cell proliferation","3/114","160/18842",0.01875,3.09901315789474,2.08028179545189,0.0731733525097502,0.970001522198521,0.970001522198521,"EDN1/KLF4/HES5",3
"GO:0001932","regulation of protein phosphorylation","5/114","369/18842",0.013550135501355,2.23957590453098,1.87618773986937,0.0735244372662206,0.970001522198521,0.970001522198521,"DMTN/FGFR3/GPRC5A/PROM2/ERBB2",5
"GO:0046470","phosphatidylcholine metabolic process","2/114","74/18842",0.027027027027027,4.46704599336178,2.33144495112614,0.07399033231805,0.970001522198521,0.970001522198521,"STARD10/SLC44A4",2
"GO:0070373","negative regulation of ERK1 and ERK2 cascade","2/114","74/18842",0.027027027027027,4.46704599336178,2.33144495112614,0.07399033231805,0.970001522198521,0.970001522198521,"WNK2/KLF4",2
"GO:0072080","nephron tubule development","2/114","74/18842",0.027027027027027,4.46704599336178,2.33144495112614,0.07399033231805,0.970001522198521,0.970001522198521,"HES5/WNK4",2
"GO:1902893","regulation of miRNA transcription","2/114","74/18842",0.027027027027027,4.46704599336178,2.33144495112614,0.07399033231805,0.970001522198521,0.970001522198521,"KLF4/FOXA1",2
"GO:0001508","action potential","3/114","161/18842",0.0186335403726708,3.07976462896371,2.06769161075109,0.0742477723046794,0.970001522198521,0.970001522198521,"NEDD4L/JUP/CLCN2",3
"GO:0042098","T cell proliferation","3/114","162/18842",0.0185185185185185,3.06075373619233,2.05519894033337,0.075329242452866,0.970001522198521,0.970001522198521,"LGALS9C/IHH/LGALS9B",3
"GO:0061614","miRNA transcription","2/114","75/18842",0.0266666666666667,4.40748538011696,2.30688479189626,0.0757264833560026,0.970001522198521,0.970001522198521,"KLF4/FOXA1",2
"GO:0006750","glutathione biosynthetic process","1/114","13/18842",0.0769230769230769,12.7139001349528,3.29623575332969,0.0758844728250544,0.970001522198521,0.970001522198521,"GGT6",1
"GO:0006971","hypotonic response","1/114","13/18842",0.0769230769230769,12.7139001349528,3.29623575332969,0.0758844728250544,0.970001522198521,0.970001522198521,"CLCN2",1
"GO:0008212","mineralocorticoid metabolic process","1/114","13/18842",0.0769230769230769,12.7139001349528,3.29623575332969,0.0758844728250544,0.970001522198521,0.970001522198521,"CLCN2",1
"GO:0009133","nucleoside diphosphate biosynthetic process","1/114","13/18842",0.0769230769230769,12.7139001349528,3.29623575332969,0.0758844728250544,0.970001522198521,0.970001522198521,"AK1",1
"GO:0009791","post-embryonic development","1/114","13/18842",0.0769230769230769,12.7139001349528,3.29623575332969,0.0758844728250544,0.970001522198521,0.970001522198521,"KLF4",1
"GO:0010799","regulation of peptidyl-threonine phosphorylation","1/114","13/18842",0.0769230769230769,12.7139001349528,3.29623575332969,0.0758844728250544,0.970001522198521,0.970001522198521,"DMTN",1
"GO:0010832","negative regulation of myotube differentiation","1/114","13/18842",0.0769230769230769,12.7139001349528,3.29623575332969,0.0758844728250544,0.970001522198521,0.970001522198521,"MIR200B",1
"GO:0032305","positive regulation of icosanoid secretion","1/114","13/18842",0.0769230769230769,12.7139001349528,3.29623575332969,0.0758844728250544,0.970001522198521,0.970001522198521,"EDN1",1
"GO:0033145","positive regulation of intracellular steroid hormone receptor signaling pathway","1/114","13/18842",0.0769230769230769,12.7139001349528,3.29623575332969,0.0758844728250544,0.970001522198521,0.970001522198521,"FOXA1",1
"GO:0051608","histamine transport","1/114","13/18842",0.0769230769230769,12.7139001349528,3.29623575332969,0.0758844728250544,0.970001522198521,0.970001522198521,"EDN1",1
"GO:0055081","monoatomic anion homeostasis","1/114","13/18842",0.0769230769230769,12.7139001349528,3.29623575332969,0.0758844728250544,0.970001522198521,0.970001522198521,"WNK4",1
"GO:0060117","auditory receptor cell development","1/114","13/18842",0.0769230769230769,12.7139001349528,3.29623575332969,0.0758844728250544,0.970001522198521,0.970001522198521,"TPRN",1
"GO:0060575","intestinal epithelial cell differentiation","1/114","13/18842",0.0769230769230769,12.7139001349528,3.29623575332969,0.0758844728250544,0.970001522198521,0.970001522198521,"CDX2",1
"GO:0090385","phagosome-lysosome fusion","1/114","13/18842",0.0769230769230769,12.7139001349528,3.29623575332969,0.0758844728250544,0.970001522198521,0.970001522198521,"SYT7",1
"GO:0141212","phospholipase C/protein kinase C signal transduction","1/114","13/18842",0.0769230769230769,12.7139001349528,3.29623575332969,0.0758844728250544,0.970001522198521,0.970001522198521,"EDN1",1
"GO:1900025","negative regulation of substrate adhesion-dependent cell spreading","1/114","13/18842",0.0769230769230769,12.7139001349528,3.29623575332969,0.0758844728250544,0.970001522198521,0.970001522198521,"DMTN",1
"GO:1901533","negative regulation of hematopoietic progenitor cell differentiation","1/114","13/18842",0.0769230769230769,12.7139001349528,3.29623575332969,0.0758844728250544,0.970001522198521,0.970001522198521,"HES5",1
"GO:1904995","negative regulation of leukocyte adhesion to vascular endothelial cell","1/114","13/18842",0.0769230769230769,12.7139001349528,3.29623575332969,0.0758844728250544,0.970001522198521,0.970001522198521,"KLF4",1
"GO:1905208","negative regulation of cardiocyte differentiation","1/114","13/18842",0.0769230769230769,12.7139001349528,3.29623575332969,0.0758844728250544,0.970001522198521,0.970001522198521,"MIR200B",1
"GO:2000272","negative regulation of signaling receptor activity","1/114","13/18842",0.0769230769230769,12.7139001349528,3.29623575332969,0.0758844728250544,0.970001522198521,0.970001522198521,"GPRC5A",1
"GO:0043409","negative regulation of MAPK cascade","3/114","163/18842",0.0184049079754601,3.04197610590894,2.04280234235633,0.0764177243544422,0.97136815180387,0.97136815180387,"WNK2/KLF4/DUSP8",3
"GO:0048659","smooth muscle cell proliferation","3/114","163/18842",0.0184049079754601,3.04197610590894,2.04280234235633,0.0764177243544422,0.97136815180387,0.97136815180387,"EDN1/KLF4/HES5",3
"GO:0008654","phospholipid biosynthetic process","4/114","264/18842",0.0151515151515152,2.50425305688464,1.92035750481659,0.0764869820212911,0.97136815180387,0.97136815180387,"PIGZ/STARD10/SLC44A4/PGAP3",4
"GO:0014013","regulation of gliogenesis","2/114","76/18842",0.0263157894736842,4.34949215143121,2.28275133132777,0.0774755946633545,0.979691390581773,0.979691390581773,"CLCN2/HES5",2
"GO:0061326","renal tubule development","2/114","76/18842",0.0263157894736842,4.34949215143121,2.28275133132777,0.0774755946633545,0.979691390581773,0.979691390581773,"HES5/WNK4",2
"GO:0120254","olefinic compound metabolic process","3/114","165/18842",0.0181818181818182,3.00510366826156,2.01829174700838,0.0786155675409991,0.9797537545644,0.9797537545644,"MGLL/CLCN2/HSD11B2",3
"GO:0048754","branching morphogenesis of an epithelial tube","2/114","77/18842",0.025974025974026,4.29300524037366,2.25903104941816,0.0792374491497505,0.9797537545644,0.9797537545644,"NRARP/SIRT6",2
"GO:0060419","heart growth","2/114","77/18842",0.025974025974026,4.29300524037366,2.25903104941816,0.0792374491497505,0.9797537545644,0.9797537545644,"EDN1/MIR200B",2
"GO:0006081","aldehyde metabolic process","2/114","78/18842",0.0256410256410256,4.23796671165092,2.23571102742115,0.0810118318355844,0.9797537545644,0.9797537545644,"CLCN2/ALDH3A1",2
"GO:2000146","negative regulation of cell motility","5/114","380/18842",0.0131578947368421,2.1747460757156,1.80490824158194,0.0810125343598151,0.9797537545644,0.9797537545644,"KLF4/CLDN3/JUP/MIR200B/PADI2",5
"GO:0002063","chondrocyte development","1/114","14/18842",0.0714285714285714,11.8057644110276,3.1555576428602,0.0814795214255087,0.9797537545644,0.9797537545644,"RFLNA",1
"GO:0003084","positive regulation of systemic arterial blood pressure","1/114","14/18842",0.0714285714285714,11.8057644110276,3.1555576428602,0.0814795214255087,0.9797537545644,0.9797537545644,"HSD11B2",1
"GO:0003416","endochondral bone growth","1/114","14/18842",0.0714285714285714,11.8057644110276,3.1555576428602,0.0814795214255087,0.9797537545644,0.9797537545644,"FGFR3",1
"GO:0010763","positive regulation of fibroblast migration","1/114","14/18842",0.0714285714285714,11.8057644110276,3.1555576428602,0.0814795214255087,0.9797537545644,0.9797537545644,"DMTN",1
"GO:0014029","neural crest formation","1/114","14/18842",0.0714285714285714,11.8057644110276,3.1555576428602,0.0814795214255087,0.9797537545644,0.9797537545644,"EDN1",1
"GO:0014745","negative regulation of muscle adaptation","1/114","14/18842",0.0714285714285714,11.8057644110276,3.1555576428602,0.0814795214255087,0.9797537545644,0.9797537545644,"KLF4",1
"GO:0032354","response to follicle-stimulating hormone","1/114","14/18842",0.0714285714285714,11.8057644110276,3.1555576428602,0.0814795214255087,0.9797537545644,0.9797537545644,"EDN1",1
"GO:0034650","cortisol metabolic process","1/114","14/18842",0.0714285714285714,11.8057644110276,3.1555576428602,0.0814795214255087,0.9797537545644,0.9797537545644,"HSD11B2",1
"GO:0042308","negative regulation of protein import into nucleus","1/114","14/18842",0.0714285714285714,11.8057644110276,3.1555576428602,0.0814795214255087,0.9797537545644,0.9797537545644,"SIRT6",1
"GO:0044342","type B pancreatic cell proliferation","1/114","14/18842",0.0714285714285714,11.8057644110276,3.1555576428602,0.0814795214255087,0.9797537545644,0.9797537545644,"SGPP2",1
"GO:0046462","monoacylglycerol metabolic process","1/114","14/18842",0.0714285714285714,11.8057644110276,3.1555576428602,0.0814795214255087,0.9797537545644,0.9797537545644,"MGLL",1
"GO:0048665","neuron fate specification","1/114","14/18842",0.0714285714285714,11.8057644110276,3.1555576428602,0.0814795214255087,0.9797537545644,0.9797537545644,"ESRP1",1
"GO:0048791","calcium ion-regulated exocytosis of neurotransmitter","1/114","14/18842",0.0714285714285714,11.8057644110276,3.1555576428602,0.0814795214255087,0.9797537545644,0.9797537545644,"SYT7",1
"GO:0052548","regulation of endopeptidase activity","1/114","14/18842",0.0714285714285714,11.8057644110276,3.1555576428602,0.0814795214255087,0.9797537545644,0.9797537545644,"CRB2",1
"GO:0060122","inner ear receptor cell stereocilium organization","1/114","14/18842",0.0714285714285714,11.8057644110276,3.1555576428602,0.0814795214255087,0.9797537545644,0.9797537545644,"TPRN",1
"GO:0061043","regulation of vascular wound healing","1/114","14/18842",0.0714285714285714,11.8057644110276,3.1555576428602,0.0814795214255087,0.9797537545644,0.9797537545644,"MIR200B",1
"GO:0090030","regulation of steroid hormone biosynthetic process","1/114","14/18842",0.0714285714285714,11.8057644110276,3.1555576428602,0.0814795214255087,0.9797537545644,0.9797537545644,"CLCN2",1
"GO:0090136","epithelial cell-cell adhesion","1/114","14/18842",0.0714285714285714,11.8057644110276,3.1555576428602,0.0814795214255087,0.9797537545644,0.9797537545644,"JUP",1
"GO:1905634","regulation of protein localization to chromatin","1/114","14/18842",0.0714285714285714,11.8057644110276,3.1555576428602,0.0814795214255087,0.9797537545644,0.9797537545644,"SIRT6",1
"GO:0034765","regulation of monoatomic ion transmembrane transport","4/114","271/18842",0.014760147601476,2.43956755357027,1.86233476314119,0.0823690092651606,0.986129137809649,0.986129137809649,"NEDD4L/EDN1/WNK2/WNK4",4
"GO:0048880","sensory system development","4/114","271/18842",0.014760147601476,2.43956755357027,1.86233476314119,0.0823690092651606,0.986129137809649,0.986129137809649,"CLDN3/CRB2/SLC44A4/HES5",4
"GO:0046209","nitric oxide metabolic process","2/114","79/18842",0.0253164556962025,4.18432156340218,2.21277891372254,0.08279852983478,0.986129137809649,0.986129137809649,"EDN1/KLF4",2
"GO:0060560","developmental growth involved in morphogenesis","3/114","169/18842",0.0177514792899408,2.93397695421987,1.97036324867187,0.0830936645447902,0.986129137809649,0.986129137809649,"NEDD4L/EDN1/JUP",3
"GO:0043269","regulation of monoatomic ion transport","5/114","383/18842",0.0130548302872063,2.15771151115386,1.78588855348031,0.0831233699748612,0.986129137809649,0.986129137809649,"NEDD4L/EDN1/PRSS8/WNK2/WNK4",5
"GO:0043266","regulation of potassium ion transport","2/114","80/18842",0.025,4.13201754385965,2.1902228920593,0.0845973323376987,0.986129137809649,0.986129137809649,"NEDD4L/WNK4",2
"GO:0030073","insulin secretion","3/114","171/18842",0.0175438596491228,2.89966143428747,1.94692477607756,0.0853732762554665,0.986129137809649,0.986129137809649,"SIRT6/SYT7/HNF4A",3
"GO:0002062","chondrocyte differentiation","2/114","81/18842",0.0246913580246914,4.08100498158978,2.16803165189379,0.0864080305941765,0.986129137809649,0.986129137809649,"RFLNA/FGFR3",2
"GO:0061138","morphogenesis of a branching epithelium","2/114","81/18842",0.0246913580246914,4.08100498158978,2.16803165189379,0.0864080305941765,0.986129137809649,0.986129137809649,"NRARP/SIRT6",2
"GO:2001057","reactive nitrogen species metabolic process","2/114","81/18842",0.0246913580246914,4.08100498158978,2.16803165189379,0.0864080305941765,0.986129137809649,0.986129137809649,"EDN1/KLF4",2
"GO:1903532","positive regulation of secretion by cell","4/114","276/18842",0.0144927536231884,2.395372489194,1.82198259682314,0.0867039874968701,0.986129137809649,0.986129137809649,"EDN1/SIRT6/SYT7/ILDR1",4
"GO:0010896","regulation of triglyceride catabolic process","1/114","15/18842",0.0666666666666667,11.0187134502924,3.02848706905737,0.0870409902250353,0.986129137809649,0.986129137809649,"PAK4",1
"GO:0019184","nonribosomal peptide biosynthetic process","1/114","15/18842",0.0666666666666667,11.0187134502924,3.02848706905737,0.0870409902250353,0.986129137809649,0.986129137809649,"GGT6",1
"GO:0030812","negative regulation of nucleotide catabolic process","1/114","15/18842",0.0666666666666667,11.0187134502924,3.02848706905737,0.0870409902250353,0.986129137809649,0.986129137809649,"SIRT6",1
"GO:0031392","regulation of prostaglandin biosynthetic process","1/114","15/18842",0.0666666666666667,11.0187134502924,3.02848706905737,0.0870409902250353,0.986129137809649,0.986129137809649,"EDN1",1
"GO:0031632","positive regulation of synaptic vesicle fusion to presynaptic active zone membrane","1/114","15/18842",0.0666666666666667,11.0187134502924,3.02848706905737,0.0870409902250353,0.986129137809649,0.986129137809649,"SYT7",1
"GO:0032303","regulation of icosanoid secretion","1/114","15/18842",0.0666666666666667,11.0187134502924,3.02848706905737,0.0870409902250353,0.986129137809649,0.986129137809649,"EDN1",1
"GO:0033122","negative regulation of purine nucleotide catabolic process","1/114","15/18842",0.0666666666666667,11.0187134502924,3.02848706905737,0.0870409902250353,0.986129137809649,0.986129137809649,"SIRT6",1
"GO:0033629","negative regulation of cell adhesion mediated by integrin","1/114","15/18842",0.0666666666666667,11.0187134502924,3.02848706905737,0.0870409902250353,0.986129137809649,0.986129137809649,"ACER2",1
"GO:0045117","azole transmembrane transport","1/114","15/18842",0.0666666666666667,11.0187134502924,3.02848706905737,0.0870409902250353,0.986129137809649,0.986129137809649,"SLC44A4",1
"GO:0045820","negative regulation of glycolytic process","1/114","15/18842",0.0666666666666667,11.0187134502924,3.02848706905737,0.0870409902250353,0.986129137809649,0.986129137809649,"SIRT6",1
"GO:0045956","positive regulation of calcium ion-dependent exocytosis","1/114","15/18842",0.0666666666666667,11.0187134502924,3.02848706905737,0.0870409902250353,0.986129137809649,0.986129137809649,"SYT7",1
"GO:0046325","negative regulation of D-glucose import across plasma membrane","1/114","15/18842",0.0666666666666667,11.0187134502924,3.02848706905737,0.0870409902250353,0.986129137809649,0.986129137809649,"SIRT6",1
"GO:0048714","positive regulation of oligodendrocyte differentiation","1/114","15/18842",0.0666666666666667,11.0187134502924,3.02848706905737,0.0870409902250353,0.986129137809649,0.986129137809649,"CLCN2",1
"GO:0061684","chaperone-mediated autophagy","1/114","15/18842",0.0666666666666667,11.0187134502924,3.02848706905737,0.0870409902250353,0.986129137809649,0.986129137809649,"CTSA",1
"GO:0070593","dendrite self-avoidance","1/114","15/18842",0.0666666666666667,11.0187134502924,3.02848706905737,0.0870409902250353,0.986129137809649,0.986129137809649,"IGSF9",1
"GO:0072079","nephron tubule formation","1/114","15/18842",0.0666666666666667,11.0187134502924,3.02848706905737,0.0870409902250353,0.986129137809649,0.986129137809649,"HES5",1
"GO:0086069","bundle of His cell to Purkinje myocyte communication","1/114","15/18842",0.0666666666666667,11.0187134502924,3.02848706905737,0.0870409902250353,0.986129137809649,0.986129137809649,"JUP",1
"GO:0099502","calcium-dependent activation of synaptic vesicle fusion","1/114","15/18842",0.0666666666666667,11.0187134502924,3.02848706905737,0.0870409902250353,0.986129137809649,0.986129137809649,"SYT7",1
"GO:1901634","positive regulation of synaptic vesicle membrane organization","1/114","15/18842",0.0666666666666667,11.0187134502924,3.02848706905737,0.0870409902250353,0.986129137809649,0.986129137809649,"SYT7",1
"GO:0040013","negative regulation of locomotion","5/114","389/18842",0.012853470437018,2.12443061380959,1.74836728352948,0.0874324426219303,0.988659158878751,0.988659158878751,"KLF4/CLDN3/JUP/MIR200B/PADI2",5
"GO:0043270","positive regulation of monoatomic ion transport","3/114","174/18842",0.0172413793103448,2.84966727162734,1.91239694072427,0.0888424794785464,1,1,"EDN1/PRSS8/WNK2",3
"GO:0018193","peptidyl-amino acid modification","5/114","391/18842",0.0127877237851662,2.11356396105353,1.73601027584686,0.088894544711366,1,1,"DMTN/FGFR3/GPRC5A/DDR1/ERBB2",5
"GO:0001837","epithelial to mesenchymal transition","3/114","175/18842",0.0171428571428571,2.83338345864662,1.90105100635172,0.0900119911493605,1,1,"EDN1/CRB2/FOXA1",3
"GO:0042542","response to hydrogen peroxide","2/114","83/18842",0.0240963855421687,3.98266751215388,2.12470063851202,0.0900642895636211,1,1,"EDN1/KLF4",2
"GO:0051153","regulation of striated muscle cell differentiation","2/114","83/18842",0.0240963855421687,3.98266751215388,2.12470063851202,0.0900642895636211,1,1,"EDN1/MIR200B",2
"GO:0002695","negative regulation of leukocyte activation","3/114","176/18842",0.0170454545454545,2.81728468899522,1.8897848840633,0.0911879884964253,1,1,"LGALS9C/IHH/LGALS9B",3
"GO:0001845","phagolysosome assembly","1/114","16/18842",0.0625,10.3300438596491,2.9128850701876,0.0925690789866197,1,1,"SYT7",1
"GO:0018146","keratan sulfate proteoglycan biosynthetic process","1/114","16/18842",0.0625,10.3300438596491,2.9128850701876,0.0925690789866197,1,1,"B3GNT3",1
"GO:0031268","pseudopodium organization","1/114","16/18842",0.0625,10.3300438596491,2.9128850701876,0.0925690789866197,1,1,"RAB25",1
"GO:0034309","primary alcohol biosynthetic process","1/114","16/18842",0.0625,10.3300438596491,2.9128850701876,0.0925690789866197,1,1,"CLCN2",1
"GO:0045686","negative regulation of glial cell differentiation","1/114","16/18842",0.0625,10.3300438596491,2.9128850701876,0.0925690789866197,1,1,"HES5",1
"GO:0046512","sphingosine biosynthetic process","1/114","16/18842",0.0625,10.3300438596491,2.9128850701876,0.0925690789866197,1,1,"ACER2",1
"GO:0046520","sphingoid biosynthetic process","1/114","16/18842",0.0625,10.3300438596491,2.9128850701876,0.0925690789866197,1,1,"ACER2",1
"GO:0046697","decidualization","1/114","16/18842",0.0625,10.3300438596491,2.9128850701876,0.0925690789866197,1,1,"VDR",1
"GO:0060219","camera-type eye photoreceptor cell differentiation","1/114","16/18842",0.0625,10.3300438596491,2.9128850701876,0.0925690789866197,1,1,"CRB2",1
"GO:0072531","pyrimidine-containing compound transmembrane transport","1/114","16/18842",0.0625,10.3300438596491,2.9128850701876,0.0925690789866197,1,1,"SLC44A4",1
"GO:0090209","negative regulation of triglyceride metabolic process","1/114","16/18842",0.0625,10.3300438596491,2.9128850701876,0.0925690789866197,1,1,"PAK4",1
"GO:1904044","response to aldosterone","1/114","16/18842",0.0625,10.3300438596491,2.9128850701876,0.0925690789866197,1,1,"SCNN1A",1
"GO:1990166","protein localization to site of double-strand break","1/114","16/18842",0.0625,10.3300438596491,2.9128850701876,0.0925690789866197,1,1,"SIRT6",1
"GO:2000193","positive regulation of fatty acid transport","1/114","16/18842",0.0625,10.3300438596491,2.9128850701876,0.0925690789866197,1,1,"EDN1",1
"GO:2000402","negative regulation of lymphocyte migration","1/114","16/18842",0.0625,10.3300438596491,2.9128850701876,0.0925690789866197,1,1,"PADI2",1
"GO:0070372","regulation of ERK1 and ERK2 cascade","4/114","283/18842",0.0141342756183746,2.33612299299485,1.76693701896572,0.0929564457764699,1,1,"FGFR3/WNK2/KLF4/ERBB2",4
"GO:1900182","positive regulation of protein localization to nucleus","2/114","85/18842",0.0235294117647059,3.88895768833849,2.08270449800956,0.0937656772945767,1,1,"EDN1/JUP",2
"GO:0000302","response to reactive oxygen species","3/114","179/18842",0.0167597765363128,2.77006762716848,1.8564546597004,0.0947544728074823,1,1,"GPR37L1/EDN1/KLF4",3
"GO:0043534","blood vessel endothelial cell migration","3/114","179/18842",0.0167597765363128,2.77006762716848,1.8564546597004,0.0947544728074823,1,1,"KLF4/JUP/MIR200B",3
"GO:0030522","intracellular receptor signaling pathway","5/114","399/18842",0.012531328320802,2.07118673877677,1.68730872533389,0.0948704699567862,1,1,"INAVA/HNF4A/FOXA1/PADI2/VDR",5
"GO:0048588","developmental cell growth","3/114","180/18842",0.0166666666666667,2.7546783625731,1.84549715838238,0.0959559901172432,1,1,"NEDD4L/EDN1/JUP",3
"GO:0009247","glycolipid biosynthetic process","2/114","87/18842",0.0229885057471264,3.79955636216979,2.04196835562311,0.0975105962254504,1,1,"PIGZ/PGAP3",2
"GO:0086001","cardiac muscle cell action potential","2/114","87/18842",0.0229885057471264,3.79955636216979,2.04196835562311,0.0975105962254504,1,1,"NEDD4L/JUP",2
"GO:2000628","regulation of miRNA metabolic process","2/114","87/18842",0.0229885057471264,3.79955636216979,2.04196835562311,0.0975105962254504,1,1,"KLF4/FOXA1",2
"GO:0002320","lymphoid progenitor cell differentiation","1/114","17/18842",0.0588235294117647,9.72239422084623,2.80705795787925,0.0980639862954227,1,1,"HES5",1
"GO:0014821","phasic smooth muscle contraction","1/114","17/18842",0.0588235294117647,9.72239422084623,2.80705795787925,0.0980639862954227,1,1,"EDN1",1
"GO:0015697","quaternary ammonium group transport","1/114","17/18842",0.0588235294117647,9.72239422084623,2.80705795787925,0.0980639862954227,1,1,"SLC44A4",1
"GO:0022010","central nervous system myelination","1/114","17/18842",0.0588235294117647,9.72239422084623,2.80705795787925,0.0980639862954227,1,1,"HES5",1
"GO:0030502","negative regulation of bone mineralization","1/114","17/18842",0.0588235294117647,9.72239422084623,2.80705795787925,0.0980639862954227,1,1,"RFLNA",1
"GO:0032291","axon ensheathment in central nervous system","1/114","17/18842",0.0588235294117647,9.72239422084623,2.80705795787925,0.0980639862954227,1,1,"HES5",1
"GO:0032495","response to muramyl dipeptide","1/114","17/18842",0.0588235294117647,9.72239422084623,2.80705795787925,0.0980639862954227,1,1,"INAVA",1
"GO:0045721","negative regulation of gluconeogenesis","1/114","17/18842",0.0588235294117647,9.72239422084623,2.80705795787925,0.0980639862954227,1,1,"SIRT6",1
"GO:0055091","phospholipid homeostasis","1/114","17/18842",0.0588235294117647,9.72239422084623,2.80705795787925,0.0980639862954227,1,1,"HNF4A",1
"GO:0061318","renal filtration cell differentiation","1/114","17/18842",0.0588235294117647,9.72239422084623,2.80705795787925,0.0980639862954227,1,1,"EDN1",1
"GO:0071371","cellular response to gonadotropin stimulus","1/114","17/18842",0.0588235294117647,9.72239422084623,2.80705795787925,0.0980639862954227,1,1,"EDN1",1
"GO:0072112","podocyte differentiation","1/114","17/18842",0.0588235294117647,9.72239422084623,2.80705795787925,0.0980639862954227,1,1,"EDN1",1
"GO:0072567","chemokine (C-X-C motif) ligand 2 production","1/114","17/18842",0.0588235294117647,9.72239422084623,2.80705795787925,0.0980639862954227,1,1,"KLF4",1
"GO:2000341","regulation of chemokine (C-X-C motif) ligand 2 production","1/114","17/18842",0.0588235294117647,9.72239422084623,2.80705795787925,0.0980639862954227,1,1,"KLF4",1
"GO:2001279","regulation of unsaturated fatty acid biosynthetic process","1/114","17/18842",0.0588235294117647,9.72239422084623,2.80705795787925,0.0980639862954227,1,1,"EDN1",1
"GO:0086003","cardiac muscle cell contraction","2/114","88/18842",0.0227272727272727,3.75637958532695,2.02205099971797,0.0993988892435771,1,1,"NEDD4L/JUP",2
"GO:0043542","endothelial cell migration","4/114","290/18842",0.0137931034482759,2.27973381730188,1.71349159189987,0.0994186179895633,1,1,"EDN1/KLF4/JUP/MIR200B",4
"GO:0046631","alpha-beta T cell activation","3/114","183/18842",0.0163934426229508,2.70951970089157,1.81306833342087,0.0995980101296669,1,1,"LGALS9C/IHH/LGALS9B",3
"GO:0060485","mesenchyme development","4/114","291/18842",0.013745704467354,2.27189968047266,1.70598178607818,0.100358608964901,1,1,"EDN1/SEMA4G/CRB2/FOXA1",4
"GO:0043502","regulation of muscle adaptation","2/114","89/18842",0.0224719101123595,3.71417307313227,2.0024231810364,0.10129748016062,1,1,"EDN1/KLF4",2
"GO:0048675","axon extension","2/114","89/18842",0.0224719101123595,3.71417307313227,2.0024231810364,0.10129748016062,1,1,"EDN1/JUP",2
"GO:0051047","positive regulation of secretion","4/114","294/18842",0.0136054421768707,2.24871703067192,1.68363465560942,0.103203477307959,1,1,"EDN1/SIRT6/SYT7/ILDR1",4
"GO:0090316","positive regulation of intracellular protein transport","2/114","90/18842",0.0222222222222222,3.6729044834308,1.98307708935967,0.103206178018859,1,1,"SIRT6/JUP",2
"GO:0030003","intracellular monoatomic cation homeostasis","5/114","410/18842",0.0121951219512195,2.01561831407788,1.62216460584872,0.103415904652679,1,1,"CNNM4/DMTN/EDN1/SCNN1A/SLC9A2",5
"GO:0001893","maternal placenta development","1/114","18/18842",0.0555555555555556,9.182261208577,2.70964462004115,0.103525909565665,1,1,"VDR",1
"GO:0002021","response to dietary excess","1/114","18/18842",0.0555555555555556,9.182261208577,2.70964462004115,0.103525909565665,1,1,"WNK4",1
"GO:0006595","polyamine metabolic process","1/114","18/18842",0.0555555555555556,9.182261208577,2.70964462004115,0.103525909565665,1,1,"AOC1",1
"GO:0014829","vascular associated smooth muscle contraction","1/114","18/18842",0.0555555555555556,9.182261208577,2.70964462004115,0.103525909565665,1,1,"EDN1",1
"GO:0015871","choline transport","1/114","18/18842",0.0555555555555556,9.182261208577,2.70964462004115,0.103525909565665,1,1,"SLC44A4",1
"GO:0032874","positive regulation of stress-activated MAPK cascade","1/114","18/18842",0.0555555555555556,9.182261208577,2.70964462004115,0.103525909565665,1,1,"INAVA",1
"GO:0034244","negative regulation of transcription elongation by RNA polymerase II","1/114","18/18842",0.0555555555555556,9.182261208577,2.70964462004115,0.103525909565665,1,1,"SIRT6",1
"GO:0034392","negative regulation of smooth muscle cell apoptotic process","1/114","18/18842",0.0555555555555556,9.182261208577,2.70964462004115,0.103525909565665,1,1,"EDN1",1
"GO:0035930","corticosteroid hormone secretion","1/114","18/18842",0.0555555555555556,9.182261208577,2.70964462004115,0.103525909565665,1,1,"WNK4",1
"GO:0035994","response to muscle stretch","1/114","18/18842",0.0555555555555556,9.182261208577,2.70964462004115,0.103525909565665,1,1,"EDN1",1
"GO:0042339","keratan sulfate proteoglycan metabolic process","1/114","18/18842",0.0555555555555556,9.182261208577,2.70964462004115,0.103525909565665,1,1,"B3GNT3",1
"GO:0045618","positive regulation of keratinocyte differentiation","1/114","18/18842",0.0555555555555556,9.182261208577,2.70964462004115,0.103525909565665,1,1,"VDR",1
"GO:0046184","aldehyde biosynthetic process","1/114","18/18842",0.0555555555555556,9.182261208577,2.70964462004115,0.103525909565665,1,1,"CLCN2",1
"GO:0046827","positive regulation of protein export from nucleus","1/114","18/18842",0.0555555555555556,9.182261208577,2.70964462004115,0.103525909565665,1,1,"SIRT6",1
"GO:0060973","cell migration involved in heart development","1/114","18/18842",0.0555555555555556,9.182261208577,2.70964462004115,0.103525909565665,1,1,"EDN1",1
"GO:0070304","positive regulation of stress-activated protein kinase signaling cascade","1/114","18/18842",0.0555555555555556,9.182261208577,2.70964462004115,0.103525909565665,1,1,"INAVA",1
"GO:0070431","nucleotide-binding oligomerization domain containing 2 signaling pathway","1/114","18/18842",0.0555555555555556,9.182261208577,2.70964462004115,0.103525909565665,1,1,"INAVA",1
"GO:0072311","glomerular epithelial cell differentiation","1/114","18/18842",0.0555555555555556,9.182261208577,2.70964462004115,0.103525909565665,1,1,"EDN1",1
"GO:0110110","positive regulation of animal organ morphogenesis","1/114","18/18842",0.0555555555555556,9.182261208577,2.70964462004115,0.103525909565665,1,1,"EDN1",1
"GO:0042325","regulation of phosphorylation","5/114","412/18842",0.0121359223300971,2.00583375915517,1.61053752585735,0.105009870872808,1,1,"DMTN/FGFR3/GPRC5A/PROM2/ERBB2",5
"GO:0048736","appendage development","2/114","91/18842",0.021978021978022,3.63254289570079,1.96400521143883,0.105124793757214,1,1,"KDF1/IHH",2
"GO:0060173","limb development","2/114","91/18842",0.021978021978022,3.63254289570079,1.96400521143883,0.105124793757214,1,1,"KDF1/IHH",2
"GO:0032535","regulation of cellular component size","4/114","297/18842",0.0134680134680135,2.22600271723079,1.66155583020866,0.106085354320976,1,1,"DMTN/EDN1/JUP/KANK4",4
"GO:0043484","regulation of RNA splicing","3/114","189/18842",0.0158730158730159,2.62350320245057,1.75012233267313,0.107046754987615,1,1,"ESRP1/ILDR1/ESRP2",3
"GO:0045926","negative regulation of growth","3/114","189/18842",0.0158730158730159,2.62350320245057,1.75012233267313,0.107046754987615,1,1,"FGFR3/HNF4A/MIR200B",3
"GO:0141193","nuclear receptor-mediated signaling pathway","3/114","189/18842",0.0158730158730159,2.62350320245057,1.75012233267313,0.107046754987615,1,1,"FOXA1/PADI2/VDR",3
"GO:0001889","liver development","2/114","92/18842",0.0217391304347826,3.593058733791,1.94520031654522,0.107053140195623,1,1,"IHH/LSR",2
"GO:0008593","regulation of Notch signaling pathway","2/114","92/18842",0.0217391304347826,3.593058733791,1.94520031654522,0.107053140195623,1,1,"NRARP/HES5",2
"GO:0048661","positive regulation of smooth muscle cell proliferation","2/114","92/18842",0.0217391304347826,3.593058733791,1.94520031654522,0.107053140195623,1,1,"EDN1/HES5",2
"GO:0170040","proteinogenic amino acid catabolic process","2/114","92/18842",0.0217391304347826,3.593058733791,1.94520031654522,0.107053140195623,1,1,"BCAT2/GPT",2
"GO:1903035","negative regulation of response to wounding","2/114","92/18842",0.0217391304347826,3.593058733791,1.94520031654522,0.107053140195623,1,1,"EDN1/MIR200B",2
"GO:0001709","cell fate determination","1/114","19/18842",0.0526315789473684,8.69898430286242,2.61953685857746,0.108955045047471,1,1,"KLF4",1
"GO:0032331","negative regulation of chondrocyte differentiation","1/114","19/18842",0.0526315789473684,8.69898430286242,2.61953685857746,0.108955045047471,1,1,"RFLNA",1
"GO:0033081","regulation of T cell differentiation in thymus","1/114","19/18842",0.0526315789473684,8.69898430286242,2.61953685857746,0.108955045047471,1,1,"IHH",1
"GO:0035461","vitamin transmembrane transport","1/114","19/18842",0.0526315789473684,8.69898430286242,2.61953685857746,0.108955045047471,1,1,"SLC44A4",1
"GO:0042659","regulation of cell fate specification","1/114","19/18842",0.0526315789473684,8.69898430286242,2.61953685857746,0.108955045047471,1,1,"ESRP1",1
"GO:0051895","negative regulation of focal adhesion assembly","1/114","19/18842",0.0526315789473684,8.69898430286242,2.61953685857746,0.108955045047471,1,1,"DMTN",1
"GO:0060384","innervation","1/114","19/18842",0.0526315789473684,8.69898430286242,2.61953685857746,0.108955045047471,1,1,"EDN1",1
"GO:0061050","regulation of cell growth involved in cardiac muscle cell development","1/114","19/18842",0.0526315789473684,8.69898430286242,2.61953685857746,0.108955045047471,1,1,"EDN1",1
"GO:0098868","bone growth","1/114","19/18842",0.0526315789473684,8.69898430286242,2.61953685857746,0.108955045047471,1,1,"FGFR3",1
"GO:2000737","negative regulation of stem cell differentiation","1/114","19/18842",0.0526315789473684,8.69898430286242,2.61953685857746,0.108955045047471,1,1,"HES5",1
"GO:0001763","morphogenesis of a branching structure","2/114","93/18842",0.021505376344086,3.55442369364271,1.92665544287354,0.108991032019538,1,1,"NRARP/SIRT6",2
"GO:0046031","ADP metabolic process","2/114","93/18842",0.021505376344086,3.55442369364271,1.92665544287354,0.108991032019538,1,1,"SIRT6/AK1",2
"GO:0061008","hepaticobiliary system development","2/114","93/18842",0.021505376344086,3.55442369364271,1.92665544287354,0.108991032019538,1,1,"IHH/LSR",2
"GO:0070167","regulation of biomineral tissue development","2/114","93/18842",0.021505376344086,3.55442369364271,1.92665544287354,0.108991032019538,1,1,"RFLNA/VDR",2
"GO:0045444","fat cell differentiation","3/114","191/18842",0.0157068062827225,2.59603196472858,1.72968057313958,0.109577187083598,1,1,"BCAT2/KLF4/SIRT6",3
"GO:0062197","cellular response to chemical stress","4/114","301/18842",0.0132890365448505,2.19642128577257,1.63252372699548,0.109984666082589,1,1,"GPR37L1/EDN1/KLF4/CLCN2",4
"GO:0048738","cardiac muscle tissue development","3/114","192/18842",0.015625,2.58251096491228,1.7195571892948,0.110851113832694,1,1,"EDN1/SIRT6/MIR200B",3
"GO:1901605","alpha-amino acid metabolic process","3/114","193/18842",0.0155440414507772,2.56913007908372,1.709497727188,0.112130788441496,1,1,"BCAT2/GPT/HNF4A",3
"GO:0070098","chemokine-mediated signaling pathway","2/114","95/18842",0.0210526315789474,3.47959372114497,1.89031918051052,0.112894719801039,1,1,"EDN1/PADI2",2
"GO:0001975","response to amphetamine","1/114","20/18842",0.05,8.2640350877193,2.53582189128047,0.114351587833668,1,1,"EDN1",1
"GO:0002689","negative regulation of leukocyte chemotaxis","1/114","20/18842",0.05,8.2640350877193,2.53582189128047,0.114351587833668,1,1,"PADI2",1
"GO:0003085","negative regulation of systemic arterial blood pressure","1/114","20/18842",0.05,8.2640350877193,2.53582189128047,0.114351587833668,1,1,"GPR37L1",1
"GO:0010829","negative regulation of D-glucose transmembrane transport","1/114","20/18842",0.05,8.2640350877193,2.53582189128047,0.114351587833668,1,1,"SIRT6",1
"GO:0016075","rRNA catabolic process","1/114","20/18842",0.05,8.2640350877193,2.53582189128047,0.114351587833668,1,1,"ERN2",1
"GO:0046885","regulation of hormone biosynthetic process","1/114","20/18842",0.05,8.2640350877193,2.53582189128047,0.114351587833668,1,1,"CLCN2",1
"GO:0071305","cellular response to vitamin D","1/114","20/18842",0.05,8.2640350877193,2.53582189128047,0.114351587833668,1,1,"VDR",1
"GO:0072170","metanephric tubule development","1/114","20/18842",0.05,8.2640350877193,2.53582189128047,0.114351587833668,1,1,"HES5",1
"GO:0072234","metanephric nephron tubule development","1/114","20/18842",0.05,8.2640350877193,2.53582189128047,0.114351587833668,1,1,"HES5",1
"GO:0072273","metanephric nephron morphogenesis","1/114","20/18842",0.05,8.2640350877193,2.53582189128047,0.114351587833668,1,1,"HES5",1
"GO:0150118","negative regulation of cell-substrate junction organization","1/114","20/18842",0.05,8.2640350877193,2.53582189128047,0.114351587833668,1,1,"DMTN",1
"GO:1902307","positive regulation of sodium ion transmembrane transport","1/114","20/18842",0.05,8.2640350877193,2.53582189128047,0.114351587833668,1,1,"WNK2",1
"GO:2000047","regulation of cell-cell adhesion mediated by cadherin","1/114","20/18842",0.05,8.2640350877193,2.53582189128047,0.114351587833668,1,1,"FOXA1",1
"GO:2000738","positive regulation of stem cell differentiation","1/114","20/18842",0.05,8.2640350877193,2.53582189128047,0.114351587833668,1,1,"SIRT6",1
"GO:0170035","L-amino acid catabolic process","2/114","96/18842",0.0208333333333333,3.44334795321637,1.8725151012415,0.114860154319172,1,1,"BCAT2/GPT",2
"GO:0009612","response to mechanical stimulus","3/114","196/18842",0.0153061224489796,2.52980665950591,1.67969505241807,0.116003853110781,1,1,"EDN1/JUP/IHH",3
"GO:0055074","calcium ion homeostasis","3/114","196/18842",0.0153061224489796,2.52980665950591,1.67969505241807,0.116003853110781,1,1,"DMTN/EDN1/WNK4",3
"GO:0060759","regulation of response to cytokine stimulus","3/114","196/18842",0.0153061224489796,2.52980665950591,1.67969505241807,0.116003853110781,1,1,"EDN1/KLF4/PADI2",3
"GO:0032526","response to retinoic acid","2/114","97/18842",0.0206185567010309,3.40784952070899,1.85494563993275,0.1168344113137,1,1,"KLF4/ACER2",2
"GO:0060041","retina development in camera-type eye","2/114","97/18842",0.0206185567010309,3.40784952070899,1.85494563993275,0.1168344113137,1,1,"CLDN3/CRB2",2
"GO:0097306","cellular response to alcohol","2/114","97/18842",0.0206185567010309,3.40784952070899,1.85494563993275,0.1168344113137,1,1,"SCNN1A/JUP",2
"GO:1901654","response to ketone","3/114","197/18842",0.0152284263959391,2.51696500133583,1.66988352659398,0.117306072382668,1,1,"EDN1/SCNN1A/CLDN4",3
"GO:0043434","response to peptide hormone","5/114","427/18842",0.0117096018735363,1.93537121492255,1.52535446215021,0.117350354455564,1,1,"EDN1/KLF4/SCNN1A/HNF4A/HSD11B2",5
"GO:0002040","sprouting angiogenesis","3/114","198/18842",0.0151515151515152,2.50425305688464,1.66013211430678,0.118613815683911,1,1,"NRARP/KLF4/E2F2",3
"GO:0010810","regulation of cell-substrate adhesion","3/114","198/18842",0.0151515151515152,2.50425305688464,1.66013211430678,0.118613815683911,1,1,"DMTN/JUP/ACER2",3
"GO:0050670","regulation of lymphocyte proliferation","3/114","198/18842",0.0151515151515152,2.50425305688464,1.66013211430678,0.118613815683911,1,1,"LGALS9C/IHH/LGALS9B",3
"GO:0050866","negative regulation of cell activation","3/114","198/18842",0.0151515151515152,2.50425305688464,1.66013211430678,0.118613815683911,1,1,"LGALS9C/IHH/LGALS9B",3
"GO:1903828","negative regulation of protein localization","3/114","198/18842",0.0151515151515152,2.50425305688464,1.66013211430678,0.118613815683911,1,1,"NEDD4L/SIRT6/WNK4",3
"GO:0046822","regulation of nucleocytoplasmic transport","2/114","98/18842",0.0204081632653061,3.37307554600788,1.83760500140433,0.118817314569106,1,1,"SIRT6/JUP",2
"GO:0090100","positive regulation of transmembrane receptor protein serine/threonine kinase signaling pathway","2/114","98/18842",0.0204081632653061,3.37307554600788,1.83760500140433,0.118817314569106,1,1,"CRB2/HES5",2
"GO:0140115","export across plasma membrane","2/114","98/18842",0.0204081632653061,3.37307554600788,1.83760500140433,0.118817314569106,1,1,"NEDD4L/WNK4",2
"GO:2001252","positive regulation of chromosome organization","2/114","98/18842",0.0204081632653061,3.37307554600788,1.83760500140433,0.118817314569106,1,1,"KLF4/SIRT6",2
"GO:0007263","nitric oxide mediated signal transduction","1/114","21/18842",0.0476190476190476,7.87050960735171,2.45774007719697,0.119715731866554,1,1,"RASD1",1
"GO:0019370","leukotriene biosynthetic process","1/114","21/18842",0.0476190476190476,7.87050960735171,2.45774007719697,0.119715731866554,1,1,"GGT6",1
"GO:0031630","regulation of synaptic vesicle fusion to presynaptic active zone membrane","1/114","21/18842",0.0476190476190476,7.87050960735171,2.45774007719697,0.119715731866554,1,1,"SYT7",1
"GO:0032528","microvillus organization","1/114","21/18842",0.0476190476190476,7.87050960735171,2.45774007719697,0.119715731866554,1,1,"PROM2",1
"GO:0034144","negative regulation of toll-like receptor 4 signaling pathway","1/114","21/18842",0.0476190476190476,7.87050960735171,2.45774007719697,0.119715731866554,1,1,"MIR200B",1
"GO:0042985","negative regulation of amyloid precursor protein biosynthetic process","1/114","21/18842",0.0476190476190476,7.87050960735171,2.45774007719697,0.119715731866554,1,1,"ITM2C",1
"GO:0043931","ossification involved in bone maturation","1/114","21/18842",0.0476190476190476,7.87050960735171,2.45774007719697,0.119715731866554,1,1,"RFLNA",1
"GO:0044321","response to leptin","1/114","21/18842",0.0476190476190476,7.87050960735171,2.45774007719697,0.119715731866554,1,1,"EDN1",1
"GO:0051930","regulation of sensory perception of pain","1/114","21/18842",0.0476190476190476,7.87050960735171,2.45774007719697,0.119715731866554,1,1,"MGLL",1
"GO:0051931","regulation of sensory perception","1/114","21/18842",0.0476190476190476,7.87050960735171,2.45774007719697,0.119715731866554,1,1,"MGLL",1
"GO:0060119","inner ear receptor cell development","1/114","21/18842",0.0476190476190476,7.87050960735171,2.45774007719697,0.119715731866554,1,1,"TPRN",1
"GO:0061097","regulation of protein tyrosine kinase activity","1/114","21/18842",0.0476190476190476,7.87050960735171,2.45774007719697,0.119715731866554,1,1,"GPRC5A",1
"GO:0072010","glomerular epithelium development","1/114","21/18842",0.0476190476190476,7.87050960735171,2.45774007719697,0.119715731866554,1,1,"EDN1",1
"GO:0072243","metanephric nephron epithelium development","1/114","21/18842",0.0476190476190476,7.87050960735171,2.45774007719697,0.119715731866554,1,1,"HES5",1
"GO:1900242","regulation of synaptic vesicle endocytosis","1/114","21/18842",0.0476190476190476,7.87050960735171,2.45774007719697,0.119715731866554,1,1,"SYT7",1
"GO:1901632","regulation of synaptic vesicle membrane organization","1/114","21/18842",0.0476190476190476,7.87050960735171,2.45774007719697,0.119715731866554,1,1,"SYT7",1
"GO:1903579","negative regulation of ATP metabolic process","1/114","21/18842",0.0476190476190476,7.87050960735171,2.45774007719697,0.119715731866554,1,1,"SIRT6",1
"GO:2000725","regulation of cardiac muscle cell differentiation","1/114","21/18842",0.0476190476190476,7.87050960735171,2.45774007719697,0.119715731866554,1,1,"MIR200B",1
"GO:2001259","positive regulation of cation channel activity","1/114","21/18842",0.0476190476190476,7.87050960735171,2.45774007719697,0.119715731866554,1,1,"EDN1",1
"GO:2001234","negative regulation of apoptotic signaling pathway","3/114","199/18842",0.0150753768844221,2.49166887066914,1.65044009314529,0.119927038000655,1,1,"KLF4/EYA2/UNC5B",3
"GO:0007623","circadian rhythm","3/114","200/18842",0.015,2.47921052631579,1.64080675309696,0.121245694248058,1,1,"SIRT6/HNF4A/CLDN4",3
"GO:0032944","regulation of mononuclear cell proliferation","3/114","200/18842",0.015,2.47921052631579,1.64080675309696,0.121245694248058,1,1,"LGALS9C/IHH/LGALS9B",3
"GO:0043523","regulation of neuron apoptotic process","3/114","201/18842",0.0149253731343284,2.46687614558785,1.63123139627316,0.122569739275124,1,1,"ERBB3/UNC5B/TOX3",3
"GO:0006641","triglyceride metabolic process","2/114","101/18842",0.0198019801980198,3.27288518325517,1.78690105065574,0.124816166280687,1,1,"MGLL/PAK4",2
"GO:0150115","cell-substrate junction organization","2/114","101/18842",0.0198019801980198,3.27288518325517,1.78690105065574,0.124816166280687,1,1,"DMTN/PAK4",2
"GO:1901606","alpha-amino acid catabolic process","2/114","101/18842",0.0198019801980198,3.27288518325517,1.78690105065574,0.124816166280687,1,1,"BCAT2/GPT",2
"GO:0006658","phosphatidylserine metabolic process","1/114","22/18842",0.0454545454545455,7.51275917065391,2.38465331819145,0.125047669944616,1,1,"SERINC2",1
"GO:0006700","C21-steroid hormone biosynthetic process","1/114","22/18842",0.0454545454545455,7.51275917065391,2.38465331819145,0.125047669944616,1,1,"CLCN2",1
"GO:0006907","pinocytosis","1/114","22/18842",0.0454545454545455,7.51275917065391,2.38465331819145,0.125047669944616,1,1,"PROM2",1
"GO:0010566","regulation of ketone biosynthetic process","1/114","22/18842",0.0454545454545455,7.51275917065391,2.38465331819145,0.125047669944616,1,1,"CLCN2",1
"GO:0015732","prostaglandin transport","1/114","22/18842",0.0454545454545455,7.51275917065391,2.38465331819145,0.125047669944616,1,1,"EDN1",1
"GO:0032469","endoplasmic reticulum calcium ion homeostasis","1/114","22/18842",0.0454545454545455,7.51275917065391,2.38465331819145,0.125047669944616,1,1,"DMTN",1
"GO:0034114","regulation of heterotypic cell-cell adhesion","1/114","22/18842",0.0454545454545455,7.51275917065391,2.38465331819145,0.125047669944616,1,1,"KLF4",1
"GO:0042359","vitamin D metabolic process","1/114","22/18842",0.0454545454545455,7.51275917065391,2.38465331819145,0.125047669944616,1,1,"VDR",1
"GO:0042462","eye photoreceptor cell development","1/114","22/18842",0.0454545454545455,7.51275917065391,2.38465331819145,0.125047669944616,1,1,"CRB2",1
"GO:0048710","regulation of astrocyte differentiation","1/114","22/18842",0.0454545454545455,7.51275917065391,2.38465331819145,0.125047669944616,1,1,"HES5",1
"GO:0052547","regulation of peptidase activity","1/114","22/18842",0.0454545454545455,7.51275917065391,2.38465331819145,0.125047669944616,1,1,"CRB2",1
"GO:0061037","negative regulation of cartilage development","1/114","22/18842",0.0454545454545455,7.51275917065391,2.38465331819145,0.125047669944616,1,1,"RFLNA",1
"GO:0071468","cellular response to acidic pH","1/114","22/18842",0.0454545454545455,7.51275917065391,2.38465331819145,0.125047669944616,1,1,"SCNN1A",1
"GO:0071786","endoplasmic reticulum tubular network organization","1/114","22/18842",0.0454545454545455,7.51275917065391,2.38465331819145,0.125047669944616,1,1,"DMTN",1
"GO:0072207","metanephric epithelium development","1/114","22/18842",0.0454545454545455,7.51275917065391,2.38465331819145,0.125047669944616,1,1,"HES5",1
"GO:1902074","response to salt","1/114","22/18842",0.0454545454545455,7.51275917065391,2.38465331819145,0.125047669944616,1,1,"EDN1",1
"GO:1903861","positive regulation of dendrite extension","1/114","22/18842",0.0454545454545455,7.51275917065391,2.38465331819145,0.125047669944616,1,1,"NEDD4L",1
"GO:0016055","Wnt signaling pathway","5/114","436/18842",0.0114678899082569,1.89542089167874,1.47587460116459,0.125073583634556,1,1,"NRARP/EDN1/WNK2/KLF4/JUP",5
"GO:2001233","regulation of apoptotic signaling pathway","4/114","317/18842",0.0126182965299685,2.08556090541812,1.52076958255088,0.126210218338061,1,1,"KLF4/EYA2/UNC5B/ITM2C",4
"GO:0007507","heart development","5/114","438/18842",0.0114155251141553,1.8867660017624,1.46503728361925,0.126821495899027,1,1,"EDN1/ERBB3/SIRT6/IHH/MIR200B",5
"GO:0002027","regulation of heart rate","2/114","102/18842",0.0196078431372549,3.24079807361541,1.7704216636665,0.126831927702349,1,1,"EDN1/JUP",2
"GO:0019751","polyol metabolic process","2/114","102/18842",0.0196078431372549,3.24079807361541,1.7704216636665,0.126831927702349,1,1,"SGPP2/ACER2",2
"GO:0003333","amino acid transmembrane transport","2/114","103/18842",0.0194174757281553,3.20933401464827,1.754144983571,0.128855480638198,1,1,"SLC6A7/SLC6A9",2
"GO:0010586","miRNA metabolic process","2/114","103/18842",0.0194174757281553,3.20933401464827,1.754144983571,0.128855480638198,1,1,"KLF4/FOXA1",2
"GO:0043271","negative regulation of monoatomic ion transport","2/114","103/18842",0.0194174757281553,3.20933401464827,1.754144983571,0.128855480638198,1,1,"NEDD4L/WNK4",2
"GO:1990868","response to chemokine","2/114","103/18842",0.0194174757281553,3.20933401464827,1.754144983571,0.128855480638198,1,1,"EDN1/PADI2",2
"GO:1990869","cellular response to chemokine","2/114","103/18842",0.0194174757281553,3.20933401464827,1.754144983571,0.128855480638198,1,1,"EDN1/PADI2",2
"GO:0006836","neurotransmitter transport","3/114","206/18842",0.0145631067961165,2.4070005109862,1.58420075001708,0.12926921178481,1,1,"SYT7/SLC6A7/SLC6A9",3
"GO:0043010","camera-type eye development","3/114","206/18842",0.0145631067961165,2.4070005109862,1.58420075001708,0.12926921178481,1,1,"CLDN3/CRB2/HES5",3
"GO:0071805","potassium ion transmembrane transport","3/114","206/18842",0.0145631067961165,2.4070005109862,1.58420075001708,0.12926921178481,1,1,"NEDD4L/SLC9A2/WNK4",3
"GO:0006123","mitochondrial electron transport, cytochrome c to oxygen","1/114","23/18842",0.0434782608695652,7.186117467582,2.31602108835997,0.130347593729223,1,1,"COX8A",1
"GO:0009083","branched-chain amino acid catabolic process","1/114","23/18842",0.0434782608695652,7.186117467582,2.31602108835997,0.130347593729223,1,1,"BCAT2",1
"GO:0042733","embryonic digit morphogenesis","1/114","23/18842",0.0434782608695652,7.186117467582,2.31602108835997,0.130347593729223,1,1,"IHH",1
"GO:0043043","peptide biosynthetic process","1/114","23/18842",0.0434782608695652,7.186117467582,2.31602108835997,0.130347593729223,1,1,"GGT6",1
"GO:0046033","AMP metabolic process","1/114","23/18842",0.0434782608695652,7.186117467582,2.31602108835997,0.130347593729223,1,1,"AK1",1
"GO:0055022","negative regulation of cardiac muscle tissue growth","1/114","23/18842",0.0434782608695652,7.186117467582,2.31602108835997,0.130347593729223,1,1,"MIR200B",1
"GO:0061042","vascular wound healing","1/114","23/18842",0.0434782608695652,7.186117467582,2.31602108835997,0.130347593729223,1,1,"MIR200B",1
"GO:0061117","negative regulation of heart growth","1/114","23/18842",0.0434782608695652,7.186117467582,2.31602108835997,0.130347593729223,1,1,"MIR200B",1
"GO:0110096","cellular response to aldehyde","1/114","23/18842",0.0434782608695652,7.186117467582,2.31602108835997,0.130347593729223,1,1,"SCNN1A",1
"GO:1901380","negative regulation of potassium ion transmembrane transport","1/114","23/18842",0.0434782608695652,7.186117467582,2.31602108835997,0.130347593729223,1,1,"NEDD4L",1
"GO:1901623","regulation of lymphocyte chemotaxis","1/114","23/18842",0.0434782608695652,7.186117467582,2.31602108835997,0.130347593729223,1,1,"PADI2",1
"GO:2000773","negative regulation of cellular senescence","1/114","23/18842",0.0434782608695652,7.186117467582,2.31602108835997,0.130347593729223,1,1,"SIRT6",1
"GO:0009135","purine nucleoside diphosphate metabolic process","2/114","104/18842",0.0192307692307692,3.17847503373819,1.73806630237269,0.130886659303649,1,1,"SIRT6/AK1",2
"GO:0009179","purine ribonucleoside diphosphate metabolic process","2/114","104/18842",0.0192307692307692,3.17847503373819,1.73806630237269,0.130886659303649,1,1,"SIRT6/AK1",2
"GO:0030278","regulation of ossification","2/114","104/18842",0.0192307692307692,3.17847503373819,1.73806630237269,0.130886659303649,1,1,"RFLNA/VDR",2
"GO:0030510","regulation of BMP signaling pathway","2/114","104/18842",0.0192307692307692,3.17847503373819,1.73806630237269,0.130886659303649,1,1,"CRB2/HES5",2
"GO:0090277","positive regulation of peptide hormone secretion","2/114","105/18842",0.019047619047619,3.14820384294068,1.72218106682735,0.132925299602404,1,1,"SIRT6/ILDR1",2
"GO:0071375","cellular response to peptide hormone stimulus","4/114","325/18842",0.0123076923076923,2.03422402159244,1.46733638963394,0.134683920432205,1,1,"EDN1/KLF4/SCNN1A/HNF4A",4
"GO:0001933","negative regulation of protein phosphorylation","2/114","106/18842",0.0188679245283019,3.11850380668653,1.70648487191832,0.134971239112388,1,1,"DMTN/GPRC5A",2
"GO:0002793","positive regulation of peptide secretion","2/114","106/18842",0.0188679245283019,3.11850380668653,1.70648487191832,0.134971239112388,1,1,"SIRT6/ILDR1",2
"GO:0034308","primary alcohol metabolic process","2/114","106/18842",0.0188679245283019,3.11850380668653,1.70648487191832,0.134971239112388,1,1,"CLCN2/HSD11B2",2
"GO:0001556","oocyte maturation","1/114","24/18842",0.0416666666666667,6.88669590643275,2.2513820053431,0.135615693751269,1,1,"EDN1",1
"GO:0008211","glucocorticoid metabolic process","1/114","24/18842",0.0416666666666667,6.88669590643275,2.2513820053431,0.135615693751269,1,1,"HSD11B2",1
"GO:0010460","positive regulation of heart rate","1/114","24/18842",0.0416666666666667,6.88669590643275,2.2513820053431,0.135615693751269,1,1,"EDN1",1
"GO:0030262","apoptotic nuclear changes","1/114","24/18842",0.0416666666666667,6.88669590643275,2.2513820053431,0.135615693751269,1,1,"ERN2",1
"GO:0032785","negative regulation of DNA-templated transcription, elongation","1/114","24/18842",0.0416666666666667,6.88669590643275,2.2513820053431,0.135615693751269,1,1,"SIRT6",1
"GO:0034312","diol biosynthetic process","1/114","24/18842",0.0416666666666667,6.88669590643275,2.2513820053431,0.135615693751269,1,1,"ACER2",1
"GO:0034698","response to gonadotropin","1/114","24/18842",0.0416666666666667,6.88669590643275,2.2513820053431,0.135615693751269,1,1,"EDN1",1
"GO:0035929","steroid hormone secretion","1/114","24/18842",0.0416666666666667,6.88669590643275,2.2513820053431,0.135615693751269,1,1,"WNK4",1
"GO:0036498","IRE1-mediated unfolded protein response","1/114","24/18842",0.0416666666666667,6.88669590643275,2.2513820053431,0.135615693751269,1,1,"ERN2",1
"GO:0045980","negative regulation of nucleotide metabolic process","1/114","24/18842",0.0416666666666667,6.88669590643275,2.2513820053431,0.135615693751269,1,1,"SIRT6",1
"GO:0046823","negative regulation of nucleocytoplasmic transport","1/114","24/18842",0.0416666666666667,6.88669590643275,2.2513820053431,0.135615693751269,1,1,"SIRT6",1
"GO:0090023","positive regulation of neutrophil chemotaxis","1/114","24/18842",0.0416666666666667,6.88669590643275,2.2513820053431,0.135615693751269,1,1,"EDN1",1
"GO:0090314","positive regulation of protein targeting to membrane","1/114","24/18842",0.0416666666666667,6.88669590643275,2.2513820053431,0.135615693751269,1,1,"ERBB2",1
"GO:1900543","negative regulation of purine nucleotide metabolic process","1/114","24/18842",0.0416666666666667,6.88669590643275,2.2513820053431,0.135615693751269,1,1,"SIRT6",1
"GO:1902644","tertiary alcohol metabolic process","1/114","24/18842",0.0416666666666667,6.88669590643275,2.2513820053431,0.135615693751269,1,1,"HSD11B2",1
"GO:1903859","regulation of dendrite extension","1/114","24/18842",0.0416666666666667,6.88669590643275,2.2513820053431,0.135615693751269,1,1,"NEDD4L",1
"GO:1905564","positive regulation of vascular endothelial cell proliferation","1/114","24/18842",0.0416666666666667,6.88669590643275,2.2513820053431,0.135615693751269,1,1,"SIRT6",1
"GO:0046394","carboxylic acid biosynthetic process","4/114","327/18842",0.0122324159021407,2.02178228445732,1.45421656339267,0.136838325119541,1,1,"GGT6/BCAT2/EDN1/MGLL",4
"GO:0043500","muscle adaptation","2/114","107/18842",0.0186915887850467,3.08935891129693,1.69097345466598,0.137024317071803,1,1,"EDN1/KLF4",2
"GO:0009755","hormone-mediated signaling pathway","3/114","212/18842",0.0141509433962264,2.3388778550149,1.52954113596472,0.137476928607982,1,1,"FOXA1/PADI2/VDR",3
"GO:0062012","regulation of small molecule metabolic process","4/114","328/18842",0.0121951219512195,2.01561831407788,1.44769147148547,0.137920818408999,1,1,"EDN1/SIRT6/HNF4A/CLCN2",4
"GO:0032204","regulation of telomere maintenance","2/114","108/18842",0.0185185185185185,3.06075373619233,1.67564268825131,0.139084374365279,1,1,"KLF4/SIRT6",2
"GO:0003338","metanephros morphogenesis","1/114","25/18842",0.04,6.61122807017544,2.19033948945468,0.140852159417777,1,1,"HES5",1
"GO:0009081","branched-chain amino acid metabolic process","1/114","25/18842",0.04,6.61122807017544,2.19033948945468,0.140852159417777,1,1,"BCAT2",1
"GO:0016540","protein autoprocessing","1/114","25/18842",0.04,6.61122807017544,2.19033948945468,0.140852159417777,1,1,"IHH",1
"GO:0030277","maintenance of gastrointestinal epithelium","1/114","25/18842",0.04,6.61122807017544,2.19033948945468,0.140852159417777,1,1,"INAVA",1
"GO:0031340","positive regulation of vesicle fusion","1/114","25/18842",0.04,6.61122807017544,2.19033948945468,0.140852159417777,1,1,"SYT7",1
"GO:0048663","neuron fate commitment","1/114","25/18842",0.04,6.61122807017544,2.19033948945468,0.140852159417777,1,1,"ESRP1",1
"GO:0060037","pharyngeal system development","1/114","25/18842",0.04,6.61122807017544,2.19033948945468,0.140852159417777,1,1,"EDN1",1
"GO:0042552","myelination","2/114","109/18842",0.018348623853211,3.03267342668598,1.66048857643482,0.141151253510131,1,1,"ERBB3/HES5",2
"GO:0016053","organic acid biosynthetic process","4/114","331/18842",0.0120845921450151,1.99734987014364,1.42825348374903,0.141189227613038,1,1,"GGT6/BCAT2/EDN1/MGLL",4
"GO:0022411","cellular component disassembly","5/114","455/18842",0.010989010989011,1.8162714478504,1.37512939616528,0.142128764024282,1,1,"DMTN/MMP15/ERN2/DDR1/PAK4",5
"GO:0010959","regulation of metal ion transport","4/114","332/18842",0.0120481927710843,1.99133375607694,1.42181937247159,0.142285608232874,1,1,"NEDD4L/PRSS8/WNK2/WNK4",4
"GO:0015849","organic acid transport","4/114","332/18842",0.0120481927710843,1.99133375607694,1.42181937247159,0.142285608232874,1,1,"EDN1/SLC44A4/SLC6A7/SLC6A9",4
"GO:0046942","carboxylic acid transport","4/114","332/18842",0.0120481927710843,1.99133375607694,1.42181937247159,0.142285608232874,1,1,"EDN1/SLC44A4/SLC6A7/SLC6A9",4
"GO:0007596","blood coagulation","3/114","216/18842",0.0138888888888889,2.29556530214425,1.49411864249653,0.143046216767169,1,1,"EDN1/HNF4A/PRRG2",3
"GO:0046777","protein autophosphorylation","2/114","110/18842",0.0181818181818182,3.00510366826156,1.64550724825357,0.143224798642723,1,1,"WNK2/DDR1",2
"GO:0060761","negative regulation of response to cytokine stimulus","2/114","110/18842",0.0181818181818182,3.00510366826156,1.64550724825357,0.143224798642723,1,1,"KLF4/PADI2",2
"GO:0031589","cell-substrate adhesion","4/114","333/18842",0.012012012012012,1.98535377482746,1.41540760202228,0.143385411334533,1,1,"DMTN/JUP/DDR1/ACER2",4
"GO:0007272","ensheathment of neurons","2/114","111/18842",0.018018018018018,2.97803066224119,1.63069495297988,0.145304855504931,1,1,"ERBB3/HES5",2
"GO:0008366","axon ensheathment","2/114","111/18842",0.018018018018018,2.97803066224119,1.63069495297988,0.145304855504931,1,1,"ERBB3/HES5",2
"GO:0009063","amino acid catabolic process","2/114","111/18842",0.018018018018018,2.97803066224119,1.63069495297988,0.145304855504931,1,1,"BCAT2/GPT",2
"GO:0006921","cellular component disassembly involved in execution phase of apoptosis","1/114","26/18842",0.0384615384615385,6.35695006747638,2.13255047985332,0.146057179018477,1,1,"ERN2",1
"GO:0045723","positive regulation of fatty acid biosynthetic process","1/114","26/18842",0.0384615384615385,6.35695006747638,2.13255047985332,0.146057179018477,1,1,"EDN1",1
"GO:0045987","positive regulation of smooth muscle contraction","1/114","26/18842",0.0384615384615385,6.35695006747638,2.13255047985332,0.146057179018477,1,1,"EDN1",1
"GO:0046514","ceramide catabolic process","1/114","26/18842",0.0384615384615385,6.35695006747638,2.13255047985332,0.146057179018477,1,1,"ACER2",1
"GO:0046639","negative regulation of alpha-beta T cell differentiation","1/114","26/18842",0.0384615384615385,6.35695006747638,2.13255047985332,0.146057179018477,1,1,"IHH",1
"GO:0060350","endochondral bone morphogenesis","1/114","26/18842",0.0384615384615385,6.35695006747638,2.13255047985332,0.146057179018477,1,1,"FGFR3",1
"GO:0071624","positive regulation of granulocyte chemotaxis","1/114","26/18842",0.0384615384615385,6.35695006747638,2.13255047985332,0.146057179018477,1,1,"EDN1",1
"GO:0097421","liver regeneration","1/114","26/18842",0.0384615384615385,6.35695006747638,2.13255047985332,0.146057179018477,1,1,"IHH",1
"GO:0140861","DNA repair-dependent chromatin remodeling","1/114","26/18842",0.0384615384615385,6.35695006747638,2.13255047985332,0.146057179018477,1,1,"SIRT6",1
"GO:1903421","regulation of synaptic vesicle recycling","1/114","26/18842",0.0384615384615385,6.35695006747638,2.13255047985332,0.146057179018477,1,1,"SYT7",1
"GO:2000191","regulation of fatty acid transport","1/114","26/18842",0.0384615384615385,6.35695006747638,2.13255047985332,0.146057179018477,1,1,"EDN1",1
"GO:0001934","positive regulation of protein phosphorylation","3/114","219/18842",0.0136986301369863,2.26411920211488,1.46806053606293,0.147272283634006,1,1,"FGFR3/PROM2/ERBB2",3
"GO:0050817","coagulation","3/114","220/18842",0.0136363636363636,2.25382775119617,1.45946860528734,0.148690081944887,1,1,"EDN1/HNF4A/PRRG2",3
"GO:0006066","alcohol metabolic process","4/114","339/18842",0.0117994100294985,1.95021476996326,1.37739737671523,0.150054983999584,1,1,"SGPP2/CLCN2/HSD11B2/ACER2",4
"GO:0003298","physiological muscle hypertrophy","1/114","27/18842",0.037037037037037,6.12150747238466,2.07771646581019,0.151230939732332,1,1,"EDN1",1
"GO:0003301","physiological cardiac muscle hypertrophy","1/114","27/18842",0.037037037037037,6.12150747238466,2.07771646581019,0.151230939732332,1,1,"EDN1",1
"GO:0042983","amyloid precursor protein biosynthetic process","1/114","27/18842",0.037037037037037,6.12150747238466,2.07771646581019,0.151230939732332,1,1,"ITM2C",1
"GO:0042984","regulation of amyloid precursor protein biosynthetic process","1/114","27/18842",0.037037037037037,6.12150747238466,2.07771646581019,0.151230939732332,1,1,"ITM2C",1
"GO:0050995","negative regulation of lipid catabolic process","1/114","27/18842",0.037037037037037,6.12150747238466,2.07771646581019,0.151230939732332,1,1,"PAK4",1
"GO:0060055","angiogenesis involved in wound healing","1/114","27/18842",0.037037037037037,6.12150747238466,2.07771646581019,0.151230939732332,1,1,"MIR200B",1
"GO:0061049","cell growth involved in cardiac muscle cell development","1/114","27/18842",0.037037037037037,6.12150747238466,2.07771646581019,0.151230939732332,1,1,"EDN1",1
"GO:0071295","cellular response to vitamin","1/114","27/18842",0.037037037037037,6.12150747238466,2.07771646581019,0.151230939732332,1,1,"VDR",1
"GO:0090128","regulation of synapse maturation","1/114","27/18842",0.037037037037037,6.12150747238466,2.07771646581019,0.151230939732332,1,1,"IGSF9",1
"GO:0090382","phagosome maturation","1/114","27/18842",0.037037037037037,6.12150747238466,2.07771646581019,0.151230939732332,1,1,"SYT7",1
"GO:0007599","hemostasis","3/114","222/18842",0.0135135135135135,2.23352299668089,1.44242286960076,0.151539069226827,1,1,"EDN1/HNF4A/PRRG2",3
"GO:0033559","unsaturated fatty acid metabolic process","2/114","114/18842",0.0175438596491228,2.89966143428747,1.58723646178073,0.151582577689322,1,1,"EDN1/MGLL",2
"GO:1903076","regulation of protein localization to plasma membrane","2/114","114/18842",0.0175438596491228,2.89966143428747,1.58723646178073,0.151582577689322,1,1,"SIRT6/WNK4",2
"GO:1904950","negative regulation of establishment of protein localization","2/114","114/18842",0.0175438596491228,2.89966143428747,1.58723646178073,0.151582577689322,1,1,"DMTN/SIRT6",2
"GO:0042752","regulation of circadian rhythm","2/114","115/18842",0.0173913043478261,2.8744469870328,1.57306503253975,0.153687170530977,1,1,"SIRT6/HNF4A",2
"GO:1904064","positive regulation of cation transmembrane transport","2/114","115/18842",0.0173913043478261,2.8744469870328,1.57306503253975,0.153687170530977,1,1,"EDN1/WNK2",2
"GO:0070663","regulation of leukocyte proliferation","3/114","224/18842",0.0133928571428571,2.21358082706767,1.42555803685279,0.154405607259516,1,1,"LGALS9C/IHH/LGALS9B",3
"GO:0030833","regulation of actin filament polymerization","2/114","116/18842",0.0172413793103448,2.84966727162734,1.55904552614511,0.155797527427696,1,1,"DMTN/KANK4",2
"GO:0001822","kidney development","3/114","225/18842",0.0133333333333333,2.20374269005848,1.4171922627168,0.155845344112256,1,1,"EDN1/HES5/WNK4",3
"GO:0010721","negative regulation of cell development","3/114","225/18842",0.0133333333333333,2.20374269005848,1.4171922627168,0.155845344112256,1,1,"RFLNA/IHH/HES5",3
"GO:0051402","neuron apoptotic process","3/114","225/18842",0.0133333333333333,2.20374269005848,1.4171922627168,0.155845344112256,1,1,"ERBB3/UNC5B/TOX3",3
"GO:0001778","plasma membrane repair","1/114","28/18842",0.0357142857142857,5.90288220551378,2.02557629151045,0.156373627634034,1,1,"SYT7",1
"GO:0006476","protein deacetylation","1/114","28/18842",0.0357142857142857,5.90288220551378,2.02557629151045,0.156373627634034,1,1,"SIRT6",1
"GO:0006883","intracellular sodium ion homeostasis","1/114","28/18842",0.0357142857142857,5.90288220551378,2.02557629151045,0.156373627634034,1,1,"SCNN1A",1
"GO:0007595","lactation","1/114","28/18842",0.0357142857142857,5.90288220551378,2.02557629151045,0.156373627634034,1,1,"DDR1",1
"GO:0010447","response to acidic pH","1/114","28/18842",0.0357142857142857,5.90288220551378,2.02557629151045,0.156373627634034,1,1,"SCNN1A",1
"GO:0035872","nucleotide-binding domain, leucine rich repeat containing receptor signaling pathway","1/114","28/18842",0.0357142857142857,5.90288220551378,2.02557629151045,0.156373627634034,1,1,"INAVA",1
"GO:0043406","positive regulation of MAP kinase activity","1/114","28/18842",0.0357142857142857,5.90288220551378,2.02557629151045,0.156373627634034,1,1,"ERBB2",1
"GO:0046621","negative regulation of organ growth","1/114","28/18842",0.0357142857142857,5.90288220551378,2.02557629151045,0.156373627634034,1,1,"MIR200B",1
"GO:0070168","negative regulation of biomineral tissue development","1/114","28/18842",0.0357142857142857,5.90288220551378,2.02557629151045,0.156373627634034,1,1,"RFLNA",1
"GO:0072012","glomerulus vasculature development","1/114","28/18842",0.0357142857142857,5.90288220551378,2.02557629151045,0.156373627634034,1,1,"EDN1",1
"GO:0006813","potassium ion transport","3/114","226/18842",0.0132743362831858,2.19399161620866,1.40887029318307,0.157289332283125,1,1,"NEDD4L/SLC9A2/WNK4",3
"GO:0009185","ribonucleoside diphosphate metabolic process","2/114","117/18842",0.0170940170940171,2.82531114110061,1.54517482028166,0.15791350347586,1,1,"SIRT6/AK1",2
"GO:0032609","type II interferon production","2/114","117/18842",0.0170940170940171,2.82531114110061,1.54517482028166,0.15791350347586,1,1,"LGALS9C/LGALS9B",2
"GO:0032649","regulation of type II interferon production","2/114","117/18842",0.0170940170940171,2.82531114110061,1.54517482028166,0.15791350347586,1,1,"LGALS9C/LGALS9B",2
"GO:0070252","actin-mediated cell contraction","2/114","117/18842",0.0170940170940171,2.82531114110061,1.54517482028166,0.15791350347586,1,1,"NEDD4L/JUP",2
"GO:0031401","positive regulation of protein modification process","4/114","346/18842",0.0115606936416185,1.91075955785417,1.33401765946064,0.157985162722586,1,1,"FGFR3/PROM2/INAVA/ERBB2",4
"GO:0022407","regulation of cell-cell adhesion","5/114","472/18842",0.0105932203389831,1.75085489146595,1.28893535269803,0.158205499827324,1,1,"LGALS9C/KLF4/FOXA1/IHH/LGALS9B",5
"GO:0046651","lymphocyte proliferation","3/114","227/18842",0.013215859030837,2.18432645490378,1.4005916694009,0.158737526388674,1,1,"LGALS9C/IHH/LGALS9B",3
"GO:0002688","regulation of leukocyte chemotaxis","2/114","118/18842",0.0169491525423729,2.80136782634552,1.53144988375357,0.160034955285437,1,1,"EDN1/PADI2",2
"GO:0006664","glycolipid metabolic process","2/114","118/18842",0.0169491525423729,2.80136782634552,1.53144988375357,0.160034955285437,1,1,"PIGZ/PGAP3",2
"GO:1990778","protein localization to cell periphery","4/114","348/18842",0.0114942528735632,1.8997781810849,1.32180793018727,0.160279483009103,1,1,"SIRT6/JUP/ERBB2/WNK4",4
"GO:0006783","heme biosynthetic process","1/114","29/18842",0.0344827586206897,5.69933454325469,1.97590033398848,0.161485427700458,1,1,"SLC6A9",1
"GO:0010561","negative regulation of glycoprotein biosynthetic process","1/114","29/18842",0.0344827586206897,5.69933454325469,1.97590033398848,0.161485427700458,1,1,"ITM2C",1
"GO:0031629","synaptic vesicle fusion to presynaptic active zone membrane","1/114","29/18842",0.0344827586206897,5.69933454325469,1.97590033398848,0.161485427700458,1,1,"SYT7",1
"GO:0045687","positive regulation of glial cell differentiation","1/114","29/18842",0.0344827586206897,5.69933454325469,1.97590033398848,0.161485427700458,1,1,"CLCN2",1
"GO:0060396","growth hormone receptor signaling pathway","1/114","29/18842",0.0344827586206897,5.69933454325469,1.97590033398848,0.161485427700458,1,1,"HNF4A",1
"GO:0071467","cellular response to pH","1/114","29/18842",0.0344827586206897,5.69933454325469,1.97590033398848,0.161485427700458,1,1,"SCNN1A",1
"GO:0099500","vesicle fusion to plasma membrane","1/114","29/18842",0.0344827586206897,5.69933454325469,1.97590033398848,0.161485427700458,1,1,"SYT7",1
"GO:1903671","negative regulation of sprouting angiogenesis","1/114","29/18842",0.0344827586206897,5.69933454325469,1.97590033398848,0.161485427700458,1,1,"E2F2",1
"GO:0010717","regulation of epithelial to mesenchymal transition","2/114","119/18842",0.0168067226890756,2.77782692024178,1.51786777306709,0.162161740967246,1,1,"CRB2/FOXA1",2
"GO:0034767","positive regulation of monoatomic ion transmembrane transport","2/114","119/18842",0.0168067226890756,2.77782692024178,1.51786777306709,0.162161740967246,1,1,"EDN1/WNK2",2
"GO:0042326","negative regulation of phosphorylation","2/114","119/18842",0.0168067226890756,2.77782692024178,1.51786777306709,0.162161740967246,1,1,"DMTN/GPRC5A",2
"GO:1903509","liposaccharide metabolic process","2/114","119/18842",0.0168067226890756,2.77782692024178,1.51786777306709,0.162161740967246,1,1,"PIGZ/PGAP3",2
"GO:0032943","mononuclear cell proliferation","3/114","230/18842",0.0130434782608696,2.1558352402746,1.37601138658123,0.16310689110997,1,1,"LGALS9C/IHH/LGALS9B",3
"GO:0072001","renal system development","3/114","231/18842",0.012987012987013,2.14650262018683,1.36790169307628,0.164571455983128,1,1,"EDN1/HES5/WNK4",3
"GO:0045664","regulation of neuron differentiation","2/114","121/18842",0.0165289256198347,2.73191242569233,1.49112067433281,0.166430753819316,1,1,"ESRP1/HES5",2
"GO:0010715","regulation of extracellular matrix disassembly","1/114","30/18842",0.0333333333333333,5.5093567251462,1.9284857546466,0.166566523817088,1,1,"DDR1",1
"GO:0017121","plasma membrane phospholipid scrambling","1/114","30/18842",0.0333333333333333,5.5093567251462,1.9284857546466,0.166566523817088,1,1,"SERINC2",1
"GO:0032801","receptor catabolic process","1/114","30/18842",0.0333333333333333,5.5093567251462,1.9284857546466,0.166566523817088,1,1,"NEDD4L",1
"GO:0033135","regulation of peptidyl-serine phosphorylation","1/114","30/18842",0.0333333333333333,5.5093567251462,1.9284857546466,0.166566523817088,1,1,"DMTN",1
"GO:0035025","positive regulation of Rho protein signal transduction","1/114","30/18842",0.0333333333333333,5.5093567251462,1.9284857546466,0.166566523817088,1,1,"ERBB2",1
"GO:0043267","negative regulation of potassium ion transport","1/114","30/18842",0.0333333333333333,5.5093567251462,1.9284857546466,0.166566523817088,1,1,"NEDD4L",1
"GO:0045777","positive regulation of blood pressure","1/114","30/18842",0.0333333333333333,5.5093567251462,1.9284857546466,0.166566523817088,1,1,"HSD11B2",1
"GO:0046825","regulation of protein export from nucleus","1/114","30/18842",0.0333333333333333,5.5093567251462,1.9284857546466,0.166566523817088,1,1,"SIRT6",1
"GO:0055023","positive regulation of cardiac muscle tissue growth","1/114","30/18842",0.0333333333333333,5.5093567251462,1.9284857546466,0.166566523817088,1,1,"EDN1",1
"GO:0061437","renal system vasculature development","1/114","30/18842",0.0333333333333333,5.5093567251462,1.9284857546466,0.166566523817088,1,1,"EDN1",1
"GO:0061440","kidney vasculature development","1/114","30/18842",0.0333333333333333,5.5093567251462,1.9284857546466,0.166566523817088,1,1,"EDN1",1
"GO:0071378","cellular response to growth hormone stimulus","1/114","30/18842",0.0333333333333333,5.5093567251462,1.9284857546466,0.166566523817088,1,1,"HNF4A",1
"GO:0090317","negative regulation of intracellular protein transport","1/114","30/18842",0.0333333333333333,5.5093567251462,1.9284857546466,0.166566523817088,1,1,"SIRT6",1
"GO:2000648","positive regulation of stem cell proliferation","1/114","30/18842",0.0333333333333333,5.5093567251462,1.9284857546466,0.166566523817088,1,1,"SIRT6",1
"GO:0009132","nucleoside diphosphate metabolic process","2/114","122/18842",0.0163934426229508,2.70951970089157,1.47795020918461,0.168572704602163,1,1,"SIRT6/AK1",2
"GO:0051384","response to glucocorticoid","2/114","122/18842",0.0163934426229508,2.70951970089157,1.47795020918461,0.168572704602163,1,1,"EDN1/HSD11B2",2
"GO:0001516","prostaglandin biosynthetic process","1/114","31/18842",0.032258064516129,5.33163554046406,1.88315259779542,0.171617098784388,1,1,"EDN1",1
"GO:0001754","eye photoreceptor cell differentiation","1/114","31/18842",0.032258064516129,5.33163554046406,1.88315259779542,0.171617098784388,1,1,"CRB2",1
"GO:0032570","response to progesterone","1/114","31/18842",0.032258064516129,5.33163554046406,1.88315259779542,0.171617098784388,1,1,"CLDN4",1
"GO:0032682","negative regulation of chemokine production","1/114","31/18842",0.032258064516129,5.33163554046406,1.88315259779542,0.171617098784388,1,1,"KLF4",1
"GO:0033146","regulation of intracellular estrogen receptor signaling pathway","1/114","31/18842",0.032258064516129,5.33163554046406,1.88315259779542,0.171617098784388,1,1,"FOXA1",1
"GO:0034694","response to prostaglandin","1/114","31/18842",0.032258064516129,5.33163554046406,1.88315259779542,0.171617098784388,1,1,"EDN1",1
"GO:0042531","positive regulation of tyrosine phosphorylation of STAT protein","1/114","31/18842",0.032258064516129,5.33163554046406,1.88315259779542,0.171617098784388,1,1,"FGFR3",1
"GO:0071499","cellular response to laminar fluid shear stress","1/114","31/18842",0.032258064516129,5.33163554046406,1.88315259779542,0.171617098784388,1,1,"KLF4",1
"GO:0098901","regulation of cardiac muscle cell action potential","1/114","31/18842",0.032258064516129,5.33163554046406,1.88315259779542,0.171617098784388,1,1,"JUP",1
"GO:0120255","olefinic compound biosynthetic process","1/114","31/18842",0.032258064516129,5.33163554046406,1.88315259779542,0.171617098784388,1,1,"CLCN2",1
"GO:1902624","positive regulation of neutrophil migration","1/114","31/18842",0.032258064516129,5.33163554046406,1.88315259779542,0.171617098784388,1,1,"EDN1",1
"GO:1903077","negative regulation of protein localization to plasma membrane","1/114","31/18842",0.032258064516129,5.33163554046406,1.88315259779542,0.171617098784388,1,1,"WNK4",1
"GO:1903672","positive regulation of sprouting angiogenesis","1/114","31/18842",0.032258064516129,5.33163554046406,1.88315259779542,0.171617098784388,1,1,"KLF4",1
"GO:0060047","heart contraction","3/114","236/18842",0.0127118644067797,2.10102586975914,1.32796221045441,0.171953074794787,1,1,"NEDD4L/EDN1/JUP",3
"GO:1903037","regulation of leukocyte cell-cell adhesion","4/114","359/18842",0.011142061281337,1.84156770756976,1.2560552847974,0.173115197758615,1,1,"LGALS9C/KLF4/IHH/LGALS9B",4
"GO:0034599","cellular response to oxidative stress","3/114","238/18842",0.0126050420168067,2.08337019018134,1.3122630327609,0.174932320619095,1,1,"GPR37L1/EDN1/KLF4",3
"GO:0003158","endothelium development","2/114","125/18842",0.016,2.64449122807018,1.43921987461088,0.175026706522102,1,1,"EDN1/CLDN3",2
"GO:0006612","protein targeting to membrane","2/114","125/18842",0.016,2.64449122807018,1.43921987461088,0.175026706522102,1,1,"DMTN/ERBB2",2
"GO:0034329","cell junction assembly","5/114","490/18842",0.0102040816326531,1.68653777300394,1.2013774523135,0.176006186407367,1,1,"DMTN/ILDR1/CLDN3/JUP/LSR",5
"GO:0006779","porphyrin-containing compound biosynthetic process","1/114","32/18842",0.03125,5.16502192982456,1.8397405631141,0.176637334324156,1,1,"SLC6A9",1
"GO:0014003","oligodendrocyte development","1/114","32/18842",0.03125,5.16502192982456,1.8397405631141,0.176637334324156,1,1,"HES5",1
"GO:0018107","peptidyl-threonine phosphorylation","1/114","32/18842",0.03125,5.16502192982456,1.8397405631141,0.176637334324156,1,1,"DMTN",1
"GO:0018210","peptidyl-threonine modification","1/114","32/18842",0.03125,5.16502192982456,1.8397405631141,0.176637334324156,1,1,"DMTN",1
"GO:0032107","regulation of response to nutrient levels","1/114","32/18842",0.03125,5.16502192982456,1.8397405631141,0.176637334324156,1,1,"VDR",1
"GO:0032872","regulation of stress-activated MAPK cascade","1/114","32/18842",0.03125,5.16502192982456,1.8397405631141,0.176637334324156,1,1,"INAVA",1
"GO:0033014","tetrapyrrole biosynthetic process","1/114","32/18842",0.03125,5.16502192982456,1.8397405631141,0.176637334324156,1,1,"SLC6A9",1
"GO:0042461","photoreceptor cell development","1/114","32/18842",0.03125,5.16502192982456,1.8397405631141,0.176637334324156,1,1,"CRB2",1
"GO:0045197","establishment or maintenance of epithelial cell apical/basal polarity","1/114","32/18842",0.03125,5.16502192982456,1.8397405631141,0.176637334324156,1,1,"CRB2",1
"GO:0048384","retinoic acid receptor signaling pathway","1/114","32/18842",0.03125,5.16502192982456,1.8397405631141,0.176637334324156,1,1,"VDR",1
"GO:0071548","response to dexamethasone","1/114","32/18842",0.03125,5.16502192982456,1.8397405631141,0.176637334324156,1,1,"EDN1",1
"GO:0086010","membrane depolarization during action potential","1/114","32/18842",0.03125,5.16502192982456,1.8397405631141,0.176637334324156,1,1,"CLCN2",1
"GO:0090022","regulation of neutrophil chemotaxis","1/114","32/18842",0.03125,5.16502192982456,1.8397405631141,0.176637334324156,1,1,"EDN1",1
"GO:0150117","positive regulation of cell-substrate junction organization","1/114","32/18842",0.03125,5.16502192982456,1.8397405631141,0.176637334324156,1,1,"PAK4",1
"GO:1900181","negative regulation of protein localization to nucleus","1/114","32/18842",0.03125,5.16502192982456,1.8397405631141,0.176637334324156,1,1,"SIRT6",1
"GO:1903019","negative regulation of glycoprotein metabolic process","1/114","32/18842",0.03125,5.16502192982456,1.8397405631141,0.176637334324156,1,1,"ITM2C",1
"GO:1905207","regulation of cardiocyte differentiation","1/114","32/18842",0.03125,5.16502192982456,1.8397405631141,0.176637334324156,1,1,"MIR200B",1
"GO:0042327","positive regulation of phosphorylation","3/114","240/18842",0.0125,2.06600877192982,1.29671722351267,0.177926228070906,1,1,"FGFR3/PROM2/ERBB2",3
"GO:0006638","neutral lipid metabolic process","2/114","127/18842",0.015748031496063,2.60284569691946,1.41402588759475,0.179351504476341,1,1,"MGLL/PAK4",2
"GO:0006639","acylglycerol metabolic process","2/114","127/18842",0.015748031496063,2.60284569691946,1.41402588759475,0.179351504476341,1,1,"MGLL/PAK4",2
"GO:0035710","CD4-positive, alpha-beta T cell activation","2/114","127/18842",0.015748031496063,2.60284569691946,1.41402588759475,0.179351504476341,1,1,"LGALS9C/LGALS9B",2
"GO:0060348","bone development","2/114","127/18842",0.015748031496063,2.60284569691946,1.41402588759475,0.179351504476341,1,1,"RFLNA/FGFR3",2
"GO:0044093","positive regulation of molecular function","4/114","366/18842",0.0109289617486339,1.80634646726105,1.21539362371677,0.181465699047469,1,1,"FGFR3/EDN1/WNK2/ERBB2",4
"GO:0014014","negative regulation of gliogenesis","1/114","33/18842",0.0303030303030303,5.00850611376927,1.79810631852412,0.181627411085828,1,1,"HES5",1
"GO:0031338","regulation of vesicle fusion","1/114","33/18842",0.0303030303030303,5.00850611376927,1.79810631852412,0.181627411085828,1,1,"SYT7",1
"GO:0042059","negative regulation of epidermal growth factor receptor signaling pathway","1/114","33/18842",0.0303030303030303,5.00850611376927,1.79810631852412,0.181627411085828,1,1,"GPRC5A",1
"GO:0046457","prostanoid biosynthetic process","1/114","33/18842",0.0303030303030303,5.00850611376927,1.79810631852412,0.181627411085828,1,1,"EDN1",1
"GO:0051346","negative regulation of hydrolase activity","1/114","33/18842",0.0303030303030303,5.00850611376927,1.79810631852412,0.181627411085828,1,1,"CRB2",1
"GO:0070302","regulation of stress-activated protein kinase signaling cascade","1/114","33/18842",0.0303030303030303,5.00850611376927,1.79810631852412,0.181627411085828,1,1,"INAVA",1
"GO:0071676","negative regulation of mononuclear cell migration","1/114","33/18842",0.0303030303030303,5.00850611376927,1.79810631852412,0.181627411085828,1,1,"PADI2",1
"GO:0097484","dendrite extension","1/114","33/18842",0.0303030303030303,5.00850611376927,1.79810631852412,0.181627411085828,1,1,"NEDD4L",1
"GO:2000352","negative regulation of endothelial cell apoptotic process","1/114","33/18842",0.0303030303030303,5.00850611376927,1.79810631852412,0.181627411085828,1,1,"PAK4",1
"GO:0003015","heart process","3/114","244/18842",0.0122950819672131,2.03213977566868,1.2660737556165,0.183956602595291,1,1,"NEDD4L/EDN1/JUP",3
"GO:0050708","regulation of protein secretion","3/114","245/18842",0.0122448979591837,2.02384532760473,1.25850414260184,0.185472804080783,1,1,"SIRT6/SYT7/HNF4A",3
"GO:0006661","phosphatidylinositol biosynthetic process","2/114","130/18842",0.0153846153846154,2.54278002699055,1.37712790847473,0.185869303591455,1,1,"PIGZ/PGAP3",2
"GO:0006691","leukotriene metabolic process","1/114","34/18842",0.0294117647058824,4.86119711042312,1.75812124960105,0.186587508652749,1,1,"GGT6",1
"GO:0010837","regulation of keratinocyte proliferation","1/114","34/18842",0.0294117647058824,4.86119711042312,1.75812124960105,0.186587508652749,1,1,"VDR",1
"GO:0042044","fluid transport","1/114","34/18842",0.0294117647058824,4.86119711042312,1.75812124960105,0.186587508652749,1,1,"EDN1",1
"GO:0045746","negative regulation of Notch signaling pathway","1/114","34/18842",0.0294117647058824,4.86119711042312,1.75812124960105,0.186587508652749,1,1,"NRARP",1
"GO:0045880","positive regulation of smoothened signaling pathway","1/114","34/18842",0.0294117647058824,4.86119711042312,1.75812124960105,0.186587508652749,1,1,"IHH",1
"GO:0048499","synaptic vesicle membrane organization","1/114","34/18842",0.0294117647058824,4.86119711042312,1.75812124960105,0.186587508652749,1,1,"SYT7",1
"GO:0048821","erythrocyte development","1/114","34/18842",0.0294117647058824,4.86119711042312,1.75812124960105,0.186587508652749,1,1,"DMTN",1
"GO:0060421","positive regulation of heart growth","1/114","34/18842",0.0294117647058824,4.86119711042312,1.75812124960105,0.186587508652749,1,1,"EDN1",1
"GO:0071542","dopaminergic neuron differentiation","1/114","34/18842",0.0294117647058824,4.86119711042312,1.75812124960105,0.186587508652749,1,1,"FOXA1",1
"GO:1901532","regulation of hematopoietic progenitor cell differentiation","1/114","34/18842",0.0294117647058824,4.86119711042312,1.75812124960105,0.186587508652749,1,1,"HES5",1
"GO:0001818","negative regulation of cytokine production","4/114","371/18842",0.0107816711590297,1.78200217524944,1.18688437325026,0.187512270648933,1,1,"LGALS9C/KLF4/LGALS9B/MIR200B",4
"GO:0008207","C21-steroid hormone metabolic process","1/114","35/18842",0.0285714285714286,4.72230576441103,1.7196695640378,0.19151780554841,1,1,"CLCN2",1
"GO:0032350","regulation of hormone metabolic process","1/114","35/18842",0.0285714285714286,4.72230576441103,1.7196695640378,0.19151780554841,1,1,"CLCN2",1
"GO:0032892","positive regulation of organic acid transport","1/114","35/18842",0.0285714285714286,4.72230576441103,1.7196695640378,0.19151780554841,1,1,"EDN1",1
"GO:0034063","stress granule assembly","1/114","35/18842",0.0285714285714286,4.72230576441103,1.7196695640378,0.19151780554841,1,1,"GRB7",1
"GO:0034616","response to laminar fluid shear stress","1/114","35/18842",0.0285714285714286,4.72230576441103,1.7196695640378,0.19151780554841,1,1,"KLF4",1
"GO:0035601","protein deacylation","1/114","35/18842",0.0285714285714286,4.72230576441103,1.7196695640378,0.19151780554841,1,1,"SIRT6",1
"GO:0042509","regulation of tyrosine phosphorylation of STAT protein","1/114","35/18842",0.0285714285714286,4.72230576441103,1.7196695640378,0.19151780554841,1,1,"FGFR3",1
"GO:0045616","regulation of keratinocyte differentiation","1/114","35/18842",0.0285714285714286,4.72230576441103,1.7196695640378,0.19151780554841,1,1,"VDR",1
"GO:0046471","phosphatidylglycerol metabolic process","1/114","35/18842",0.0285714285714286,4.72230576441103,1.7196695640378,0.19151780554841,1,1,"PLA2G4F",1
"GO:0051154","negative regulation of striated muscle cell differentiation","1/114","35/18842",0.0285714285714286,4.72230576441103,1.7196695640378,0.19151780554841,1,1,"MIR200B",1
"GO:0072210","metanephric nephron development","1/114","35/18842",0.0285714285714286,4.72230576441103,1.7196695640378,0.19151780554841,1,1,"HES5",1
"GO:1905332","positive regulation of morphogenesis of an epithelium","1/114","35/18842",0.0285714285714286,4.72230576441103,1.7196695640378,0.19151780554841,1,1,"SIRT6",1
"GO:0048469","cell maturation","2/114","133/18842",0.0150375939849624,2.48542408653212,1.34124987633272,0.192420804622361,1,1,"EDN1/HES5",2
"GO:0031647","regulation of protein stability","4/114","376/18842",0.0106382978723404,1.75830533781262,1.15880489217382,0.193624076849555,1,1,"NEDD4L/SIRT6/CTSA/PAK4",4
"GO:0008064","regulation of actin polymerization or depolymerization","2/114","134/18842",0.0149253731343284,2.46687614558785,1.32950772401465,0.194611554389483,1,1,"DMTN/KANK4",2
"GO:0033157","regulation of intracellular protein transport","2/114","134/18842",0.0149253731343284,2.46687614558785,1.32950772401465,0.194611554389483,1,1,"SIRT6/JUP",2
"GO:0090257","regulation of muscle system process","3/114","252/18842",0.0119047619047619,1.96762740183793,1.20650029957963,0.196177690072761,1,1,"EDN1/KLF4/JUP",3
"GO:0006023","aminoglycan biosynthetic process","1/114","36/18842",0.0277777777777778,4.5911306042885,1.682646686744,0.196418479242645,1,1,"B3GNT3",1
"GO:0010613","positive regulation of cardiac muscle hypertrophy","1/114","36/18842",0.0277777777777778,4.5911306042885,1.682646686744,0.196418479242645,1,1,"EDN1",1
"GO:0010762","regulation of fibroblast migration","1/114","36/18842",0.0277777777777778,4.5911306042885,1.682646686744,0.196418479242645,1,1,"DMTN",1
"GO:0014075","response to amine","1/114","36/18842",0.0277777777777778,4.5911306042885,1.682646686744,0.196418479242645,1,1,"EDN1",1
"GO:0015721","bile acid and bile salt transport","1/114","36/18842",0.0277777777777778,4.5911306042885,1.682646686744,0.196418479242645,1,1,"SLC44A4",1
"GO:0033280","response to vitamin D","1/114","36/18842",0.0277777777777778,4.5911306042885,1.682646686744,0.196418479242645,1,1,"VDR",1
"GO:0034383","low-density lipoprotein particle clearance","1/114","36/18842",0.0277777777777778,4.5911306042885,1.682646686744,0.196418479242645,1,1,"CES3",1
"GO:0034391","regulation of smooth muscle cell apoptotic process","1/114","36/18842",0.0277777777777778,4.5911306042885,1.682646686744,0.196418479242645,1,1,"EDN1",1
"GO:0035088","establishment or maintenance of apical/basal cell polarity","1/114","36/18842",0.0277777777777778,4.5911306042885,1.682646686744,0.196418479242645,1,1,"CRB2",1
"GO:0042307","positive regulation of protein import into nucleus","1/114","36/18842",0.0277777777777778,4.5911306042885,1.682646686744,0.196418479242645,1,1,"JUP",1
"GO:0045494","photoreceptor cell maintenance","1/114","36/18842",0.0277777777777778,4.5911306042885,1.682646686744,0.196418479242645,1,1,"CRB2",1
"GO:0045665","negative regulation of neuron differentiation","1/114","36/18842",0.0277777777777778,4.5911306042885,1.682646686744,0.196418479242645,1,1,"HES5",1
"GO:0045773","positive regulation of axon extension","1/114","36/18842",0.0277777777777778,4.5911306042885,1.682646686744,0.196418479242645,1,1,"JUP",1
"GO:0045823","positive regulation of heart contraction","1/114","36/18842",0.0277777777777778,4.5911306042885,1.682646686744,0.196418479242645,1,1,"EDN1",1
"GO:0045943","positive regulation of transcription by RNA polymerase I","1/114","36/18842",0.0277777777777778,4.5911306042885,1.682646686744,0.196418479242645,1,1,"ERBB2",1
"GO:0046622","positive regulation of organ growth","1/114","36/18842",0.0277777777777778,4.5911306042885,1.682646686744,0.196418479242645,1,1,"EDN1",1
"GO:0061245","establishment or maintenance of bipolar cell polarity","1/114","36/18842",0.0277777777777778,4.5911306042885,1.682646686744,0.196418479242645,1,1,"CRB2",1
"GO:1904376","negative regulation of protein localization to cell periphery","1/114","36/18842",0.0277777777777778,4.5911306042885,1.682646686744,0.196418479242645,1,1,"WNK4",1
"GO:0032970","regulation of actin filament-based process","4/114","380/18842",0.0105263157894737,1.73979686057248,1.13664176314046,0.198558680774202,1,1,"DMTN/EDN1/JUP/KANK4",4
"GO:0008361","regulation of cell size","2/114","136/18842",0.0147058823529412,2.43059855521156,1.30633773287034,0.19900270889024,1,1,"EDN1/JUP",2
"GO:0060828","regulation of canonical Wnt signaling pathway","3/114","254/18842",0.0118110236220472,1.9521342726896,1.19194831673876,0.199264320854366,1,1,"NRARP/WNK2/JUP",3
"GO:0097305","response to alcohol","3/114","254/18842",0.0118110236220472,1.9521342726896,1.19194831673876,0.199264320854366,1,1,"CLDN3/SCNN1A/JUP",3
"GO:0010975","regulation of neuron projection development","4/114","381/18842",0.010498687664042,1.73523046461298,1.1311418500628,0.199798423849014,1,1,"NEDD4L/JUP/DDR1/ITM2C",4
"GO:0030832","regulation of actin filament length","2/114","137/18842",0.0145985401459854,2.41285695991804,1.29490623726187,0.201202878445932,1,1,"DMTN/KANK4",2
"GO:0010591","regulation of lamellipodium assembly","1/114","37/18842",0.027027027027027,4.46704599336178,1.64695789429227,0.201289706157796,1,1,"DMTN",1
"GO:0014742","positive regulation of muscle hypertrophy","1/114","37/18842",0.027027027027027,4.46704599336178,1.64695789429227,0.201289706157796,1,1,"EDN1",1
"GO:0017158","regulation of calcium ion-dependent exocytosis","1/114","37/18842",0.027027027027027,4.46704599336178,1.64695789429227,0.201289706157796,1,1,"SYT7",1
"GO:0031641","regulation of myelination","1/114","37/18842",0.027027027027027,4.46704599336178,1.64695789429227,0.201289706157796,1,1,"HES5",1
"GO:0032717","negative regulation of interleukin-8 production","1/114","37/18842",0.027027027027027,4.46704599336178,1.64695789429227,0.201289706157796,1,1,"KLF4",1
"GO:0034143","regulation of toll-like receptor 4 signaling pathway","1/114","37/18842",0.027027027027027,4.46704599336178,1.64695789429227,0.201289706157796,1,1,"MIR200B",1
"GO:0034390","smooth muscle cell apoptotic process","1/114","37/18842",0.027027027027027,4.46704599336178,1.64695789429227,0.201289706157796,1,1,"EDN1",1
"GO:0060043","regulation of cardiac muscle cell proliferation","1/114","37/18842",0.027027027027027,4.46704599336178,1.64695789429227,0.201289706157796,1,1,"MIR200B",1
"GO:0060688","regulation of morphogenesis of a branching structure","1/114","37/18842",0.027027027027027,4.46704599336178,1.64695789429227,0.201289706157796,1,1,"SIRT6",1
"GO:0099633","protein localization to postsynaptic specialization membrane","1/114","37/18842",0.027027027027027,4.46704599336178,1.64695789429227,0.201289706157796,1,1,"ERBB2",1
"GO:0099645","neurotransmitter receptor localization to postsynaptic specialization membrane","1/114","37/18842",0.027027027027027,4.46704599336178,1.64695789429227,0.201289706157796,1,1,"ERBB2",1
"GO:1901185","negative regulation of ERBB signaling pathway","1/114","37/18842",0.027027027027027,4.46704599336178,1.64695789429227,0.201289706157796,1,1,"GPRC5A",1
"GO:1903524","positive regulation of blood circulation","1/114","37/18842",0.027027027027027,4.46704599336178,1.64695789429227,0.201289706157796,1,1,"EDN1",1
"GO:1905476","negative regulation of protein localization to membrane","1/114","37/18842",0.027027027027027,4.46704599336178,1.64695789429227,0.201289706157796,1,1,"WNK4",1
"GO:2000008","regulation of protein localization to cell surface","1/114","37/18842",0.027027027027027,4.46704599336178,1.64695789429227,0.201289706157796,1,1,"NEDD4L",1
"GO:0006119","oxidative phosphorylation","2/114","139/18842",0.0143884892086331,2.37813959358829,1.27234144305734,0.205611823812806,1,1,"COX6B2/COX8A",2
"GO:0016266","protein O-linked glycosylation via N-acetyl-galactosamine","1/114","38/18842",0.0263157894736842,4.34949215143121,1.61251714759616,0.20613166167484,1,1,"B3GNT3",1
"GO:0045745","positive regulation of G protein-coupled receptor signaling pathway","1/114","38/18842",0.0263157894736842,4.34949215143121,1.61251714759616,0.20613166167484,1,1,"EDN1",1
"GO:0046475","glycerophospholipid catabolic process","1/114","38/18842",0.0263157894736842,4.34949215143121,1.61251714759616,0.20613166167484,1,1,"PLA2G4F",1
"GO:0050873","brown fat cell differentiation","1/114","38/18842",0.0263157894736842,4.34949215143121,1.61251714759616,0.20613166167484,1,1,"BCAT2",1
"GO:1901889","negative regulation of cell junction assembly","1/114","38/18842",0.0263157894736842,4.34949215143121,1.61251714759616,0.20613166167484,1,1,"DMTN",1
"GO:0045739","positive regulation of DNA repair","2/114","140/18842",0.0142857142857143,2.36115288220551,1.26120475286638,0.207820372071905,1,1,"SIRT6/EYA2",2
"GO:0010565","regulation of ketone metabolic process","2/114","141/18842",0.0141843971631206,2.34440711708349,1.25016300835234,0.210031487760347,1,1,"EDN1/CLCN2",2
"GO:0001654","eye development","3/114","261/18842",0.0114942528735632,1.8997781810849,1.14203619862234,0.210158585055092,1,1,"CLDN3/CRB2/HES5",3
"GO:0070661","leukocyte proliferation","3/114","261/18842",0.0114942528735632,1.8997781810849,1.14203619862234,0.210158585055092,1,1,"LGALS9C/IHH/LGALS9B",3
"GO:0009948","anterior/posterior axis specification","1/114","39/18842",0.0256410256410256,4.23796671165092,1.57924608964929,0.210944520139479,1,1,"CDX2",1
"GO:0010830","regulation of myotube differentiation","1/114","39/18842",0.0256410256410256,4.23796671165092,1.57924608964929,0.210944520139479,1,1,"MIR200B",1
"GO:0032094","response to food","1/114","39/18842",0.0256410256410256,4.23796671165092,1.57924608964929,0.210944520139479,1,1,"HSD11B2",1
"GO:0032309","icosanoid secretion","1/114","39/18842",0.0256410256410256,4.23796671165092,1.57924608964929,0.210944520139479,1,1,"EDN1",1
"GO:0032330","regulation of chondrocyte differentiation","1/114","39/18842",0.0256410256410256,4.23796671165092,1.57924608964929,0.210944520139479,1,1,"RFLNA",1
"GO:0032733","positive regulation of interleukin-10 production","1/114","39/18842",0.0256410256410256,4.23796671165092,1.57924608964929,0.210944520139479,1,1,"INAVA",1
"GO:0033574","response to testosterone","1/114","39/18842",0.0256410256410256,4.23796671165092,1.57924608964929,0.210944520139479,1,1,"EDN1",1
"GO:0035850","epithelial cell differentiation involved in kidney development","1/114","39/18842",0.0256410256410256,4.23796671165092,1.57924608964929,0.210944520139479,1,1,"EDN1",1
"GO:0044319","wound healing, spreading of cells","1/114","39/18842",0.0256410256410256,4.23796671165092,1.57924608964929,0.210944520139479,1,1,"DDR1",1
"GO:0046839","phospholipid dephosphorylation","1/114","39/18842",0.0256410256410256,4.23796671165092,1.57924608964929,0.210944520139479,1,1,"SGPP2",1
"GO:0048146","positive regulation of fibroblast proliferation","1/114","39/18842",0.0256410256410256,4.23796671165092,1.57924608964929,0.210944520139479,1,1,"SIRT6",1
"GO:0050891","multicellular organismal-level water homeostasis","1/114","39/18842",0.0256410256410256,4.23796671165092,1.57924608964929,0.210944520139479,1,1,"SCNN1A",1
"GO:0060306","regulation of membrane repolarization","1/114","39/18842",0.0256410256410256,4.23796671165092,1.57924608964929,0.210944520139479,1,1,"NEDD4L",1
"GO:0086004","regulation of cardiac muscle cell contraction","1/114","39/18842",0.0256410256410256,4.23796671165092,1.57924608964929,0.210944520139479,1,1,"JUP",1
"GO:0090505","epiboly involved in wound healing","1/114","39/18842",0.0256410256410256,4.23796671165092,1.57924608964929,0.210944520139479,1,1,"DDR1",1
"GO:0006368","transcription elongation by RNA polymerase II","2/114","142/18842",0.0140845070422535,2.32789720780825,1.23921461497456,0.212245060206464,1,1,"SIRT6/TCEA3",2
"GO:0006606","protein import into nucleus","2/114","142/18842",0.0140845070422535,2.32789720780825,1.23921461497456,0.212245060206464,1,1,"SIRT6/JUP",2
"GO:0031333","negative regulation of protein-containing complex assembly","2/114","142/18842",0.0140845070422535,2.32789720780825,1.23921461497456,0.212245060206464,1,1,"DMTN/KANK4",2
"GO:0043086","negative regulation of catalytic activity","2/114","142/18842",0.0140845070422535,2.32789720780825,1.23921461497456,0.212245060206464,1,1,"GPRC5A/CRB2",2
"GO:0030041","actin filament polymerization","2/114","143/18842",0.013986013986014,2.31161820635505,1.22835801643384,0.214460979961171,1,1,"DMTN/KANK4",2
"GO:0032388","positive regulation of intracellular transport","2/114","143/18842",0.013986013986014,2.31161820635505,1.22835801643384,0.214460979961171,1,1,"SIRT6/JUP",2
"GO:0046165","alcohol biosynthetic process","2/114","143/18842",0.013986013986014,2.31161820635505,1.22835801643384,0.214460979961171,1,1,"CLCN2/ACER2",2
"GO:0051147","regulation of muscle cell differentiation","2/114","143/18842",0.013986013986014,2.31161820635505,1.22835801643384,0.214460979961171,1,1,"EDN1/MIR200B",2
"GO:0060048","cardiac muscle contraction","2/114","143/18842",0.013986013986014,2.31161820635505,1.22835801643384,0.214460979961171,1,1,"NEDD4L/JUP",2
"GO:0007260","tyrosine phosphorylation of STAT protein","1/114","40/18842",0.025,4.13201754385965,1.54707318140299,0.215728454868198,1,1,"FGFR3",1
"GO:0010453","regulation of cell fate commitment","1/114","40/18842",0.025,4.13201754385965,1.54707318140299,0.215728454868198,1,1,"ESRP1",1
"GO:0021545","cranial nerve development","1/114","40/18842",0.025,4.13201754385965,1.54707318140299,0.215728454868198,1,1,"ERBB3",1
"GO:0030279","negative regulation of ossification","1/114","40/18842",0.025,4.13201754385965,1.54707318140299,0.215728454868198,1,1,"RFLNA",1
"GO:0032366","intracellular sterol transport","1/114","40/18842",0.025,4.13201754385965,1.54707318140299,0.215728454868198,1,1,"SYT7",1
"GO:0032367","intracellular cholesterol transport","1/114","40/18842",0.025,4.13201754385965,1.54707318140299,0.215728454868198,1,1,"SYT7",1
"GO:0048704","embryonic skeletal system morphogenesis","1/114","40/18842",0.025,4.13201754385965,1.54707318140299,0.215728454868198,1,1,"HOXB9",1
"GO:0060042","retina morphogenesis in camera-type eye","1/114","40/18842",0.025,4.13201754385965,1.54707318140299,0.215728454868198,1,1,"CRB2",1
"GO:0060074","synapse maturation","1/114","40/18842",0.025,4.13201754385965,1.54707318140299,0.215728454868198,1,1,"IGSF9",1
"GO:0071398","cellular response to fatty acid","1/114","40/18842",0.025,4.13201754385965,1.54707318140299,0.215728454868198,1,1,"EDN1",1
"GO:0090504","epiboly","1/114","40/18842",0.025,4.13201754385965,1.54707318140299,0.215728454868198,1,1,"DDR1",1
"GO:0150146","cell junction disassembly","1/114","40/18842",0.025,4.13201754385965,1.54707318140299,0.215728454868198,1,1,"PAK4",1
"GO:1904994","regulation of leukocyte adhesion to vascular endothelial cell","1/114","40/18842",0.025,4.13201754385965,1.54707318140299,0.215728454868198,1,1,"KLF4",1
"GO:0150063","visual system development","3/114","265/18842",0.0113207547169811,1.87110228401192,1.11419960197315,0.216443405833825,1,1,"CLDN3/CRB2/HES5",3
"GO:0006865","amino acid transport","2/114","144/18842",0.0138888888888889,2.29556530214425,1.21759169349014,0.216679138787449,1,1,"SLC6A7/SLC6A9",2
"GO:0051054","positive regulation of DNA metabolic process","3/114","267/18842",0.0112359550561798,1.85708653656613,1.10046083978728,0.21960095336355,1,1,"KLF4/SIRT6/EYA2",3
"GO:0009268","response to pH","1/114","41/18842",0.024390243902439,4.03123662815575,1.51593295380592,0.220483638154286,1,1,"SCNN1A",1
"GO:0030501","positive regulation of bone mineralization","1/114","41/18842",0.024390243902439,4.03123662815575,1.51593295380592,0.220483638154286,1,1,"VDR",1
"GO:0045776","negative regulation of blood pressure","1/114","41/18842",0.024390243902439,4.03123662815575,1.51593295380592,0.220483638154286,1,1,"GPR37L1",1
"GO:0048599","oocyte development","1/114","41/18842",0.024390243902439,4.03123662815575,1.51593295380592,0.220483638154286,1,1,"EDN1",1
"GO:1902622","regulation of neutrophil migration","1/114","41/18842",0.024390243902439,4.03123662815575,1.51593295380592,0.220483638154286,1,1,"EDN1",1
"GO:0007259","cell surface receptor signaling pathway via JAK-STAT","2/114","146/18842",0.0136986301369863,2.26411920211488,1.19632397594627,0.221121746704417,1,1,"FGFR3/HES5",2
"GO:0016311","dephosphorylation","2/114","146/18842",0.0136986301369863,2.26411920211488,1.19632397594627,0.221121746704417,1,1,"SGPP2/DUSP8",2
"GO:0051170","import into nucleus","2/114","146/18842",0.0136986301369863,2.26411920211488,1.19632397594627,0.221121746704417,1,1,"SIRT6/JUP",2
"GO:1904951","positive regulation of establishment of protein localization","3/114","268/18842",0.0111940298507463,1.85015710919089,1.0936354197354,0.221183365248169,1,1,"SIRT6/JUP/ERBB2",3
"GO:0009060","aerobic respiration","3/114","269/18842",0.0111524163568773,1.84327920172178,1.08683896434513,0.222768147219186,1,1,"COX6B2/SIRT6/COX8A",3
"GO:0030216","keratinocyte differentiation","2/114","147/18842",0.0136054421768707,2.24871703067192,1.18581971813402,0.223345985287847,1,1,"KDF1/VDR",2
"GO:1905039","carboxylic acid transmembrane transport","2/114","147/18842",0.0136054421768707,2.24871703067192,1.18581971813402,0.223345985287847,1,1,"SLC6A7/SLC6A9",2
"GO:0051223","regulation of protein transport","4/114","401/18842",0.00997506234413965,1.64868530428315,1.02440741120255,0.22506714517456,1,1,"SIRT6/SYT7/JUP/HNF4A",4
"GO:0001947","heart looping","1/114","42/18842",0.0238095238095238,3.93525480367586,1.48576535796985,0.225210241273822,1,1,"IHH",1
"GO:0008038","neuron recognition","1/114","42/18842",0.0238095238095238,3.93525480367586,1.48576535796985,0.225210241273822,1,1,"IGSF9",1
"GO:0009167","purine ribonucleoside monophosphate metabolic process","1/114","42/18842",0.0238095238095238,3.93525480367586,1.48576535796985,0.225210241273822,1,1,"AK1",1
"GO:0010469","regulation of signaling receptor activity","1/114","42/18842",0.0238095238095238,3.93525480367586,1.48576535796985,0.225210241273822,1,1,"GPRC5A",1
"GO:0045923","positive regulation of fatty acid metabolic process","1/114","42/18842",0.0238095238095238,3.93525480367586,1.48576535796985,0.225210241273822,1,1,"EDN1",1
"GO:0050922","negative regulation of chemotaxis","1/114","42/18842",0.0238095238095238,3.93525480367586,1.48576535796985,0.225210241273822,1,1,"PADI2",1
"GO:0051693","actin filament capping","1/114","42/18842",0.0238095238095238,3.93525480367586,1.48576535796985,0.225210241273822,1,1,"DMTN",1
"GO:0086091","regulation of heart rate by cardiac conduction","1/114","42/18842",0.0238095238095238,3.93525480367586,1.48576535796985,0.225210241273822,1,1,"JUP",1
"GO:0090207","regulation of triglyceride metabolic process","1/114","42/18842",0.0238095238095238,3.93525480367586,1.48576535796985,0.225210241273822,1,1,"PAK4",1
"GO:2001238","positive regulation of extrinsic apoptotic signaling pathway","1/114","42/18842",0.0238095238095238,3.93525480367586,1.48576535796985,0.225210241273822,1,1,"ITM2C",1
"GO:0006520","amino acid metabolic process","3/114","271/18842",0.011070110701107,1.8296756651777,1.07333193885944,0.225944656257672,1,1,"BCAT2/GPT/HNF4A",3
"GO:0051146","striated muscle cell differentiation","3/114","271/18842",0.011070110701107,1.8296756651777,1.07333193885944,0.225944656257672,1,1,"EDN1/SIRT6/MIR200B",3
"GO:0007159","leukocyte cell-cell adhesion","4/114","402/18842",0.00995024875621891,1.64458409705857,1.01922684734661,0.226352607878325,1,1,"LGALS9C/KLF4/IHH/LGALS9B",4
"GO:0048511","rhythmic process","3/114","272/18842",0.0110294117647059,1.82294891640867,1.06662087232078,0.227536301089542,1,1,"SIRT6/HNF4A/CLDN4",3
"GO:0001504","neurotransmitter uptake","1/114","43/18842",0.0232558139534884,3.843737250102,1.45651519858365,0.22990843449163,1,1,"SLC6A9",1
"GO:0010526","transposable element silencing","1/114","43/18842",0.0232558139534884,3.843737250102,1.45651519858365,0.22990843449163,1,1,"SIRT6",1
"GO:0010761","fibroblast migration","1/114","43/18842",0.0232558139534884,3.843737250102,1.45651519858365,0.22990843449163,1,1,"DMTN",1
"GO:0030574","collagen catabolic process","1/114","43/18842",0.0232558139534884,3.843737250102,1.45651519858365,0.22990843449163,1,1,"MMP15",1
"GO:0042554","superoxide anion generation","1/114","43/18842",0.0232558139534884,3.843737250102,1.45651519858365,0.22990843449163,1,1,"EDN1",1
"GO:0045747","positive regulation of Notch signaling pathway","1/114","43/18842",0.0232558139534884,3.843737250102,1.45651519858365,0.22990843449163,1,1,"HES5",1
"GO:0045840","positive regulation of mitotic nuclear division","1/114","43/18842",0.0232558139534884,3.843737250102,1.45651519858365,0.22990843449163,1,1,"EDN1",1
"GO:0046530","photoreceptor cell differentiation","1/114","43/18842",0.0232558139534884,3.843737250102,1.45651519858365,0.22990843449163,1,1,"CRB2",1
"GO:0046638","positive regulation of alpha-beta T cell differentiation","1/114","43/18842",0.0232558139534884,3.843737250102,1.45651519858365,0.22990843449163,1,1,"IHH",1
"GO:0051155","positive regulation of striated muscle cell differentiation","1/114","43/18842",0.0232558139534884,3.843737250102,1.45651519858365,0.22990843449163,1,1,"EDN1",1
"GO:0055078","sodium ion homeostasis","1/114","43/18842",0.0232558139534884,3.843737250102,1.45651519858365,0.22990843449163,1,1,"SCNN1A",1
"GO:0060416","response to growth hormone","1/114","43/18842",0.0232558139534884,3.843737250102,1.45651519858365,0.22990843449163,1,1,"HNF4A",1
"GO:0072659","protein localization to plasma membrane","3/114","274/18842",0.0109489051094891,1.80964271993853,1.05328241371163,0.230726166841711,1,1,"SIRT6/JUP/WNK4",3
"GO:0051494","negative regulation of cytoskeleton organization","2/114","151/18842",0.0132450331125828,2.18914836760776,1.14463480933567,0.232260102413615,1,1,"DMTN/KANK4",2
"GO:0015850","organic hydroxy compound transport","3/114","275/18842",0.0109090909090909,1.80306220095694,1.04665454352296,0.23232430637392,1,1,"SYT7/SLC44A4/WNK4",3
"GO:0170039","proteinogenic amino acid metabolic process","2/114","152/18842",0.0131578947368421,2.1747460757156,1.13454008903656,0.234492419319564,1,1,"BCAT2/GPT",2
"GO:0006911","phagocytosis, engulfment","1/114","44/18842",0.0227272727272727,3.75637958532695,1.42813163824305,0.23457838706719,1,1,"CLCN2",1
"GO:0007007","inner mitochondrial membrane organization","1/114","44/18842",0.0227272727272727,3.75637958532695,1.42813163824305,0.23457838706719,1,1,"CHCHD10",1
"GO:0009994","oocyte differentiation","1/114","44/18842",0.0227272727272727,3.75637958532695,1.42813163824305,0.23457838706719,1,1,"EDN1",1
"GO:0010634","positive regulation of epithelial cell migration","1/114","44/18842",0.0227272727272727,3.75637958532695,1.42813163824305,0.23457838706719,1,1,"RAB25",1
"GO:0021762","substantia nigra development","1/114","44/18842",0.0227272727272727,3.75637958532695,1.42813163824305,0.23457838706719,1,1,"PADI2",1
"GO:0032197","retrotransposition","1/114","44/18842",0.0227272727272727,3.75637958532695,1.42813163824305,0.23457838706719,1,1,"SIRT6",1
"GO:0035987","endodermal cell differentiation","1/114","44/18842",0.0227272727272727,3.75637958532695,1.42813163824305,0.23457838706719,1,1,"MMP15",1
"GO:0042789","mRNA transcription by RNA polymerase II","1/114","44/18842",0.0227272727272727,3.75637958532695,1.42813163824305,0.23457838706719,1,1,"VDR",1
"GO:0043616","keratinocyte proliferation","1/114","44/18842",0.0227272727272727,3.75637958532695,1.42813163824305,0.23457838706719,1,1,"VDR",1
"GO:0045214","sarcomere organization","1/114","44/18842",0.0227272727272727,3.75637958532695,1.42813163824305,0.23457838706719,1,1,"EDN1",1
"GO:0051489","regulation of filopodium assembly","1/114","44/18842",0.0227272727272727,3.75637958532695,1.42813163824305,0.23457838706719,1,1,"DMTN",1
"GO:0060038","cardiac muscle cell proliferation","1/114","44/18842",0.0227272727272727,3.75637958532695,1.42813163824305,0.23457838706719,1,1,"MIR200B",1
"GO:0061005","cell differentiation involved in kidney development","1/114","44/18842",0.0227272727272727,3.75637958532695,1.42813163824305,0.23457838706719,1,1,"EDN1",1
"GO:0071498","cellular response to fluid shear stress","1/114","44/18842",0.0227272727272727,3.75637958532695,1.42813163824305,0.23457838706719,1,1,"KLF4",1
"GO:0071902","positive regulation of protein serine/threonine kinase activity","1/114","44/18842",0.0227272727272727,3.75637958532695,1.42813163824305,0.23457838706719,1,1,"ERBB2",1
"GO:1903115","regulation of actin filament-based movement","1/114","44/18842",0.0227272727272727,3.75637958532695,1.42813163824305,0.23457838706719,1,1,"JUP",1
"GO:1903307","positive regulation of regulated secretory pathway","1/114","44/18842",0.0227272727272727,3.75637958532695,1.42813163824305,0.23457838706719,1,1,"SYT7",1
"GO:0014706","striated muscle tissue development","3/114","277/18842",0.0108303249097473,1.79004370131104,1.03348034814656,0.235526796362896,1,1,"EDN1/SIRT6/MIR200B",3
"GO:0030509","BMP signaling pathway","2/114","153/18842",0.0130718954248366,2.16053204907694,1.12452346435038,0.236726054010624,1,1,"CRB2/HES5",2
"GO:0001666","response to hypoxia","3/114","278/18842",0.0107913669064748,1.78360469519122,1.02693356229519,0.237131066302995,1,1,"EDN1/CLDN3/HSD11B2",3
"GO:1902904","negative regulation of supramolecular fiber organization","2/114","154/18842",0.012987012987013,2.14650262018683,1.11458373050591,0.238960909809329,1,1,"DMTN/KANK4",2
"GO:1904375","regulation of protein localization to cell periphery","2/114","154/18842",0.012987012987013,2.14650262018683,1.11458373050591,0.238960909809329,1,1,"SIRT6/WNK4",2
"GO:0001895","retina homeostasis","1/114","45/18842",0.0222222222222222,3.6729044834308,1.40056776242635,0.239220267260527,1,1,"CRB2",1
"GO:0006356","regulation of transcription by RNA polymerase I","1/114","45/18842",0.0222222222222222,3.6729044834308,1.40056776242635,0.239220267260527,1,1,"ERBB2",1
"GO:0009126","purine nucleoside monophosphate metabolic process","1/114","45/18842",0.0222222222222222,3.6729044834308,1.40056776242635,0.239220267260527,1,1,"AK1",1
"GO:0030261","chromosome condensation","1/114","45/18842",0.0222222222222222,3.6729044834308,1.40056776242635,0.239220267260527,1,1,"ERN2",1
"GO:0030326","embryonic limb morphogenesis","1/114","45/18842",0.0222222222222222,3.6729044834308,1.40056776242635,0.239220267260527,1,1,"IHH",1
"GO:0031670","cellular response to nutrient","1/114","45/18842",0.0222222222222222,3.6729044834308,1.40056776242635,0.239220267260527,1,1,"VDR",1
"GO:0033628","regulation of cell adhesion mediated by integrin","1/114","45/18842",0.0222222222222222,3.6729044834308,1.40056776242635,0.239220267260527,1,1,"ACER2",1
"GO:0035113","embryonic appendage morphogenesis","1/114","45/18842",0.0222222222222222,3.6729044834308,1.40056776242635,0.239220267260527,1,1,"IHH",1
"GO:0046850","regulation of bone remodeling","1/114","45/18842",0.0222222222222222,3.6729044834308,1.40056776242635,0.239220267260527,1,1,"SYT7",1
"GO:0050919","negative chemotaxis","1/114","45/18842",0.0222222222222222,3.6729044834308,1.40056776242635,0.239220267260527,1,1,"SEMA4G",1
"GO:0051403","stress-activated MAPK cascade","1/114","45/18842",0.0222222222222222,3.6729044834308,1.40056776242635,0.239220267260527,1,1,"INAVA",1
"GO:0071364","cellular response to epidermal growth factor stimulus","1/114","45/18842",0.0222222222222222,3.6729044834308,1.40056776242635,0.239220267260527,1,1,"ERBB2",1
"GO:0090051","negative regulation of cell migration involved in sprouting angiogenesis","1/114","45/18842",0.0222222222222222,3.6729044834308,1.40056776242635,0.239220267260527,1,1,"KLF4",1
"GO:0098732","macromolecule deacylation","1/114","45/18842",0.0222222222222222,3.6729044834308,1.40056776242635,0.239220267260527,1,1,"SIRT6",1
"GO:2000027","regulation of animal organ morphogenesis","1/114","45/18842",0.0222222222222222,3.6729044834308,1.40056776242635,0.239220267260527,1,1,"EDN1",1
"GO:0034504","protein localization to nucleus","3/114","280/18842",0.0107142857142857,1.77086466165414,1.0139194836321,0.240345455893651,1,1,"EDN1/SIRT6/JUP",3
"GO:0050767","regulation of neurogenesis","3/114","281/18842",0.0106761565836299,1.76456265218206,1.00745174679103,0.241955495921289,1,1,"JUP/CLCN2/HES5",3
"GO:0003143","embryonic heart tube morphogenesis","1/114","46/18842",0.0217391304347826,3.593058733791,1.37378019652619,0.243834242338055,1,1,"IHH",1
"GO:0006111","regulation of gluconeogenesis","1/114","46/18842",0.0217391304347826,3.593058733791,1.37378019652619,0.243834242338055,1,1,"SIRT6",1
"GO:0006284","base-excision repair","1/114","46/18842",0.0217391304347826,3.593058733791,1.37378019652619,0.243834242338055,1,1,"SIRT6",1
"GO:0030835","negative regulation of actin filament depolymerization","1/114","46/18842",0.0217391304347826,3.593058733791,1.37378019652619,0.243834242338055,1,1,"DMTN",1
"GO:0032196","transposition","1/114","46/18842",0.0217391304347826,3.593058733791,1.37378019652619,0.243834242338055,1,1,"SIRT6",1
"GO:0045912","negative regulation of carbohydrate metabolic process","1/114","46/18842",0.0217391304347826,3.593058733791,1.37378019652619,0.243834242338055,1,1,"SIRT6",1
"GO:0061028","establishment of endothelial barrier","1/114","46/18842",0.0217391304347826,3.593058733791,1.37378019652619,0.243834242338055,1,1,"CLDN3",1
"GO:0061371","determination of heart left/right asymmetry","1/114","46/18842",0.0217391304347826,3.593058733791,1.37378019652619,0.243834242338055,1,1,"IHH",1
"GO:0120178","steroid hormone biosynthetic process","1/114","46/18842",0.0217391304347826,3.593058733791,1.37378019652619,0.243834242338055,1,1,"CLCN2",1
"GO:0032102","negative regulation of response to external stimulus","4/114","416/18842",0.00961538461538462,1.5892375168691,0.948156927942791,0.244542931911247,1,1,"EDN1/KLF4/MIR200B/PADI2",4
"GO:0051048","negative regulation of secretion","2/114","157/18842",0.0127388535031847,2.10548664655269,1.08521422088275,0.245671853542449,1,1,"EDN1/ERBB3",2
"GO:0014015","positive regulation of gliogenesis","1/114","47/18842",0.0212765957446809,3.51661067562523,1.34772876772254,0.248420478578397,1,1,"CLCN2",1
"GO:0031098","stress-activated protein kinase signaling cascade","1/114","47/18842",0.0212765957446809,3.51661067562523,1.34772876772254,0.248420478578397,1,1,"INAVA",1
"GO:0035094","response to nicotine","1/114","47/18842",0.0212765957446809,3.51661067562523,1.34772876772254,0.248420478578397,1,1,"EDN1",1
"GO:0046427","positive regulation of receptor signaling pathway via JAK-STAT","1/114","47/18842",0.0212765957446809,3.51661067562523,1.34772876772254,0.248420478578397,1,1,"HES5",1
"GO:0048247","lymphocyte chemotaxis","1/114","47/18842",0.0212765957446809,3.51661067562523,1.34772876772254,0.248420478578397,1,1,"PADI2",1
"GO:0060349","bone morphogenesis","1/114","47/18842",0.0212765957446809,3.51661067562523,1.34772876772254,0.248420478578397,1,1,"FGFR3",1
"GO:0098927","vesicle-mediated transport between endosomal compartments","1/114","47/18842",0.0212765957446809,3.51661067562523,1.34772876772254,0.248420478578397,1,1,"MYO1D",1
"GO:1905562","regulation of vascular endothelial cell proliferation","1/114","47/18842",0.0212765957446809,3.51661067562523,1.34772876772254,0.248420478578397,1,1,"SIRT6",1
"GO:0042391","regulation of membrane potential","4/114","419/18842",0.00954653937947494,1.5778587279655,0.933269800445197,0.248484657801307,1,1,"NEDD4L/EDN1/JUP/CLCN2",4
"GO:0046488","phosphatidylinositol metabolic process","2/114","159/18842",0.0125786163522013,2.07900253779102,1.06599807762521,0.250150198279886,1,1,"PIGZ/PGAP3",2
"GO:0170033","L-amino acid metabolic process","2/114","159/18842",0.0125786163522013,2.07900253779102,1.06599807762521,0.250150198279886,1,1,"BCAT2/GPT",2
"GO:0036293","response to decreased oxygen levels","3/114","287/18842",0.0104529616724739,1.72767284063818,0.969181989428576,0.251653085240094,1,1,"EDN1/CLDN3/HSD11B2",3
"GO:0006110","regulation of glycolytic process","1/114","48/18842",0.0208333333333333,3.44334795321637,1.32237620561263,0.252979141278161,1,1,"SIRT6",1
"GO:0006693","prostaglandin metabolic process","1/114","48/18842",0.0208333333333333,3.44334795321637,1.32237620561263,0.252979141278161,1,1,"EDN1",1
"GO:0030195","negative regulation of blood coagulation","1/114","48/18842",0.0208333333333333,3.44334795321637,1.32237620561263,0.252979141278161,1,1,"EDN1",1
"GO:0030811","regulation of nucleotide catabolic process","1/114","48/18842",0.0208333333333333,3.44334795321637,1.32237620561263,0.252979141278161,1,1,"SIRT6",1
"GO:0033121","regulation of purine nucleotide catabolic process","1/114","48/18842",0.0208333333333333,3.44334795321637,1.32237620561263,0.252979141278161,1,1,"SIRT6",1
"GO:0042168","heme metabolic process","1/114","48/18842",0.0208333333333333,3.44334795321637,1.32237620561263,0.252979141278161,1,1,"SLC6A9",1
"GO:0070328","triglyceride homeostasis","1/114","48/18842",0.0208333333333333,3.44334795321637,1.32237620561263,0.252979141278161,1,1,"HNF4A",1
"GO:0101023","vascular endothelial cell proliferation","1/114","48/18842",0.0208333333333333,3.44334795321637,1.32237620561263,0.252979141278161,1,1,"SIRT6",1
"GO:1900047","negative regulation of hemostasis","1/114","48/18842",0.0208333333333333,3.44334795321637,1.32237620561263,0.252979141278161,1,1,"EDN1",1
"GO:1902459","positive regulation of stem cell population maintenance","1/114","48/18842",0.0208333333333333,3.44334795321637,1.32237620561263,0.252979141278161,1,1,"SIRT6",1
"GO:0090066","regulation of anatomical structure size","4/114","423/18842",0.00945626477541371,1.56293807805566,0.913600830930532,0.25376225171609,1,1,"DMTN/EDN1/JUP/KANK4",4
"GO:0006665","sphingolipid metabolic process","2/114","162/18842",0.0123456790123457,2.04050249079489,1.03769779908156,0.25687247389435,1,1,"SGPP2/ACER2",2
"GO:0007009","plasma membrane organization","2/114","162/18842",0.0123456790123457,2.04050249079489,1.03769779908156,0.25687247389435,1,1,"SERINC2/SYT7",2
"GO:0071772","response to BMP","2/114","162/18842",0.0123456790123457,2.04050249079489,1.03769779908156,0.25687247389435,1,1,"CRB2/HES5",2
"GO:0071773","cellular response to BMP stimulus","2/114","162/18842",0.0123456790123457,2.04050249079489,1.03769779908156,0.25687247389435,1,1,"CRB2/HES5",2
"GO:0002686","negative regulation of leukocyte migration","1/114","49/18842",0.0204081632653061,3.37307554600788,1.29768787644766,0.257510394757691,1,1,"PADI2",1
"GO:0009299","mRNA transcription","1/114","49/18842",0.0204081632653061,3.37307554600788,1.29768787644766,0.257510394757691,1,1,"VDR",1
"GO:0031100","animal organ regeneration","1/114","49/18842",0.0204081632653061,3.37307554600788,1.29768787644766,0.257510394757691,1,1,"IHH",1
"GO:0048708","astrocyte differentiation","1/114","49/18842",0.0204081632653061,3.37307554600788,1.29768787644766,0.257510394757691,1,1,"HES5",1
"GO:0050982","detection of mechanical stimulus","1/114","49/18842",0.0204081632653061,3.37307554600788,1.29768787644766,0.257510394757691,1,1,"JUP",1
"GO:0055090","acylglycerol homeostasis","1/114","49/18842",0.0204081632653061,3.37307554600788,1.29768787644766,0.257510394757691,1,1,"HNF4A",1
"GO:0060986","endocrine hormone secretion","1/114","49/18842",0.0204081632653061,3.37307554600788,1.29768787644766,0.257510394757691,1,1,"WNK4",1
"GO:0070849","response to epidermal growth factor","1/114","49/18842",0.0204081632653061,3.37307554600788,1.29768787644766,0.257510394757691,1,1,"ERBB2",1
"GO:2000772","regulation of cellular senescence","1/114","49/18842",0.0204081632653061,3.37307554600788,1.29768787644766,0.257510394757691,1,1,"SIRT6",1
"GO:0000723","telomere maintenance","2/114","163/18842",0.0122699386503067,2.02798407060596,1.02840001959969,0.259114147801678,1,1,"KLF4/SIRT6",2
"GO:0061572","actin filament bundle organization","2/114","163/18842",0.0122699386503067,2.02798407060596,1.02840001959969,0.259114147801678,1,1,"RFLNA/DMTN",2
"GO:0006692","prostanoid metabolic process","1/114","50/18842",0.02,3.30561403508772,1.27363154660016,0.262014402366781,1,1,"EDN1",1
"GO:0031648","protein destabilization","1/114","50/18842",0.02,3.30561403508772,1.27363154660016,0.262014402366781,1,1,"SIRT6",1
"GO:0046324","regulation of D-glucose import across plasma membrane","1/114","50/18842",0.02,3.30561403508772,1.27363154660016,0.262014402366781,1,1,"SIRT6",1
"GO:0070169","positive regulation of biomineral tissue development","1/114","50/18842",0.02,3.30561403508772,1.27363154660016,0.262014402366781,1,1,"VDR",1
"GO:1905330","regulation of morphogenesis of an epithelium","1/114","50/18842",0.02,3.30561403508772,1.27363154660016,0.262014402366781,1,1,"SIRT6",1
"GO:0006354","DNA-templated transcription elongation","2/114","165/18842",0.0121212121212121,2.00340244550771,1.01000207956931,0.263598350621942,1,1,"SIRT6/TCEA3",2
"GO:0072657","protein localization to membrane","4/114","432/18842",0.00925925925925926,1.53037686809617,0.870078132418058,0.265722015632951,1,1,"SIRT6/JUP/ERBB2/WNK4",4
"GO:0001706","endoderm formation","1/114","51/18842",0.0196078431372549,3.24079807361541,1.25017717153166,0.266491326490354,1,1,"MMP15",1
"GO:0001838","embryonic epithelial tube formation","1/114","51/18842",0.0196078431372549,3.24079807361541,1.25017717153166,0.266491326490354,1,1,"HES5",1
"GO:0002011","morphogenesis of an epithelial sheet","1/114","51/18842",0.0196078431372549,3.24079807361541,1.25017717153166,0.266491326490354,1,1,"DDR1",1
"GO:0006778","porphyrin-containing compound metabolic process","1/114","51/18842",0.0196078431372549,3.24079807361541,1.25017717153166,0.266491326490354,1,1,"SLC6A9",1
"GO:0009880","embryonic pattern specification","1/114","51/18842",0.0196078431372549,3.24079807361541,1.25017717153166,0.266491326490354,1,1,"CDX2",1
"GO:0045778","positive regulation of ossification","1/114","51/18842",0.0196078431372549,3.24079807361541,1.25017717153166,0.266491326490354,1,1,"VDR",1
"GO:0045933","positive regulation of muscle contraction","1/114","51/18842",0.0196078431372549,3.24079807361541,1.25017717153166,0.266491326490354,1,1,"EDN1",1
"GO:0048013","ephrin receptor signaling pathway","1/114","51/18842",0.0196078431372549,3.24079807361541,1.25017717153166,0.266491326490354,1,1,"EPHA10",1
"GO:0050850","positive regulation of calcium-mediated signaling","1/114","51/18842",0.0196078431372549,3.24079807361541,1.25017717153166,0.266491326490354,1,1,"EDN1",1
"GO:0061035","regulation of cartilage development","1/114","51/18842",0.0196078431372549,3.24079807361541,1.25017717153166,0.266491326490354,1,1,"RFLNA",1
"GO:0071320","cellular response to cAMP","1/114","51/18842",0.0196078431372549,3.24079807361541,1.25017717153166,0.266491326490354,1,1,"DMTN",1
"GO:0071385","cellular response to glucocorticoid stimulus","1/114","51/18842",0.0196078431372549,3.24079807361541,1.25017717153166,0.266491326490354,1,1,"EDN1",1
"GO:0071622","regulation of granulocyte chemotaxis","1/114","51/18842",0.0196078431372549,3.24079807361541,1.25017717153166,0.266491326490354,1,1,"EDN1",1
"GO:1902743","regulation of lamellipodium organization","1/114","51/18842",0.0196078431372549,3.24079807361541,1.25017717153166,0.266491326490354,1,1,"DMTN",1
"GO:1904707","positive regulation of vascular associated smooth muscle cell proliferation","1/114","51/18842",0.0196078431372549,3.24079807361541,1.25017717153166,0.266491326490354,1,1,"EDN1",1
"GO:0060537","muscle tissue development","3/114","298/18842",0.0100671140939597,1.66389968209113,0.901296290280193,0.26957661134664,1,1,"EDN1/SIRT6/MIR200B",3
"GO:0001885","endothelial cell development","1/114","52/18842",0.0192307692307692,3.17847503373819,1.22729670706892,0.270941328554113,1,1,"CLDN3",1
"GO:0006940","regulation of smooth muscle contraction","1/114","52/18842",0.0192307692307692,3.17847503373819,1.22729670706892,0.270941328554113,1,1,"EDN1",1
"GO:0007157","heterophilic cell-cell adhesion","1/114","52/18842",0.0192307692307692,3.17847503373819,1.22729670706892,0.270941328554113,1,1,"CRB2",1
"GO:0050819","negative regulation of coagulation","1/114","52/18842",0.0192307692307692,3.17847503373819,1.22729670706892,0.270941328554113,1,1,"EDN1",1
"GO:0051785","positive regulation of nuclear division","1/114","52/18842",0.0192307692307692,3.17847503373819,1.22729670706892,0.270941328554113,1,1,"EDN1",1
"GO:1903539","protein localization to postsynaptic membrane","1/114","52/18842",0.0192307692307692,3.17847503373819,1.22729670706892,0.270941328554113,1,1,"ERBB2",1
"GO:0045785","positive regulation of cell adhesion","4/114","437/18842",0.0091533180778032,1.51286683528042,0.846322961564488,0.272412896001052,1,1,"JUP/FOXA1/IHH/ERBB2",4
"GO:0030100","regulation of endocytosis","3/114","300/18842",0.01,1.65280701754386,0.889254053364636,0.272852425238671,1,1,"NEDD4L/PROM2/SYT7",3
"GO:0006636","unsaturated fatty acid biosynthetic process","1/114","53/18842",0.0188679245283019,3.11850380668653,1.20496394025018,0.275364569030155,1,1,"EDN1",1
"GO:0032387","negative regulation of intracellular transport","1/114","53/18842",0.0188679245283019,3.11850380668653,1.20496394025018,0.275364569030155,1,1,"SIRT6",1
"GO:0048857","neural nucleus development","1/114","53/18842",0.0188679245283019,3.11850380668653,1.20496394025018,0.275364569030155,1,1,"PADI2",1
"GO:0062237","protein localization to postsynapse","1/114","53/18842",0.0188679245283019,3.11850380668653,1.20496394025018,0.275364569030155,1,1,"ERBB2",1
"GO:0070830","bicellular tight junction assembly","1/114","53/18842",0.0188679245283019,3.11850380668653,1.20496394025018,0.275364569030155,1,1,"CLDN3",1
"GO:0071470","cellular response to osmotic stress","1/114","53/18842",0.0188679245283019,3.11850380668653,1.20496394025018,0.275364569030155,1,1,"CLCN2",1
"GO:1901570","fatty acid derivative biosynthetic process","1/114","53/18842",0.0188679245283019,3.11850380668653,1.20496394025018,0.275364569030155,1,1,"GGT6",1
"GO:0015711","organic anion transport","4/114","440/18842",0.00909090909090909,1.50255183413078,0.832210876591763,0.276441980084526,1,1,"EDN1/SLC44A4/SLC6A7/SLC6A9",4
"GO:0008154","actin polymerization or depolymerization","2/114","171/18842",0.0116959064327485,1.93310762285832,0.956323225233601,0.27705179858138,1,1,"DMTN/KANK4",2
"GO:1905475","regulation of protein localization to membrane","2/114","171/18842",0.0116959064327485,1.93310762285832,0.956323225233601,0.27705179858138,1,1,"SIRT6/WNK4",2
"GO:0045333","cellular respiration","3/114","303/18842",0.0099009900990099,1.63644259162758,0.871356946327905,0.277774471179821,1,1,"COX6B2/SIRT6/COX8A",3
"GO:0006937","regulation of muscle contraction","2/114","172/18842",0.0116279069767442,1.921868625051,0.947588538288656,0.279293312912095,1,1,"EDN1/JUP",2
"GO:0034764","positive regulation of transmembrane transport","2/114","172/18842",0.0116279069767442,1.921868625051,0.947588538288656,0.279293312912095,1,1,"EDN1/WNK2",2
"GO:0097696","cell surface receptor signaling pathway via STAT","2/114","172/18842",0.0116279069767442,1.921868625051,0.947588538288656,0.279293312912095,1,1,"FGFR3/HES5",2
"GO:0002347","response to tumor cell","1/114","54/18842",0.0185185185185185,3.06075373619233,1.18315433738346,0.279761207442554,1,1,"KLF4",1
"GO:0006611","protein export from nucleus","1/114","54/18842",0.0185185185185185,3.06075373619233,1.18315433738346,0.279761207442554,1,1,"SIRT6",1
"GO:0030834","regulation of actin filament depolymerization","1/114","54/18842",0.0185185185185185,3.06075373619233,1.18315433738346,0.279761207442554,1,1,"DMTN",1
"GO:0050731","positive regulation of peptidyl-tyrosine phosphorylation","1/114","54/18842",0.0185185185185185,3.06075373619233,1.18315433738346,0.279761207442554,1,1,"FGFR3",1
"GO:0099024","plasma membrane invagination","1/114","54/18842",0.0185185185185185,3.06075373619233,1.18315433738346,0.279761207442554,1,1,"CLCN2",1
"GO:0170041","non-proteinogenic amino acid metabolic process","1/114","54/18842",0.0185185185185185,3.06075373619233,1.18315433738346,0.279761207442554,1,1,"HNF4A",1
"GO:1904894","positive regulation of receptor signaling pathway via STAT","1/114","54/18842",0.0185185185185185,3.06075373619233,1.18315433738346,0.279761207442554,1,1,"HES5",1
"GO:0006935","chemotaxis","4/114","443/18842",0.0090293453724605,1.49237653954299,0.81820250589392,0.280481303233743,1,1,"EDN1/SEMA4G/HOXB9/PADI2",4
"GO:0042330","taxis","4/114","443/18842",0.0090293453724605,1.49237653954299,0.81820250589392,0.280481303233743,1,1,"EDN1/SEMA4G/HOXB9/PADI2",4
"GO:0010562","positive regulation of phosphorus metabolic process","3/114","305/18842",0.00983606557377049,1.62571182053494,0.859534383601614,0.281060963146524,1,1,"FGFR3/PROM2/ERBB2",3
"GO:0045937","positive regulation of phosphate metabolic process","3/114","305/18842",0.00983606557377049,1.62571182053494,0.859534383601614,0.281060963146524,1,1,"FGFR3/PROM2/ERBB2",3
"GO:0002043","blood vessel endothelial cell proliferation involved in sprouting angiogenesis","1/114","55/18842",0.0181818181818182,3.00510366826156,1.16184490728157,0.284131402372911,1,1,"NRARP",1
"GO:0009395","phospholipid catabolic process","1/114","55/18842",0.0181818181818182,3.00510366826156,1.16184490728157,0.284131402372911,1,1,"PLA2G4F",1
"GO:0034332","adherens junction organization","1/114","55/18842",0.0181818181818182,3.00510366826156,1.16184490728157,0.284131402372911,1,1,"INAVA",1
"GO:0045332","phospholipid translocation","1/114","55/18842",0.0181818181818182,3.00510366826156,1.16184490728157,0.284131402372911,1,1,"SERINC2",1
"GO:0046148","pigment biosynthetic process","1/114","55/18842",0.0181818181818182,3.00510366826156,1.16184490728157,0.284131402372911,1,1,"SLC6A9",1
"GO:0051180","vitamin transport","1/114","55/18842",0.0181818181818182,3.00510366826156,1.16184490728157,0.284131402372911,1,1,"SLC44A4",1
"GO:1902930","regulation of alcohol biosynthetic process","1/114","55/18842",0.0181818181818182,3.00510366826156,1.16184490728157,0.284131402372911,1,1,"CLCN2",1
"GO:0009101","glycoprotein biosynthetic process","3/114","307/18842",0.00977198697068404,1.61512086404937,0.847797341931338,0.284351223456899,1,1,"B3GNT3/ACER2/ITM2C",3
"GO:0008202","steroid metabolic process","3/114","308/18842",0.00974025974025974,1.60987696514012,0.841960484818376,0.285997678120539,1,1,"CLCN2/HSD11B2/VDR",3
"GO:0006874","intracellular calcium ion homeostasis","2/114","175/18842",0.0114285714285714,1.88892230576441,0.921731150115961,0.286015048985597,1,1,"DMTN/EDN1",2
"GO:0050769","positive regulation of neurogenesis","2/114","175/18842",0.0114285714285714,1.88892230576441,0.921731150115961,0.286015048985597,1,1,"JUP/CLCN2",2
"GO:0007015","actin filament organization","4/114","448/18842",0.00892857142857143,1.47572055137845,0.795081282546879,0.287234768014145,1,1,"RFLNA/DMTN/KANK4/MYO1D",4
"GO:0001954","positive regulation of cell-matrix adhesion","1/114","56/18842",0.0178571428571429,2.95144110275689,1.14101407791112,0.288475311465874,1,1,"JUP",1
"GO:0002065","columnar/cuboidal epithelial cell differentiation","1/114","56/18842",0.0178571428571429,2.95144110275689,1.14101407791112,0.288475311465874,1,1,"CDX2",1
"GO:0003407","neural retina development","1/114","56/18842",0.0178571428571429,2.95144110275689,1.14101407791112,0.288475311465874,1,1,"CRB2",1
"GO:0007187","G protein-coupled receptor signaling pathway, coupled to cyclic nucleotide second messenger","1/114","56/18842",0.0178571428571429,2.95144110275689,1.14101407791112,0.288475311465874,1,1,"VIPR1",1
"GO:0010656","negative regulation of muscle cell apoptotic process","1/114","56/18842",0.0178571428571429,2.95144110275689,1.14101407791112,0.288475311465874,1,1,"EDN1",1
"GO:0010719","negative regulation of epithelial to mesenchymal transition","1/114","56/18842",0.0178571428571429,2.95144110275689,1.14101407791112,0.288475311465874,1,1,"FOXA1",1
"GO:0032365","intracellular lipid transport","1/114","56/18842",0.0178571428571429,2.95144110275689,1.14101407791112,0.288475311465874,1,1,"SYT7",1
"GO:0033077","T cell differentiation in thymus","1/114","56/18842",0.0178571428571429,2.95144110275689,1.14101407791112,0.288475311465874,1,1,"IHH",1
"GO:0034405","response to fluid shear stress","1/114","56/18842",0.0178571428571429,2.95144110275689,1.14101407791112,0.288475311465874,1,1,"KLF4",1
"GO:0048844","artery morphogenesis","1/114","56/18842",0.0178571428571429,2.95144110275689,1.14101407791112,0.288475311465874,1,1,"EDN1",1
"GO:0071715","icosanoid transport","1/114","56/18842",0.0178571428571429,2.95144110275689,1.14101407791112,0.288475311465874,1,1,"EDN1",1
"GO:0086009","membrane repolarization","1/114","56/18842",0.0178571428571429,2.95144110275689,1.14101407791112,0.288475311465874,1,1,"NEDD4L",1
"GO:1900024","regulation of substrate adhesion-dependent cell spreading","1/114","56/18842",0.0178571428571429,2.95144110275689,1.14101407791112,0.288475311465874,1,1,"DMTN",1
"GO:0060326","cell chemotaxis","3/114","311/18842",0.00964630225080386,1.59434760534777,0.824574659010732,0.290941918923868,1,1,"EDN1/HOXB9/PADI2",3
"GO:0070482","response to oxygen levels","3/114","312/18842",0.00961538461538462,1.5892375168691,0.8188204453161,0.292591508805198,1,1,"EDN1/CLDN3/HSD11B2",3
"GO:0006633","fatty acid biosynthetic process","2/114","178/18842",0.0112359550561798,1.85708653656613,0.896377633553702,0.292730999479254,1,1,"EDN1/MGLL",2
"GO:0015718","monocarboxylic acid transport","2/114","178/18842",0.0112359550561798,1.85708653656613,0.896377633553702,0.292730999479254,1,1,"EDN1/SLC44A4",2
"GO:0015748","organophosphate ester transport","2/114","178/18842",0.0112359550561798,1.85708653656613,0.896377633553702,0.292730999479254,1,1,"SERINC2/SLC44A4",2
"GO:0007492","endoderm development","1/114","57/18842",0.0175438596491228,2.89966143428747,1.12064158492538,0.292793091434621,1,1,"MMP15",1
"GO:0044331","cell-cell adhesion mediated by cadherin","1/114","57/18842",0.0175438596491228,2.89966143428747,1.12064158492538,0.292793091434621,1,1,"FOXA1",1
"GO:0045581","negative regulation of T cell differentiation","1/114","57/18842",0.0175438596491228,2.89966143428747,1.12064158492538,0.292793091434621,1,1,"IHH",1
"GO:0046888","negative regulation of hormone secretion","1/114","57/18842",0.0175438596491228,2.89966143428747,1.12064158492538,0.292793091434621,1,1,"EDN1",1
"GO:0048814","regulation of dendrite morphogenesis","1/114","57/18842",0.0175438596491228,2.89966143428747,1.12064158492538,0.292793091434621,1,1,"NEDD4L",1
"GO:1901224","positive regulation of non-canonical NF-kappaB signal transduction","1/114","57/18842",0.0175438596491228,2.89966143428747,1.12064158492538,0.292793091434621,1,1,"EDN1",1
"GO:0001961","positive regulation of cytokine-mediated signaling pathway","1/114","58/18842",0.0172413793103448,2.84966727162734,1.10070837074886,0.29708489806632,1,1,"EDN1",1
"GO:0006518","peptide metabolic process","1/114","58/18842",0.0172413793103448,2.84966727162734,1.10070837074886,0.29708489806632,1,1,"GGT6",1
"GO:0007006","mitochondrial membrane organization","1/114","58/18842",0.0172413793103448,2.84966727162734,1.10070837074886,0.29708489806632,1,1,"CHCHD10",1
"GO:0014855","striated muscle cell proliferation","1/114","58/18842",0.0172413793103448,2.84966727162734,1.10070837074886,0.29708489806632,1,1,"MIR200B",1
"GO:0043405","regulation of MAP kinase activity","1/114","58/18842",0.0172413793103448,2.84966727162734,1.10070837074886,0.29708489806632,1,1,"ERBB2",1
"GO:0043470","regulation of carbohydrate catabolic process","1/114","58/18842",0.0172413793103448,2.84966727162734,1.10070837074886,0.29708489806632,1,1,"SIRT6",1
"GO:0046635","positive regulation of alpha-beta T cell activation","1/114","58/18842",0.0172413793103448,2.84966727162734,1.10070837074886,0.29708489806632,1,1,"IHH",1
"GO:0086065","cell communication involved in cardiac conduction","1/114","58/18842",0.0172413793103448,2.84966727162734,1.10070837074886,0.29708489806632,1,1,"JUP",1
"GO:0010718","positive regulation of epithelial to mesenchymal transition","1/114","59/18842",0.0169491525423729,2.80136782634552,1.08119649305108,0.301350886227544,1,1,"CRB2",1
"GO:0019229","regulation of vasoconstriction","1/114","59/18842",0.0169491525423729,2.80136782634552,1.08119649305108,0.301350886227544,1,1,"EDN1",1
"GO:0030042","actin filament depolymerization","1/114","59/18842",0.0169491525423729,2.80136782634552,1.08119649305108,0.301350886227544,1,1,"DMTN",1
"GO:0034381","plasma lipoprotein particle clearance","1/114","59/18842",0.0169491525423729,2.80136782634552,1.08119649305108,0.301350886227544,1,1,"CES3",1
"GO:0042304","regulation of fatty acid biosynthetic process","1/114","59/18842",0.0169491525423729,2.80136782634552,1.08119649305108,0.301350886227544,1,1,"EDN1",1
"GO:0045600","positive regulation of fat cell differentiation","1/114","59/18842",0.0169491525423729,2.80136782634552,1.08119649305108,0.301350886227544,1,1,"SIRT6",1
"GO:0045815","transcription initiation-coupled chromatin remodeling","1/114","59/18842",0.0169491525423729,2.80136782634552,1.08119649305108,0.301350886227544,1,1,"PADI2",1
"GO:0061756","leukocyte adhesion to vascular endothelial cell","1/114","59/18842",0.0169491525423729,2.80136782634552,1.08119649305108,0.301350886227544,1,1,"KLF4",1
"GO:1903409","reactive oxygen species biosynthetic process","1/114","59/18842",0.0169491525423729,2.80136782634552,1.08119649305108,0.301350886227544,1,1,"INAVA",1
"GO:0031667","response to nutrient levels","4/114","461/18842",0.00867678958785249,1.43410587205541,0.736241435448934,0.304901683247732,1,1,"PAK4/HSD11B2/VDR/WNK4",4
"GO:0019369","arachidonate metabolic process","1/114","60/18842",0.0166666666666667,2.7546783625731,1.06208904159247,0.30559120986967,1,1,"MGLL",1
"GO:0030032","lamellipodium assembly","1/114","60/18842",0.0166666666666667,2.7546783625731,1.06208904159247,0.30559120986967,1,1,"DMTN",1
"GO:0032613","interleukin-10 production","1/114","60/18842",0.0166666666666667,2.7546783625731,1.06208904159247,0.30559120986967,1,1,"INAVA",1
"GO:0032653","regulation of interleukin-10 production","1/114","60/18842",0.0166666666666667,2.7546783625731,1.06208904159247,0.30559120986967,1,1,"INAVA",1
"GO:0034204","lipid translocation","1/114","60/18842",0.0166666666666667,2.7546783625731,1.06208904159247,0.30559120986967,1,1,"SERINC2",1
"GO:0034394","protein localization to cell surface","1/114","60/18842",0.0166666666666667,2.7546783625731,1.06208904159247,0.30559120986967,1,1,"NEDD4L",1
"GO:0045861","negative regulation of proteolysis","1/114","60/18842",0.0166666666666667,2.7546783625731,1.06208904159247,0.30559120986967,1,1,"CRB2",1
"GO:0046173","polyol biosynthetic process","1/114","60/18842",0.0166666666666667,2.7546783625731,1.06208904159247,0.30559120986967,1,1,"ACER2",1
"GO:0050772","positive regulation of axonogenesis","1/114","60/18842",0.0166666666666667,2.7546783625731,1.06208904159247,0.30559120986967,1,1,"JUP",1
"GO:0051148","negative regulation of muscle cell differentiation","1/114","60/18842",0.0166666666666667,2.7546783625731,1.06208904159247,0.30559120986967,1,1,"MIR200B",1
"GO:0001959","regulation of cytokine-mediated signaling pathway","2/114","184/18842",0.0108695652173913,1.7965293668955,0.847104247753897,0.30613775821891,1,1,"EDN1/PADI2",2
"GO:0032271","regulation of protein polymerization","2/114","184/18842",0.0108695652173913,1.7965293668955,0.847104247753897,0.30613775821891,1,1,"DMTN/KANK4",2
"GO:0030111","regulation of Wnt signaling pathway","3/114","321/18842",0.00934579439252336,1.54467945564847,0.767927102070406,0.307465118320532,1,1,"NRARP/WNK2/JUP",3
"GO:0010324","membrane invagination","1/114","61/18842",0.0163934426229508,2.70951970089157,1.04337006255045,0.309806022034235,1,1,"CLCN2",1
"GO:0021915","neural tube development","1/114","61/18842",0.0163934426229508,2.70951970089157,1.04337006255045,0.309806022034235,1,1,"HES5",1
"GO:0032835","glomerulus development","1/114","61/18842",0.0163934426229508,2.70951970089157,1.04337006255045,0.309806022034235,1,1,"EDN1",1
"GO:0033013","tetrapyrrole metabolic process","1/114","61/18842",0.0163934426229508,2.70951970089157,1.04337006255045,0.309806022034235,1,1,"SLC6A9",1
"GO:2000351","regulation of endothelial cell apoptotic process","1/114","61/18842",0.0163934426229508,2.70951970089157,1.04337006255045,0.309806022034235,1,1,"PAK4",1
"GO:0001935","endothelial cell proliferation","2/114","186/18842",0.010752688172043,1.77721184682135,0.831084758024479,0.310597203507221,1,1,"NRARP/SIRT6",2
"GO:0009306","protein secretion","3/114","323/18842",0.00928792569659443,1.53511487697572,0.756829794106388,0.310775563436265,1,1,"SIRT6/SYT7/HNF4A",3
"GO:0010638","positive regulation of organelle organization","4/114","466/18842",0.00858369098712446,1.41871846999473,0.714082328631331,0.31173132780767,1,1,"EDN1/KLF4/SIRT6/SYT7",4
"GO:0007589","body fluid secretion","1/114","62/18842",0.0161290322580645,2.66581777023203,1.02502448954186,0.313995474858265,1,1,"DDR1",1
"GO:0032890","regulation of organic acid transport","1/114","62/18842",0.0161290322580645,2.66581777023203,1.02502448954186,0.313995474858265,1,1,"EDN1",1
"GO:0042446","hormone biosynthetic process","1/114","62/18842",0.0161290322580645,2.66581777023203,1.02502448954186,0.313995474858265,1,1,"CLCN2",1
"GO:0043297","apical junction assembly","1/114","62/18842",0.0161290322580645,2.66581777023203,1.02502448954186,0.313995474858265,1,1,"CLDN3",1
"GO:0045620","negative regulation of lymphocyte differentiation","1/114","62/18842",0.0161290322580645,2.66581777023203,1.02502448954186,0.313995474858265,1,1,"IHH",1
"GO:0046847","filopodium assembly","1/114","62/18842",0.0161290322580645,2.66581777023203,1.02502448954186,0.313995474858265,1,1,"DMTN",1
"GO:0048145","regulation of fibroblast proliferation","1/114","62/18842",0.0161290322580645,2.66581777023203,1.02502448954186,0.313995474858265,1,1,"SIRT6",1
"GO:0061515","myeloid cell development","1/114","62/18842",0.0161290322580645,2.66581777023203,1.02502448954186,0.313995474858265,1,1,"DMTN",1
"GO:0071168","protein localization to chromatin","1/114","62/18842",0.0161290322580645,2.66581777023203,1.02502448954186,0.313995474858265,1,1,"SIRT6",1
"GO:0072175","epithelial tube formation","1/114","62/18842",0.0161290322580645,2.66581777023203,1.02502448954186,0.313995474858265,1,1,"HES5",1
"GO:0035592","establishment of protein localization to extracellular region","3/114","326/18842",0.00920245398773006,1.52098805295447,0.740323743956444,0.315743625678807,1,1,"SIRT6/SYT7/HNF4A",3
"GO:0071692","protein localization to extracellular region","3/114","326/18842",0.00920245398773006,1.52098805295447,0.740323743956444,0.315743625678807,1,1,"SIRT6/SYT7/HNF4A",3
"GO:0031346","positive regulation of cell projection organization","3/114","327/18842",0.00917431192660551,1.51633671334299,0.73485850386406,0.317400156239541,1,1,"PROM2/JUP/DDR1",3
"GO:0001890","placenta development","1/114","63/18842",0.0158730158730159,2.62350320245057,1.00703808065115,0.318159719579573,1,1,"VDR",1
"GO:0017156","calcium-ion regulated exocytosis","1/114","63/18842",0.0158730158730159,2.62350320245057,1.00703808065115,0.318159719579573,1,1,"SYT7",1
"GO:0032731","positive regulation of interleukin-1 beta production","1/114","63/18842",0.0158730158730159,2.62350320245057,1.00703808065115,0.318159719579573,1,1,"INAVA",1
"GO:0034142","toll-like receptor 4 signaling pathway","1/114","63/18842",0.0158730158730159,2.62350320245057,1.00703808065115,0.318159719579573,1,1,"MIR200B",1
"GO:0035107","appendage morphogenesis","1/114","63/18842",0.0158730158730159,2.62350320245057,1.00703808065115,0.318159719579573,1,1,"IHH",1
"GO:0035108","limb morphogenesis","1/114","63/18842",0.0158730158730159,2.62350320245057,1.00703808065115,0.318159719579573,1,1,"IHH",1
"GO:0071300","cellular response to retinoic acid","1/114","63/18842",0.0158730158730159,2.62350320245057,1.00703808065115,0.318159719579573,1,1,"KLF4",1
"GO:0140719","constitutive heterochromatin formation","1/114","63/18842",0.0158730158730159,2.62350320245057,1.00703808065115,0.318159719579573,1,1,"SIRT6",1
"GO:0141137","positive regulation of gene expression, epigenetic","1/114","63/18842",0.0158730158730159,2.62350320245057,1.00703808065115,0.318159719579573,1,1,"PADI2",1
"GO:0032200","telomere organization","2/114","190/18842",0.0105263157894737,1.73979686057248,0.799623006832836,0.31949872194279,1,1,"KLF4/SIRT6",2
"GO:0003007","heart morphogenesis","2/114","191/18842",0.0104712041884817,1.73068797648572,0.791874364602057,0.321720113846062,1,1,"EDN1/IHH",2
"GO:1902600","proton transmembrane transport","2/114","191/18842",0.0104712041884817,1.73068797648572,0.791874364602057,0.321720113846062,1,1,"SLC9A2/COX8A",2
"GO:0003151","outflow tract morphogenesis","1/114","64/18842",0.015625,2.58251096491228,0.989397360854911,0.322298906542027,1,1,"EDN1",1
"GO:0009798","axis specification","1/114","64/18842",0.015625,2.58251096491228,0.989397360854911,0.322298906542027,1,1,"CDX2",1
"GO:0014823","response to activity","1/114","64/18842",0.015625,2.58251096491228,0.989397360854911,0.322298906542027,1,1,"EDN1",1
"GO:0048706","embryonic skeletal system development","1/114","64/18842",0.015625,2.58251096491228,0.989397360854911,0.322298906542027,1,1,"HOXB9",1
"GO:0002244","hematopoietic progenitor cell differentiation","1/114","65/18842",0.0153846153846154,2.54278002699055,0.972089569303366,0.326413185200787,1,1,"HES5",1
"GO:0010632","regulation of epithelial cell migration","1/114","65/18842",0.0153846153846154,2.54278002699055,0.972089569303366,0.326413185200787,1,1,"RAB25",1
"GO:0010827","regulation of D-glucose transmembrane transport","1/114","65/18842",0.0153846153846154,2.54278002699055,0.972089569303366,0.326413185200787,1,1,"SIRT6",1
"GO:0018105","peptidyl-serine phosphorylation","1/114","65/18842",0.0153846153846154,2.54278002699055,0.972089569303366,0.326413185200787,1,1,"DMTN",1
"GO:0032922","circadian regulation of gene expression","1/114","65/18842",0.0153846153846154,2.54278002699055,0.972089569303366,0.326413185200787,1,1,"SIRT6",1
"GO:0045806","negative regulation of endocytosis","1/114","65/18842",0.0153846153846154,2.54278002699055,0.972089569303366,0.326413185200787,1,1,"PROM2",1
"GO:0048144","fibroblast proliferation","1/114","65/18842",0.0153846153846154,2.54278002699055,0.972089569303366,0.326413185200787,1,1,"SIRT6",1
"GO:0050909","sensory perception of taste","1/114","65/18842",0.0153846153846154,2.54278002699055,0.972089569303366,0.326413185200787,1,1,"SCNN1A",1
"GO:0051893","regulation of focal adhesion assembly","1/114","65/18842",0.0153846153846154,2.54278002699055,0.972089569303366,0.326413185200787,1,1,"DMTN",1
"GO:0060760","positive regulation of response to cytokine stimulus","1/114","65/18842",0.0153846153846154,2.54278002699055,0.972089569303366,0.326413185200787,1,1,"EDN1",1
"GO:0090109","regulation of cell-substrate junction assembly","1/114","65/18842",0.0153846153846154,2.54278002699055,0.972089569303366,0.326413185200787,1,1,"DMTN",1
"GO:0097035","regulation of membrane lipid distribution","1/114","65/18842",0.0153846153846154,2.54278002699055,0.972089569303366,0.326413185200787,1,1,"SERINC2",1
"GO:0141156","cAMP/PKA signal transduction","1/114","65/18842",0.0153846153846154,2.54278002699055,0.972089569303366,0.326413185200787,1,1,"EDN1",1
"GO:2000134","negative regulation of G1/S transition of mitotic cell cycle","1/114","65/18842",0.0153846153846154,2.54278002699055,0.972089569303366,0.326413185200787,1,1,"KLF4",1
"GO:2000401","regulation of lymphocyte migration","1/114","65/18842",0.0153846153846154,2.54278002699055,0.972089569303366,0.326413185200787,1,1,"PADI2",1
"GO:0003012","muscle system process","4/114","477/18842",0.00838574423480084,1.38600169186068,0.666210742776505,0.326807906795698,1,1,"NEDD4L/EDN1/KLF4/JUP",4
"GO:0032956","regulation of actin cytoskeleton organization","3/114","334/18842",0.00898203592814371,1.4845572013867,0.697103463419625,0.32899976314549,1,1,"DMTN/EDN1/KANK4",3
"GO:0006469","negative regulation of protein kinase activity","1/114","66/18842",0.0151515151515152,2.50425305688464,0.955102610981118,0.330502704127512,1,1,"GPRC5A",1
"GO:0030193","regulation of blood coagulation","1/114","66/18842",0.0151515151515152,2.50425305688464,0.955102610981118,0.330502704127512,1,1,"EDN1",1
"GO:0046637","regulation of alpha-beta T cell differentiation","1/114","66/18842",0.0151515151515152,2.50425305688464,0.955102610981118,0.330502704127512,1,1,"IHH",1
"GO:0046849","bone remodeling","1/114","66/18842",0.0151515151515152,2.50425305688464,0.955102610981118,0.330502704127512,1,1,"SYT7",1
"GO:0048662","negative regulation of smooth muscle cell proliferation","1/114","66/18842",0.0151515151515152,2.50425305688464,0.955102610981118,0.330502704127512,1,1,"KLF4",1
"GO:0072348","sulfur compound transport","1/114","66/18842",0.0151515151515152,2.50425305688464,0.955102610981118,0.330502704127512,1,1,"SLC44A4",1
"GO:0072577","endothelial cell apoptotic process","1/114","66/18842",0.0151515151515152,2.50425305688464,0.955102610981118,0.330502704127512,1,1,"PAK4",1
"GO:0140962","multicellular organismal-level chemical homeostasis","1/114","66/18842",0.0151515151515152,2.50425305688464,0.955102610981118,0.330502704127512,1,1,"SCNN1A",1
"GO:0050920","regulation of chemotaxis","2/114","196/18842",0.0102040816326531,1.68653777300394,0.753803817918587,0.332800107964383,1,1,"EDN1/PADI2",2
"GO:0008652","amino acid biosynthetic process","1/114","67/18842",0.0149253731343284,2.46687614558785,0.938425012322691,0.334567611015532,1,1,"BCAT2",1
"GO:0018209","peptidyl-serine modification","1/114","67/18842",0.0149253731343284,2.46687614558785,0.938425012322691,0.334567611015532,1,1,"DMTN",1
"GO:0030239","myofibril assembly","1/114","67/18842",0.0149253731343284,2.46687614558785,0.938425012322691,0.334567611015532,1,1,"EDN1",1
"GO:0030516","regulation of axon extension","1/114","67/18842",0.0149253731343284,2.46687614558785,0.938425012322691,0.334567611015532,1,1,"JUP",1
"GO:0030879","mammary gland development","1/114","67/18842",0.0149253731343284,2.46687614558785,0.938425012322691,0.334567611015532,1,1,"DDR1",1
"GO:0090559","regulation of membrane permeability","1/114","67/18842",0.0149253731343284,2.46687614558785,0.938425012322691,0.334567611015532,1,1,"CLDN3",1
"GO:1900046","regulation of hemostasis","1/114","67/18842",0.0149253731343284,2.46687614558785,0.938425012322691,0.334567611015532,1,1,"EDN1",1
"GO:0031400","negative regulation of protein modification process","2/114","197/18842",0.0101522842639594,1.67797666755722,0.746320493598683,0.335010303201118,1,1,"DMTN/GPRC5A",2
"GO:0046890","regulation of lipid biosynthetic process","2/114","197/18842",0.0101522842639594,1.67797666755722,0.746320493598683,0.335010303201118,1,1,"EDN1/CLCN2",2
"GO:0043065","positive regulation of apoptotic process","4/114","484/18842",0.00826446280991736,1.36595621284617,0.636352599809141,0.336429764568965,1,1,"FOXA1/SPDEF/MIR200B/ITM2C",4
"GO:0002720","positive regulation of cytokine production involved in immune response","1/114","68/18842",0.0147058823529412,2.43059855521156,0.922045880405316,0.338608052684999,1,1,"INAVA",1
"GO:0019233","sensory perception of pain","1/114","68/18842",0.0147058823529412,2.43059855521156,0.922045880405316,0.338608052684999,1,1,"MGLL",1
"GO:0030324","lung development","1/114","68/18842",0.0147058823529412,2.43059855521156,0.922045880405316,0.338608052684999,1,1,"CLCN2",1
"GO:0051898","negative regulation of phosphatidylinositol 3-kinase/protein kinase B signal transduction","1/114","68/18842",0.0147058823529412,2.43059855521156,0.922045880405316,0.338608052684999,1,1,"KLF4",1
"GO:0001656","metanephros development","1/114","69/18842",0.0144927536231884,2.395372489194,0.905954865382439,0.342624175087998,1,1,"HES5",1
"GO:0006576","biogenic amine metabolic process","1/114","69/18842",0.0144927536231884,2.395372489194,0.905954865382439,0.342624175087998,1,1,"AOC1",1
"GO:0008543","fibroblast growth factor receptor signaling pathway","1/114","69/18842",0.0144927536231884,2.395372489194,0.905954865382439,0.342624175087998,1,1,"FGFR3",1
"GO:0098900","regulation of action potential","1/114","69/18842",0.0144927536231884,2.395372489194,0.905954865382439,0.342624175087998,1,1,"JUP",1
"GO:0007601","visual perception","2/114","201/18842",0.00995024875621891,1.64458409705857,0.716806132421591,0.343829853446863,1,1,"CNNM4/CRB2",2
"GO:0006801","superoxide metabolic process","1/114","70/18842",0.0142857142857143,2.36115288220551,0.890142125857477,0.346616123313639,1,1,"EDN1",1
"GO:0030323","respiratory tube development","1/114","70/18842",0.0142857142857143,2.36115288220551,0.890142125857477,0.346616123313639,1,1,"CLCN2",1
"GO:0033143","regulation of intracellular steroid hormone receptor signaling pathway","1/114","70/18842",0.0142857142857143,2.36115288220551,0.890142125857477,0.346616123313639,1,1,"FOXA1",1
"GO:0035148","tube formation","1/114","70/18842",0.0142857142857143,2.36115288220551,0.890142125857477,0.346616123313639,1,1,"HES5",1
"GO:0055013","cardiac muscle cell development","1/114","70/18842",0.0142857142857143,2.36115288220551,0.890142125857477,0.346616123313639,1,1,"EDN1",1
"GO:0060840","artery development","1/114","70/18842",0.0142857142857143,2.36115288220551,0.890142125857477,0.346616123313639,1,1,"EDN1",1
"GO:0071277","cellular response to calcium ion","1/114","70/18842",0.0142857142857143,2.36115288220551,0.890142125857477,0.346616123313639,1,1,"EDN1",1
"GO:1901880","negative regulation of protein depolymerization","1/114","70/18842",0.0142857142857143,2.36115288220551,0.890142125857477,0.346616123313639,1,1,"DMTN",1
"GO:2000036","regulation of stem cell population maintenance","1/114","70/18842",0.0142857142857143,2.36115288220551,0.890142125857477,0.346616123313639,1,1,"SIRT6",1
"GO:0050863","regulation of T cell activation","3/114","346/18842",0.00867052023121387,1.43306966839063,0.634330521626398,0.348877423359663,1,1,"LGALS9C/IHH/LGALS9B",3
"GO:0051960","regulation of nervous system development","3/114","346/18842",0.00867052023121387,1.43306966839063,0.634330521626398,0.348877423359663,1,1,"JUP/CLCN2/HES5",3
"GO:0050953","sensory perception of light stimulus","2/114","204/18842",0.00980392156862745,1.62039903680771,0.695096729326276,0.350420707286162,1,1,"CNNM4/CRB2",2
"GO:0072593","reactive oxygen species metabolic process","2/114","204/18842",0.00980392156862745,1.62039903680771,0.695096729326276,0.350420707286162,1,1,"EDN1/INAVA",2
"GO:0006360","transcription by RNA polymerase I","1/114","71/18842",0.0140845070422535,2.32789720780825,0.874598296929097,0.350584041593111,1,1,"ERBB2",1
"GO:0042310","vasoconstriction","1/114","71/18842",0.0140845070422535,2.32789720780825,0.874598296929097,0.350584041593111,1,1,"EDN1",1
"GO:0043112","receptor metabolic process","1/114","71/18842",0.0140845070422535,2.32789720780825,0.874598296929097,0.350584041593111,1,1,"NEDD4L",1
"GO:0071346","cellular response to type II interferon","1/114","71/18842",0.0140845070422535,2.32789720780825,0.874598296929097,0.350584041593111,1,1,"EDN1",1
"GO:0010611","regulation of cardiac muscle hypertrophy","1/114","72/18842",0.0138888888888889,2.29556530214425,0.859314460667247,0.354528073304708,1,1,"EDN1",1
"GO:0030330","DNA damage response, signal transduction by p53 class mediator","1/114","72/18842",0.0138888888888889,2.29556530214425,0.859314460667247,0.354528073304708,1,1,"ACER2",1
"GO:0048488","synaptic vesicle endocytosis","1/114","72/18842",0.0138888888888889,2.29556530214425,0.859314460667247,0.354528073304708,1,1,"SYT7",1
"GO:0050818","regulation of coagulation","1/114","72/18842",0.0138888888888889,2.29556530214425,0.859314460667247,0.354528073304708,1,1,"EDN1",1
"GO:0098704","carbohydrate import across plasma membrane","1/114","72/18842",0.0138888888888889,2.29556530214425,0.859314460667247,0.354528073304708,1,1,"SIRT6",1
"GO:0098708","D-glucose import across plasma membrane","1/114","72/18842",0.0138888888888889,2.29556530214425,0.859314460667247,0.354528073304708,1,1,"SIRT6",1
"GO:0140271","hexose import across plasma membrane","1/114","72/18842",0.0138888888888889,2.29556530214425,0.859314460667247,0.354528073304708,1,1,"SIRT6",1
"GO:0140895","cell surface toll-like receptor signaling pathway","1/114","72/18842",0.0138888888888889,2.29556530214425,0.859314460667247,0.354528073304708,1,1,"MIR200B",1
"GO:1903578","regulation of ATP metabolic process","1/114","72/18842",0.0138888888888889,2.29556530214425,0.859314460667247,0.354528073304708,1,1,"SIRT6",1
"GO:0006367","transcription initiation at RNA polymerase II promoter","2/114","207/18842",0.00966183574879227,1.596914992796,0.673738959572422,0.356989587705297,1,1,"E2F2/PADI2",2
"GO:0006970","response to osmotic stress","1/114","73/18842",0.0136986301369863,2.26411920211488,0.84428211880393,0.35844836097883,1,1,"CLCN2",1
"GO:0033673","negative regulation of kinase activity","1/114","73/18842",0.0136986301369863,2.26411920211488,0.84428211880393,0.35844836097883,1,1,"GPRC5A",1
"GO:0045744","negative regulation of G protein-coupled receptor signaling pathway","1/114","73/18842",0.0136986301369863,2.26411920211488,0.84428211880393,0.35844836097883,1,1,"PADI2",1
"GO:0051149","positive regulation of muscle cell differentiation","1/114","73/18842",0.0136986301369863,2.26411920211488,0.84428211880393,0.35844836097883,1,1,"EDN1",1
"GO:1902807","negative regulation of cell cycle G1/S phase transition","1/114","73/18842",0.0136986301369863,2.26411920211488,0.84428211880393,0.35844836097883,1,1,"KLF4",1
"GO:0008016","regulation of heart contraction","2/114","208/18842",0.00961538461538462,1.5892375168691,0.666695789993056,0.359174096946216,1,1,"EDN1/JUP",2
"GO:0001503","ossification","3/114","354/18842",0.00847457627118644,1.40068391317276,0.593768660381336,0.362102918932999,1,1,"RFLNA/FGFR3/VDR",3
"GO:0008589","regulation of smoothened signaling pathway","1/114","74/18842",0.0135135135135135,2.23352299668089,0.829493167444564,0.36234504630295,1,1,"IHH",1
"GO:0032732","positive regulation of interleukin-1 production","1/114","74/18842",0.0135135135135135,2.23352299668089,0.829493167444564,0.36234504630295,1,1,"INAVA",1
"GO:0042058","regulation of epidermal growth factor receptor signaling pathway","1/114","74/18842",0.0135135135135135,2.23352299668089,0.829493167444564,0.36234504630295,1,1,"GPRC5A",1
"GO:0048477","oogenesis","1/114","74/18842",0.0135135135135135,2.23352299668089,0.829493167444564,0.36234504630295,1,1,"EDN1",1
"GO:0051865","protein autoubiquitination","1/114","74/18842",0.0135135135135135,2.23352299668089,0.829493167444564,0.36234504630295,1,1,"RNF186",1
"GO:1904063","negative regulation of cation transmembrane transport","1/114","74/18842",0.0135135135135135,2.23352299668089,0.829493167444564,0.36234504630295,1,1,"NEDD4L",1
"GO:0002685","regulation of leukocyte migration","2/114","210/18842",0.00952380952380952,1.57410192147034,0.652721037043134,0.363535146706308,1,1,"EDN1/PADI2",2
"GO:0006605","protein targeting","2/114","210/18842",0.00952380952380952,1.57410192147034,0.652721037043134,0.363535146706308,1,1,"DMTN/ERBB2",2
"GO:0072594","establishment of protein localization to organelle","3/114","356/18842",0.00842696629213483,1.3928149024246,0.583781301225156,0.365403954901091,1,1,"NEURL1B/SIRT6/JUP",3
"GO:0014743","regulation of muscle hypertrophy","1/114","75/18842",0.0133333333333333,2.20374269005848,0.814939873625191,0.366218270126558,1,1,"EDN1",1
"GO:0030593","neutrophil chemotaxis","1/114","75/18842",0.0133333333333333,2.20374269005848,0.814939873625191,0.366218270126558,1,1,"EDN1",1
"GO:1903053","regulation of extracellular matrix organization","1/114","75/18842",0.0133333333333333,2.20374269005848,0.814939873625191,0.366218270126558,1,1,"DDR1",1
"GO:0044092","negative regulation of molecular function","2/114","213/18842",0.00938967136150235,1.55193147187217,0.632031740927367,0.370056091182558,1,1,"GPRC5A/CRB2",2
"GO:0030901","midbrain development","1/114","76/18842",0.0131578947368421,2.1747460757156,0.80061485355803,0.370068172466067,1,1,"PADI2",1
"GO:0032436","positive regulation of proteasomal ubiquitin-dependent protein catabolic process","1/114","76/18842",0.0131578947368421,2.1747460757156,0.80061485355803,0.370068172466067,1,1,"SIRT6",1
"GO:0048593","camera-type eye morphogenesis","1/114","76/18842",0.0131578947368421,2.1747460757156,0.80061485355803,0.370068172466067,1,1,"CRB2",1
"GO:0140238","presynaptic endocytosis","1/114","76/18842",0.0131578947368421,2.1747460757156,0.80061485355803,0.370068172466067,1,1,"SYT7",1
"GO:0009895","negative regulation of catabolic process","3/114","360/18842",0.00833333333333333,1.37733918128655,0.563984762244509,0.371998118771211,1,1,"SIRT6/CTSA/PAK4",3
"GO:0051962","positive regulation of nervous system development","2/114","214/18842",0.00934579439252336,1.54467945564847,0.625206474618646,0.372224053663999,1,1,"JUP/CLCN2",2
"GO:1902903","regulation of supramolecular fiber organization","3/114","361/18842",0.00831024930747922,1.37352383729407,0.55907219059992,0.373644859616228,1,1,"DMTN/EDN1/KANK4",3
"GO:0006022","aminoglycan metabolic process","1/114","77/18842",0.012987012987013,2.14650262018683,0.786511052423178,0.373894892509702,1,1,"B3GNT3",1
"GO:0009123","nucleoside monophosphate metabolic process","1/114","77/18842",0.012987012987013,2.14650262018683,0.786511052423178,0.373894892509702,1,1,"AK1",1
"GO:0032370","positive regulation of lipid transport","1/114","77/18842",0.012987012987013,2.14650262018683,0.786511052423178,0.373894892509702,1,1,"EDN1",1
"GO:0035270","endocrine system development","1/114","77/18842",0.012987012987013,2.14650262018683,0.786511052423178,0.373894892509702,1,1,"EDN1",1
"GO:0010720","positive regulation of cell development","3/114","362/18842",0.00828729281767956,1.36972957255016,0.554174056592761,0.375290828801111,1,1,"JUP/IHH/CLCN2",3
"GO:0046034","ATP metabolic process","2/114","216/18842",0.00925925925925926,1.53037686809617,0.611660380885358,0.376551181407355,1,1,"SIRT6/AK1",2
"GO:0030166","proteoglycan biosynthetic process","1/114","78/18842",0.0128205128205128,2.11898335582546,0.772621725577954,0.377698568622353,1,1,"B3GNT3",1
"GO:0048565","digestive tract development","1/114","78/18842",0.0128205128205128,2.11898335582546,0.772621725577954,0.377698568622353,1,1,"CDX2",1
"GO:0055006","cardiac cell development","1/114","78/18842",0.0128205128205128,2.11898335582546,0.772621725577954,0.377698568622353,1,1,"EDN1",1
"GO:0061387","regulation of extent of cell growth","1/114","78/18842",0.0128205128205128,2.11898335582546,0.772621725577954,0.377698568622353,1,1,"JUP",1
"GO:0097120","receptor localization to synapse","1/114","78/18842",0.0128205128205128,2.11898335582546,0.772621725577954,0.377698568622353,1,1,"ERBB2",1
"GO:0097581","lamellipodium organization","1/114","78/18842",0.0128205128205128,2.11898335582546,0.772621725577954,0.377698568622353,1,1,"DMTN",1
"GO:0030595","leukocyte chemotaxis","2/114","217/18842",0.00921658986175115,1.52332444013259,0.604938804634152,0.378710259323121,1,1,"EDN1/PADI2",2
"GO:0042692","muscle cell differentiation","3/114","365/18842",0.00821917808219178,1.35847152126893,0.539565361940253,0.380223852331896,1,1,"EDN1/SIRT6/MIR200B",3
"GO:0017148","negative regulation of translation","2/114","218/18842",0.00917431192660551,1.51633671334299,0.598251052619529,0.380866289413015,1,1,"GRB7/MIR200B",2
"GO:0034766","negative regulation of monoatomic ion transmembrane transport","1/114","79/18842",0.0126582278481013,2.09216078170109,0.758940421067539,0.381479338350399,1,1,"NEDD4L",1
"GO:0050810","regulation of steroid biosynthetic process","1/114","79/18842",0.0126582278481013,2.09216078170109,0.758940421067539,0.381479338350399,1,1,"CLCN2",1
"GO:0051057","positive regulation of small GTPase mediated signal transduction","1/114","79/18842",0.0126582278481013,2.09216078170109,0.758940421067539,0.381479338350399,1,1,"ERBB2",1
"GO:0009308","amine metabolic process","1/114","80/18842",0.0125,2.06600877192982,0.745460963331485,0.38523733842651,1,1,"AOC1",1
"GO:0032024","positive regulation of insulin secretion","1/114","80/18842",0.0125,2.06600877192982,0.745460963331485,0.38523733842651,1,1,"SIRT6",1
"GO:0033627","cell adhesion mediated by integrin","1/114","80/18842",0.0125,2.06600877192982,0.745460963331485,0.38523733842651,1,1,"ACER2",1
"GO:0034103","regulation of tissue remodeling","1/114","80/18842",0.0125,2.06600877192982,0.745460963331485,0.38523733842651,1,1,"SYT7",1
"GO:0043242","negative regulation of protein-containing complex disassembly","1/114","80/18842",0.0125,2.06600877192982,0.745460963331485,0.38523733842651,1,1,"DMTN",1
"GO:1901184","regulation of ERBB signaling pathway","1/114","80/18842",0.0125,2.06600877192982,0.745460963331485,0.38523733842651,1,1,"GPRC5A",1
"GO:0009100","glycoprotein metabolic process","3/114","370/18842",0.00810810810810811,1.34011379800853,0.515497844045138,0.38842778026671,1,1,"B3GNT3/ACER2/ITM2C",3
"GO:0006094","gluconeogenesis","1/114","81/18842",0.0123456790123457,2.04050249079489,0.732177438010386,0.388972704774413,1,1,"SIRT6",1
"GO:0010569","regulation of double-strand break repair via homologous recombination","1/114","81/18842",0.0123456790123457,2.04050249079489,0.732177438010386,0.388972704774413,1,1,"SIRT6",1
"GO:0031503","protein-containing complex localization","1/114","81/18842",0.0123456790123457,2.04050249079489,0.732177438010386,0.388972704774413,1,1,"ERBB2",1
"GO:0042476","odontogenesis","1/114","81/18842",0.0123456790123457,2.04050249079489,0.732177438010386,0.388972704774413,1,1,"EDN1",1
"GO:0045921","positive regulation of exocytosis","1/114","81/18842",0.0123456790123457,2.04050249079489,0.732177438010386,0.388972704774413,1,1,"SYT7",1
"GO:0051591","response to cAMP","1/114","81/18842",0.0123456790123457,2.04050249079489,0.732177438010386,0.388972704774413,1,1,"DMTN",1
"GO:0070534","protein K63-linked ubiquitination","1/114","81/18842",0.0123456790123457,2.04050249079489,0.732177438010386,0.388972704774413,1,1,"RNF186",1
"GO:0090049","regulation of cell migration involved in sprouting angiogenesis","1/114","81/18842",0.0123456790123457,2.04050249079489,0.732177438010386,0.388972704774413,1,1,"KLF4",1
"GO:0045859","regulation of protein kinase activity","2/114","222/18842",0.00900900900900901,1.48901533112059,0.571831169010795,0.389459098277596,1,1,"GPRC5A/ERBB2",2
"GO:0006140","regulation of nucleotide metabolic process","1/114","82/18842",0.0121951219512195,2.01561831407788,0.719084177765783,0.392685572513644,1,1,"SIRT6",1
"GO:0042440","pigment metabolic process","1/114","82/18842",0.0121951219512195,2.01561831407788,0.719084177765783,0.392685572513644,1,1,"SLC6A9",1
"GO:1900542","regulation of purine nucleotide metabolic process","1/114","82/18842",0.0121951219512195,2.01561831407788,0.719084177765783,0.392685572513644,1,1,"SIRT6",1
"GO:0002752","cell surface pattern recognition receptor signaling pathway","1/114","83/18842",0.0120481927710843,1.99133375607694,0.706175749034185,0.396376075964255,1,1,"MIR200B",1
"GO:0048041","focal adhesion assembly","1/114","83/18842",0.0120481927710843,1.99133375607694,0.706175749034185,0.396376075964255,1,1,"DMTN",1
"GO:0050848","regulation of calcium-mediated signaling","1/114","83/18842",0.0120481927710843,1.99133375607694,0.706175749034185,0.396376075964255,1,1,"EDN1",1
"GO:0055123","digestive system development","1/114","83/18842",0.0120481927710843,1.99133375607694,0.706175749034185,0.396376075964255,1,1,"CDX2",1
"GO:0060541","respiratory system development","1/114","83/18842",0.0120481927710843,1.99133375607694,0.706175749034185,0.396376075964255,1,1,"CLCN2",1
"GO:1901568","fatty acid derivative metabolic process","1/114","83/18842",0.0120481927710843,1.99133375607694,0.706175749034185,0.396376075964255,1,1,"GGT6",1
"GO:0006936","muscle contraction","3/114","375/18842",0.008,1.32224561403509,0.49177129423366,0.396606847956516,1,1,"NEDD4L/EDN1/JUP",3
"GO:0010906","regulation of glucose metabolic process","1/114","84/18842",0.0119047619047619,1.96762740183793,0.693446939643164,0.400044348651502,1,1,"SIRT6",1
"GO:0019319","hexose biosynthetic process","1/114","84/18842",0.0119047619047619,1.96762740183793,0.693446939643164,0.400044348651502,1,1,"SIRT6",1
"GO:0036465","synaptic vesicle recycling","1/114","84/18842",0.0119047619047619,1.96762740183793,0.693446939643164,0.400044348651502,1,1,"SYT7",1
"GO:0045995","regulation of embryonic development","1/114","84/18842",0.0119047619047619,1.96762740183793,0.693446939643164,0.400044348651502,1,1,"CRB2",1
"GO:0016485","protein processing","2/114","227/18842",0.00881057268722467,1.45621763660252,0.539525752053871,0.400126657599019,1,1,"PRSS8/IHH",2
"GO:0006909","phagocytosis","2/114","228/18842",0.0087719298245614,1.44983071714374,0.533157321135666,0.402249991904441,1,1,"SYT7/CLCN2",2
"GO:0006096","glycolytic process","1/114","85/18842",0.0117647058823529,1.94447884416925,0.680892747223817,0.403690523310513,1,1,"SIRT6",1
"GO:0006939","smooth muscle contraction","1/114","85/18842",0.0117647058823529,1.94447884416925,0.680892747223817,0.403690523310513,1,1,"EDN1",1
"GO:0010631","epithelial cell migration","1/114","85/18842",0.0117647058823529,1.94447884416925,0.680892747223817,0.403690523310513,1,1,"RAB25",1
"GO:0010660","regulation of muscle cell apoptotic process","1/114","85/18842",0.0117647058823529,1.94447884416925,0.680892747223817,0.403690523310513,1,1,"EDN1",1
"GO:0015807","L-amino acid transport","1/114","85/18842",0.0117647058823529,1.94447884416925,0.680892747223817,0.403690523310513,1,1,"SLC6A7",1
"GO:0033273","response to vitamin","1/114","85/18842",0.0117647058823529,1.94447884416925,0.680892747223817,0.403690523310513,1,1,"VDR",1
"GO:0035418","protein localization to synapse","1/114","85/18842",0.0117647058823529,1.94447884416925,0.680892747223817,0.403690523310513,1,1,"ERBB2",1
"GO:0046364","monosaccharide biosynthetic process","1/114","85/18842",0.0117647058823529,1.94447884416925,0.680892747223817,0.403690523310513,1,1,"SIRT6",1
"GO:0046425","regulation of receptor signaling pathway via JAK-STAT","1/114","85/18842",0.0117647058823529,1.94447884416925,0.680892747223817,0.403690523310513,1,1,"HES5",1
"GO:0140029","exocytic process","1/114","85/18842",0.0117647058823529,1.94447884416925,0.680892747223817,0.403690523310513,1,1,"SYT7",1
"GO:0007033","vacuole organization","2/114","230/18842",0.00869565217391304,1.4372234935164,0.520510609640573,0.406486189495855,1,1,"SYT7/TP53INP2",2
"GO:0014909","smooth muscle cell migration","1/114","86/18842",0.0116279069767442,1.921868625051,0.668508368359611,0.407314731890915,1,1,"DDR1",1
"GO:0097194","execution phase of apoptosis","1/114","86/18842",0.0116279069767442,1.921868625051,0.668508368359611,0.407314731890915,1,1,"ERN2",1
"GO:0015980","energy derivation by oxidation of organic compounds","3/114","383/18842",0.00783289817232376,1.29462690669232,0.45449217282525,0.409634335835964,1,1,"COX6B2/SIRT6/COX8A",3
"GO:0072330","monocarboxylic acid biosynthetic process","2/114","232/18842",0.00862068965517241,1.42483363581367,0.507982089674831,0.410708190462018,1,1,"EDN1/MGLL",2
"GO:0007368","determination of left/right symmetry","1/114","87/18842",0.0114942528735632,1.8997781810849,0.656289188416792,0.410917105561444,1,1,"IHH",1
"GO:0046032","ADP catabolic process","1/114","87/18842",0.0114942528735632,1.8997781810849,0.656289188416792,0.410917105561444,1,1,"SIRT6",1
"GO:0055117","regulation of cardiac muscle contraction","1/114","87/18842",0.0114942528735632,1.8997781810849,0.656289188416792,0.410917105561444,1,1,"JUP",1
"GO:0090132","epithelium migration","1/114","87/18842",0.0114942528735632,1.8997781810849,0.656289188416792,0.410917105561444,1,1,"RAB25",1
"GO:0031669","cellular response to nutrient levels","2/114","233/18842",0.00858369098712446,1.41871846999473,0.501761414594179,0.412813781031265,1,1,"PAK4/VDR",2
"GO:0042593","glucose homeostasis","2/114","233/18842",0.00858369098712446,1.41871846999473,0.501761414594179,0.412813781031265,1,1,"SIRT6/HNF4A",2
"GO:0060972","left/right pattern formation","1/114","88/18842",0.0113636363636364,1.87818979266348,0.644230772006194,0.414497774714523,1,1,"IHH",1
"GO:0071347","cellular response to interleukin-1","1/114","88/18842",0.0113636363636364,1.87818979266348,0.644230772006194,0.414497774714523,1,1,"EDN1",1
"GO:1901879","regulation of protein depolymerization","1/114","88/18842",0.0113636363636364,1.87818979266348,0.644230772006194,0.414497774714523,1,1,"DMTN",1
"GO:0006282","regulation of DNA repair","2/114","234/18842",0.00854700854700855,1.41265557055031,0.495569411619211,0.414915720105269,1,1,"SIRT6/EYA2",2
"GO:0006941","striated muscle contraction","2/114","234/18842",0.00854700854700855,1.41265557055031,0.495569411619211,0.414915720105269,1,1,"NEDD4L/JUP",2
"GO:0000082","G1/S transition of mitotic cell cycle","2/114","235/18842",0.00851063829787234,1.40664427025009,0.489405797568371,0.417013974683205,1,1,"CCNJL/KLF4",2
"GO:0009137","purine nucleoside diphosphate catabolic process","1/114","89/18842",0.0112359550561798,1.85708653656613,0.632328854030522,0.418056868970817,1,1,"SIRT6",1
"GO:0009181","purine ribonucleoside diphosphate catabolic process","1/114","89/18842",0.0112359550561798,1.85708653656613,0.632328854030522,0.418056868970817,1,1,"SIRT6",1
"GO:0010232","vascular transport","1/114","89/18842",0.0112359550561798,1.85708653656613,0.632328854030522,0.418056868970817,1,1,"SLC6A9",1
"GO:0010507","negative regulation of autophagy","1/114","89/18842",0.0112359550561798,1.85708653656613,0.632328854030522,0.418056868970817,1,1,"CTSA",1
"GO:0010657","muscle cell apoptotic process","1/114","89/18842",0.0112359550561798,1.85708653656613,0.632328854030522,0.418056868970817,1,1,"EDN1",1
"GO:0050773","regulation of dendrite development","1/114","89/18842",0.0112359550561798,1.85708653656613,0.632328854030522,0.418056868970817,1,1,"NEDD4L",1
"GO:0150104","transport across blood-brain barrier","1/114","89/18842",0.0112359550561798,1.85708653656613,0.632328854030522,0.418056868970817,1,1,"SLC6A9",1
"GO:1904705","regulation of vascular associated smooth muscle cell proliferation","1/114","89/18842",0.0112359550561798,1.85708653656613,0.632328854030522,0.418056868970817,1,1,"EDN1",1
"GO:0051222","positive regulation of protein transport","2/114","237/18842",0.00843881856540084,1.39477385446739,0.47716262373226,0.421199300966738,1,1,"SIRT6/JUP",2
"GO:0007029","endoplasmic reticulum organization","1/114","90/18842",0.0111111111111111,1.8364522417154,0.620579331274968,0.421594517183761,1,1,"DMTN",1
"GO:0019364","pyridine nucleotide catabolic process","1/114","90/18842",0.0111111111111111,1.8364522417154,0.620579331274968,0.421594517183761,1,1,"SIRT6",1
"GO:0032755","positive regulation of interleukin-6 production","1/114","90/18842",0.0111111111111111,1.8364522417154,0.620579331274968,0.421594517183761,1,1,"INAVA",1
"GO:0035023","regulation of Rho protein signal transduction","1/114","90/18842",0.0111111111111111,1.8364522417154,0.620579331274968,0.421594517183761,1,1,"ERBB2",1
"GO:1990874","vascular associated smooth muscle cell proliferation","1/114","90/18842",0.0111111111111111,1.8364522417154,0.620579331274968,0.421594517183761,1,1,"EDN1",1
"GO:0009205","purine ribonucleoside triphosphate metabolic process","2/114","238/18842",0.00840336134453781,1.38891346012089,0.471082517578179,0.423286309274769,1,1,"SIRT6/AK1",2
"GO:0007044","cell-substrate junction assembly","1/114","91/18842",0.010989010989011,1.8162714478504,0.608978254502527,0.425110847444055,1,1,"DMTN",1
"GO:0019646","aerobic electron transport chain","1/114","91/18842",0.010989010989011,1.8162714478504,0.608978254502527,0.425110847444055,1,1,"COX8A",1
"GO:0022600","digestive system process","1/114","91/18842",0.010989010989011,1.8162714478504,0.608978254502527,0.425110847444055,1,1,"INAVA",1
"GO:0090130","tissue migration","1/114","91/18842",0.010989010989011,1.8162714478504,0.608978254502527,0.425110847444055,1,1,"RAB25",1
"GO:0033500","carbohydrate homeostasis","2/114","239/18842",0.00836820083682008,1.38310210673126,0.465029707464513,0.425369506281638,1,1,"SIRT6/HNF4A",2
"GO:0046434","organophosphate catabolic process","2/114","239/18842",0.00836820083682008,1.38310210673126,0.465029707464513,0.425369506281638,1,1,"SIRT6/PLA2G4F",2
"GO:0002690","positive regulation of leukocyte chemotaxis","1/114","92/18842",0.0108695652173913,1.7965293668955,0.597521821018486,0.428605987084148,1,1,"EDN1",1
"GO:0034109","homotypic cell-cell adhesion","1/114","92/18842",0.0108695652173913,1.7965293668955,0.597521821018486,0.428605987084148,1,1,"JUP",1
"GO:0034243","regulation of transcription elongation by RNA polymerase II","1/114","92/18842",0.0108695652173913,1.7965293668955,0.597521821018486,0.428605987084148,1,1,"SIRT6",1
"GO:0043255","regulation of carbohydrate biosynthetic process","1/114","92/18842",0.0108695652173913,1.7965293668955,0.597521821018486,0.428605987084148,1,1,"SIRT6",1
"GO:0051453","regulation of intracellular pH","1/114","92/18842",0.0108695652173913,1.7965293668955,0.597521821018486,0.428605987084148,1,1,"SLC9A2",1
"GO:0090398","cellular senescence","1/114","92/18842",0.0108695652173913,1.7965293668955,0.597521821018486,0.428605987084148,1,1,"SIRT6",1
"GO:0003300","cardiac muscle hypertrophy","1/114","93/18842",0.010752688172043,1.77721184682135,0.586206367671441,0.432080062682677,1,1,"EDN1",1
"GO:0030968","endoplasmic reticulum unfolded protein response","1/114","93/18842",0.010752688172043,1.77721184682135,0.586206367671441,0.432080062682677,1,1,"ERN2",1
"GO:0072526","pyridine-containing compound catabolic process","1/114","93/18842",0.010752688172043,1.77721184682135,0.586206367671441,0.432080062682677,1,1,"SIRT6",1
"GO:1904659","D-glucose transmembrane transport","1/114","93/18842",0.010752688172043,1.77721184682135,0.586206367671441,0.432080062682677,1,1,"SIRT6",1
"GO:1990266","neutrophil migration","1/114","93/18842",0.010752688172043,1.77721184682135,0.586206367671441,0.432080062682677,1,1,"EDN1",1
"GO:0009144","purine nucleoside triphosphate metabolic process","2/114","243/18842",0.00823045267489712,1.36033499386326,0.441086209964819,0.433663580236575,1,1,"SIRT6/AK1",2
"GO:0016054","organic acid catabolic process","2/114","243/18842",0.00823045267489712,1.36033499386326,0.441086209964819,0.433663580236575,1,1,"BCAT2/GPT",2
"GO:0043549","regulation of kinase activity","2/114","243/18842",0.00823045267489712,1.36033499386326,0.441086209964819,0.433663580236575,1,1,"GPRC5A/ERBB2",2
"GO:0046395","carboxylic acid catabolic process","2/114","243/18842",0.00823045267489712,1.36033499386326,0.441086209964819,0.433663580236575,1,1,"BCAT2/GPT",2
"GO:0009191","ribonucleoside diphosphate catabolic process","1/114","94/18842",0.0106382978723404,1.75830533781262,0.575028364260778,0.435533200068893,1,1,"SIRT6",1
"GO:0031398","positive regulation of protein ubiquitination","1/114","94/18842",0.0106382978723404,1.75830533781262,0.575028364260778,0.435533200068893,1,1,"INAVA",1
"GO:0006979","response to oxidative stress","3/114","400/18842",0.0075,1.23960526315789,0.377903609844714,0.43702995554982,1,1,"GPR37L1/EDN1/KLF4",3
"GO:0009134","nucleoside diphosphate catabolic process","1/114","95/18842",0.0105263157894737,1.73979686057248,0.563984407322943,0.438965524327062,1,1,"SIRT6",1
"GO:0014812","muscle cell migration","1/114","95/18842",0.0105263157894737,1.73979686057248,0.563984407322943,0.438965524327062,1,1,"DDR1",1
"GO:0030641","regulation of cellular pH","1/114","95/18842",0.0105263157894737,1.73979686057248,0.563984407322943,0.438965524327062,1,1,"SLC9A2",1
"GO:0032602","chemokine production","1/114","95/18842",0.0105263157894737,1.73979686057248,0.563984407322943,0.438965524327062,1,1,"KLF4",1
"GO:0032642","regulation of chemokine production","1/114","95/18842",0.0105263157894737,1.73979686057248,0.563984407322943,0.438965524327062,1,1,"KLF4",1
"GO:0050768","negative regulation of neurogenesis","1/114","95/18842",0.0105263157894737,1.73979686057248,0.563984407322943,0.438965524327062,1,1,"HES5",1
"GO:0061337","cardiac conduction","1/114","95/18842",0.0105263157894737,1.73979686057248,0.563984407322943,0.438965524327062,1,1,"JUP",1
"GO:0033044","regulation of chromosome organization","2/114","246/18842",0.00813008130081301,1.34374554271858,0.423402638794072,0.439842675459,1,1,"KLF4/SIRT6",2
"GO:0002367","cytokine production involved in immune response","1/114","96/18842",0.0104166666666667,1.72167397660819,0.553071214270955,0.442377159800829,1,1,"INAVA",1
"GO:0002718","regulation of cytokine production involved in immune response","1/114","96/18842",0.0104166666666667,1.72167397660819,0.553071214270955,0.442377159800829,1,1,"INAVA",1
"GO:0009799","specification of symmetry","1/114","96/18842",0.0104166666666667,1.72167397660819,0.553071214270955,0.442377159800829,1,1,"IHH",1
"GO:0009855","determination of bilateral symmetry","1/114","96/18842",0.0104166666666667,1.72167397660819,0.553071214270955,0.442377159800829,1,1,"IHH",1
"GO:0014897","striated muscle hypertrophy","1/114","96/18842",0.0104166666666667,1.72167397660819,0.553071214270955,0.442377159800829,1,1,"EDN1",1
"GO:0042773","ATP synthesis coupled electron transport","1/114","96/18842",0.0104166666666667,1.72167397660819,0.553071214270955,0.442377159800829,1,1,"COX8A",1
"GO:0042775","mitochondrial ATP synthesis coupled electron transport","1/114","96/18842",0.0104166666666667,1.72167397660819,0.553071214270955,0.442377159800829,1,1,"COX8A",1
"GO:0044344","cellular response to fibroblast growth factor stimulus","1/114","96/18842",0.0104166666666667,1.72167397660819,0.553071214270955,0.442377159800829,1,1,"FGFR3",1
"GO:1901655","cellular response to ketone","1/114","96/18842",0.0104166666666667,1.72167397660819,0.553071214270955,0.442377159800829,1,1,"SCNN1A",1
"GO:1905954","positive regulation of lipid localization","1/114","96/18842",0.0104166666666667,1.72167397660819,0.553071214270955,0.442377159800829,1,1,"EDN1",1
"GO:0034446","substrate adhesion-dependent cell spreading","1/114","97/18842",0.0103092783505155,1.70392476035449,0.542285617863611,0.44576823009757,1,1,"DMTN",1
"GO:0110020","regulation of actomyosin structure organization","1/114","97/18842",0.0103092783505155,1.70392476035449,0.542285617863611,0.44576823009757,1,1,"EDN1",1
"GO:2000060","positive regulation of ubiquitin-dependent protein catabolic process","1/114","97/18842",0.0103092783505155,1.70392476035449,0.542285617863611,0.44576823009757,1,1,"SIRT6",1
"GO:0014896","muscle hypertrophy","1/114","98/18842",0.0102040816326531,1.68653777300394,0.531624560982618,0.449138858092709,1,1,"EDN1",1
"GO:0016079","synaptic vesicle exocytosis","1/114","98/18842",0.0102040816326531,1.68653777300394,0.531624560982618,0.449138858092709,1,1,"SYT7",1
"GO:0042982","amyloid precursor protein metabolic process","1/114","98/18842",0.0102040816326531,1.68653777300394,0.531624560982618,0.449138858092709,1,1,"ITM2C",1
"GO:0043124","negative regulation of canonical NF-kappaB signal transduction","1/114","98/18842",0.0102040816326531,1.68653777300394,0.531624560982618,0.449138858092709,1,1,"KLF4",1
"GO:0110053","regulation of actin filament organization","2/114","251/18842",0.00796812749003984,1.3169777032222,0.394432688373945,0.450060004547701,1,1,"DMTN/KANK4",2
"GO:0008645","hexose transmembrane transport","1/114","99/18842",0.0101010101010101,1.66950203792309,0.521085091697529,0.452489165934014,1,1,"SIRT6",1
"GO:0035278","miRNA-mediated gene silencing by inhibition of translation","1/114","99/18842",0.0101010101010101,1.66950203792309,0.521085091697529,0.452489165934014,1,1,"MIR200B",1
"GO:0097006","regulation of plasma lipoprotein particle levels","1/114","99/18842",0.0101010101010101,1.66950203792309,0.521085091697529,0.452489165934014,1,1,"CES3",1
"GO:1901222","regulation of non-canonical NF-kappaB signal transduction","1/114","99/18842",0.0101010101010101,1.66950203792309,0.521085091697529,0.452489165934014,1,1,"EDN1",1
"GO:2000781","positive regulation of double-strand break repair","1/114","99/18842",0.0101010101010101,1.66950203792309,0.521085091697529,0.452489165934014,1,1,"SIRT6",1
"GO:0001938","positive regulation of endothelial cell proliferation","1/114","100/18842",0.01,1.65280701754386,0.510664358599865,0.455819275045871,1,1,"SIRT6",1
"GO:0002042","cell migration involved in sprouting angiogenesis","1/114","100/18842",0.01,1.65280701754386,0.510664358599865,0.455819275045871,1,1,"KLF4",1
"GO:0002220","innate immune response activating cell surface receptor signaling pathway","1/114","100/18842",0.01,1.65280701754386,0.510664358599865,0.455819275045871,1,1,"MIR200B",1
"GO:0006885","regulation of pH","1/114","100/18842",0.01,1.65280701754386,0.510664358599865,0.455819275045871,1,1,"SLC9A2",1
"GO:0050764","regulation of phagocytosis","1/114","100/18842",0.01,1.65280701754386,0.510664358599865,0.455819275045871,1,1,"SYT7",1
"GO:0003018","vascular process in circulatory system","2/114","255/18842",0.00784313725490196,1.29631922944616,0.371692652777579,0.458158982676069,1,1,"EDN1/SLC6A9",2
"GO:0015749","monosaccharide transmembrane transport","1/114","101/18842",0.0099009900990099,1.63644259162758,0.500359606389195,0.459129306133523,1,1,"SIRT6",1
"GO:0042116","macrophage activation","1/114","101/18842",0.0099009900990099,1.63644259162758,0.500359606389195,0.459129306133523,1,1,"WNK4",1
"GO:0048592","eye morphogenesis","1/114","101/18842",0.0099009900990099,1.63644259162758,0.500359606389195,0.459129306133523,1,1,"CRB2",1
"GO:0051345","positive regulation of hydrolase activity","1/114","101/18842",0.0099009900990099,1.63644259162758,0.500359606389195,0.459129306133523,1,1,"FGFR3",1
"GO:0070936","protein K48-linked ubiquitination","1/114","101/18842",0.0099009900990099,1.63644259162758,0.500359606389195,0.459129306133523,1,1,"NEDD4L",1
"GO:1903522","regulation of blood circulation","2/114","257/18842",0.00778210116731518,1.28623114205748,0.360463140770612,0.462182982701428,1,1,"EDN1/JUP",2
"GO:0043200","response to amino acid","1/114","102/18842",0.00980392156862745,1.62039903680771,0.490168171695199,0.462419379187297,1,1,"EDN1",1
"GO:0045582","positive regulation of T cell differentiation","1/114","102/18842",0.00980392156862745,1.62039903680771,0.490168171695199,0.462419379187297,1,1,"IHH",1
"GO:0046889","positive regulation of lipid biosynthetic process","1/114","102/18842",0.00980392156862745,1.62039903680771,0.490168171695199,0.462419379187297,1,1,"EDN1",1
"GO:0019218","regulation of steroid metabolic process","1/114","103/18842",0.00970873786407767,1.60466700732414,0.480087479120888,0.465689613486797,1,1,"CLCN2",1
"GO:0035279","miRNA-mediated gene silencing by mRNA destabilization","1/114","103/18842",0.00970873786407767,1.60466700732414,0.480087479120888,0.465689613486797,1,1,"MIR200B",1
"GO:0051961","negative regulation of nervous system development","1/114","103/18842",0.00970873786407767,1.60466700732414,0.480087479120888,0.465689613486797,1,1,"HES5",1
"GO:0071774","response to fibroblast growth factor","1/114","103/18842",0.00970873786407767,1.60466700732414,0.480087479120888,0.465689613486797,1,1,"FGFR3",1
"GO:0072676","lymphocyte migration","1/114","103/18842",0.00970873786407767,1.60466700732414,0.480087479120888,0.465689613486797,1,1,"PADI2",1
"GO:0009141","nucleoside triphosphate metabolic process","2/114","259/18842",0.00772200772200772,1.27629885524622,0.349325069607525,0.466189749379932,1,1,"SIRT6/AK1",2
"GO:0032386","regulation of intracellular transport","2/114","260/18842",0.00769230769230769,1.27139001349528,0.3437898170265,0.468186616180302,1,1,"SIRT6/JUP",2
"GO:0032784","regulation of DNA-templated transcription elongation","1/114","104/18842",0.00961538461538462,1.5892375168691,0.470115037493248,0.46894012760508,1,1,"SIRT6",1
"GO:0034620","cellular response to unfolded protein","1/114","104/18842",0.00961538461538462,1.5892375168691,0.470115037493248,0.46894012760508,1,1,"ERN2",1
"GO:0045446","endothelial cell differentiation","1/114","104/18842",0.00961538461538462,1.5892375168691,0.470115037493248,0.46894012760508,1,1,"CLDN3",1
"GO:0050770","regulation of axonogenesis","1/114","104/18842",0.00961538461538462,1.5892375168691,0.470115037493248,0.46894012760508,1,1,"JUP",1
"GO:0120162","positive regulation of cold-induced thermogenesis","1/114","104/18842",0.00961538461538462,1.5892375168691,0.470115037493248,0.46894012760508,1,1,"SIRT6",1
"GO:1904892","regulation of receptor signaling pathway via STAT","1/114","104/18842",0.00961538461538462,1.5892375168691,0.470115037493248,0.46894012760508,1,1,"HES5",1
"GO:0001960","negative regulation of cytokine-mediated signaling pathway","1/114","105/18842",0.00952380952380952,1.57410192147034,0.460248436308529,0.472171039412798,1,1,"PADI2",1
"GO:0006029","proteoglycan metabolic process","1/114","105/18842",0.00952380952380952,1.57410192147034,0.460248436308529,0.472171039412798,1,1,"B3GNT3",1
"GO:0006942","regulation of striated muscle contraction","1/114","105/18842",0.00952380952380952,1.57410192147034,0.460248436308529,0.472171039412798,1,1,"JUP",1
"GO:0007193","adenylate cyclase-inhibiting G protein-coupled receptor signaling pathway","1/114","105/18842",0.00952380952380952,1.57410192147034,0.460248436308529,0.472171039412798,1,1,"GPR37L1",1
"GO:0032963","collagen metabolic process","1/114","105/18842",0.00952380952380952,1.57410192147034,0.460248436308529,0.472171039412798,1,1,"MMP15",1
"GO:0006672","ceramide metabolic process","1/114","106/18842",0.00943396226415094,1.55925190334326,0.450485342360312,0.475382466082326,1,1,"ACER2",1
"GO:0010811","positive regulation of cell-substrate adhesion","1/114","106/18842",0.00943396226415094,1.55925190334326,0.450485342360312,0.475382466082326,1,1,"JUP",1
"GO:0010977","negative regulation of neuron projection development","1/114","106/18842",0.00943396226415094,1.55925190334326,0.450485342360312,0.475382466082326,1,1,"ITM2C",1
"GO:0032637","interleukin-8 production","1/114","106/18842",0.00943396226415094,1.55925190334326,0.450485342360312,0.475382466082326,1,1,"KLF4",1
"GO:0032677","regulation of interleukin-8 production","1/114","106/18842",0.00943396226415094,1.55925190334326,0.450485342360312,0.475382466082326,1,1,"KLF4",1
"GO:0051224","negative regulation of protein transport","1/114","106/18842",0.00943396226415094,1.55925190334326,0.450485342360312,0.475382466082326,1,1,"SIRT6",1
"GO:0044843","cell cycle G1/S phase transition","2/114","265/18842",0.00754716981132075,1.24740152267461,0.316443525807393,0.478104961211888,1,1,"CCNJL/KLF4",2
"GO:0071900","regulation of protein serine/threonine kinase activity","1/114","107/18842",0.00934579439252336,1.54467945564847,0.440823496539308,0.47857452409186,1,1,"ERBB2",1
"GO:0006352","DNA-templated transcription initiation","2/114","266/18842",0.0075187969924812,1.24271204326606,0.311038925958861,0.48007529460723,1,1,"E2F2/PADI2",2
"GO:0019217","regulation of fatty acid metabolic process","1/114","108/18842",0.00925925925925926,1.53037686809617,0.431260710794617,0.481747329229491,1,1,"EDN1",1
"GO:0030148","sphingolipid biosynthetic process","1/114","108/18842",0.00925925925925926,1.53037686809617,0.431260710794617,0.481747329229491,1,1,"ACER2",1
"GO:0007040","lysosome organization","1/114","109/18842",0.00917431192660551,1.51633671334299,0.421794865246883,0.484900996597263,1,1,"SYT7",1
"GO:0015908","fatty acid transport","1/114","109/18842",0.00917431192660551,1.51633671334299,0.421794865246883,0.484900996597263,1,1,"EDN1",1
"GO:0030218","erythrocyte differentiation","1/114","109/18842",0.00917431192660551,1.51633671334299,0.421794865246883,0.484900996597263,1,1,"DMTN",1
"GO:0034341","response to type II interferon","1/114","109/18842",0.00917431192660551,1.51633671334299,0.421794865246883,0.484900996597263,1,1,"EDN1",1
"GO:0080171","lytic vacuole organization","1/114","109/18842",0.00917431192660551,1.51633671334299,0.421794865246883,0.484900996597263,1,1,"SYT7",1
"GO:1902106","negative regulation of leukocyte differentiation","1/114","109/18842",0.00917431192660551,1.51633671334299,0.421794865246883,0.484900996597263,1,1,"IHH",1
"GO:2001235","positive regulation of apoptotic signaling pathway","1/114","109/18842",0.00917431192660551,1.51633671334299,0.421794865246883,0.484900996597263,1,1,"ITM2C",1
"GO:0006790","sulfur compound metabolic process","2/114","269/18842",0.00743494423791822,1.22885280114785,0.294951115691189,0.48595928678108,1,1,"GGT6/ETHE1",2
"GO:0034976","response to endoplasmic reticulum stress","2/114","269/18842",0.00743494423791822,1.22885280114785,0.294951115691189,0.48595928678108,1,1,"RNF186/ERN2",2
"GO:0051258","protein polymerization","2/114","269/18842",0.00743494423791822,1.22885280114785,0.294951115691189,0.48595928678108,1,1,"DMTN/KANK4",2
"GO:0090150","establishment of protein localization to membrane","2/114","270/18842",0.00740740740740741,1.22430149447693,0.289629911728348,0.487911555652943,1,1,"DMTN/ERBB2",2
"GO:0042632","cholesterol homeostasis","1/114","110/18842",0.00909090909090909,1.50255183413078,0.412423905444401,0.488035640615195,1,1,"HNF4A",1
"GO:1901800","positive regulation of proteasomal protein catabolic process","1/114","110/18842",0.00909090909090909,1.50255183413078,0.412423905444401,0.488035640615195,1,1,"SIRT6",1
"GO:0001676","long-chain fatty acid metabolic process","1/114","111/18842",0.00900900900900901,1.48901533112059,0.403145839753876,0.491151375025288,1,1,"MGLL",1
"GO:0055092","sterol homeostasis","1/114","111/18842",0.00900900900900901,1.48901533112059,0.403145839753876,0.491151375025288,1,1,"HNF4A",1
"GO:0000209","protein polyubiquitination","2/114","273/18842",0.00732600732600733,1.21084763190026,0.273788052891545,0.493740938572043,1,1,"NEDD4L/RNF186",2
"GO:0015914","phospholipid transport","1/114","112/18842",0.00892857142857143,1.47572055137845,0.393958736878055,0.494248312895509,1,1,"SERINC2",1
"GO:0034101","erythrocyte homeostasis","1/114","112/18842",0.00892857142857143,1.47572055137845,0.393958736878055,0.494248312895509,1,1,"DMTN",1
"GO:0034502","protein localization to chromosome","1/114","112/18842",0.00892857142857143,1.47572055137845,0.393958736878055,0.494248312895509,1,1,"SIRT6",1
"GO:0050830","defense response to Gram-positive bacterium","1/114","112/18842",0.00892857142857143,1.47572055137845,0.393958736878055,0.494248312895509,1,1,"RNASE1",1
"GO:0071621","granulocyte chemotaxis","1/114","112/18842",0.00892857142857143,1.47572055137845,0.393958736878055,0.494248312895509,1,1,"EDN1",1
"GO:0006091","generation of precursor metabolites and energy","3/114","438/18842",0.00684931506849315,1.13205960105744,0.218177330687594,0.496432353233379,1,1,"COX6B2/SIRT6/COX8A",3
"GO:0006090","pyruvate metabolic process","1/114","113/18842",0.00884955752212389,1.46266107747244,0.384860723492991,0.497326566623748,1,1,"SIRT6",1
"GO:0032611","interleukin-1 beta production","1/114","113/18842",0.00884955752212389,1.46266107747244,0.384860723492991,0.497326566623748,1,1,"INAVA",1
"GO:0032651","regulation of interleukin-1 beta production","1/114","113/18842",0.00884955752212389,1.46266107747244,0.384860723492991,0.497326566623748,1,1,"INAVA",1
"GO:0034219","carbohydrate transmembrane transport","1/114","113/18842",0.00884955752212389,1.46266107747244,0.384860723492991,0.497326566623748,1,1,"SIRT6",1
"GO:0045833","negative regulation of lipid metabolic process","1/114","113/18842",0.00884955752212389,1.46266107747244,0.384860723492991,0.497326566623748,1,1,"PAK4",1
"GO:0002702","positive regulation of production of molecular mediator of immune response","1/114","114/18842",0.0087719298245614,1.44983071714374,0.375849981998142,0.500386247941752,1,1,"INAVA",1
"GO:0010927","cellular component assembly involved in morphogenesis","1/114","114/18842",0.0087719298245614,1.44983071714374,0.375849981998142,0.500386247941752,1,1,"EDN1",1
"GO:0022904","respiratory electron transport chain","1/114","114/18842",0.0087719298245614,1.44983071714374,0.375849981998142,0.500386247941752,1,1,"COX8A",1
"GO:0032989","cellular anatomical entity morphogenesis","1/114","114/18842",0.0087719298245614,1.44983071714374,0.375849981998142,0.500386247941752,1,1,"EDN1",1
"GO:1903707","negative regulation of hemopoiesis","1/114","114/18842",0.0087719298245614,1.44983071714374,0.375849981998142,0.500386247941752,1,1,"IHH",1
"GO:0030198","extracellular matrix organization","2/114","278/18842",0.00719424460431655,1.18906979679414,0.247780700059306,0.503364209124396,1,1,"MMP15/DDR1",2
"GO:0000045","autophagosome assembly","1/114","115/18842",0.00869565217391304,1.4372234935164,0.366924748372989,0.503427467919039,1,1,"TP53INP2",1
"GO:0001101","response to acid chemical","1/114","115/18842",0.00869565217391304,1.4372234935164,0.366924748372989,0.503427467919039,1,1,"EDN1",1
"GO:0007292","female gamete generation","1/114","115/18842",0.00869565217391304,1.4372234935164,0.366924748372989,0.503427467919039,1,1,"EDN1",1
"GO:0045621","positive regulation of lymphocyte differentiation","1/114","115/18842",0.00869565217391304,1.4372234935164,0.366924748372989,0.503427467919039,1,1,"IHH",1
"GO:0070555","response to interleukin-1","1/114","115/18842",0.00869565217391304,1.4372234935164,0.366924748372989,0.503427467919039,1,1,"EDN1",1
"GO:0006417","regulation of translation","3/114","443/18842",0.00677200902934537,1.11928240465724,0.198216516347823,0.504024367043802,1,1,"GRB7/MIR200B/ERBB2",3
"GO:0043062","extracellular structure organization","2/114","279/18842",0.00716845878136201,1.1848078978809,0.242637122287681,0.50527487273221,1,1,"MMP15/DDR1",2
"GO:0008643","carbohydrate transport","1/114","116/18842",0.00862068965517241,1.42483363581367,0.358083310134229,0.50645033696679,1,1,"SIRT6",1
"GO:0046683","response to organophosphorus","1/114","116/18842",0.00862068965517241,1.42483363581367,0.358083310134229,0.50645033696679,1,1,"DMTN",1
"GO:0051261","protein depolymerization","1/114","116/18842",0.00862068965517241,1.42483363581367,0.358083310134229,0.50645033696679,1,1,"DMTN",1
"GO:1903305","regulation of regulated secretory pathway","1/114","116/18842",0.00862068965517241,1.42483363581367,0.358083310134229,0.50645033696679,1,1,"SYT7",1
"GO:0045229","external encapsulating structure organization","2/114","280/18842",0.00714285714285714,1.18057644110276,0.237512472716224,0.507180839759825,1,1,"MMP15/DDR1",2
"GO:0051338","regulation of transferase activity","2/114","281/18842",0.00711743772241993,1.1763751014547,0.232406596822199,0.509082096704904,1,1,"GPRC5A/ERBB2",2
"GO:0045931","positive regulation of mitotic cell cycle","1/114","117/18842",0.00854700854700855,1.41265557055031,0.349324004387999,0.509454964841712,1,1,"FOXA1",1
"GO:0062014","negative regulation of small molecule metabolic process","1/114","117/18842",0.00854700854700855,1.41265557055031,0.349324004387999,0.509454964841712,1,1,"SIRT6",1
"GO:0009581","detection of external stimulus","1/114","118/18842",0.00847457627118644,1.40068391317276,0.340645215971928,0.512441460649885,1,1,"JUP",1
"GO:0035967","cellular response to topologically incorrect protein","1/114","118/18842",0.00847457627118644,1.40068391317276,0.340645215971928,0.512441460649885,1,1,"ERN2",1
"GO:1903322","positive regulation of protein modification by small protein conjugation or removal","1/114","118/18842",0.00847457627118644,1.40068391317276,0.340645215971928,0.512441460649885,1,1,"INAVA",1
"GO:0043087","regulation of GTPase activity","1/114","119/18842",0.00840336134453781,1.38891346012089,0.332045375682144,0.515409932850586,1,1,"PROM2",1
"GO:0044272","sulfur compound biosynthetic process","1/114","119/18842",0.00840336134453781,1.38891346012089,0.332045375682144,0.515409932850586,1,1,"GGT6",1
"GO:0045860","positive regulation of protein kinase activity","1/114","119/18842",0.00840336134453781,1.38891346012089,0.332045375682144,0.515409932850586,1,1,"ERBB2",1
"GO:0099072","regulation of postsynaptic membrane neurotransmitter receptor levels","1/114","119/18842",0.00840336134453781,1.38891346012089,0.332045375682144,0.515409932850586,1,1,"ERBB2",1
"GO:1901875","positive regulation of post-translational protein modification","1/114","119/18842",0.00840336134453781,1.38891346012089,0.332045375682144,0.515409932850586,1,1,"INAVA",1
"GO:0043085","positive regulation of catalytic activity","2/114","285/18842",0.00701754385964912,1.15986457371499,0.212167803442877,0.516639765124806,1,1,"FGFR3/ERBB2",2
"GO:0007088","regulation of mitotic nuclear division","1/114","120/18842",0.00833333333333333,1.37733918128655,0.323522958580667,0.518360489260084,1,1,"EDN1",1
"GO:0009154","purine ribonucleotide catabolic process","1/114","120/18842",0.00833333333333333,1.37733918128655,0.323522958580667,0.518360489260084,1,1,"SIRT6",1
"GO:0051249","regulation of lymphocyte activation","3/114","453/18842",0.00662251655629139,1.09457418380388,0.15896493860047,0.519033738410582,1,1,"LGALS9C/IHH/LGALS9B",3
"GO:0009582","detection of abiotic stimulus","1/114","121/18842",0.00826446280991736,1.36595621284617,0.315076482378904,0.521293237055423,1,1,"JUP",1
"GO:0045598","regulation of fat cell differentiation","1/114","121/18842",0.00826446280991736,1.36595621284617,0.315076482378904,0.521293237055423,1,1,"SIRT6",1
"GO:0048813","dendrite morphogenesis","1/114","121/18842",0.00826446280991736,1.36595621284617,0.315076482378904,0.521293237055423,1,1,"NEDD4L",1
"GO:1905037","autophagosome organization","1/114","121/18842",0.00826446280991736,1.36595621284617,0.315076482378904,0.521293237055423,1,1,"TP53INP2",1
"GO:0007586","digestion","1/114","122/18842",0.00819672131147541,1.35475985044579,0.306704505893205,0.524208282778178,1,1,"INAVA",1
"GO:0009142","nucleoside triphosphate biosynthetic process","1/114","122/18842",0.00819672131147541,1.35475985044579,0.306704505893205,0.524208282778178,1,1,"AK1",1
"GO:0030010","establishment of cell polarity","1/114","122/18842",0.00819672131147541,1.35475985044579,0.306704505893205,0.524208282778178,1,1,"CRB2",1
"GO:1903829","positive regulation of protein localization","3/114","457/18842",0.00656455142231947,1.08499366578372,0.143506490530175,0.524970186479295,1,1,"EDN1/SIRT6/JUP",3
"GO:0008360","regulation of cell shape","1/114","123/18842",0.00813008130081301,1.34374554271858,0.298405627568723,0.527105732338182,1,1,"DMTN",1
"GO:0022900","electron transport chain","1/114","123/18842",0.00813008130081301,1.34374554271858,0.298405627568723,0.527105732338182,1,1,"COX8A",1
"GO:0002221","pattern recognition receptor signaling pathway","2/114","291/18842",0.00687285223367698,1.13594984023633,0.182347676333427,0.527832873359398,1,1,"INAVA/MIR200B",2
"GO:0000018","regulation of DNA recombination","1/114","124/18842",0.00806451612903226,1.33290888511602,0.290178484067996,0.529985691017249,1,1,"SIRT6",1
"GO:0030301","cholesterol transport","1/114","124/18842",0.00806451612903226,1.33290888511602,0.290178484067996,0.529985691017249,1,1,"SYT7",1
"GO:0031644","regulation of nervous system process","1/114","124/18842",0.00806451612903226,1.33290888511602,0.290178484067996,0.529985691017249,1,1,"MGLL",1
"GO:0043244","regulation of protein-containing complex disassembly","1/114","124/18842",0.00806451612903226,1.33290888511602,0.290178484067996,0.529985691017249,1,1,"DMTN",1
"GO:0043467","regulation of generation of precursor metabolites and energy","1/114","124/18842",0.00806451612903226,1.33290888511602,0.290178484067996,0.529985691017249,1,1,"SIRT6",1
"GO:0032434","regulation of proteasomal ubiquitin-dependent protein catabolic process","1/114","125/18842",0.008,1.32224561403509,0.282021748920933,0.532848263472855,1,1,"SIRT6",1
"GO:0042177","negative regulation of protein catabolic process","1/114","125/18842",0.008,1.32224561403509,0.282021748920933,0.532848263472855,1,1,"CTSA",1
"GO:0046632","alpha-beta T cell differentiation","1/114","125/18842",0.008,1.32224561403509,0.282021748920933,0.532848263472855,1,1,"IHH",1
"GO:0051592","response to calcium ion","1/114","125/18842",0.008,1.32224561403509,0.282021748920933,0.532848263472855,1,1,"EDN1",1
"GO:0007188","adenylate cyclase-modulating G protein-coupled receptor signaling pathway","2/114","294/18842",0.00680272108843537,1.12435851533596,0.167671538865049,0.533364263459801,1,1,"GPR37L1/VIPR1",2
"GO:0097193","intrinsic apoptotic signaling pathway","2/114","294/18842",0.00680272108843537,1.12435851533596,0.167671538865049,0.533364263459801,1,1,"RNF186/ERN2",2
"GO:0007605","sensory perception of sound","1/114","126/18842",0.00793650793650794,1.31175160122529,0.273934131233052,0.535693553741813,1,1,"TPRN",1
"GO:0033674","positive regulation of kinase activity","1/114","126/18842",0.00793650793650794,1.31175160122529,0.273934131233052,0.535693553741813,1,1,"ERBB2",1
"GO:0006906","vesicle fusion","1/114","127/18842",0.0078740157480315,1.30142284845973,0.265914374448999,0.53852166524392,1,1,"SYT7",1
"GO:0022409","positive regulation of cell-cell adhesion","2/114","297/18842",0.00673400673400673,1.11300135861539,0.153146533519112,0.538851862242755,1,1,"FOXA1/IHH",2
"GO:0090092","regulation of transmembrane receptor protein serine/threonine kinase signaling pathway","2/114","297/18842",0.00673400673400673,1.11300135861539,0.153146533519112,0.538851862242755,1,1,"CRB2/HES5",2
"GO:0002262","myeloid cell homeostasis","1/114","128/18842",0.0078125,1.29125548245614,0.257961255168587,0.541332700785581,1,1,"DMTN",1
"GO:0008037","cell recognition","1/114","128/18842",0.0078125,1.29125548245614,0.257961255168587,0.541332700785581,1,1,"IGSF9",1
"GO:0009261","ribonucleotide catabolic process","1/114","128/18842",0.0078125,1.29125548245614,0.257961255168587,0.541332700785581,1,1,"SIRT6",1
"GO:0070585","protein localization to mitochondrion","1/114","128/18842",0.0078125,1.29125548245614,0.257961255168587,0.541332700785581,1,1,"RNF186",1
"GO:0006913","nucleocytoplasmic transport","2/114","299/18842",0.00668896321070234,1.10555653347415,0.143545444501965,0.542485817227249,1,1,"SIRT6/JUP",2
"GO:0051169","nuclear transport","2/114","299/18842",0.00668896321070234,1.10555653347415,0.143545444501965,0.542485817227249,1,1,"SIRT6/JUP",2
"GO:0015918","sterol transport","1/114","129/18842",0.00775193798449612,1.281245750034,0.250073582012702,0.544126762563419,1,1,"SYT7",1
"GO:0035150","regulation of tube size","1/114","129/18842",0.00775193798449612,1.281245750034,0.250073582012702,0.544126762563419,1,1,"EDN1",1
"GO:0035296","regulation of tube diameter","1/114","129/18842",0.00775193798449612,1.281245750034,0.250073582012702,0.544126762563419,1,1,"EDN1",1
"GO:0097746","blood vessel diameter maintenance","1/114","129/18842",0.00775193798449612,1.281245750034,0.250073582012702,0.544126762563419,1,1,"EDN1",1
"GO:0006195","purine nucleotide catabolic process","1/114","130/18842",0.00769230769230769,1.27139001349528,0.242250194536625,0.546903952167852,1,1,"SIRT6",1
"GO:0009411","response to UV","1/114","130/18842",0.00769230769230769,1.27139001349528,0.242250194536625,0.546903952167852,1,1,"SIRT6",1
"GO:0045471","response to ethanol","1/114","130/18842",0.00769230769230769,1.27139001349528,0.242250194536625,0.546903952167852,1,1,"CLDN3",1
"GO:0014902","myotube differentiation","1/114","131/18842",0.00763358778625954,1.26168474621669,0.234489962188416,0.549664370586667,1,1,"MIR200B",1
"GO:0038061","non-canonical NF-kappaB signal transduction","1/114","131/18842",0.00763358778625954,1.26168474621669,0.234489962188416,0.549664370586667,1,1,"EDN1",1
"GO:0050680","negative regulation of epithelial cell proliferation","1/114","131/18842",0.00763358778625954,1.26168474621669,0.234489962188416,0.549664370586667,1,1,"VDR",1
"GO:0031623","receptor internalization","1/114","132/18842",0.00757575757575758,1.25212652844232,0.226791783310179,0.552408118208554,1,1,"NEDD4L",1
"GO:0045727","positive regulation of translation","1/114","132/18842",0.00757575757575758,1.25212652844232,0.226791783310179,0.552408118208554,1,1,"ERBB2",1
"GO:0090174","organelle membrane fusion","1/114","132/18842",0.00757575757575758,1.25212652844232,0.226791783310179,0.552408118208554,1,1,"SYT7",1
"GO:0002758","innate immune response-activating signaling pathway","2/114","306/18842",0.0065359477124183,1.08026602453847,0.110444261730736,0.555049697838091,1,1,"INAVA/MIR200B",2
"GO:0050807","regulation of synapse organization","2/114","306/18842",0.0065359477124183,1.08026602453847,0.110444261730736,0.555049697838091,1,1,"NEDD4L/IGSF9",2
"GO:0010595","positive regulation of endothelial cell migration","1/114","133/18842",0.0075187969924812,1.24271204326606,0.219154584180109,0.555135294826631,1,1,"EDN1",1
"GO:0014074","response to purine-containing compound","1/114","133/18842",0.0075187969924812,1.24271204326606,0.219154584180109,0.555135294826631,1,1,"DMTN",1
"GO:0032612","interleukin-1 production","1/114","133/18842",0.0075187969924812,1.24271204326606,0.219154584180109,0.555135294826631,1,1,"INAVA",1
"GO:0032652","regulation of interleukin-1 production","1/114","133/18842",0.0075187969924812,1.24271204326606,0.219154584180109,0.555135294826631,1,1,"INAVA",1
"GO:0048771","tissue remodeling","1/114","133/18842",0.0075187969924812,1.24271204326606,0.219154584180109,0.555135294826631,1,1,"SYT7",1
"GO:0097530","granulocyte migration","1/114","133/18842",0.0075187969924812,1.24271204326606,0.219154584180109,0.555135294826631,1,1,"EDN1",1
"GO:0055002","striated muscle cell development","1/114","134/18842",0.00746268656716418,1.23343807279392,0.211577318093371,0.557845999641948,1,1,"EDN1",1
"GO:0051052","regulation of DNA metabolic process","3/114","481/18842",0.00623700623700624,1.03085676769887,0.0534851852045746,0.559736961627997,1,1,"KLF4/SIRT6/EYA2",3
"GO:0050921","positive regulation of chemotaxis","1/114","135/18842",0.00740740740740741,1.22430149447693,0.204058964479957,0.560540331266965,1,1,"EDN1",1
"GO:0051783","regulation of nuclear division","1/114","135/18842",0.00740740740740741,1.22430149447693,0.204058964479957,0.560540331266965,1,1,"EDN1",1
"GO:0097237","cellular response to toxic substance","1/114","135/18842",0.00740740740740741,1.22430149447693,0.204058964479957,0.560540331266965,1,1,"EDN1",1
"GO:1903531","negative regulation of secretion by cell","1/114","136/18842",0.00735294117647059,1.21529927760578,0.196598528057763,0.563218387729015,1,1,"EDN1",1
"GO:0050803","regulation of synapse structure or activity","2/114","311/18842",0.00643086816720257,1.06289840356518,0.0872627889898411,0.563875401878545,1,1,"NEDD4L/IGSF9",2
"GO:0071214","cellular response to abiotic stimulus","2/114","311/18842",0.00643086816720257,1.06289840356518,0.0872627889898411,0.563875401878545,1,1,"SCNN1A/CLCN2",2
"GO:0104004","cellular response to environmental stimulus","2/114","311/18842",0.00643086816720257,1.06289840356518,0.0872627889898411,0.563875401878545,1,1,"SCNN1A/CLCN2",2
"GO:0045787","positive regulation of cell cycle","2/114","312/18842",0.00641025641025641,1.05949167791273,0.0826712502284983,0.565625620543534,1,1,"EDN1/FOXA1",2
"GO:0050714","positive regulation of protein secretion","1/114","137/18842",0.0072992700729927,1.20642847995902,0.189195038019228,0.565880266473744,1,1,"SIRT6",1
"GO:0007266","Rho protein signal transduction","1/114","138/18842",0.0072463768115942,1.197686244597,0.181847547249977,0.568526064368531,1,1,"ERBB2",1
"GO:0045834","positive regulation of lipid metabolic process","1/114","138/18842",0.0072463768115942,1.197686244597,0.181847547249977,0.568526064368531,1,1,"EDN1",1
"GO:0071675","regulation of mononuclear cell migration","1/114","138/18842",0.0072463768115942,1.197686244597,0.181847547249977,0.568526064368531,1,1,"PADI2",1
"GO:0002687","positive regulation of leukocyte migration","1/114","139/18842",0.00719424460431655,1.18906979679414,0.174555131577973,0.571155877705891,1,1,"EDN1",1
"GO:0016482","cytosolic transport","1/114","139/18842",0.00719424460431655,1.18906979679414,0.174555131577973,0.571155877705891,1,1,"SYT7",1
"GO:0007346","regulation of mitotic cell cycle","3/114","492/18842",0.00609756097560976,1.00780915703894,0.0136939069842122,0.575161409050142,1,1,"EDN1/KLF4/FOXA1",3
"GO:0008380","RNA splicing","3/114","492/18842",0.00609756097560976,1.00780915703894,0.0136939069842122,0.575161409050142,1,1,"ESRP1/ILDR1/ESRP2",3
"GO:0032368","regulation of lipid transport","1/114","141/18842",0.00709219858156028,1.17220355854174,0.160131939246611,0.57636793302433,1,1,"EDN1",1
"GO:0002237","response to molecule of bacterial origin","2/114","319/18842",0.00626959247648903,1.03624264422813,0.0509352279552717,0.577737347408966,1,1,"EDN1/INAVA",2
"GO:0007269","neurotransmitter secretion","1/114","142/18842",0.00704225352112676,1.16394860390413,0.152999422596878,0.578950364746442,1,1,"SYT7",1
"GO:0099643","signal release from synapse","1/114","142/18842",0.00704225352112676,1.16394860390413,0.152999422596878,0.578950364746442,1,1,"SYT7",1
"GO:0050954","sensory perception of mechanical stimulus","1/114","144/18842",0.00694444444444444,1.14778265107212,0.138888350968924,0.584068506453094,1,1,"TPRN",1
"GO:0006986","response to unfolded protein","1/114","145/18842",0.00689655172413793,1.13986690865094,0.131908175496423,0.586604402819782,1,1,"ERN2",1
"GO:0031099","regeneration","1/114","145/18842",0.00689655172413793,1.13986690865094,0.131908175496423,0.586604402819782,1,1,"IHH",1
"GO:0006493","protein O-linked glycosylation","1/114","146/18842",0.00684931506849315,1.13205960105744,0.124977191023284,0.589124972861957,1,1,"B3GNT3",1
"GO:0010976","positive regulation of neuron projection development","1/114","146/18842",0.00684931506849315,1.13205960105744,0.124977191023284,0.589124972861957,1,1,"DDR1",1
"GO:0030162","regulation of proteolysis","1/114","146/18842",0.00684931506849315,1.13205960105744,0.124977191023284,0.589124972861957,1,1,"CRB2",1
"GO:0002218","activation of innate immune response","2/114","326/18842",0.00613496932515337,1.01399203530298,0.0198826746646705,0.589603624451571,1,1,"INAVA/MIR200B",2
"GO:0043122","regulation of canonical NF-kappaB signal transduction","2/114","326/18842",0.00613496932515337,1.01399203530298,0.0198826746646705,0.589603624451571,1,1,"KLF4/INAVA",2
"GO:0002700","regulation of production of molecular mediator of immune response","1/114","147/18842",0.00680272108843537,1.12435851533596,0.118094633116281,0.591630308393287,1,1,"INAVA",1
"GO:2000779","regulation of double-strand break repair","1/114","147/18842",0.00680272108843537,1.12435851533596,0.118094633116281,0.591630308393287,1,1,"SIRT6",1
"GO:0072523","purine-containing compound catabolic process","1/114","148/18842",0.00675675675675676,1.11676149834045,0.111259754690894,0.594120500682303,1,1,"SIRT6",1
"GO:0007584","response to nutrient","1/114","149/18842",0.00671140939597315,1.10926645472742,0.104471825499275,0.596595640455611,1,1,"VDR",1
"GO:0090287","regulation of cellular response to growth factor stimulus","2/114","333/18842",0.00600600600600601,0.99267688741373,-0.0105192566262682,0.601223743708842,1,1,"CRB2/HES5",2
"GO:0055001","muscle cell development","1/114","151/18842",0.00662251655629139,1.09457418380388,0.0910339750658752,0.601501122670992,1,1,"EDN1",1
"GO:0030308","negative regulation of cell growth","1/114","152/18842",0.00657894736842105,1.0873730378578,0.0843826731578579,0.60393164388524,1,1,"HNF4A",1
"GO:0071456","cellular response to hypoxia","1/114","152/18842",0.00657894736842105,1.0873730378578,0.0843826731578579,0.60393164388524,1,1,"EDN1",1
"GO:0120161","regulation of cold-induced thermogenesis","1/114","152/18842",0.00657894736842105,1.0873730378578,0.0843826731578579,0.60393164388524,1,1,"SIRT6",1
"GO:0009166","nucleotide catabolic process","1/114","153/18842",0.0065359477124183,1.08026602453847,0.0777755582497051,0.606347470134415,1,1,"SIRT6",1
"GO:0106106","cold-induced thermogenesis","1/114","153/18842",0.0065359477124183,1.08026602453847,0.0777755582497051,0.606347470134415,1,1,"SIRT6",1
"GO:0046496","nicotinamide nucleotide metabolic process","1/114","154/18842",0.00649350649350649,1.07325131009342,0.0712119772173388,0.608748689482945,1,1,"SIRT6",1
"GO:0007249","canonical NF-kappaB signal transduction","2/114","339/18842",0.00589970501474926,0.975107384981628,-0.0360834452480814,0.610987738790226,1,1,"KLF4/INAVA",2
"GO:0006109","regulation of carbohydrate metabolic process","1/114","155/18842",0.00645161290322581,1.06632710809281,0.0646912910634824,0.611135389472186,1,1,"SIRT6",1
"GO:0009150","purine ribonucleotide metabolic process","2/114","340/18842",0.00588235294117647,0.972239422084623,-0.0403011392623188,0.612597476336458,1,1,"SIRT6/AK1",2
"GO:0032635","interleukin-6 production","1/114","156/18842",0.00641025641025641,1.05949167791273,0.0582128745198834,0.613507657123504,1,1,"INAVA",1
"GO:0032675","regulation of interleukin-6 production","1/114","156/18842",0.00641025641025641,1.05949167791273,0.0582128745198834,0.613507657123504,1,1,"INAVA",1
"GO:0071248","cellular response to metal ion","1/114","156/18842",0.00641025641025641,1.05949167791273,0.0582128745198834,0.613507657123504,1,1,"EDN1",1
"GO:0009152","purine ribonucleotide biosynthetic process","1/114","157/18842",0.00636942675159236,1.05274332327634,0.0517761156632628,0.615865578941331,1,1,"AK1",1
"GO:0062013","positive regulation of small molecule metabolic process","1/114","157/18842",0.00636942675159236,1.05274332327634,0.0517761156632628,0.615865578941331,1,1,"EDN1",1
"GO:0036294","cellular response to decreased oxygen levels","1/114","159/18842",0.00628930817610063,1.03950126889551,0.0390251878300261,0.620538728527837,1,1,"EDN1",1
"GO:0045807","positive regulation of endocytosis","1/114","159/18842",0.00628930817610063,1.03950126889551,0.0390251878300261,0.620538728527837,1,1,"NEDD4L",1
"GO:0051017","actin filament bundle assembly","1/114","159/18842",0.00628930817610063,1.03950126889551,0.0390251878300261,0.620538728527837,1,1,"DMTN",1
"GO:0040029","epigenetic regulation of gene expression","2/114","346/18842",0.00578034682080925,0.955379778927086,-0.065356616207848,0.622150436115011,1,1,"SIRT6/PADI2",2
"GO:0007204","positive regulation of cytosolic calcium ion concentration","1/114","160/18842",0.00625,1.03300438596491,0.032709858456408,0.622854126748027,1,1,"EDN1",1
"GO:1902905","positive regulation of supramolecular fiber organization","1/114","160/18842",0.00625,1.03300438596491,0.032709858456408,0.622854126748027,1,1,"EDN1",1
"GO:0006694","steroid biosynthetic process","1/114","161/18842",0.0062111801242236,1.02658820965457,0.0264338652951518,0.625155520043752,1,1,"CLCN2",1
"GO:0035966","response to topologically incorrect protein","1/114","161/18842",0.0062111801242236,1.02658820965457,0.0264338652951518,0.625155520043752,1,1,"ERN2",1
"GO:2000058","regulation of ubiquitin-dependent protein catabolic process","1/114","161/18842",0.0062111801242236,1.02658820965457,0.0264338652951518,0.625155520043752,1,1,"SIRT6",1
"GO:0010639","negative regulation of organelle organization","2/114","348/18842",0.00574712643678161,0.949889090542448,-0.0736148074073369,0.625294621185349,1,1,"DMTN/KANK4",2
"GO:0006006","glucose metabolic process","1/114","163/18842",0.00613496932515337,1.01399203530298,0.0139976968430489,0.62971662722316,1,1,"SIRT6",1
"GO:0031345","negative regulation of cell projection organization","1/114","163/18842",0.00613496932515337,1.01399203530298,0.0139976968430489,0.62971662722316,1,1,"ITM2C",1
"GO:0006887","exocytosis","2/114","351/18842",0.0056980056980057,0.941770380366872,-0.0859163883257172,0.629973334160116,1,1,"SYT7/RAB25",2
"GO:0050900","leukocyte migration","2/114","352/18842",0.00568181818181818,0.939094896331738,-0.0899943538300235,0.631522898753714,1,1,"EDN1/PADI2",2
"GO:0016052","carbohydrate catabolic process","1/114","165/18842",0.00606060606060606,1.00170122275385,0.0017124121302436,0.634222715817031,1,1,"SIRT6",1
"GO:0030258","lipid modification","1/114","166/18842",0.00602409638554217,0.99566687803847,-0.00437493620451913,0.63645533403178,1,1,"SGPP2",1
"GO:0072524","pyridine-containing compound metabolic process","1/114","166/18842",0.00602409638554217,0.99566687803847,-0.00437493620451913,0.63645533403178,1,1,"SIRT6",1
"GO:1990845","adaptive thermogenesis","1/114","166/18842",0.00602409638554217,0.99566687803847,-0.00437493620451913,0.63645533403178,1,1,"SIRT6",1
"GO:0141091","transforming growth factor beta receptor superfamily signaling pathway","2/114","357/18842",0.00560224089635854,0.92594230674726,-0.110218186564672,0.639195813913606,1,1,"CRB2/HES5",2
"GO:0010506","regulation of autophagy","2/114","358/18842",0.00558659217877095,0.923355875722827,-0.114230242803255,0.640715439694202,1,1,"CTSA/ACER2",2
"GO:0072331","signal transduction by p53 class mediator","1/114","168/18842",0.00595238095238095,0.983813700918964,-0.0164415298208369,0.640880125797799,1,1,"ACER2",1
"GO:1905952","regulation of lipid localization","1/114","168/18842",0.00595238095238095,0.983813700918964,-0.0164415298208369,0.640880125797799,1,1,"EDN1",1
"GO:0044282","small molecule catabolic process","2/114","359/18842",0.00557103064066852,0.92078385378488,-0.118231555464641,0.642230088477148,1,1,"BCAT2/GPT",2
"GO:0001936","regulation of endothelial cell proliferation","1/114","169/18842",0.00591715976331361,0.97799231807329,-0.022421739598413,0.643072460897887,1,1,"SIRT6",1
"GO:0045580","regulation of T cell differentiation","1/114","169/18842",0.00591715976331361,0.97799231807329,-0.022421739598413,0.643072460897887,1,1,"IHH",1
"GO:0007005","mitochondrion organization","2/114","360/18842",0.00555555555555556,0.9182261208577,-0.122222191792107,0.643739764285562,1,1,"EDN1/CHCHD10",2
"GO:0009259","ribonucleotide metabolic process","2/114","360/18842",0.00555555555555556,0.9182261208577,-0.122222191792107,0.643739764285562,1,1,"SIRT6/AK1",2
"GO:1902107","positive regulation of leukocyte differentiation","1/114","170/18842",0.00588235294117647,0.972239422084623,-0.0283671852226051,0.64525152904214,1,1,"IHH",1
"GO:1903708","positive regulation of hemopoiesis","1/114","170/18842",0.00588235294117647,0.972239422084623,-0.0283671852226051,0.64525152904214,1,1,"IHH",1
"GO:0009267","cellular response to starvation","1/114","171/18842",0.00584795321637427,0.966553811429158,-0.0342783256103522,0.647417409809557,1,1,"PAK4",1
"GO:0009749","response to glucose","1/114","172/18842",0.00581395348837209,0.9609343125255,-0.0401556107727987,0.649570182306033,1,1,"HNF4A",1
"GO:0031396","regulation of protein ubiquitination","1/114","172/18842",0.00581395348837209,0.9609343125255,-0.0401556107727987,0.649570182306033,1,1,"INAVA",1
"GO:0048284","organelle fusion","1/114","172/18842",0.00581395348837209,0.9609343125255,-0.0401556107727987,0.649570182306033,1,1,"SYT7",1
"GO:0009260","ribonucleotide biosynthetic process","1/114","173/18842",0.00578034682080925,0.955379778927086,-0.0459994820408056,0.651709925167153,1,1,"AK1",1
"GO:0071453","cellular response to oxygen levels","1/114","173/18842",0.00578034682080925,0.955379778927086,-0.0459994820408056,0.651709925167153,1,1,"EDN1",1
"GO:0017157","regulation of exocytosis","1/114","174/18842",0.00574712643678161,0.949889090542448,-0.0518103722834538,0.653836716560958,1,1,"SYT7",1
"GO:0019693","ribose phosphate metabolic process","2/114","367/18842",0.00544959128065395,0.900712271141068,-0.149863228828865,0.654168617056888,1,1,"SIRT6/AK1",2
"GO:0051495","positive regulation of cytoskeleton organization","1/114","175/18842",0.00571428571428571,0.944461152882205,-0.0575887061197972,0.655950634190702,1,1,"EDN1",1
"GO:1901292","nucleoside phosphate catabolic process","1/114","175/18842",0.00571428571428571,0.944461152882205,-0.0575887061197972,0.655950634190702,1,1,"SIRT6",1
"GO:2000045","regulation of G1/S transition of mitotic cell cycle","1/114","175/18842",0.00571428571428571,0.944461152882205,-0.0575887061197972,0.655950634190702,1,1,"KLF4",1
"GO:0051168","nuclear export","1/114","176/18842",0.00568181818181818,0.939094896331738,-0.0633349001241113,0.658051755297589,1,1,"SIRT6",1
"GO:0007156","homophilic cell-cell adhesion","1/114","177/18842",0.00564971751412429,0.933789275448508,-0.0690493630248739,0.660140156663498,1,1,"IGSF9",1
"GO:0009746","response to hexose","1/114","179/18842",0.00558659217877095,0.923355875722827,-0.0803846923524758,0.664279105019502,1,1,"HNF4A",1
"GO:0046390","ribose phosphate biosynthetic process","1/114","179/18842",0.00558659217877095,0.923355875722827,-0.0803846923524758,0.664279105019502,1,1,"AK1",1
"GO:0021537","telencephalon development","1/114","180/18842",0.00555555555555556,0.9182261208577,-0.0860063387148153,0.66632980330101,1,1,"HES5",1
"GO:0002440","production of molecular mediator of immune response","1/114","182/18842",0.00549450549450549,0.908135723925198,-0.0971594910947054,0.670394022931124,1,1,"INAVA",1
"GO:0007163","establishment or maintenance of cell polarity","1/114","182/18842",0.00549450549450549,0.908135723925198,-0.0971594910947054,0.670394022931124,1,1,"CRB2",1
"GO:0016051","carbohydrate biosynthetic process","1/114","184/18842",0.00543478260869565,0.89826468344775,-0.108194904519201,0.674409167940327,1,1,"SIRT6",1
"GO:0051302","regulation of cell division","1/114","184/18842",0.00543478260869565,0.89826468344775,-0.108194904519201,0.674409167940327,1,1,"KDF1",1
"GO:0042770","signal transduction in response to DNA damage","1/114","185/18842",0.00540540540540541,0.893409198672357,-0.113669352392973,0.676398521293034,1,1,"ACER2",1
"GO:0000724","double-strand break repair via homologous recombination","1/114","186/18842",0.00537634408602151,0.888605923410677,-0.11911542466346,0.678375825713498,1,1,"SIRT6",1
"GO:0034284","response to monosaccharide","1/114","186/18842",0.00537634408602151,0.888605923410677,-0.11911542466346,0.678375825713498,1,1,"HNF4A",1
"GO:0055088","lipid homeostasis","1/114","186/18842",0.00537634408602151,0.888605923410677,-0.11911542466346,0.678375825713498,1,1,"HNF4A",1
"GO:0048167","regulation of synaptic plasticity","1/114","188/18842",0.00531914893617021,0.879152668906308,-0.129923796325705,0.682294576667004,1,1,"SYT7",1
"GO:0070374","positive regulation of ERK1 and ERK2 cascade","1/114","189/18842",0.00529100529100529,0.874501067483524,-0.135286757791542,0.68423616658123,1,1,"FGFR3",1
"GO:0007178","cell surface receptor protein serine/threonine kinase signaling pathway","2/114","389/18842",0.0051413881748072,0.849772245523835,-0.233587815716215,0.685379644842236,1,1,"CRB2/HES5",2
"GO:1901991","negative regulation of mitotic cell cycle phase transition","1/114","190/18842",0.00526315789473684,0.869898430286242,-0.140622668076319,0.68616599433064,1,1,"KLF4",1
"GO:0006631","fatty acid metabolic process","2/114","390/18842",0.00512820512820513,0.847593342330184,-0.237286603328547,0.686742601900469,1,1,"EDN1/MGLL",2
"GO:0002753","cytoplasmic pattern recognition receptor signaling pathway","1/114","191/18842",0.00523560209424084,0.865343988242858,-0.145931843935464,0.688084130543716,1,1,"INAVA",1
"GO:0061025","membrane fusion","1/114","191/18842",0.00523560209424084,0.865343988242858,-0.145931843935464,0.688084130543716,1,1,"SYT7",1
"GO:0000725","recombinational repair","1/114","192/18842",0.00520833333333333,0.860836988304094,-0.151214596645071,0.689990645428603,1,1,"SIRT6",1
"GO:1903046","meiotic cell cycle process","1/114","192/18842",0.00520833333333333,0.860836988304094,-0.151214596645071,0.689990645428603,1,1,"EDN1",1
"GO:0006164","purine nucleotide biosynthetic process","1/114","193/18842",0.00518134715025907,0.856376693027906,-0.156471232125886,0.691885608775581,1,1,"AK1",1
"GO:0007189","adenylate cyclase-activating G protein-coupled receptor signaling pathway","1/114","193/18842",0.00518134715025907,0.856376693027906,-0.156471232125886,0.691885608775581,1,1,"VIPR1",1
"GO:0045619","regulation of lymphocyte differentiation","1/114","193/18842",0.00518134715025907,0.856376693027906,-0.156471232125886,0.691885608775581,1,1,"IHH",1
"GO:0001659","temperature homeostasis","1/114","194/18842",0.00515463917525773,0.851962380177247,-0.161702051063845,0.693769089959536,1,1,"SIRT6",1
"GO:0045089","positive regulation of innate immune response","2/114","396/18842",0.00505050505050505,0.834751018961545,-0.259294903759229,0.694820010933497,1,1,"INAVA/MIR200B",2
"GO:0016358","dendrite development","1/114","195/18842",0.00512820512820513,0.847593342330184,-0.16690734902728,0.695641157942409,1,1,"NEDD4L",1
"GO:0062207","regulation of pattern recognition receptor signaling pathway","1/114","195/18842",0.00512820512820513,0.847593342330184,-0.16690734902728,0.695641157942409,1,1,"MIR200B",1
"GO:0031032","actomyosin structure organization","1/114","196/18842",0.00510204081632653,0.843268886501969,-0.172087416580893,0.69750188127563,1,1,"EDN1",1
"GO:0042176","regulation of protein catabolic process","2/114","401/18842",0.00498753117206983,0.824342652141576,-0.277399052807596,0.701420651992499,1,1,"SIRT6/CTSA",2
"GO:0120032","regulation of plasma membrane bounded cell projection assembly","1/114","200/18842",0.005,0.82640350877193,-0.19256102498837,0.704832684907978,1,1,"DMTN",1
"GO:0043254","regulation of protein-containing complex assembly","2/114","404/18842",0.00495049504950495,0.818221295813792,-0.288161184431357,0.705324528857303,1,1,"DMTN/KANK4",2
"GO:0060491","regulation of cell projection assembly","1/114","202/18842",0.00495049504950495,0.818221295813792,-0.202653651775719,0.708431771395446,1,1,"DMTN",1
"GO:0071356","cellular response to tumor necrosis factor","1/114","202/18842",0.00495049504950495,0.818221295813792,-0.202653651775719,0.708431771395446,1,1,"EDN1",1
"GO:0019318","hexose metabolic process","1/114","203/18842",0.00492610837438424,0.814190649036384,-0.207664844506408,0.710214967643349,1,1,"SIRT6",1
"GO:1902806","regulation of cell cycle G1/S phase transition","1/114","203/18842",0.00492610837438424,0.814190649036384,-0.207664844506408,0.710214967643349,1,1,"KLF4",1
"GO:0009743","response to carbohydrate","1/114","205/18842",0.0048780487804878,0.806247325631151,-0.217618260154452,0.713748992916588,1,1,"HNF4A",1
"GO:0050728","negative regulation of inflammatory response","1/114","205/18842",0.0048780487804878,0.806247325631151,-0.217618260154452,0.713748992916588,1,1,"KLF4",1
"GO:0042594","response to starvation","1/114","206/18842",0.00485436893203883,0.802333503662068,-0.222560979407399,0.715499951483284,1,1,"PAK4",1
"GO:0097529","myeloid leukocyte migration","1/114","207/18842",0.00483091787439614,0.798457496398,-0.227481363888005,0.717240293055022,1,1,"EDN1",1
"GO:0006816","calcium ion transport","2/114","416/18842",0.00480769230769231,0.794618758434548,-0.330484128190767,0.720521353793022,1,1,"EDN1/BSPRY",2
"GO:0061157","mRNA destabilization","1/114","209/18842",0.00478468899521531,0.790816754805674,-0.237256078237723,0.720689380074393,1,1,"MIR200B",1
"GO:0099504","synaptic vesicle cycle","1/114","210/18842",0.00476190476190476,0.787050960735171,-0.242110873606366,0.722398252004383,1,1,"SYT7",1
"GO:0050779","RNA destabilization","1/114","212/18842",0.00471698113207547,0.779625951671632,-0.251756477228139,0.725784966090262,1,1,"MIR200B",1
"GO:0071674","mononuclear cell migration","1/114","212/18842",0.00471698113207547,0.779625951671632,-0.251756477228139,0.725784966090262,1,1,"PADI2",1
"GO:0006163","purine nucleotide metabolic process","2/114","422/18842",0.004739336492891,0.783320861395194,-0.351226449151308,0.727871945516237,1,1,"SIRT6/AK1",2
"GO:0048872","homeostasis of number of cells","1/114","214/18842",0.00467289719626168,0.772339727824234,-0.261318239015048,0.729130720644798,1,1,"DMTN",1
"GO:0061014","positive regulation of mRNA catabolic process","1/114","214/18842",0.00467289719626168,0.772339727824234,-0.261318239015048,0.729130720644798,1,1,"MIR200B",1
"GO:1903320","regulation of protein modification by small protein conjugation or removal","1/114","214/18842",0.00467289719626168,0.772339727824234,-0.261318239015048,0.729130720644798,1,1,"INAVA",1
"GO:0002833","positive regulation of response to biotic stimulus","2/114","424/18842",0.00471698113207547,0.779625951671632,-0.358080642357475,0.730285924788401,1,1,"INAVA/MIR200B",2
"GO:0045732","positive regulation of protein catabolic process","1/114","215/18842",0.00465116279069767,0.7687474500204,-0.266068219335752,0.730788391776777,1,1,"SIRT6",1
"GO:0045055","regulated exocytosis","1/114","216/18842",0.00462962962962963,0.765188434048083,-0.270797880725815,0.732436006708727,1,1,"SYT7",1
"GO:0140694","membraneless organelle assembly","2/114","427/18842",0.00468384074941452,0.774148485969021,-0.368306838199056,0.733873203702451,1,1,"EDN1/GRB7",2
"GO:0050727","regulation of inflammatory response","2/114","429/18842",0.00466200466200466,0.770539402118349,-0.37508801749585,0.736242376984114,1,1,"KLF4/MGLL",2
"GO:0019722","calcium-mediated signaling","1/114","219/18842",0.0045662100456621,0.754706400704959,-0.28486700642742,0.73731911719401,1,1,"EDN1",1
"GO:0034612","response to tumor necrosis factor","1/114","219/18842",0.0045662100456621,0.754706400704959,-0.28486700642742,0.73731911719401,1,1,"EDN1",1
"GO:0042445","hormone metabolic process","1/114","219/18842",0.0045662100456621,0.754706400704959,-0.28486700642742,0.73731911719401,1,1,"CLCN2",1
"GO:0061136","regulation of proteasomal protein catabolic process","1/114","219/18842",0.0045662100456621,0.754706400704959,-0.28486700642742,0.73731911719401,1,1,"SIRT6",1
"GO:1901873","regulation of post-translational protein modification","1/114","219/18842",0.0045662100456621,0.754706400704959,-0.28486700642742,0.73731911719401,1,1,"INAVA",1
"GO:0005996","monosaccharide metabolic process","1/114","220/18842",0.00454545454545455,0.751275917065391,-0.289517431780907,0.738927108422055,1,1,"SIRT6",1
"GO:0044772","mitotic cell cycle phase transition","2/114","434/18842",0.00460829493087558,0.761662220066295,-0.391916142361992,0.742087677187652,1,1,"CCNJL/KLF4",2
"GO:0002274","myeloid leukocyte activation","1/114","222/18842",0.0045045045045045,0.744507665560297,-0.29876053157917,0.742113877252618,1,1,"WNK4",1
"GO:0031507","heterochromatin formation","1/114","223/18842",0.00448430493273543,0.741169066163166,-0.303353587193047,0.743692771881684,1,1,"SIRT6",1
"GO:0009165","nucleotide biosynthetic process","1/114","226/18842",0.00442477876106195,0.731330538736221,-0.317021005442207,0.74837219147957,1,1,"AK1",1
"GO:0043123","positive regulation of canonical NF-kappaB signal transduction","1/114","226/18842",0.00442477876106195,0.731330538736221,-0.317021005442207,0.74837219147957,1,1,"INAVA",1
"GO:0050870","positive regulation of T cell activation","1/114","226/18842",0.00442477876106195,0.731330538736221,-0.317021005442207,0.74837219147957,1,1,"IHH",1
"GO:1903313","positive regulation of mRNA metabolic process","1/114","231/18842",0.00432900432900433,0.71550087339561,-0.339438244718054,0.755983760878599,1,1,"MIR200B",1
"GO:0070828","heterochromatin organization","1/114","233/18842",0.00429184549356223,0.709359234997365,-0.348282513996319,0.758964083935245,1,1,"SIRT6",1
"GO:0002699","positive regulation of immune effector process","1/114","235/18842",0.00425531914893617,0.703322135125047,-0.357058681758161,0.761908321875082,1,1,"INAVA",1
"GO:0045930","negative regulation of mitotic cell cycle","1/114","237/18842",0.00421940928270042,0.697386927233696,-0.365768011591502,0.76481690778899,1,1,"KLF4",1
"GO:0050821","protein stabilization","1/114","237/18842",0.00421940928270042,0.697386927233696,-0.365768011591502,0.76481690778899,1,1,"PAK4",1
"GO:0032868","response to insulin","1/114","242/18842",0.00413223140495868,0.682978106423083,-0.387256901857706,0.771935190794152,1,1,"HSD11B2",1
"GO:0099003","vesicle-mediated transport in synapse","1/114","242/18842",0.00413223140495868,0.682978106423083,-0.387256901857706,0.771935190794152,1,1,"SYT7",1
"GO:0006401","RNA catabolic process","2/114","468/18842",0.00427350427350427,0.706327785275154,-0.501929393423998,0.778988081510684,1,1,"ERN2/MIR200B",2
"GO:0032984","protein-containing complex disassembly","1/114","248/18842",0.00403225806451613,0.666454442558008,-0.412527863707649,0.780195720011867,1,1,"DMTN",1
"GO:1903039","positive regulation of leukocyte cell-cell adhesion","1/114","250/18842",0.004,0.661122807017544,-0.420831257802615,0.782882774240866,1,1,"IHH",1
"GO:0045814","negative regulation of gene expression, epigenetic","1/114","252/18842",0.00396825396825397,0.655875800612643,-0.429076263099655,0.785537264531814,1,1,"SIRT6",1
"GO:0090068","positive regulation of cell cycle process","1/114","252/18842",0.00396825396825397,0.655875800612643,-0.429076263099655,0.785537264531814,1,1,"EDN1",1
"GO:0009416","response to light stimulus","1/114","253/18842",0.00395256916996047,0.653283406143818,-0.433177184767137,0.786852420628822,1,1,"SIRT6",1
"GO:0009117","nucleotide metabolic process","2/114","478/18842",0.00418410041841004,0.691551053365632,-0.532932612948653,0.788934672942046,1,1,"SIRT6/AK1",2
"GO:1901136","carbohydrate derivative catabolic process","1/114","255/18842",0.00392156862745098,0.648159614723082,-0.441336481612384,0.78945879702923,1,1,"SIRT6",1
"GO:0009636","response to toxic substance","1/114","256/18842",0.00390625,0.64562774122807,-0.445395098254323,0.790750113386827,1,1,"EDN1",1
"GO:0045088","regulation of innate immune response","2/114","482/18842",0.004149377593361,0.685812040474631,-0.545174355159259,0.792802864169167,1,1,"INAVA/MIR200B",2
"GO:0030900","forebrain development","1/114","258/18842",0.00387596899224806,0.640622875017,-0.453470860142608,0.793309240404964,1,1,"HES5",1
"GO:0050804","modulation of chemical synaptic transmission","2/114","486/18842",0.00411522633744856,0.680167496931629,-0.557327415774107,0.796609017188686,1,1,"SYT7/SLC6A9",2
"GO:0099177","regulation of trans-synaptic signaling","2/114","488/18842",0.00409836065573771,0.677379925222893,-0.563371191207752,0.798489053869357,1,1,"SYT7/SLC6A9",2
"GO:0072522","purine-containing compound biosynthetic process","1/114","264/18842",0.00378787878787879,0.626063264221159,-0.477374610337645,0.800801947022937,1,1,"AK1",1
"GO:0030217","T cell differentiation","1/114","265/18842",0.00377358490566038,0.623700761337305,-0.481312550358368,0.802024284090403,1,1,"IHH",1
"GO:1901888","regulation of cell junction assembly","1/114","265/18842",0.00377358490566038,0.623700761337305,-0.481312550358368,0.802024284090403,1,1,"DMTN",1
"GO:0032886","regulation of microtubule-based process","1/114","266/18842",0.0037593984962406,0.62135602163303,-0.485237628785278,0.80323918593751,1,1,"ERBB2",1
"GO:0141188","nucleic acid catabolic process","2/114","495/18842",0.00404040404040404,0.667800815169236,-0.584355763058793,0.804949758837473,1,1,"ERN2/MIR200B",2
"GO:1901988","negative regulation of cell cycle phase transition","1/114","269/18842",0.00371747211895911,0.614426400573926,-0.496936732962755,0.806839727109448,1,1,"KLF4",1
"GO:0006898","receptor-mediated endocytosis","1/114","271/18842",0.003690036900369,0.609891888392568,-0.504673709704043,0.80920372654202,1,1,"NEDD4L",1
"GO:0071560","cellular response to transforming growth factor beta stimulus","1/114","278/18842",0.00359712230215827,0.594534898397072,-0.531372162176582,0.817254113685943,1,1,"EDN1",1
"GO:0051321","meiotic cell cycle","1/114","281/18842",0.00355871886120996,0.588187550727352,-0.542638553146628,0.820600343092827,1,1,"EDN1",1
"GO:0140014","mitotic nuclear division","1/114","281/18842",0.00355871886120996,0.588187550727352,-0.542638553146628,0.820600343092827,1,1,"EDN1",1
"GO:0071559","response to transforming growth factor beta","1/114","284/18842",0.00352112676056338,0.581974301952063,-0.553802951128681,0.823885827957477,1,1,"EDN1",1
"GO:0016072","rRNA metabolic process","1/114","288/18842",0.00347222222222222,0.573891325536062,-0.568534132703159,0.828173869463494,1,1,"ERN2",1
"GO:0051251","positive regulation of lymphocyte activation","1/114","289/18842",0.00346020761245675,0.57190554240272,-0.572189856260238,0.829229608327414,1,1,"IHH",1
"GO:0043488","regulation of mRNA stability","1/114","290/18842",0.00344827586206897,0.569933454325469,-0.575834911922858,0.830278917045717,1,1,"MIR200B",1
"GO:0007281","germ cell development","1/114","295/18842",0.00338983050847458,0.560273565269105,-0.59390290106526,0.83543035902894,1,1,"EDN1",1
"GO:1902105","regulation of leukocyte differentiation","1/114","295/18842",0.00338983050847458,0.560273565269105,-0.59390290106526,0.83543035902894,1,1,"IHH",1
"GO:0031348","negative regulation of defense response","1/114","300/18842",0.00333333333333333,0.55093567251462,-0.611715656704026,0.840426772580588,1,1,"KLF4",1
"GO:0032496","response to lipopolysaccharide","1/114","302/18842",0.0033112582781457,0.54728709190194,-0.618771331843111,0.842382970770727,1,1,"EDN1",1
"GO:0043487","regulation of RNA stability","1/114","303/18842",0.0033003300330033,0.545480863875861,-0.622284573205427,0.843352136969872,1,1,"MIR200B",1
"GO:0051056","regulation of small GTPase mediated signal transduction","1/114","307/18842",0.00325732899022801,0.538373621349791,-0.63624181792283,0.847170084411804,1,1,"ERBB2",1
"GO:0010038","response to metal ion","1/114","308/18842",0.00324675324675325,0.536625655046708,-0.639707531894787,0.848110068786072,1,1,"EDN1",1
"GO:0010948","negative regulation of cell cycle process","1/114","309/18842",0.00323624595469256,0.534889002441378,-0.643163937729577,0.849044322166798,1,1,"KLF4",1
"GO:0016197","endosomal transport","1/114","310/18842",0.0032258064516129,0.533163554046406,-0.646611099605,0.849972879187949,1,1,"MYO1D",1
"GO:0061013","regulation of mRNA catabolic process","1/114","313/18842",0.00319488817891374,0.528053360237655,-0.656897753290965,0.852724715329303,1,1,"MIR200B",1
"GO:0070588","calcium ion transmembrane transport","1/114","314/18842",0.00318471337579618,0.526371661638172,-0.66030856788775,0.85363082912133,1,1,"EDN1",1
"GO:1901293","nucleoside phosphate biosynthetic process","1/114","318/18842",0.00314465408805031,0.519750634447755,-0.673863097207397,0.857200354596971,1,1,"AK1",1
"GO:0006302","double-strand break repair","1/114","320/18842",0.003125,0.516502192982456,-0.680587953798215,0.858952622344408,1,1,"SIRT6",1
"GO:0042742","defense response to bacterium","1/114","322/18842",0.0031055900621118,0.513294104827286,-0.687278489290262,0.860683574657662,1,1,"RNASE1",1
"GO:0002696","positive regulation of leukocyte activation","1/114","325/18842",0.00307692307692308,0.508556005398111,-0.697250925999653,0.863240598088249,1,1,"IHH",1
"GO:0022412","cellular process involved in reproduction in multicellular organism","1/114","331/18842",0.00302114803625378,0.499337467535909,-0.716973077934492,0.868215901390784,1,1,"EDN1",1
"GO:0002429","immune response-activating cell surface receptor signaling pathway","1/114","336/18842",0.00297619047619048,0.491906850459482,-0.733188086233806,0.872224616229341,1,1,"MIR200B",1
"GO:0006310","DNA recombination","1/114","338/18842",0.0029585798816568,0.488996159036645,-0.739619588758863,0.873794044438151,1,1,"SIRT6",1
"GO:0050867","positive regulation of cell activation","1/114","345/18842",0.00289855072463768,0.4790744978388,-0.761891657885206,0.8791380603666,1,1,"IHH",1
"GO:1901990","regulation of mitotic cell cycle phase transition","1/114","345/18842",0.00289855072463768,0.4790744978388,-0.761891657885206,0.8791380603666,1,1,"KLF4",1
"GO:0002697","regulation of immune effector process","1/114","347/18842",0.00288184438040346,0.476313261540017,-0.768188578766765,0.880623292832808,1,1,"INAVA",1
"GO:0009314","response to radiation","1/114","354/18842",0.00282485875706215,0.466894637724254,-0.790002409365743,0.885680548493066,1,1,"SIRT6",1
"GO:0030098","lymphocyte differentiation","1/114","356/18842",0.00280898876404494,0.464271634141534,-0.796171938981141,0.887086064262856,1,1,"IHH",1
"GO:0030099","myeloid cell differentiation","1/114","364/18842",0.00274725274725275,0.454067861962599,-0.820579327424037,0.892538878929659,1,1,"DMTN",1
"GO:0016236","macroautophagy","1/114","369/18842",0.002710027100271,0.447915180906195,-0.835620283651545,0.895813484279491,1,1,"TP53INP2",1
"GO:0016050","vesicle organization","1/114","379/18842",0.00263852242744063,0.436096838402074,-0.86523026001397,0.902068849010759,1,1,"SYT7",1
"GO:0006402","mRNA catabolic process","1/114","381/18842",0.0026246719160105,0.433807616153244,-0.871079112442675,0.90327450195042,1,1,"MIR200B",1
"GO:0045786","negative regulation of cell cycle","1/114","382/18842",0.00261780104712042,0.432671994121429,-0.873994613509178,0.90387179932205,1,1,"KLF4",1
"GO:1903706","regulation of hemopoiesis","1/114","382/18842",0.00261780104712042,0.432671994121429,-0.873994613509178,0.90387179932205,1,1,"IHH",1
"GO:0002768","immune response-regulating cell surface receptor signaling pathway","1/114","392/18842",0.00255102040816327,0.421634443250985,-0.902829975579843,0.909647295371137,1,1,"MIR200B",1
"GO:0000280","nuclear division","1/114","422/18842",0.0023696682464455,0.391660430697597,-0.986089146283786,0.924989109486799,1,1,"EDN1",1
"GO:1903311","regulation of mRNA metabolic process","1/114","430/18842",0.00232558139534884,0.3843737250102,-1.00753372489293,0.928624220147028,1,1,"MIR200B",1
"GO:1903131","mononuclear cell differentiation","1/114","439/18842",0.00227790432801822,0.376493625864205,-1.03130600094024,0.932505328538198,1,1,"IHH",1
"GO:1901987","regulation of cell cycle phase transition","1/114","459/18842",0.00217864923747277,0.360088674846157,-1.08287080672244,0.940396989677372,1,1,"KLF4",1
"GO:0048285","organelle fission","1/114","470/18842",0.00212765957446809,0.351661067562523,-1.11053311232001,0.94434010814368,1,1,"EDN1",1
"GO:0007264","small GTPase-mediated signal transduction","1/114","490/18842",0.00204081632653061,0.337307554600788,-1.15965033975857,0.950858363556445,1,1,"ERBB2",1
"GO:0001819","positive regulation of cytokine production","1/114","499/18842",0.00200400801603206,0.331223851211194,-1.18128466440788,0.953538996565215,1,1,"INAVA",1
"GO:0000012","single strand break repair","0/114","16/18842",0,0,-0.312204863557539,1,1,1,"",0
"GO:0000022","mitotic spindle elongation","0/114","12/18842",0,0,-0.270348623779636,1,1,1,"",0
"GO:0000027","ribosomal large subunit assembly","0/114","28/18842",0,0,-0.413139905591141,1,1,1,"",0
"GO:0000028","ribosomal small subunit assembly","0/114","22/18842",0,0,-0.366151005389014,1,1,1,"",0
"GO:0000038","very long-chain fatty acid metabolic process","0/114","32/18842",0,0,-0.441712095184957,1,1,1,"",0
"GO:0000041","transition metal ion transport","0/114","97/18842",0,0,-0.770374404205525,1,1,1,"",0
"GO:0000050","urea cycle","0/114","11/18842",0,0,-0.258832228173978,1,1,1,"",0
"GO:0000054","ribosomal subunit export from nucleus","0/114","13/18842",0,0,-0.281395241154067,1,1,1,"",0
"GO:0000070","mitotic sister chromatid segregation","0/114","205/18842",0,0,-1.12317551674239,1,1,1,"",0
"GO:0000075","cell cycle checkpoint signaling","0/114","191/18842",0,0,-1.08373805247298,1,1,1,"",0
"GO:0000076","DNA replication checkpoint signaling","0/114","26/18842",0,0,-0.398090415813405,1,1,1,"",0
"GO:0000077","DNA damage checkpoint signaling","0/114","109/18842",0,0,-0.81689884594105,1,1,1,"",0
"GO:0000079","regulation of cyclin-dependent protein serine/threonine kinase activity","0/114","31/18842",0,0,-0.434744008401426,1,1,1,"",0
"GO:0000086","G2/M transition of mitotic cell cycle","0/114","131/18842",0,0,-0.896078069427279,1,1,1,"",0
"GO:0000096","sulfur amino acid metabolic process","0/114","33/18842",0,0,-0.448572677074785,1,1,1,"",0
"GO:0000097","sulfur amino acid biosynthetic process","0/114","16/18842",0,0,-0.312204863557539,1,1,1,"",0
"GO:0000098","sulfur amino acid catabolic process","0/114","12/18842",0,0,-0.270348623779636,1,1,1,"",0
"GO:0000101","sulfur amino acid transport","0/114","13/18842",0,0,-0.281395241154067,1,1,1,"",0
"GO:0000132","establishment of mitotic spindle orientation","0/114","29/18842",0,0,-0.420463858404088,1,1,1,"",0
"GO:0000154","rRNA modification","0/114","41/18842",0,0,-0.500103799131059,1,1,1,"",0
"GO:0000184","nuclear-transcribed mRNA catabolic process, nonsense-mediated decay","0/114","44/18842",0,0,-0.518118638610383,1,1,1,"",0
"GO:0000212","meiotic spindle organization","0/114","15/18842",0,0,-0.302283031058143,1,1,1,"",0
"GO:0000244","spliceosomal tri-snRNP complex assembly","0/114","49/18842",0,0,-0.546837996215799,1,1,1,"",0
"GO:0000245","spliceosomal complex assembly","0/114","98/18842",0,0,-0.774355879439089,1,1,1,"",0
"GO:0000266","mitochondrial fission","0/114","39/18842",0,0,-0.48772771009869,1,1,1,"",0
"GO:0000271","polysaccharide biosynthetic process","0/114","57/18842",0,0,-0.58991647916762,1,1,1,"",0
"GO:0000272","polysaccharide catabolic process","0/114","31/18842",0,0,-0.434744008401426,1,1,1,"",0
"GO:0000281","mitotic cytokinesis","0/114","104/18842",0,0,-0.797836227386193,1,1,1,"",0
"GO:0000288","nuclear-transcribed mRNA catabolic process, deadenylation-dependent decay","0/114","67/18842",0,0,-0.639743863273894,1,1,1,"",0
"GO:0000289","nuclear-transcribed mRNA poly(A) tail shortening","0/114","33/18842",0,0,-0.448572677074785,1,1,1,"",0
"GO:0000290","deadenylation-dependent decapping of nuclear-transcribed mRNA","0/114","20/18842",0,0,-0.349092737116259,1,1,1,"",0
"GO:0000303","response to superoxide","0/114","24/18842",0,0,-0.382452574606899,1,1,1,"",0
"GO:0000305","response to oxygen radical","0/114","25/18842",0,0,-0.390349396257243,1,1,1,"",0
"GO:0000338","protein deneddylation","0/114","11/18842",0,0,-0.258832228173978,1,1,1,"",0
"GO:0000375","RNA splicing, via transesterification reactions","0/114","361/18842",0,0,-1.49675103642656,1,1,1,"",0
"GO:0000377","RNA splicing, via transesterification reactions with bulged adenosine as nucleophile","0/114","357/18842",0,0,-1.48827463729563,1,1,1,"",0
"GO:0000380","alternative mRNA splicing, via spliceosome","0/114","84/18842",0,0,-0.716646653790518,1,1,1,"",0
"GO:0000381","regulation of alternative mRNA splicing, via spliceosome","0/114","69/18842",0,0,-0.64925664824146,1,1,1,"",0
"GO:0000387","spliceosomal snRNP assembly","0/114","82/18842",0,0,-0.70802600524063,1,1,1,"",0
"GO:0000388","spliceosome conformational change to release U4 (or U4atac) and U1 (or U11)","0/114","35/18842",0,0,-0.461990409406869,1,1,1,"",0
"GO:0000393","spliceosomal conformational changes to generate catalytic conformation","0/114","39/18842",0,0,-0.48772771009869,1,1,1,"",0
"GO:0000394","RNA splicing, via endonucleolytic cleavage and ligation","0/114","15/18842",0,0,-0.302283031058143,1,1,1,"",0
"GO:0000395","mRNA 5'-splice site recognition","0/114","24/18842",0,0,-0.382452574606899,1,1,1,"",0
"GO:0000398","mRNA splicing, via spliceosome","0/114","357/18842",0,0,-1.48827463729563,1,1,1,"",0
"GO:0000422","autophagy of mitochondrion","0/114","113/18842",0,0,-0.831841583898776,1,1,1,"",0
"GO:0000423","mitophagy","0/114","95/18842",0,0,-0.762350365864638,1,1,1,"",0
"GO:0000425","pexophagy","0/114","16/18842",0,0,-0.312204863557539,1,1,1,"",0
"GO:0000460","maturation of 5.8S rRNA","0/114","41/18842",0,0,-0.500103799131059,1,1,1,"",0
"GO:0000462","maturation of SSU-rRNA from tricistronic rRNA transcript (SSU-rRNA, 5.8S rRNA, LSU-rRNA)","0/114","30/18842",0,0,-0.427663161774826,1,1,1,"",0
"GO:0000463","maturation of LSU-rRNA from tricistronic rRNA transcript (SSU-rRNA, 5.8S rRNA, LSU-rRNA)","0/114","23/18842",0,0,-0.37439009208877,1,1,1,"",0
"GO:0000466","maturation of 5.8S rRNA from tricistronic rRNA transcript (SSU-rRNA, 5.8S rRNA, LSU-rRNA)","0/114","31/18842",0,0,-0.434744008401426,1,1,1,"",0
"GO:0000470","maturation of LSU-rRNA","0/114","32/18842",0,0,-0.441712095184957,1,1,1,"",0
"GO:0000479","endonucleolytic cleavage of tricistronic rRNA transcript (SSU-rRNA, 5.8S rRNA, LSU-rRNA)","0/114","22/18842",0,0,-0.366151005389014,1,1,1,"",0
"GO:0000491","small nucleolar ribonucleoprotein complex assembly","0/114","12/18842",0,0,-0.270348623779636,1,1,1,"",0
"GO:0000492","box C/D snoRNP assembly","0/114","10/18842",0,0,-0.246780294040919,1,1,1,"",0
"GO:0000578","embryonic axis specification","0/114","31/18842",0,0,-0.434744008401426,1,1,1,"",0
"GO:0000712","resolution of meiotic recombination intermediates","0/114","15/18842",0,0,-0.302283031058143,1,1,1,"",0
"GO:0000722","telomere maintenance via recombination","0/114","15/18842",0,0,-0.302283031058143,1,1,1,"",0
"GO:0000727","double-strand break repair via break-induced replication","0/114","12/18842",0,0,-0.270348623779636,1,1,1,"",0
"GO:0000729","DNA double-strand break processing","0/114","21/18842",0,0,-0.357723111916923,1,1,1,"",0
"GO:0000731","DNA synthesis involved in DNA repair","0/114","16/18842",0,0,-0.312204863557539,1,1,1,"",0
"GO:0000768","syncytium formation by plasma membrane fusion","0/114","88/18842",0,0,-0.733589455705578,1,1,1,"",0
"GO:0000819","sister chromatid segregation","0/114","246/18842",0,0,-1.23173273883205,1,1,1,"",0
"GO:0000910","cytokinesis","0/114","195/18842",0,0,-1.09514473697652,1,1,1,"",0
"GO:0000956","nuclear-transcribed mRNA catabolic process","0/114","141/18842",0,0,-0.929899129859114,1,1,1,"",0
"GO:0000959","mitochondrial RNA metabolic process","0/114","63/18842",0,0,-0.620287092215828,1,1,1,"",0
"GO:0000963","mitochondrial RNA processing","0/114","30/18842",0,0,-0.427663161774826,1,1,1,"",0
"GO:0000966","RNA 5'-end processing","0/114","40/18842",0,0,-0.493954187592607,1,1,1,"",0
"GO:0001188","RNA polymerase I preinitiation complex assembly","0/114","11/18842",0,0,-0.258832228173978,1,1,1,"",0
"GO:0001325","formation of extrachromosomal circular DNA","0/114","15/18842",0,0,-0.302283031058143,1,1,1,"",0
"GO:0001408","guanine nucleotide transport","0/114","10/18842",0,0,-0.246780294040919,1,1,1,"",0
"GO:0001510","RNA methylation","0/114","89/18842",0,0,-0.737765472975354,1,1,1,"",0
"GO:0001522","pseudouridine synthesis","0/114","18/18842",0,0,-0.331160855290318,1,1,1,"",0
"GO:0001523","retinoid metabolic process","0/114","89/18842",0,0,-0.737765472975354,1,1,1,"",0
"GO:0001539","cilium or flagellum-dependent cell motility","0/114","237/18842",0,0,-1.20869864691526,1,1,1,"",0
"GO:0001541","ovarian follicle development","0/114","35/18842",0,0,-0.461990409406869,1,1,1,"",0
"GO:0001562","response to protozoan","0/114","18/18842",0,0,-0.331160855290318,1,1,1,"",0
"GO:0001570","vasculogenesis","0/114","57/18842",0,0,-0.58991647916762,1,1,1,"",0
"GO:0001573","ganglioside metabolic process","0/114","26/18842",0,0,-0.398090415813405,1,1,1,"",0
"GO:0001574","ganglioside biosynthetic process","0/114","16/18842",0,0,-0.312204863557539,1,1,1,"",0
"GO:0001578","microtubule bundle formation","0/114","122/18842",0,0,-0.864541197398197,1,1,1,"",0
"GO:0001580","detection of chemical stimulus involved in sensory perception of bitter taste","0/114","39/18842",0,0,-0.48772771009869,1,1,1,"",0
"GO:0001649","osteoblast differentiation","0/114","217/18842",0,0,-1.1559536651506,1,1,1,"",0
"GO:0001655","urogenital system development","0/114","30/18842",0,0,-0.427663161774826,1,1,1,"",0
"GO:0001657","ureteric bud development","0/114","67/18842",0,0,-0.639743863273894,1,1,1,"",0
"GO:0001658","branching involved in ureteric bud morphogenesis","0/114","38/18842",0,0,-0.481421384106586,1,1,1,"",0
"GO:0001662","behavioral fear response","0/114","18/18842",0,0,-0.331160855290318,1,1,1,"",0
"GO:0001675","acrosome assembly","0/114","29/18842",0,0,-0.420463858404088,1,1,1,"",0
"GO:0001678","intracellular glucose homeostasis","0/114","156/18842",0,0,-0.978504499491122,1,1,1,"",0
"GO:0001682","tRNA 5'-leader removal","0/114","13/18842",0,0,-0.281395241154067,1,1,1,"",0
"GO:0001696","gastric acid secretion","0/114","10/18842",0,0,-0.246780294040919,1,1,1,"",0
"GO:0001701","in utero embryonic development","0/114","73/18842",0,0,-0.667881729342805,1,1,1,"",0
"GO:0001711","endodermal cell fate commitment","0/114","12/18842",0,0,-0.270348623779636,1,1,1,"",0
"GO:0001731","formation of translation preinitiation complex","0/114","13/18842",0,0,-0.281395241154067,1,1,1,"",0
"GO:0001732","formation of cytoplasmic translation initiation complex","0/114","15/18842",0,0,-0.302283031058143,1,1,1,"",0
"GO:0001736","establishment of planar polarity","0/114","12/18842",0,0,-0.270348623779636,1,1,1,"",0
"GO:0001738","morphogenesis of a polarized epithelium","0/114","29/18842",0,0,-0.420463858404088,1,1,1,"",0
"GO:0001764","neuron migration","0/114","114/18842",0,0,-0.835536497784442,1,1,1,"",0
"GO:0001765","membrane raft assembly","0/114","13/18842",0,0,-0.281395241154067,1,1,1,"",0
"GO:0001767","establishment of lymphocyte polarity","0/114","13/18842",0,0,-0.281395241154067,1,1,1,"",0
"GO:0001768","establishment of T cell polarity","0/114","12/18842",0,0,-0.270348623779636,1,1,1,"",0
"GO:0001771","immunological synapse formation","0/114","10/18842",0,0,-0.246780294040919,1,1,1,"",0
"GO:0001773","myeloid dendritic cell activation","0/114","17/18842",0,0,-0.321821954707169,1,1,1,"",0
"GO:0001774","microglial cell activation","0/114","46/18842",0,0,-0.529791392159388,1,1,1,"",0
"GO:0001776","leukocyte homeostasis","0/114","75/18842",0,0,-0.677005044645879,1,1,1,"",0
"GO:0001779","natural killer cell differentiation","0/114","14/18842",0,0,-0.292025397077866,1,1,1,"",0
"GO:0001780","neutrophil homeostasis","0/114","13/18842",0,0,-0.281395241154067,1,1,1,"",0
"GO:0001782","B cell homeostasis","0/114","14/18842",0,0,-0.292025397077866,1,1,1,"",0
"GO:0001783","B cell apoptotic process","0/114","17/18842",0,0,-0.321821954707169,1,1,1,"",0
"GO:0001787","natural killer cell proliferation","0/114","15/18842",0,0,-0.302283031058143,1,1,1,"",0
"GO:0001788","antibody-dependent cellular cytotoxicity","0/114","10/18842",0,0,-0.246780294040919,1,1,1,"",0
"GO:0001794","type IIa hypersensitivity","0/114","10/18842",0,0,-0.246780294040919,1,1,1,"",0
"GO:0001823","mesonephros development","0/114","74/18842",0,0,-0.672458616237011,1,1,1,"",0
"GO:0001824","blastocyst development","0/114","21/18842",0,0,-0.357723111916923,1,1,1,"",0
"GO:0001825","blastocyst formation","0/114","13/18842",0,0,-0.281395241154067,1,1,1,"",0
"GO:0001836","release of cytochrome c from mitochondria","0/114","54/18842",0,0,-0.57413669406689,1,1,1,"",0
"GO:0001841","neural tube formation","0/114","37/18842",0,0,-0.475032029412254,1,1,1,"",0
"GO:0001843","neural tube closure","0/114","33/18842",0,0,-0.448572677074785,1,1,1,"",0
"GO:0001866","NK T cell proliferation","0/114","11/18842",0,0,-0.258832228173978,1,1,1,"",0
"GO:0001867","complement activation, lectin pathway","0/114","15/18842",0,0,-0.302283031058143,1,1,1,"",0
"GO:0001878","response to yeast","0/114","11/18842",0,0,-0.258832228173978,1,1,1,"",0
"GO:0001881","receptor recycling","0/114","45/18842",0,0,-0.523987209834246,1,1,1,"",0
"GO:0001892","embryonic placenta development","0/114","25/18842",0,0,-0.390349396257243,1,1,1,"",0
"GO:0001906","cell killing","0/114","238/18842",0,0,-1.21127851278726,1,1,1,"",0
"GO:0001909","leukocyte mediated cytotoxicity","0/114","134/18842",0,0,-0.906353087827912,1,1,1,"",0
"GO:0001910","regulation of leukocyte mediated cytotoxicity","0/114","89/18842",0,0,-0.737765472975354,1,1,1,"",0
"GO:0001911","negative regulation of leukocyte mediated cytotoxicity","0/114","29/18842",0,0,-0.420463858404088,1,1,1,"",0
"GO:0001912","positive regulation of leukocyte mediated cytotoxicity","0/114","60/18842",0,0,-0.605289872062366,1,1,1,"",0
"GO:0001913","T cell mediated cytotoxicity","0/114","50/18842",0,0,-0.55240449061185,1,1,1,"",0
"GO:0001914","regulation of T cell mediated cytotoxicity","0/114","43/18842",0,0,-0.51218346509735,1,1,1,"",0
"GO:0001916","positive regulation of T cell mediated cytotoxicity","0/114","34/18842",0,0,-0.455330613621119,1,1,1,"",0
"GO:0001919","regulation of receptor recycling","0/114","23/18842",0,0,-0.37439009208877,1,1,1,"",0
"GO:0001921","positive regulation of receptor recycling","0/114","14/18842",0,0,-0.292025397077866,1,1,1,"",0
"GO:0001937","negative regulation of endothelial cell proliferation","0/114","77/18842",0,0,-0.686008944571806,1,1,1,"",0
"GO:0001941","postsynaptic membrane organization","0/114","36/18842",0,0,-0.468556249314519,1,1,1,"",0
"GO:0001942","hair follicle development","0/114","44/18842",0,0,-0.518118638610383,1,1,1,"",0
"GO:0001945","lymph vessel development","0/114","23/18842",0,0,-0.37439009208877,1,1,1,"",0
"GO:0001946","lymphangiogenesis","0/114","14/18842",0,0,-0.292025397077866,1,1,1,"",0
"GO:0001956","positive regulation of neurotransmitter secretion","0/114","19/18842",0,0,-0.340244473235715,1,1,1,"",0
"GO:0001963","synaptic transmission, dopaminergic","0/114","23/18842",0,0,-0.37439009208877,1,1,1,"",0
"GO:0001964","startle response","0/114","14/18842",0,0,-0.292025397077866,1,1,1,"",0
"GO:0001973","G protein-coupled adenosine receptor signaling pathway","0/114","10/18842",0,0,-0.246780294040919,1,1,1,"",0
"GO:0001974","blood vessel remodeling","0/114","32/18842",0,0,-0.441712095184957,1,1,1,"",0
"GO:0001991","regulation of systemic arterial blood pressure by circulatory renin-angiotensin","0/114","21/18842",0,0,-0.357723111916923,1,1,1,"",0
"GO:0002002","regulation of angiotensin levels in blood","0/114","13/18842",0,0,-0.281395241154067,1,1,1,"",0
"GO:0002003","angiotensin maturation","0/114","13/18842",0,0,-0.281395241154067,1,1,1,"",0
"GO:0002026","regulation of the force of heart contraction","0/114","18/18842",0,0,-0.331160855290318,1,1,1,"",0
"GO:0002029","desensitization of G protein-coupled receptor signaling pathway","0/114","19/18842",0,0,-0.340244473235715,1,1,1,"",0
"GO:0002031","G protein-coupled receptor internalization","0/114","15/18842",0,0,-0.302283031058143,1,1,1,"",0
"GO:0002052","positive regulation of neuroblast proliferation","0/114","13/18842",0,0,-0.281395241154067,1,1,1,"",0
"GO:0002053","positive regulation of mesenchymal cell proliferation","0/114","10/18842",0,0,-0.246780294040919,1,1,1,"",0
"GO:0002082","regulation of oxidative phosphorylation","0/114","22/18842",0,0,-0.366151005389014,1,1,1,"",0
"GO:0002088","lens development in camera-type eye","0/114","55/18842",0,0,-0.579443809151722,1,1,1,"",0
"GO:0002089","lens morphogenesis in camera-type eye","0/114","14/18842",0,0,-0.292025397077866,1,1,1,"",0
"GO:0002090","regulation of receptor internalization","0/114","76/18842",0,0,-0.681521624211709,1,1,1,"",0
"GO:0002091","negative regulation of receptor internalization","0/114","15/18842",0,0,-0.302283031058143,1,1,1,"",0
"GO:0002092","positive regulation of receptor internalization","0/114","29/18842",0,0,-0.420463858404088,1,1,1,"",0
"GO:0002097","tRNA wobble base modification","0/114","29/18842",0,0,-0.420463858404088,1,1,1,"",0
"GO:0002098","tRNA wobble uridine modification","0/114","19/18842",0,0,-0.340244473235715,1,1,1,"",0
"GO:0002115","store-operated calcium entry","0/114","21/18842",0,0,-0.357723111916923,1,1,1,"",0
"GO:0002181","cytoplasmic translation","0/114","215/18842",0,0,-1.15055258573029,1,1,1,"",0
"GO:0002182","cytoplasmic translational elongation","0/114","44/18842",0,0,-0.518118638610383,1,1,1,"",0
"GO:0002183","cytoplasmic translational initiation","0/114","51/18842",0,0,-0.557916032797441,1,1,1,"",0
"GO:0002200","somatic diversification of immune receptors","0/114","59/18842",0,0,-0.600208617717198,1,1,1,"",0
"GO:0002204","somatic recombination of immunoglobulin genes involved in immune response","0/114","37/18842",0,0,-0.475032029412254,1,1,1,"",0
"GO:0002208","somatic diversification of immunoglobulins involved in immune response","0/114","37/18842",0,0,-0.475032029412254,1,1,1,"",0
"GO:0002209","behavioral defense response","0/114","19/18842",0,0,-0.340244473235715,1,1,1,"",0
"GO:0002223","stimulatory C-type lectin receptor signaling pathway","0/114","21/18842",0,0,-0.357723111916923,1,1,1,"",0
"GO:0002224","toll-like receptor signaling pathway","0/114","80/18842",0,0,-0.699300965396333,1,1,1,"",0
"GO:0002227","innate immune response in mucosa","0/114","34/18842",0,0,-0.455330613621119,1,1,1,"",0
"GO:0002228","natural killer cell mediated immunity","0/114","83/18842",0,0,-0.712349140443652,1,1,1,"",0
"GO:0002230","positive regulation of defense response to virus by host","0/114","31/18842",0,0,-0.434744008401426,1,1,1,"",0
"GO:0002251","organ or tissue specific immune response","0/114","52/18842",0,0,-0.563374235674815,1,1,1,"",0
"GO:0002260","lymphocyte homeostasis","0/114","52/18842",0,0,-0.563374235674815,1,1,1,"",0
"GO:0002263","cell activation involved in immune response","0/114","279/18842",0,0,-1.31291533029635,1,1,1,"",0
"GO:0002269","leukocyte activation involved in inflammatory response","0/114","46/18842",0,0,-0.529791392159388,1,1,1,"",0
"GO:0002275","myeloid cell activation involved in immune response","0/114","90/18842",0,0,-0.741918426809738,1,1,1,"",0
"GO:0002279","mast cell activation involved in immune response","0/114","52/18842",0,0,-0.563374235674815,1,1,1,"",0
"GO:0002281","macrophage activation involved in immune response","0/114","19/18842",0,0,-0.340244473235715,1,1,1,"",0
"GO:0002283","neutrophil activation involved in immune response","0/114","14/18842",0,0,-0.292025397077866,1,1,1,"",0
"GO:0002285","lymphocyte activation involved in immune response","0/114","191/18842",0,0,-1.08373805247298,1,1,1,"",0
"GO:0002286","T cell activation involved in immune response","0/114","123/18842",0,0,-0.868100354723783,1,1,1,"",0
"GO:0002287","alpha-beta T cell activation involved in immune response","0/114","81/18842",0,0,-0.703676775873013,1,1,1,"",0
"GO:0002291","T cell activation via T cell receptor contact with antigen bound to MHC molecule on antigen presenting cell","0/114","12/18842",0,0,-0.270348623779636,1,1,1,"",0
"GO:0002292","T cell differentiation involved in immune response","0/114","86/18842",0,0,-0.725166634587036,1,1,1,"",0
"GO:0002295","T-helper cell lineage commitment","0/114","28/18842",0,0,-0.413139905591141,1,1,1,"",0
"GO:0002312","B cell activation involved in immune response","0/114","80/18842",0,0,-0.699300965396333,1,1,1,"",0
"GO:0002313","mature B cell differentiation involved in immune response","0/114","27/18842",0,0,-0.405684552256011,1,1,1,"",0
"GO:0002323","natural killer cell activation involved in immune response","0/114","27/18842",0,0,-0.405684552256011,1,1,1,"",0
"GO:0002327","immature B cell differentiation","0/114","14/18842",0,0,-0.292025397077866,1,1,1,"",0
"GO:0002335","mature B cell differentiation","0/114","29/18842",0,0,-0.420463858404088,1,1,1,"",0
"GO:0002360","T cell lineage commitment","0/114","35/18842",0,0,-0.461990409406869,1,1,1,"",0
"GO:0002363","alpha-beta T cell lineage commitment","0/114","32/18842",0,0,-0.441712095184957,1,1,1,"",0
"GO:0002366","leukocyte activation involved in immune response","0/114","274/18842",0,0,-1.30092247824027,1,1,1,"",0
"GO:0002369","T cell cytokine production","0/114","40/18842",0,0,-0.493954187592607,1,1,1,"",0
"GO:0002371","dendritic cell cytokine production","0/114","13/18842",0,0,-0.281395241154067,1,1,1,"",0
"GO:0002377","immunoglobulin production","0/114","86/18842",0,0,-0.725166634587036,1,1,1,"",0
"GO:0002381","immunoglobulin production involved in immunoglobulin-mediated immune response","0/114","40/18842",0,0,-0.493954187592607,1,1,1,"",0
"GO:0002385","mucosal immune response","0/114","49/18842",0,0,-0.546837996215799,1,1,1,"",0
"GO:0002396","MHC protein complex assembly","0/114","21/18842",0,0,-0.357723111916923,1,1,1,"",0
"GO:0002399","MHC class II protein complex assembly","0/114","16/18842",0,0,-0.312204863557539,1,1,1,"",0
"GO:0002407","dendritic cell chemotaxis","0/114","24/18842",0,0,-0.382452574606899,1,1,1,"",0
"GO:0002418","immune response to tumor cell","0/114","39/18842",0,0,-0.48772771009869,1,1,1,"",0
"GO:0002420","natural killer cell mediated cytotoxicity directed against tumor cell target","0/114","10/18842",0,0,-0.246780294040919,1,1,1,"",0
"GO:0002423","natural killer cell mediated immune response to tumor cell","0/114","11/18842",0,0,-0.258832228173978,1,1,1,"",0
"GO:0002424","T cell mediated immune response to tumor cell","0/114","23/18842",0,0,-0.37439009208877,1,1,1,"",0
"GO:0002428","antigen processing and presentation of peptide antigen via MHC class Ib","0/114","16/18842",0,0,-0.312204863557539,1,1,1,"",0
"GO:0002430","complement receptor mediated signaling pathway","0/114","17/18842",0,0,-0.321821954707169,1,1,1,"",0
"GO:0002431","Fc receptor mediated stimulatory signaling pathway","0/114","33/18842",0,0,-0.448572677074785,1,1,1,"",0
"GO:0002437","inflammatory response to antigenic stimulus","0/114","64/18842",0,0,-0.62520727046574,1,1,1,"",0
"GO:0002438","acute inflammatory response to antigenic stimulus","0/114","27/18842",0,0,-0.405684552256011,1,1,1,"",0
"GO:0002443","leukocyte mediated immunity","0/114","429/18842",0,0,-1.63465109460453,1,1,1,"",0
"GO:0002444","myeloid leukocyte mediated immunity","0/114","104/18842",0,0,-0.797836227386193,1,1,1,"",0
"GO:0002445","type II hypersensitivity","0/114","10/18842",0,0,-0.246780294040919,1,1,1,"",0
"GO:0002446","neutrophil mediated immunity","0/114","33/18842",0,0,-0.448572677074785,1,1,1,"",0
"GO:0002448","mast cell mediated immunity","0/114","50/18842",0,0,-0.55240449061185,1,1,1,"",0
"GO:0002449","lymphocyte mediated immunity","0/114","339/18842",0,0,-1.44956426721139,1,1,1,"",0
"GO:0002455","humoral immune response mediated by circulating immunoglobulin","0/114","44/18842",0,0,-0.518118638610383,1,1,1,"",0
"GO:0002456","T cell mediated immunity","0/114","124/18842",0,0,-0.871645357157923,1,1,1,"",0
"GO:0002460","adaptive immune response based on somatic recombination of immune receptors built from immunoglobulin superfamily domains","0/114","377/18842",0,0,-1.53022297844521,1,1,1,"",0
"GO:0002461","tolerance induction dependent upon immune response","0/114","10/18842",0,0,-0.246780294040919,1,1,1,"",0
"GO:0002468","dendritic cell antigen processing and presentation","0/114","15/18842",0,0,-0.302283031058143,1,1,1,"",0
"GO:0002474","antigen processing and presentation of peptide antigen via MHC class I","0/114","35/18842",0,0,-0.461990409406869,1,1,1,"",0
"GO:0002475","antigen processing and presentation via MHC class Ib","0/114","21/18842",0,0,-0.357723111916923,1,1,1,"",0
"GO:0002476","antigen processing and presentation of endogenous peptide antigen via MHC class Ib","0/114","15/18842",0,0,-0.302283031058143,1,1,1,"",0
"GO:0002478","antigen processing and presentation of exogenous peptide antigen","0/114","39/18842",0,0,-0.48772771009869,1,1,1,"",0
"GO:0002483","antigen processing and presentation of endogenous peptide antigen","0/114","24/18842",0,0,-0.382452574606899,1,1,1,"",0
"GO:0002484","antigen processing and presentation of endogenous peptide antigen via MHC class I via ER pathway","0/114","14/18842",0,0,-0.292025397077866,1,1,1,"",0
"GO:0002486","antigen processing and presentation of endogenous peptide antigen via MHC class I via ER pathway, TAP-independent","0/114","14/18842",0,0,-0.292025397077866,1,1,1,"",0
"GO:0002495","antigen processing and presentation of peptide antigen via MHC class II","0/114","32/18842",0,0,-0.441712095184957,1,1,1,"",0
"GO:0002501","peptide antigen assembly with MHC protein complex","0/114","21/18842",0,0,-0.357723111916923,1,1,1,"",0
"GO:0002503","peptide antigen assembly with MHC class II protein complex","0/114","16/18842",0,0,-0.312204863557539,1,1,1,"",0
"GO:0002504","antigen processing and presentation of peptide or polysaccharide antigen via MHC class II","0/114","34/18842",0,0,-0.455330613621119,1,1,1,"",0
"GO:0002507","tolerance induction","0/114","28/18842",0,0,-0.413139905591141,1,1,1,"",0
"GO:0002517","T cell tolerance induction","0/114","14/18842",0,0,-0.292025397077866,1,1,1,"",0
"GO:0002520","immune system development","0/114","122/18842",0,0,-0.864541197398197,1,1,1,"",0
"GO:0002523","leukocyte migration involved in inflammatory response","0/114","17/18842",0,0,-0.321821954707169,1,1,1,"",0
"GO:0002524","hypersensitivity","0/114","16/18842",0,0,-0.312204863557539,1,1,1,"",0
"GO:0002526","acute inflammatory response","0/114","100/18842",0,0,-0.782259296968349,1,1,1,"",0
"GO:0002532","production of molecular mediator involved in inflammatory response","0/114","109/18842",0,0,-0.81689884594105,1,1,1,"",0
"GO:0002534","cytokine production involved in inflammatory response","0/114","85/18842",0,0,-0.72091900356193,1,1,1,"",0
"GO:0002544","chronic inflammatory response","0/114","14/18842",0,0,-0.292025397077866,1,1,1,"",0
"GO:0002548","monocyte chemotaxis","0/114","55/18842",0,0,-0.579443809151722,1,1,1,"",0
"GO:0002551","mast cell chemotaxis","0/114","12/18842",0,0,-0.270348623779636,1,1,1,"",0
"GO:0002562","somatic diversification of immune receptors via germline recombination within a single locus","0/114","52/18842",0,0,-0.563374235674815,1,1,1,"",0
"GO:0002566","somatic diversification of immune receptors via somatic mutation","0/114","10/18842",0,0,-0.246780294040919,1,1,1,"",0
"GO:0002573","myeloid leukocyte differentiation","0/114","201/18842",0,0,-1.11204439528154,1,1,1,"",0
"GO:0002577","regulation of antigen processing and presentation","0/114","21/18842",0,0,-0.357723111916923,1,1,1,"",0
"GO:0002604","regulation of dendritic cell antigen processing and presentation","0/114","10/18842",0,0,-0.246780294040919,1,1,1,"",0
"GO:0002637","regulation of immunoglobulin production","0/114","54/18842",0,0,-0.57413669406689,1,1,1,"",0
"GO:0002639","positive regulation of immunoglobulin production","0/114","46/18842",0,0,-0.529791392159388,1,1,1,"",0
"GO:0002643","regulation of tolerance induction","0/114","16/18842",0,0,-0.312204863557539,1,1,1,"",0
"GO:0002664","regulation of T cell tolerance induction","0/114","12/18842",0,0,-0.270348623779636,1,1,1,"",0
"GO:0002673","regulation of acute inflammatory response","0/114","42/18842",0,0,-0.506179346375384,1,1,1,"",0
"GO:0002674","negative regulation of acute inflammatory response","0/114","10/18842",0,0,-0.246780294040919,1,1,1,"",0
"GO:0002675","positive regulation of acute inflammatory response","0/114","24/18842",0,0,-0.382452574606899,1,1,1,"",0
"GO:0002679","respiratory burst involved in defense response","0/114","12/18842",0,0,-0.270348623779636,1,1,1,"",0
"GO:0002691","regulation of cellular extravasation","0/114","37/18842",0,0,-0.475032029412254,1,1,1,"",0
"GO:0002693","positive regulation of cellular extravasation","0/114","15/18842",0,0,-0.302283031058143,1,1,1,"",0
"GO:0002698","negative regulation of immune effector process","0/114","108/18842",0,0,-0.813121266662072,1,1,1,"",0
"GO:0002701","negative regulation of production of molecular mediator of immune response","0/114","34/18842",0,0,-0.455330613621119,1,1,1,"",0
"GO:0002703","regulation of leukocyte mediated immunity","0/114","219/18842",0,0,-1.1613307776726,1,1,1,"",0
"GO:0002704","negative regulation of leukocyte mediated immunity","0/114","65/18842",0,0,-0.63008954763278,1,1,1,"",0
"GO:0002705","positive regulation of leukocyte mediated immunity","0/114","130/18842",0,0,-0.892627519401486,1,1,1,"",0
"GO:0002706","regulation of lymphocyte mediated immunity","0/114","169/18842",0,0,-1.01881423373355,1,1,1,"",0
"GO:0002707","negative regulation of lymphocyte mediated immunity","0/114","58/18842",0,0,-0.595084525543044,1,1,1,"",0
"GO:0002708","positive regulation of lymphocyte mediated immunity","0/114","108/18842",0,0,-0.813121266662072,1,1,1,"",0
"GO:0002709","regulation of T cell mediated immunity","0/114","100/18842",0,0,-0.782259296968349,1,1,1,"",0
"GO:0002710","negative regulation of T cell mediated immunity","0/114","30/18842",0,0,-0.427663161774826,1,1,1,"",0
"GO:0002711","positive regulation of T cell mediated immunity","0/114","66/18842",0,0,-0.634934798111144,1,1,1,"",0
"GO:0002712","regulation of B cell mediated immunity","0/114","39/18842",0,0,-0.48772771009869,1,1,1,"",0
"GO:0002713","negative regulation of B cell mediated immunity","0/114","10/18842",0,0,-0.246780294040919,1,1,1,"",0
"GO:0002714","positive regulation of B cell mediated immunity","0/114","26/18842",0,0,-0.398090415813405,1,1,1,"",0
"GO:0002715","regulation of natural killer cell mediated immunity","0/114","55/18842",0,0,-0.579443809151722,1,1,1,"",0
"GO:0002716","negative regulation of natural killer cell mediated immunity","0/114","25/18842",0,0,-0.390349396257243,1,1,1,"",0
"GO:0002717","positive regulation of natural killer cell mediated immunity","0/114","32/18842",0,0,-0.441712095184957,1,1,1,"",0
"GO:0002719","negative regulation of cytokine production involved in immune response","0/114","26/18842",0,0,-0.398090415813405,1,1,1,"",0
"GO:0002724","regulation of T cell cytokine production","0/114","40/18842",0,0,-0.493954187592607,1,1,1,"",0
"GO:0002725","negative regulation of T cell cytokine production","0/114","13/18842",0,0,-0.281395241154067,1,1,1,"",0
"GO:0002726","positive regulation of T cell cytokine production","0/114","26/18842",0,0,-0.398090415813405,1,1,1,"",0
"GO:0002730","regulation of dendritic cell cytokine production","0/114","13/18842",0,0,-0.281395241154067,1,1,1,"",0
"GO:0002732","positive regulation of dendritic cell cytokine production","0/114","11/18842",0,0,-0.258832228173978,1,1,1,"",0
"GO:0002755","MyD88-dependent toll-like receptor signaling pathway","0/114","21/18842",0,0,-0.357723111916923,1,1,1,"",0
"GO:0002756","MyD88-independent toll-like receptor signaling pathway","0/114","16/18842",0,0,-0.312204863557539,1,1,1,"",0
"GO:0002761","regulation of myeloid leukocyte differentiation","0/114","109/18842",0,0,-0.81689884594105,1,1,1,"",0
"GO:0002762","negative regulation of myeloid leukocyte differentiation","0/114","47/18842",0,0,-0.535533279253734,1,1,1,"",0
"GO:0002763","positive regulation of myeloid leukocyte differentiation","0/114","56/18842",0,0,-0.584703313002456,1,1,1,"",0
"GO:0002765","immune response-inhibiting signal transduction","0/114","38/18842",0,0,-0.481421384106586,1,1,1,"",0
"GO:0002767","immune response-inhibiting cell surface receptor signaling pathway","0/114","37/18842",0,0,-0.475032029412254,1,1,1,"",0
"GO:0002792","negative regulation of peptide secretion","0/114","37/18842",0,0,-0.475032029412254,1,1,1,"",0
"GO:0002819","regulation of adaptive immune response","0/114","190/18842",0,0,-1.08086834298547,1,1,1,"",0
"GO:0002820","negative regulation of adaptive immune response","0/114","65/18842",0,0,-0.63008954763278,1,1,1,"",0
"GO:0002821","positive regulation of adaptive immune response","0/114","110/18842",0,0,-0.820659437364772,1,1,1,"",0
"GO:0002822","regulation of adaptive immune response based on somatic recombination of immune receptors built from immunoglobulin superfamily domains","0/114","178/18842",0,0,-1.04584262534911,1,1,1,"",0
"GO:0002823","negative regulation of adaptive immune response based on somatic recombination of immune receptors built from immunoglobulin superfamily domains","0/114","62/18842",0,0,-0.615328103625092,1,1,1,"",0
"GO:0002824","positive regulation of adaptive immune response based on somatic recombination of immune receptors built from immunoglobulin superfamily domains","0/114","103/18842",0,0,-0.79397002532922,1,1,1,"",0
"GO:0002825","regulation of T-helper 1 type immune response","0/114","34/18842",0,0,-0.455330613621119,1,1,1,"",0
"GO:0002826","negative regulation of T-helper 1 type immune response","0/114","15/18842",0,0,-0.302283031058143,1,1,1,"",0
"GO:0002827","positive regulation of T-helper 1 type immune response","0/114","16/18842",0,0,-0.312204863557539,1,1,1,"",0
"GO:0002828","regulation of type 2 immune response","0/114","25/18842",0,0,-0.390349396257243,1,1,1,"",0
"GO:0002829","negative regulation of type 2 immune response","0/114","11/18842",0,0,-0.258832228173978,1,1,1,"",0
"GO:0002830","positive regulation of type 2 immune response","0/114","14/18842",0,0,-0.292025397077866,1,1,1,"",0
"GO:0002832","negative regulation of response to biotic stimulus","0/114","131/18842",0,0,-0.896078069427279,1,1,1,"",0
"GO:0002834","regulation of response to tumor cell","0/114","33/18842",0,0,-0.448572677074785,1,1,1,"",0
"GO:0002835","negative regulation of response to tumor cell","0/114","11/18842",0,0,-0.258832228173978,1,1,1,"",0
"GO:0002836","positive regulation of response to tumor cell","0/114","18/18842",0,0,-0.331160855290318,1,1,1,"",0
"GO:0002837","regulation of immune response to tumor cell","0/114","32/18842",0,0,-0.441712095184957,1,1,1,"",0
"GO:0002838","negative regulation of immune response to tumor cell","0/114","11/18842",0,0,-0.258832228173978,1,1,1,"",0
"GO:0002839","positive regulation of immune response to tumor cell","0/114","18/18842",0,0,-0.331160855290318,1,1,1,"",0
"GO:0002840","regulation of T cell mediated immune response to tumor cell","0/114","20/18842",0,0,-0.349092737116259,1,1,1,"",0
"GO:0002855","regulation of natural killer cell mediated immune response to tumor cell","0/114","10/18842",0,0,-0.246780294040919,1,1,1,"",0
"GO:0002861","regulation of inflammatory response to antigenic stimulus","0/114","41/18842",0,0,-0.500103799131059,1,1,1,"",0
"GO:0002862","negative regulation of inflammatory response to antigenic stimulus","0/114","32/18842",0,0,-0.441712095184957,1,1,1,"",0
"GO:0002864","regulation of acute inflammatory response to antigenic stimulus","0/114","12/18842",0,0,-0.270348623779636,1,1,1,"",0
"GO:0002886","regulation of myeloid leukocyte mediated immunity","0/114","47/18842",0,0,-0.535533279253734,1,1,1,"",0
"GO:0002888","positive regulation of myeloid leukocyte mediated immunity","0/114","18/18842",0,0,-0.331160855290318,1,1,1,"",0
"GO:0002889","regulation of immunoglobulin mediated immune response","0/114","39/18842",0,0,-0.48772771009869,1,1,1,"",0
"GO:0002890","negative regulation of immunoglobulin mediated immune response","0/114","10/18842",0,0,-0.246780294040919,1,1,1,"",0
"GO:0002891","positive regulation of immunoglobulin mediated immune response","0/114","26/18842",0,0,-0.398090415813405,1,1,1,"",0
"GO:0002902","regulation of B cell apoptotic process","0/114","14/18842",0,0,-0.292025397077866,1,1,1,"",0
"GO:0002903","negative regulation of B cell apoptotic process","0/114","10/18842",0,0,-0.246780294040919,1,1,1,"",0
"GO:0002920","regulation of humoral immune response","0/114","44/18842",0,0,-0.518118638610383,1,1,1,"",0
"GO:0002921","negative regulation of humoral immune response","0/114","17/18842",0,0,-0.321821954707169,1,1,1,"",0
"GO:0002922","positive regulation of humoral immune response","0/114","22/18842",0,0,-0.366151005389014,1,1,1,"",0
"GO:0002923","regulation of humoral immune response mediated by circulating immunoglobulin","0/114","10/18842",0,0,-0.246780294040919,1,1,1,"",0
"GO:0002931","response to ischemia","0/114","51/18842",0,0,-0.557916032797441,1,1,1,"",0
"GO:0003009","skeletal muscle contraction","0/114","51/18842",0,0,-0.557916032797441,1,1,1,"",0
"GO:0003016","respiratory system process","0/114","16/18842",0,0,-0.312204863557539,1,1,1,"",0
"GO:0003081","regulation of systemic arterial blood pressure by renin-angiotensin","0/114","28/18842",0,0,-0.413139905591141,1,1,1,"",0
"GO:0003091","renal water homeostasis","0/114","33/18842",0,0,-0.448572677074785,1,1,1,"",0
"GO:0003128","heart field specification","0/114","14/18842",0,0,-0.292025397077866,1,1,1,"",0
"GO:0003140","determination of left/right asymmetry in lateral mesoderm","0/114","10/18842",0,0,-0.246780294040919,1,1,1,"",0
"GO:0003148","outflow tract septum morphogenesis","0/114","23/18842",0,0,-0.37439009208877,1,1,1,"",0
"GO:0003156","regulation of animal organ formation","0/114","12/18842",0,0,-0.270348623779636,1,1,1,"",0
"GO:0003159","morphogenesis of an endothelium","0/114","18/18842",0,0,-0.331160855290318,1,1,1,"",0
"GO:0003161","cardiac conduction system development","0/114","34/18842",0,0,-0.455330613621119,1,1,1,"",0
"GO:0003163","sinoatrial node development","0/114","11/18842",0,0,-0.258832228173978,1,1,1,"",0
"GO:0003170","heart valve development","0/114","67/18842",0,0,-0.639743863273894,1,1,1,"",0
"GO:0003171","atrioventricular valve development","0/114","26/18842",0,0,-0.398090415813405,1,1,1,"",0
"GO:0003174","mitral valve development","0/114","13/18842",0,0,-0.281395241154067,1,1,1,"",0
"GO:0003176","aortic valve development","0/114","44/18842",0,0,-0.518118638610383,1,1,1,"",0
"GO:0003177","pulmonary valve development","0/114","24/18842",0,0,-0.382452574606899,1,1,1,"",0
"GO:0003179","heart valve morphogenesis","0/114","56/18842",0,0,-0.584703313002456,1,1,1,"",0
"GO:0003180","aortic valve morphogenesis","0/114","39/18842",0,0,-0.48772771009869,1,1,1,"",0
"GO:0003181","atrioventricular valve morphogenesis","0/114","23/18842",0,0,-0.37439009208877,1,1,1,"",0
"GO:0003183","mitral valve morphogenesis","0/114","12/18842",0,0,-0.270348623779636,1,1,1,"",0
"GO:0003184","pulmonary valve morphogenesis","0/114","20/18842",0,0,-0.349092737116259,1,1,1,"",0
"GO:0003188","heart valve formation","0/114","14/18842",0,0,-0.292025397077866,1,1,1,"",0
"GO:0003197","endocardial cushion development","0/114","43/18842",0,0,-0.51218346509735,1,1,1,"",0
"GO:0003198","epithelial to mesenchymal transition involved in endocardial cushion formation","0/114","12/18842",0,0,-0.270348623779636,1,1,1,"",0
"GO:0003203","endocardial cushion morphogenesis","0/114","35/18842",0,0,-0.461990409406869,1,1,1,"",0
"GO:0003205","cardiac chamber development","0/114","111/18842",0,0,-0.82440327347213,1,1,1,"",0
"GO:0003206","cardiac chamber morphogenesis","0/114","92/18842",0,0,-0.750156674508245,1,1,1,"",0
"GO:0003207","cardiac chamber formation","0/114","10/18842",0,0,-0.246780294040919,1,1,1,"",0
"GO:0003208","cardiac ventricle morphogenesis","0/114","58/18842",0,0,-0.595084525543044,1,1,1,"",0
"GO:0003209","cardiac atrium morphogenesis","0/114","21/18842",0,0,-0.357723111916923,1,1,1,"",0
"GO:0003214","cardiac left ventricle morphogenesis","0/114","15/18842",0,0,-0.302283031058143,1,1,1,"",0
"GO:0003215","cardiac right ventricle morphogenesis","0/114","15/18842",0,0,-0.302283031058143,1,1,1,"",0
"GO:0003222","ventricular trabecula myocardium morphogenesis","0/114","10/18842",0,0,-0.246780294040919,1,1,1,"",0
"GO:0003228","atrial cardiac muscle tissue development","0/114","19/18842",0,0,-0.340244473235715,1,1,1,"",0
"GO:0003229","ventricular cardiac muscle tissue development","0/114","46/18842",0,0,-0.529791392159388,1,1,1,"",0
"GO:0003230","cardiac atrium development","0/114","28/18842",0,0,-0.413139905591141,1,1,1,"",0
"GO:0003231","cardiac ventricle development","0/114","89/18842",0,0,-0.737765472975354,1,1,1,"",0
"GO:0003272","endocardial cushion formation","0/114","25/18842",0,0,-0.390349396257243,1,1,1,"",0
"GO:0003279","cardiac septum development","0/114","70/18842",0,0,-0.653961900602345,1,1,1,"",0
"GO:0003281","ventricular septum development","0/114","48/18842",0,0,-0.541214853935104,1,1,1,"",0
"GO:0003283","atrial septum development","0/114","18/18842",0,0,-0.331160855290318,1,1,1,"",0
"GO:0003299","muscle hypertrophy in response to stress","0/114","25/18842",0,0,-0.390349396257243,1,1,1,"",0
"GO:0003309","type B pancreatic cell differentiation","0/114","22/18842",0,0,-0.366151005389014,1,1,1,"",0
"GO:0003323","type B pancreatic cell development","0/114","17/18842",0,0,-0.321821954707169,1,1,1,"",0
"GO:0003341","cilium movement","0/114","264/18842",0,0,-1.27661864872239,1,1,1,"",0
"GO:0003351","epithelial cilium movement involved in extracellular fluid movement","0/114","21/18842",0,0,-0.357723111916923,1,1,1,"",0
"GO:0003352","regulation of cilium movement","0/114","41/18842",0,0,-0.500103799131059,1,1,1,"",0
"GO:0003353","positive regulation of cilium movement","0/114","15/18842",0,0,-0.302283031058143,1,1,1,"",0
"GO:0003356","regulation of cilium beat frequency","0/114","16/18842",0,0,-0.312204863557539,1,1,1,"",0
"GO:0003376","sphingosine-1-phosphate receptor signaling pathway","0/114","17/18842",0,0,-0.321821954707169,1,1,1,"",0
"GO:0003401","axis elongation","0/114","10/18842",0,0,-0.246780294040919,1,1,1,"",0
"GO:0003417","growth plate cartilage development","0/114","10/18842",0,0,-0.246780294040919,1,1,1,"",0
"GO:0005513","detection of calcium ion","0/114","15/18842",0,0,-0.302283031058143,1,1,1,"",0
"GO:0005976","polysaccharide metabolic process","0/114","94/18842",0,0,-0.758307156216897,1,1,1,"",0
"GO:0005977","glycogen metabolic process","0/114","76/18842",0,0,-0.681521624211709,1,1,1,"",0
"GO:0005978","glycogen biosynthetic process","0/114","44/18842",0,0,-0.518118638610383,1,1,1,"",0
"GO:0005979","regulation of glycogen biosynthetic process","0/114","31/18842",0,0,-0.434744008401426,1,1,1,"",0
"GO:0005980","glycogen catabolic process","0/114","28/18842",0,0,-0.413139905591141,1,1,1,"",0
"GO:0006000","fructose metabolic process","0/114","14/18842",0,0,-0.292025397077866,1,1,1,"",0
"GO:0006002","fructose 6-phosphate metabolic process","0/114","12/18842",0,0,-0.270348623779636,1,1,1,"",0
"GO:0006004","fucose metabolic process","0/114","17/18842",0,0,-0.321821954707169,1,1,1,"",0
"GO:0006007","glucose catabolic process","0/114","25/18842",0,0,-0.390349396257243,1,1,1,"",0
"GO:0006012","galactose metabolic process","0/114","12/18842",0,0,-0.270348623779636,1,1,1,"",0
"GO:0006024","glycosaminoglycan biosynthetic process","0/114","30/18842",0,0,-0.427663161774826,1,1,1,"",0
"GO:0006026","aminoglycan catabolic process","0/114","33/18842",0,0,-0.448572677074785,1,1,1,"",0
"GO:0006027","glycosaminoglycan catabolic process","0/114","27/18842",0,0,-0.405684552256011,1,1,1,"",0
"GO:0006040","amino sugar metabolic process","0/114","42/18842",0,0,-0.506179346375384,1,1,1,"",0
"GO:0006044","N-acetylglucosamine metabolic process","0/114","18/18842",0,0,-0.331160855290318,1,1,1,"",0
"GO:0006047","UDP-N-acetylglucosamine metabolic process","0/114","13/18842",0,0,-0.281395241154067,1,1,1,"",0
"GO:0006048","UDP-N-acetylglucosamine biosynthetic process","0/114","10/18842",0,0,-0.246780294040919,1,1,1,"",0
"GO:0006054","N-acetylneuraminate metabolic process","0/114","13/18842",0,0,-0.281395241154067,1,1,1,"",0
"GO:0006067","ethanol metabolic process","0/114","14/18842",0,0,-0.292025397077866,1,1,1,"",0
"GO:0006068","ethanol catabolic process","0/114","14/18842",0,0,-0.292025397077866,1,1,1,"",0
"GO:0006071","glycerol metabolic process","0/114","19/18842",0,0,-0.340244473235715,1,1,1,"",0
"GO:0006084","acetyl-CoA metabolic process","0/114","42/18842",0,0,-0.506179346375384,1,1,1,"",0
"GO:0006085","acetyl-CoA biosynthetic process","0/114","23/18842",0,0,-0.37439009208877,1,1,1,"",0
"GO:0006086","pyruvate decarboxylation to acetyl-CoA","0/114","16/18842",0,0,-0.312204863557539,1,1,1,"",0
"GO:0006089","lactate metabolic process","0/114","13/18842",0,0,-0.281395241154067,1,1,1,"",0
"GO:0006098","pentose-phosphate shunt","0/114","19/18842",0,0,-0.340244473235715,1,1,1,"",0
"GO:0006099","tricarboxylic acid cycle","0/114","32/18842",0,0,-0.441712095184957,1,1,1,"",0
"GO:0006103","2-oxoglutarate metabolic process","0/114","17/18842",0,0,-0.321821954707169,1,1,1,"",0
"GO:0006104","succinyl-CoA metabolic process","0/114","13/18842",0,0,-0.281395241154067,1,1,1,"",0
"GO:0006107","oxaloacetate metabolic process","0/114","10/18842",0,0,-0.246780294040919,1,1,1,"",0
"GO:0006112","energy reserve metabolic process","0/114","84/18842",0,0,-0.716646653790518,1,1,1,"",0
"GO:0006120","mitochondrial electron transport, NADH to ubiquinone","0/114","50/18842",0,0,-0.55240449061185,1,1,1,"",0
"GO:0006122","mitochondrial electron transport, ubiquinol to cytochrome c","0/114","14/18842",0,0,-0.292025397077866,1,1,1,"",0
"GO:0006144","purine nucleobase metabolic process","0/114","19/18842",0,0,-0.340244473235715,1,1,1,"",0
"GO:0006167","AMP biosynthetic process","0/114","12/18842",0,0,-0.270348623779636,1,1,1,"",0
"GO:0006171","cAMP biosynthetic process","0/114","13/18842",0,0,-0.281395241154067,1,1,1,"",0
"GO:0006177","GMP biosynthetic process","0/114","12/18842",0,0,-0.270348623779636,1,1,1,"",0
"GO:0006182","cGMP biosynthetic process","0/114","12/18842",0,0,-0.270348623779636,1,1,1,"",0
"GO:0006183","GTP biosynthetic process","0/114","10/18842",0,0,-0.246780294040919,1,1,1,"",0
"GO:0006188","IMP biosynthetic process","0/114","11/18842",0,0,-0.258832228173978,1,1,1,"",0
"GO:0006206","pyrimidine nucleobase metabolic process","0/114","17/18842",0,0,-0.321821954707169,1,1,1,"",0
"GO:0006207","'de novo' pyrimidine nucleobase biosynthetic process","0/114","10/18842",0,0,-0.246780294040919,1,1,1,"",0
"GO:0006213","pyrimidine nucleoside metabolic process","0/114","13/18842",0,0,-0.281395241154067,1,1,1,"",0
"GO:0006220","pyrimidine nucleotide metabolic process","0/114","53/18842",0,0,-0.568780634921216,1,1,1,"",0
"GO:0006221","pyrimidine nucleotide biosynthetic process","0/114","33/18842",0,0,-0.448572677074785,1,1,1,"",0
"GO:0006222","UMP biosynthetic process","0/114","11/18842",0,0,-0.258832228173978,1,1,1,"",0
"GO:0006241","CTP biosynthetic process","0/114","13/18842",0,0,-0.281395241154067,1,1,1,"",0
"GO:0006244","pyrimidine nucleotide catabolic process","0/114","22/18842",0,0,-0.366151005389014,1,1,1,"",0
"GO:0006260","DNA replication","0/114","313/18842",0,0,-1.39188988319051,1,1,1,"",0
"GO:0006261","DNA-templated DNA replication","0/114","171/18842",0,0,-1.02487987645431,1,1,1,"",0
"GO:0006264","mitochondrial DNA replication","0/114","14/18842",0,0,-0.292025397077866,1,1,1,"",0
"GO:0006265","DNA topological change","0/114","10/18842",0,0,-0.246780294040919,1,1,1,"",0
"GO:0006270","DNA replication initiation","0/114","39/18842",0,0,-0.48772771009869,1,1,1,"",0
"GO:0006271","DNA strand elongation involved in DNA replication","0/114","15/18842",0,0,-0.302283031058143,1,1,1,"",0
"GO:0006275","regulation of DNA replication","0/114","123/18842",0,0,-0.868100354723783,1,1,1,"",0
"GO:0006278","RNA-templated DNA biosynthetic process","0/114","67/18842",0,0,-0.639743863273894,1,1,1,"",0
"GO:0006283","transcription-coupled nucleotide-excision repair","0/114","11/18842",0,0,-0.258832228173978,1,1,1,"",0
"GO:0006285","base-excision repair, AP site formation","0/114","12/18842",0,0,-0.270348623779636,1,1,1,"",0
"GO:0006287","base-excision repair, gap-filling","0/114","13/18842",0,0,-0.281395241154067,1,1,1,"",0
"GO:0006289","nucleotide-excision repair","0/114","90/18842",0,0,-0.741918426809738,1,1,1,"",0
"GO:0006298","mismatch repair","0/114","36/18842",0,0,-0.468556249314519,1,1,1,"",0
"GO:0006301","DNA damage tolerance","0/114","37/18842",0,0,-0.475032029412254,1,1,1,"",0
"GO:0006303","double-strand break repair via nonhomologous end joining","0/114","71/18842",0,0,-0.658634035666553,1,1,1,"",0
"GO:0006304","DNA modification","0/114","28/18842",0,0,-0.413139905591141,1,1,1,"",0
"GO:0006307","DNA alkylation repair","0/114","10/18842",0,0,-0.246780294040919,1,1,1,"",0
"GO:0006308","DNA catabolic process","0/114","30/18842",0,0,-0.427663161774826,1,1,1,"",0
"GO:0006309","apoptotic DNA fragmentation","0/114","16/18842",0,0,-0.312204863557539,1,1,1,"",0
"GO:0006312","mitotic recombination","0/114","26/18842",0,0,-0.398090415813405,1,1,1,"",0
"GO:0006334","nucleosome assembly","0/114","113/18842",0,0,-0.831841583898776,1,1,1,"",0
"GO:0006337","nucleosome disassembly","0/114","18/18842",0,0,-0.331160855290318,1,1,1,"",0
"GO:0006346","DNA methylation-dependent constitutive heterochromatin formation","0/114","39/18842",0,0,-0.48772771009869,1,1,1,"",0
"GO:0006353","DNA-templated transcription termination","0/114","52/18842",0,0,-0.563374235674815,1,1,1,"",0
"GO:0006359","regulation of transcription by RNA polymerase III","0/114","32/18842",0,0,-0.441712095184957,1,1,1,"",0
"GO:0006361","transcription initiation at RNA polymerase I promoter","0/114","27/18842",0,0,-0.405684552256011,1,1,1,"",0
"GO:0006362","transcription elongation by RNA polymerase I","0/114","13/18842",0,0,-0.281395241154067,1,1,1,"",0
"GO:0006363","termination of RNA polymerase I transcription","0/114","15/18842",0,0,-0.302283031058143,1,1,1,"",0
"GO:0006364","rRNA processing","0/114","237/18842",0,0,-1.20869864691526,1,1,1,"",0
"GO:0006369","termination of RNA polymerase II transcription","0/114","19/18842",0,0,-0.340244473235715,1,1,1,"",0
"GO:0006376","mRNA splice site recognition","0/114","48/18842",0,0,-0.541214853935104,1,1,1,"",0
"GO:0006383","transcription by RNA polymerase III","0/114","62/18842",0,0,-0.615328103625092,1,1,1,"",0
"GO:0006384","transcription initiation at RNA polymerase III promoter","0/114","26/18842",0,0,-0.398090415813405,1,1,1,"",0
"GO:0006386","termination of RNA polymerase III transcription","0/114","17/18842",0,0,-0.321821954707169,1,1,1,"",0
"GO:0006388","tRNA splicing, via endonucleolytic cleavage and ligation","0/114","14/18842",0,0,-0.292025397077866,1,1,1,"",0
"GO:0006390","mitochondrial transcription","0/114","18/18842",0,0,-0.331160855290318,1,1,1,"",0
"GO:0006399","tRNA metabolic process","0/114","210/18842",0,0,-1.13694278425587,1,1,1,"",0
"GO:0006400","tRNA modification","0/114","96/18842",0,0,-0.766372672699586,1,1,1,"",0
"GO:0006403","RNA localization","0/114","206/18842",0,0,-1.12594184411964,1,1,1,"",0
"GO:0006405","RNA export from nucleus","0/114","99/18842",0,0,-0.77831740933011,1,1,1,"",0
"GO:0006406","mRNA export from nucleus","0/114","77/18842",0,0,-0.686008944571806,1,1,1,"",0
"GO:0006413","translational initiation","0/114","128/18842",0,0,-0.885687208334122,1,1,1,"",0
"GO:0006414","translational elongation","0/114","77/18842",0,0,-0.686008944571806,1,1,1,"",0
"GO:0006415","translational termination","0/114","15/18842",0,0,-0.302283031058143,1,1,1,"",0
"GO:0006418","tRNA aminoacylation for protein translation","0/114","44/18842",0,0,-0.518118638610383,1,1,1,"",0
"GO:0006446","regulation of translational initiation","0/114","91/18842",0,0,-0.746048702433775,1,1,1,"",0
"GO:0006448","regulation of translational elongation","0/114","12/18842",0,0,-0.270348623779636,1,1,1,"",0
"GO:0006450","regulation of translational fidelity","0/114","17/18842",0,0,-0.321821954707169,1,1,1,"",0
"GO:0006457","protein folding","0/114","230/18842",0,0,-1.19049094424074,1,1,1,"",0
"GO:0006458","'de novo' protein folding","0/114","11/18842",0,0,-0.258832228173978,1,1,1,"",0
"GO:0006470","protein dephosphorylation","0/114","86/18842",0,0,-0.725166634587036,1,1,1,"",0
"GO:0006473","protein acetylation","0/114","34/18842",0,0,-0.455330613621119,1,1,1,"",0
"GO:0006479","protein methylation","0/114","43/18842",0,0,-0.51218346509735,1,1,1,"",0
"GO:0006487","protein N-linked glycosylation","0/114","85/18842",0,0,-0.72091900356193,1,1,1,"",0
"GO:0006488","dolichol-linked oligosaccharide biosynthetic process","0/114","20/18842",0,0,-0.349092737116259,1,1,1,"",0
"GO:0006491","N-glycan processing","0/114","24/18842",0,0,-0.382452574606899,1,1,1,"",0
"GO:0006497","protein lipidation","0/114","44/18842",0,0,-0.518118638610383,1,1,1,"",0
"GO:0006509","membrane protein ectodomain proteolysis","0/114","44/18842",0,0,-0.518118638610383,1,1,1,"",0
"GO:0006513","protein monoubiquitination","0/114","47/18842",0,0,-0.535533279253734,1,1,1,"",0
"GO:0006515","protein quality control for misfolded or incompletely synthesized proteins","0/114","31/18842",0,0,-0.434744008401426,1,1,1,"",0
"GO:0006516","glycoprotein catabolic process","0/114","45/18842",0,0,-0.523987209834246,1,1,1,"",0
"GO:0006517","protein deglycosylation","0/114","18/18842",0,0,-0.331160855290318,1,1,1,"",0
"GO:0006525","arginine metabolic process","0/114","21/18842",0,0,-0.357723111916923,1,1,1,"",0
"GO:0006534","cysteine metabolic process","0/114","10/18842",0,0,-0.246780294040919,1,1,1,"",0
"GO:0006536","glutamate metabolic process","0/114","23/18842",0,0,-0.37439009208877,1,1,1,"",0
"GO:0006541","glutamine metabolic process","0/114","15/18842",0,0,-0.302283031058143,1,1,1,"",0
"GO:0006544","glycine metabolic process","0/114","10/18842",0,0,-0.246780294040919,1,1,1,"",0
"GO:0006555","methionine metabolic process","0/114","14/18842",0,0,-0.292025397077866,1,1,1,"",0
"GO:0006560","L-proline metabolic process","0/114","10/18842",0,0,-0.246780294040919,1,1,1,"",0
"GO:0006563","L-serine metabolic process","0/114","13/18842",0,0,-0.281395241154067,1,1,1,"",0
"GO:0006568","L-tryptophan metabolic process","0/114","16/18842",0,0,-0.312204863557539,1,1,1,"",0
"GO:0006570","tyrosine metabolic process","0/114","16/18842",0,0,-0.312204863557539,1,1,1,"",0
"GO:0006577","amino-acid betaine metabolic process","0/114","18/18842",0,0,-0.331160855290318,1,1,1,"",0
"GO:0006582","melanin metabolic process","0/114","24/18842",0,0,-0.382452574606899,1,1,1,"",0
"GO:0006584","catecholamine metabolic process","0/114","44/18842",0,0,-0.518118638610383,1,1,1,"",0
"GO:0006590","thyroid hormone generation","0/114","18/18842",0,0,-0.331160855290318,1,1,1,"",0
"GO:0006596","polyamine biosynthetic process","0/114","13/18842",0,0,-0.281395241154067,1,1,1,"",0
"GO:0006607","NLS-bearing protein import into nucleus","0/114","20/18842",0,0,-0.349092737116259,1,1,1,"",0
"GO:0006613","cotranslational protein targeting to membrane","0/114","33/18842",0,0,-0.448572677074785,1,1,1,"",0
"GO:0006614","SRP-dependent cotranslational protein targeting to membrane","0/114","28/18842",0,0,-0.413139905591141,1,1,1,"",0
"GO:0006616","SRP-dependent cotranslational protein targeting to membrane, translocation","0/114","10/18842",0,0,-0.246780294040919,1,1,1,"",0
"GO:0006617","SRP-dependent cotranslational protein targeting to membrane, signal sequence recognition","0/114","18/18842",0,0,-0.331160855290318,1,1,1,"",0
"GO:0006620","post-translational protein targeting to endoplasmic reticulum membrane","0/114","18/18842",0,0,-0.331160855290318,1,1,1,"",0
"GO:0006622","protein targeting to lysosome","0/114","29/18842",0,0,-0.420463858404088,1,1,1,"",0
"GO:0006623","protein targeting to vacuole","0/114","42/18842",0,0,-0.506179346375384,1,1,1,"",0
"GO:0006635","fatty acid beta-oxidation","0/114","67/18842",0,0,-0.639743863273894,1,1,1,"",0
"GO:0006637","acyl-CoA metabolic process","0/114","106/18842",0,0,-0.805514187197694,1,1,1,"",0
"GO:0006654","phosphatidic acid biosynthetic process","0/114","34/18842",0,0,-0.455330613621119,1,1,1,"",0
"GO:0006677","glycosylceramide metabolic process","0/114","23/18842",0,0,-0.37439009208877,1,1,1,"",0
"GO:0006678","glucosylceramide metabolic process","0/114","16/18842",0,0,-0.312204863557539,1,1,1,"",0
"GO:0006684","sphingomyelin metabolic process","0/114","21/18842",0,0,-0.357723111916923,1,1,1,"",0
"GO:0006686","sphingomyelin biosynthetic process","0/114","13/18842",0,0,-0.281395241154067,1,1,1,"",0
"GO:0006687","glycosphingolipid metabolic process","0/114","74/18842",0,0,-0.672458616237011,1,1,1,"",0
"GO:0006688","glycosphingolipid biosynthetic process","0/114","45/18842",0,0,-0.523987209834246,1,1,1,"",0
"GO:0006695","cholesterol biosynthetic process","0/114","66/18842",0,0,-0.634934798111144,1,1,1,"",0
"GO:0006699","bile acid biosynthetic process","0/114","36/18842",0,0,-0.468556249314519,1,1,1,"",0
"GO:0006702","androgen biosynthetic process","0/114","12/18842",0,0,-0.270348623779636,1,1,1,"",0
"GO:0006703","estrogen biosynthetic process","0/114","12/18842",0,0,-0.270348623779636,1,1,1,"",0
"GO:0006704","glucocorticoid biosynthetic process","0/114","18/18842",0,0,-0.331160855290318,1,1,1,"",0
"GO:0006706","steroid catabolic process","0/114","24/18842",0,0,-0.382452574606899,1,1,1,"",0
"GO:0006720","isoprenoid metabolic process","0/114","122/18842",0,0,-0.864541197398197,1,1,1,"",0
"GO:0006721","terpenoid metabolic process","0/114","112/18842",0,0,-0.828130581570465,1,1,1,"",0
"GO:0006730","one-carbon metabolic process","0/114","24/18842",0,0,-0.382452574606899,1,1,1,"",0
"GO:0006739","NADP+ metabolic process","0/114","38/18842",0,0,-0.481421384106586,1,1,1,"",0
"GO:0006740","NADPH regeneration","0/114","24/18842",0,0,-0.382452574606899,1,1,1,"",0
"GO:0006743","ubiquinone metabolic process","0/114","21/18842",0,0,-0.357723111916923,1,1,1,"",0
"GO:0006744","ubiquinone biosynthetic process","0/114","19/18842",0,0,-0.340244473235715,1,1,1,"",0
"GO:0006751","glutathione catabolic process","0/114","12/18842",0,0,-0.270348623779636,1,1,1,"",0
"GO:0006754","ATP biosynthetic process","0/114","100/18842",0,0,-0.782259296968349,1,1,1,"",0
"GO:0006760","folic acid-containing compound metabolic process","0/114","27/18842",0,0,-0.405684552256011,1,1,1,"",0
"GO:0006766","vitamin metabolic process","0/114","38/18842",0,0,-0.481421384106586,1,1,1,"",0
"GO:0006784","heme A biosynthetic process","0/114","10/18842",0,0,-0.246780294040919,1,1,1,"",0
"GO:0006787","porphyrin-containing compound catabolic process","0/114","16/18842",0,0,-0.312204863557539,1,1,1,"",0
"GO:0006825","copper ion transport","0/114","15/18842",0,0,-0.302283031058143,1,1,1,"",0
"GO:0006826","iron ion transport","0/114","52/18842",0,0,-0.563374235674815,1,1,1,"",0
"GO:0006828","manganese ion transport","0/114","11/18842",0,0,-0.258832228173978,1,1,1,"",0
"GO:0006829","zinc ion transport","0/114","32/18842",0,0,-0.441712095184957,1,1,1,"",0
"GO:0006833","water transport","0/114","27/18842",0,0,-0.405684552256011,1,1,1,"",0
"GO:0006835","dicarboxylic acid transport","0/114","88/18842",0,0,-0.733589455705578,1,1,1,"",0
"GO:0006837","serotonin transport","0/114","20/18842",0,0,-0.349092737116259,1,1,1,"",0
"GO:0006839","mitochondrial transport","0/114","35/18842",0,0,-0.461990409406869,1,1,1,"",0
"GO:0006851","mitochondrial calcium ion transmembrane transport","0/114","23/18842",0,0,-0.37439009208877,1,1,1,"",0
"GO:0006855","xenobiotic transmembrane transport","0/114","18/18842",0,0,-0.331160855290318,1,1,1,"",0
"GO:0006857","oligopeptide transport","0/114","18/18842",0,0,-0.331160855290318,1,1,1,"",0
"GO:0006858","extracellular transport","0/114","24/18842",0,0,-0.382452574606899,1,1,1,"",0
"GO:0006862","nucleotide transport","0/114","48/18842",0,0,-0.541214853935104,1,1,1,"",0
"GO:0006863","purine nucleobase transport","0/114","12/18842",0,0,-0.270348623779636,1,1,1,"",0
"GO:0006868","glutamine transport","0/114","10/18842",0,0,-0.246780294040919,1,1,1,"",0
"GO:0006878","intracellular copper ion homeostasis","0/114","14/18842",0,0,-0.292025397077866,1,1,1,"",0
"GO:0006879","intracellular iron ion homeostasis","0/114","76/18842",0,0,-0.681521624211709,1,1,1,"",0
"GO:0006882","intracellular zinc ion homeostasis","0/114","33/18842",0,0,-0.448572677074785,1,1,1,"",0
"GO:0006884","cell volume homeostasis","0/114","30/18842",0,0,-0.427663161774826,1,1,1,"",0
"GO:0006888","endoplasmic reticulum to Golgi vesicle-mediated transport","0/114","138/18842",0,0,-0.919879618436217,1,1,1,"",0
"GO:0006890","retrograde vesicle-mediated transport, Golgi to endoplasmic reticulum","0/114","55/18842",0,0,-0.579443809151722,1,1,1,"",0
"GO:0006891","intra-Golgi vesicle-mediated transport","0/114","35/18842",0,0,-0.461990409406869,1,1,1,"",0
"GO:0006892","post-Golgi vesicle-mediated transport","0/114","118/18842",0,0,-0.850159451809718,1,1,1,"",0
"GO:0006893","Golgi to plasma membrane transport","0/114","69/18842",0,0,-0.64925664824146,1,1,1,"",0
"GO:0006895","Golgi to endosome transport","0/114","19/18842",0,0,-0.340244473235715,1,1,1,"",0
"GO:0006896","Golgi to vacuole transport","0/114","24/18842",0,0,-0.382452574606899,1,1,1,"",0
"GO:0006900","vesicle budding from membrane","0/114","89/18842",0,0,-0.737765472975354,1,1,1,"",0
"GO:0006901","vesicle coating","0/114","38/18842",0,0,-0.481421384106586,1,1,1,"",0
"GO:0006903","vesicle targeting","0/114","66/18842",0,0,-0.634934798111144,1,1,1,"",0
"GO:0006904","vesicle docking involved in exocytosis","0/114","37/18842",0,0,-0.475032029412254,1,1,1,"",0
"GO:0006910","phagocytosis, recognition","0/114","27/18842",0,0,-0.405684552256011,1,1,1,"",0
"GO:0006925","inflammatory cell apoptotic process","0/114","20/18842",0,0,-0.349092737116259,1,1,1,"",0
"GO:0006929","substrate-dependent cell migration","0/114","20/18842",0,0,-0.349092737116259,1,1,1,"",0
"GO:0006949","syncytium formation","0/114","90/18842",0,0,-0.741918426809738,1,1,1,"",0
"GO:0006953","acute-phase response","0/114","47/18842",0,0,-0.535533279253734,1,1,1,"",0
"GO:0006956","complement activation","0/114","65/18842",0,0,-0.63008954763278,1,1,1,"",0
"GO:0006957","complement activation, alternative pathway","0/114","20/18842",0,0,-0.349092737116259,1,1,1,"",0
"GO:0006958","complement activation, classical pathway","0/114","39/18842",0,0,-0.48772771009869,1,1,1,"",0
"GO:0006959","humoral immune response","0/114","296/18842",0,0,-1.35294277545844,1,1,1,"",0
"GO:0006968","cellular defense response","0/114","51/18842",0,0,-0.557916032797441,1,1,1,"",0
"GO:0006972","hyperosmotic response","0/114","25/18842",0,0,-0.390349396257243,1,1,1,"",0
"GO:0006984","ER-nucleus signaling pathway","0/114","50/18842",0,0,-0.55240449061185,1,1,1,"",0
"GO:0006991","response to sterol depletion","0/114","17/18842",0,0,-0.321821954707169,1,1,1,"",0
"GO:0006995","cellular response to nitrogen starvation","0/114","12/18842",0,0,-0.270348623779636,1,1,1,"",0
"GO:0006997","nucleus organization","0/114","130/18842",0,0,-0.892627519401486,1,1,1,"",0
"GO:0006998","nuclear envelope organization","0/114","57/18842",0,0,-0.58991647916762,1,1,1,"",0
"GO:0006999","nuclear pore organization","0/114","15/18842",0,0,-0.302283031058143,1,1,1,"",0
"GO:0007000","nucleolus organization","0/114","13/18842",0,0,-0.281395241154067,1,1,1,"",0
"GO:0007004","telomere maintenance via telomerase","0/114","60/18842",0,0,-0.605289872062366,1,1,1,"",0
"GO:0007008","outer mitochondrial membrane organization","0/114","14/18842",0,0,-0.292025397077866,1,1,1,"",0
"GO:0007018","microtubule-based movement","0/114","496/18842",0,0,-1.76087628188261,1,1,1,"",0
"GO:0007019","microtubule depolymerization","0/114","45/18842",0,0,-0.523987209834246,1,1,1,"",0
"GO:0007020","microtubule nucleation","0/114","51/18842",0,0,-0.557916032797441,1,1,1,"",0
"GO:0007026","negative regulation of microtubule depolymerization","0/114","24/18842",0,0,-0.382452574606899,1,1,1,"",0
"GO:0007030","Golgi organization","0/114","146/18842",0,0,-0.946369593899701,1,1,1,"",0
"GO:0007031","peroxisome organization","0/114","38/18842",0,0,-0.481421384106586,1,1,1,"",0
"GO:0007032","endosome organization","0/114","100/18842",0,0,-0.782259296968349,1,1,1,"",0
"GO:0007034","vacuolar transport","0/114","172/18842",0,0,-1.02789975983425,1,1,1,"",0
"GO:0007035","vacuolar acidification","0/114","36/18842",0,0,-0.468556249314519,1,1,1,"",0
"GO:0007039","protein catabolic process in the vacuole","0/114","25/18842",0,0,-0.390349396257243,1,1,1,"",0
"GO:0007041","lysosomal transport","0/114","131/18842",0,0,-0.896078069427279,1,1,1,"",0
"GO:0007042","lysosomal lumen acidification","0/114","23/18842",0,0,-0.37439009208877,1,1,1,"",0
"GO:0007051","spindle organization","0/114","195/18842",0,0,-1.09514473697652,1,1,1,"",0
"GO:0007052","mitotic spindle organization","0/114","134/18842",0,0,-0.906353087827912,1,1,1,"",0
"GO:0007059","chromosome segregation","0/114","420/18842",0,0,-1.61701837976814,1,1,1,"",0
"GO:0007062","sister chromatid cohesion","0/114","62/18842",0,0,-0.615328103625092,1,1,1,"",0
"GO:0007063","regulation of sister chromatid cohesion","0/114","17/18842",0,0,-0.321821954707169,1,1,1,"",0
"GO:0007064","mitotic sister chromatid cohesion","0/114","32/18842",0,0,-0.441712095184957,1,1,1,"",0
"GO:0007076","mitotic chromosome condensation","0/114","19/18842",0,0,-0.340244473235715,1,1,1,"",0
"GO:0007080","mitotic metaphase chromosome alignment","0/114","70/18842",0,0,-0.653961900602345,1,1,1,"",0
"GO:0007084","mitotic nuclear membrane reassembly","0/114","10/18842",0,0,-0.246780294040919,1,1,1,"",0
"GO:0007091","metaphase/anaphase transition of mitotic cell cycle","0/114","104/18842",0,0,-0.797836227386193,1,1,1,"",0
"GO:0007093","mitotic cell cycle checkpoint signaling","0/114","140/18842",0,0,-0.926570974762814,1,1,1,"",0
"GO:0007094","mitotic spindle assembly checkpoint signaling","0/114","56/18842",0,0,-0.584703313002456,1,1,1,"",0
"GO:0007095","mitotic G2 DNA damage checkpoint signaling","0/114","33/18842",0,0,-0.448572677074785,1,1,1,"",0
"GO:0007096","regulation of exit from mitosis","0/114","15/18842",0,0,-0.302283031058143,1,1,1,"",0
"GO:0007097","nuclear migration","0/114","23/18842",0,0,-0.37439009208877,1,1,1,"",0
"GO:0007098","centrosome cycle","0/114","143/18842",0,0,-0.936521016925658,1,1,1,"",0
"GO:0007099","centriole replication","0/114","46/18842",0,0,-0.529791392159388,1,1,1,"",0
"GO:0007100","mitotic centrosome separation","0/114","13/18842",0,0,-0.281395241154067,1,1,1,"",0
"GO:0007127","meiosis I","0/114","112/18842",0,0,-0.828130581570465,1,1,1,"",0
"GO:0007129","homologous chromosome pairing at meiosis","0/114","39/18842",0,0,-0.48772771009869,1,1,1,"",0
"GO:0007130","synaptonemal complex assembly","0/114","19/18842",0,0,-0.340244473235715,1,1,1,"",0
"GO:0007131","reciprocal meiotic recombination","0/114","61/18842",0,0,-0.610329358594873,1,1,1,"",0
"GO:0007140","male meiotic nuclear division","0/114","43/18842",0,0,-0.51218346509735,1,1,1,"",0
"GO:0007141","male meiosis I","0/114","20/18842",0,0,-0.349092737116259,1,1,1,"",0
"GO:0007143","female meiotic nuclear division","0/114","26/18842",0,0,-0.398090415813405,1,1,1,"",0
"GO:0007158","neuron cell-cell adhesion","0/114","18/18842",0,0,-0.331160855290318,1,1,1,"",0
"GO:0007164","establishment of tissue polarity","0/114","12/18842",0,0,-0.270348623779636,1,1,1,"",0
"GO:0007168","receptor guanylyl cyclase signaling pathway","0/114","17/18842",0,0,-0.321821954707169,1,1,1,"",0
"GO:0007179","transforming growth factor beta receptor signaling pathway","0/114","230/18842",0,0,-1.19049094424074,1,1,1,"",0
"GO:0007190","activation of adenylate cyclase activity","0/114","15/18842",0,0,-0.302283031058143,1,1,1,"",0
"GO:0007194","negative regulation of adenylate cyclase activity","0/114","10/18842",0,0,-0.246780294040919,1,1,1,"",0
"GO:0007198","adenylate cyclase-inhibiting serotonin receptor signaling pathway","0/114","10/18842",0,0,-0.246780294040919,1,1,1,"",0
"GO:0007200","phospholipase C-activating G protein-coupled receptor signaling pathway","0/114","158/18842",0,0,-0.984809692513557,1,1,1,"",0
"GO:0007210","serotonin receptor signaling pathway","0/114","16/18842",0,0,-0.312204863557539,1,1,1,"",0
"GO:0007212","G protein-coupled dopamine receptor signaling pathway","0/114","26/18842",0,0,-0.398090415813405,1,1,1,"",0
"GO:0007213","G protein-coupled acetylcholine receptor signaling pathway","0/114","20/18842",0,0,-0.349092737116259,1,1,1,"",0
"GO:0007214","gamma-aminobutyric acid signaling pathway","0/114","25/18842",0,0,-0.390349396257243,1,1,1,"",0
"GO:0007215","glutamate receptor signaling pathway","0/114","60/18842",0,0,-0.605289872062366,1,1,1,"",0
"GO:0007216","G protein-coupled glutamate receptor signaling pathway","0/114","15/18842",0,0,-0.302283031058143,1,1,1,"",0
"GO:0007218","neuropeptide signaling pathway","0/114","115/18842",0,0,-0.839215535793769,1,1,1,"",0
"GO:0007229","integrin-mediated signaling pathway","0/114","109/18842",0,0,-0.81689884594105,1,1,1,"",0
"GO:0007250","activation of NF-kappaB-inducing kinase activity","0/114","14/18842",0,0,-0.292025397077866,1,1,1,"",0
"GO:0007265","Ras protein signal transduction","0/114","108/18842",0,0,-0.813121266662072,1,1,1,"",0
"GO:0007271","synaptic transmission, cholinergic","0/114","33/18842",0,0,-0.448572677074785,1,1,1,"",0
"GO:0007274","neuromuscular synaptic transmission","0/114","24/18842",0,0,-0.382452574606899,1,1,1,"",0
"GO:0007286","spermatid development","0/114","195/18842",0,0,-1.09514473697652,1,1,1,"",0
"GO:0007288","sperm axoneme assembly","0/114","27/18842",0,0,-0.405684552256011,1,1,1,"",0
"GO:0007289","spermatid nucleus differentiation","0/114","20/18842",0,0,-0.349092737116259,1,1,1,"",0
"GO:0007338","single fertilization","0/114","135/18842",0,0,-0.909753031096913,1,1,1,"",0
"GO:0007339","binding of sperm to zona pellucida","0/114","26/18842",0,0,-0.398090415813405,1,1,1,"",0
"GO:0007340","acrosome reaction","0/114","35/18842",0,0,-0.461990409406869,1,1,1,"",0
"GO:0007342","fusion of sperm to egg plasma membrane involved in single fertilization","0/114","27/18842",0,0,-0.405684552256011,1,1,1,"",0
"GO:0007343","egg activation","0/114","11/18842",0,0,-0.258832228173978,1,1,1,"",0
"GO:0007350","blastoderm segmentation","0/114","21/18842",0,0,-0.357723111916923,1,1,1,"",0
"GO:0007351","tripartite regional subdivision","0/114","18/18842",0,0,-0.331160855290318,1,1,1,"",0
"GO:0007398","ectoderm development","0/114","13/18842",0,0,-0.281395241154067,1,1,1,"",0
"GO:0007405","neuroblast proliferation","0/114","38/18842",0,0,-0.481421384106586,1,1,1,"",0
"GO:0007413","axonal fasciculation","0/114","17/18842",0,0,-0.321821954707169,1,1,1,"",0
"GO:0007416","synapse assembly","0/114","264/18842",0,0,-1.27661864872239,1,1,1,"",0
"GO:0007431","salivary gland development","0/114","10/18842",0,0,-0.246780294040919,1,1,1,"",0
"GO:0007512","adult heart development","0/114","10/18842",0,0,-0.246780294040919,1,1,1,"",0
"GO:0007517","muscle organ development","0/114","251/18842",0,0,-1.2443546797279,1,1,1,"",0
"GO:0007519","skeletal muscle tissue development","0/114","92/18842",0,0,-0.750156674508245,1,1,1,"",0
"GO:0007520","myoblast fusion","0/114","78/18842",0,0,-0.690467576265243,1,1,1,"",0
"GO:0007530","sex determination","0/114","14/18842",0,0,-0.292025397077866,1,1,1,"",0
"GO:0007548","sex differentiation","0/114","169/18842",0,0,-1.01881423373355,1,1,1,"",0
"GO:0007549","sex-chromosome dosage compensation","0/114","20/18842",0,0,-0.349092737116259,1,1,1,"",0
"GO:0007566","embryo implantation","0/114","46/18842",0,0,-0.529791392159388,1,1,1,"",0
"GO:0007585","respiratory gaseous exchange by respiratory system","0/114","36/18842",0,0,-0.468556249314519,1,1,1,"",0
"GO:0007588","excretion","0/114","23/18842",0,0,-0.37439009208877,1,1,1,"",0
"GO:0007597","blood coagulation, intrinsic pathway","0/114","13/18842",0,0,-0.281395241154067,1,1,1,"",0
"GO:0007602","phototransduction","0/114","43/18842",0,0,-0.51218346509735,1,1,1,"",0
"GO:0007603","phototransduction, visible light","0/114","17/18842",0,0,-0.321821954707169,1,1,1,"",0
"GO:0007608","sensory perception of smell","0/114","461/18842",0,0,-1.69599510820475,1,1,1,"",0
"GO:0007610","behavior","0/114","400/18842",0,0,-1.57719244086756,1,1,1,"",0
"GO:0007611","learning or memory","0/114","179/18842",0,0,-1.04880436837891,1,1,1,"",0
"GO:0007612","learning","0/114","96/18842",0,0,-0.766372672699586,1,1,1,"",0
"GO:0007613","memory","0/114","87/18842",0,0,-0.729389978789527,1,1,1,"",0
"GO:0007616","long-term memory","0/114","28/18842",0,0,-0.413139905591141,1,1,1,"",0
"GO:0007617","mating behavior","0/114","22/18842",0,0,-0.366151005389014,1,1,1,"",0
"GO:0007620","copulation","0/114","12/18842",0,0,-0.270348623779636,1,1,1,"",0
"GO:0007622","rhythmic behavior","0/114","45/18842",0,0,-0.523987209834246,1,1,1,"",0
"GO:0007626","locomotory behavior","0/114","82/18842",0,0,-0.70802600524063,1,1,1,"",0
"GO:0007631","feeding behavior","0/114","86/18842",0,0,-0.725166634587036,1,1,1,"",0
"GO:0007632","visual behavior","0/114","27/18842",0,0,-0.405684552256011,1,1,1,"",0
"GO:0007635","chemosensory behavior","0/114","10/18842",0,0,-0.246780294040919,1,1,1,"",0
"GO:0007638","mechanosensory behavior","0/114","10/18842",0,0,-0.246780294040919,1,1,1,"",0
"GO:0008033","tRNA processing","0/114","139/18842",0,0,-0.923231179901389,1,1,1,"",0
"GO:0008045","motor neuron axon guidance","0/114","16/18842",0,0,-0.312204863557539,1,1,1,"",0
"GO:0008053","mitochondrial fusion","0/114","32/18842",0,0,-0.441712095184957,1,1,1,"",0
"GO:0008063","Toll signaling pathway","0/114","13/18842",0,0,-0.281395241154067,1,1,1,"",0
"GO:0008088","axo-dendritic transport","0/114","82/18842",0,0,-0.70802600524063,1,1,1,"",0
"GO:0008089","anterograde axonal transport","0/114","43/18842",0,0,-0.51218346509735,1,1,1,"",0
"GO:0008090","retrograde axonal transport","0/114","18/18842",0,0,-0.331160855290318,1,1,1,"",0
"GO:0008156","negative regulation of DNA replication","0/114","28/18842",0,0,-0.413139905591141,1,1,1,"",0
"GO:0008203","cholesterol metabolic process","0/114","139/18842",0,0,-0.923231179901389,1,1,1,"",0
"GO:0008206","bile acid metabolic process","0/114","44/18842",0,0,-0.518118638610383,1,1,1,"",0
"GO:0008209","androgen metabolic process","0/114","25/18842",0,0,-0.390349396257243,1,1,1,"",0
"GO:0008210","estrogen metabolic process","0/114","42/18842",0,0,-0.506179346375384,1,1,1,"",0
"GO:0008213","protein alkylation","0/114","43/18842",0,0,-0.51218346509735,1,1,1,"",0
"GO:0008228","opsonization","0/114","22/18842",0,0,-0.366151005389014,1,1,1,"",0
"GO:0008286","insulin receptor signaling pathway","0/114","119/18842",0,0,-0.853777021702798,1,1,1,"",0
"GO:0008298","intracellular mRNA localization","0/114","18/18842",0,0,-0.331160855290318,1,1,1,"",0
"GO:0008299","isoprenoid biosynthetic process","0/114","31/18842",0,0,-0.434744008401426,1,1,1,"",0
"GO:0008300","isoprenoid catabolic process","0/114","10/18842",0,0,-0.246780294040919,1,1,1,"",0
"GO:0008306","associative learning","0/114","54/18842",0,0,-0.57413669406689,1,1,1,"",0
"GO:0008333","endosome to lysosome transport","0/114","66/18842",0,0,-0.634934798111144,1,1,1,"",0
"GO:0008334","histone mRNA metabolic process","0/114","28/18842",0,0,-0.413139905591141,1,1,1,"",0
"GO:0008344","adult locomotory behavior","0/114","22/18842",0,0,-0.366151005389014,1,1,1,"",0
"GO:0008347","glial cell migration","0/114","44/18842",0,0,-0.518118638610383,1,1,1,"",0
"GO:0008356","asymmetric cell division","0/114","12/18842",0,0,-0.270348623779636,1,1,1,"",0
"GO:0008406","gonad development","0/114","135/18842",0,0,-0.909753031096913,1,1,1,"",0
"GO:0008535","respiratory chain complex IV assembly","0/114","32/18842",0,0,-0.441712095184957,1,1,1,"",0
"GO:0008542","visual learning","0/114","22/18842",0,0,-0.366151005389014,1,1,1,"",0
"GO:0008584","male gonad development","0/114","83/18842",0,0,-0.712349140443652,1,1,1,"",0
"GO:0008585","female gonad development","0/114","58/18842",0,0,-0.595084525543044,1,1,1,"",0
"GO:0008595","anterior/posterior axis specification, embryo","0/114","18/18842",0,0,-0.331160855290318,1,1,1,"",0
"GO:0008608","attachment of spindle microtubules to kinetochore","0/114","55/18842",0,0,-0.579443809151722,1,1,1,"",0
"GO:0008611","ether lipid biosynthetic process","0/114","12/18842",0,0,-0.270348623779636,1,1,1,"",0
"GO:0008625","extrinsic apoptotic signaling pathway via death domain receptors","0/114","72/18842",0,0,-0.663273753353091,1,1,1,"",0
"GO:0008630","intrinsic apoptotic signaling pathway in response to DNA damage","0/114","91/18842",0,0,-0.746048702433775,1,1,1,"",0
"GO:0008631","intrinsic apoptotic signaling pathway in response to oxidative stress","0/114","62/18842",0,0,-0.615328103625092,1,1,1,"",0
"GO:0008637","apoptotic mitochondrial changes","0/114","99/18842",0,0,-0.77831740933011,1,1,1,"",0
"GO:0009048","dosage compensation by inactivation of X chromosome","0/114","19/18842",0,0,-0.340244473235715,1,1,1,"",0
"GO:0009062","fatty acid catabolic process","0/114","98/18842",0,0,-0.774355879439089,1,1,1,"",0
"GO:0009067","aspartate family amino acid biosynthetic process","0/114","15/18842",0,0,-0.302283031058143,1,1,1,"",0
"GO:0009070","serine family amino acid biosynthetic process","0/114","12/18842",0,0,-0.270348623779636,1,1,1,"",0
"GO:0009072","aromatic amino acid metabolic process","0/114","42/18842",0,0,-0.506179346375384,1,1,1,"",0
"GO:0009074","aromatic amino acid family catabolic process","0/114","23/18842",0,0,-0.37439009208877,1,1,1,"",0
"GO:0009084","L-glutamine family amino acid biosynthetic process","0/114","19/18842",0,0,-0.340244473235715,1,1,1,"",0
"GO:0009110","vitamin biosynthetic process","0/114","22/18842",0,0,-0.366151005389014,1,1,1,"",0
"GO:0009111","vitamin catabolic process","0/114","16/18842",0,0,-0.312204863557539,1,1,1,"",0
"GO:0009112","nucleobase metabolic process","0/114","34/18842",0,0,-0.455330613621119,1,1,1,"",0
"GO:0009113","purine nucleobase biosynthetic process","0/114","10/18842",0,0,-0.246780294040919,1,1,1,"",0
"GO:0009116","nucleoside metabolic process","0/114","43/18842",0,0,-0.51218346509735,1,1,1,"",0
"GO:0009119","ribonucleoside metabolic process","0/114","22/18842",0,0,-0.366151005389014,1,1,1,"",0
"GO:0009120","deoxyribonucleoside metabolic process","0/114","11/18842",0,0,-0.258832228173978,1,1,1,"",0
"GO:0009124","nucleoside monophosphate biosynthetic process","0/114","42/18842",0,0,-0.506179346375384,1,1,1,"",0
"GO:0009125","nucleoside monophosphate catabolic process","0/114","20/18842",0,0,-0.349092737116259,1,1,1,"",0
"GO:0009127","purine nucleoside monophosphate biosynthetic process","0/114","21/18842",0,0,-0.357723111916923,1,1,1,"",0
"GO:0009128","purine nucleoside monophosphate catabolic process","0/114","12/18842",0,0,-0.270348623779636,1,1,1,"",0
"GO:0009129","pyrimidine nucleoside monophosphate metabolic process","0/114","23/18842",0,0,-0.37439009208877,1,1,1,"",0
"GO:0009130","pyrimidine nucleoside monophosphate biosynthetic process","0/114","17/18842",0,0,-0.321821954707169,1,1,1,"",0
"GO:0009138","pyrimidine nucleoside diphosphate metabolic process","0/114","10/18842",0,0,-0.246780294040919,1,1,1,"",0
"GO:0009143","nucleoside triphosphate catabolic process","0/114","13/18842",0,0,-0.281395241154067,1,1,1,"",0
"GO:0009145","purine nucleoside triphosphate biosynthetic process","0/114","110/18842",0,0,-0.820659437364772,1,1,1,"",0
"GO:0009147","pyrimidine nucleoside triphosphate metabolic process","0/114","22/18842",0,0,-0.366151005389014,1,1,1,"",0
"GO:0009148","pyrimidine nucleoside triphosphate biosynthetic process","0/114","17/18842",0,0,-0.321821954707169,1,1,1,"",0
"GO:0009151","purine deoxyribonucleotide metabolic process","0/114","19/18842",0,0,-0.340244473235715,1,1,1,"",0
"GO:0009155","purine deoxyribonucleotide catabolic process","0/114","13/18842",0,0,-0.281395241154067,1,1,1,"",0
"GO:0009156","ribonucleoside monophosphate biosynthetic process","0/114","35/18842",0,0,-0.461990409406869,1,1,1,"",0
"GO:0009158","ribonucleoside monophosphate catabolic process","0/114","17/18842",0,0,-0.321821954707169,1,1,1,"",0
"GO:0009159","deoxyribonucleoside monophosphate catabolic process","0/114","17/18842",0,0,-0.321821954707169,1,1,1,"",0
"GO:0009163","nucleoside biosynthetic process","0/114","19/18842",0,0,-0.340244473235715,1,1,1,"",0
"GO:0009164","nucleoside catabolic process","0/114","14/18842",0,0,-0.292025397077866,1,1,1,"",0
"GO:0009168","purine ribonucleoside monophosphate biosynthetic process","0/114","19/18842",0,0,-0.340244473235715,1,1,1,"",0
"GO:0009169","purine ribonucleoside monophosphate catabolic process","0/114","11/18842",0,0,-0.258832228173978,1,1,1,"",0
"GO:0009170","purine deoxyribonucleoside monophosphate metabolic process","0/114","14/18842",0,0,-0.292025397077866,1,1,1,"",0
"GO:0009173","pyrimidine ribonucleoside monophosphate metabolic process","0/114","17/18842",0,0,-0.321821954707169,1,1,1,"",0
"GO:0009174","pyrimidine ribonucleoside monophosphate biosynthetic process","0/114","12/18842",0,0,-0.270348623779636,1,1,1,"",0
"GO:0009176","pyrimidine deoxyribonucleoside monophosphate metabolic process","0/114","14/18842",0,0,-0.292025397077866,1,1,1,"",0
"GO:0009187","cyclic nucleotide metabolic process","0/114","47/18842",0,0,-0.535533279253734,1,1,1,"",0
"GO:0009190","cyclic nucleotide biosynthetic process","0/114","25/18842",0,0,-0.390349396257243,1,1,1,"",0
"GO:0009201","ribonucleoside triphosphate biosynthetic process","0/114","116/18842",0,0,-0.842878905876654,1,1,1,"",0
"GO:0009206","purine ribonucleoside triphosphate biosynthetic process","0/114","110/18842",0,0,-0.820659437364772,1,1,1,"",0
"GO:0009208","pyrimidine ribonucleoside triphosphate metabolic process","0/114","17/18842",0,0,-0.321821954707169,1,1,1,"",0
"GO:0009209","pyrimidine ribonucleoside triphosphate biosynthetic process","0/114","14/18842",0,0,-0.292025397077866,1,1,1,"",0
"GO:0009214","cyclic nucleotide catabolic process","0/114","15/18842",0,0,-0.302283031058143,1,1,1,"",0
"GO:0009218","pyrimidine ribonucleotide metabolic process","0/114","33/18842",0,0,-0.448572677074785,1,1,1,"",0
"GO:0009219","pyrimidine deoxyribonucleotide metabolic process","0/114","26/18842",0,0,-0.398090415813405,1,1,1,"",0
"GO:0009220","pyrimidine ribonucleotide biosynthetic process","0/114","24/18842",0,0,-0.382452574606899,1,1,1,"",0
"GO:0009222","pyrimidine ribonucleotide catabolic process","0/114","11/18842",0,0,-0.258832228173978,1,1,1,"",0
"GO:0009223","pyrimidine deoxyribonucleotide catabolic process","0/114","19/18842",0,0,-0.340244473235715,1,1,1,"",0
"GO:0009225","nucleotide-sugar metabolic process","0/114","42/18842",0,0,-0.506179346375384,1,1,1,"",0
"GO:0009226","nucleotide-sugar biosynthetic process","0/114","28/18842",0,0,-0.413139905591141,1,1,1,"",0
"GO:0009235","cobalamin metabolic process","0/114","10/18842",0,0,-0.246780294040919,1,1,1,"",0
"GO:0009250","glucan biosynthetic process","0/114","44/18842",0,0,-0.518118638610383,1,1,1,"",0
"GO:0009251","glucan catabolic process","0/114","29/18842",0,0,-0.420463858404088,1,1,1,"",0
"GO:0009262","deoxyribonucleotide metabolic process","0/114","47/18842",0,0,-0.535533279253734,1,1,1,"",0
"GO:0009263","deoxyribonucleotide biosynthetic process","0/114","16/18842",0,0,-0.312204863557539,1,1,1,"",0
"GO:0009264","deoxyribonucleotide catabolic process","0/114","31/18842",0,0,-0.434744008401426,1,1,1,"",0
"GO:0009265","2'-deoxyribonucleotide biosynthetic process","0/114","16/18842",0,0,-0.312204863557539,1,1,1,"",0
"GO:0009266","response to temperature stimulus","0/114","135/18842",0,0,-0.909753031096913,1,1,1,"",0
"GO:0009301","snRNA transcription","0/114","19/18842",0,0,-0.340244473235715,1,1,1,"",0
"GO:0009303","rRNA transcription","0/114","43/18842",0,0,-0.51218346509735,1,1,1,"",0
"GO:0009304","tRNA transcription","0/114","12/18842",0,0,-0.270348623779636,1,1,1,"",0
"GO:0009309","amine biosynthetic process","0/114","34/18842",0,0,-0.455330613621119,1,1,1,"",0
"GO:0009310","amine catabolic process","0/114","18/18842",0,0,-0.331160855290318,1,1,1,"",0
"GO:0009311","oligosaccharide metabolic process","0/114","60/18842",0,0,-0.605289872062366,1,1,1,"",0
"GO:0009312","oligosaccharide biosynthetic process","0/114","26/18842",0,0,-0.398090415813405,1,1,1,"",0
"GO:0009313","oligosaccharide catabolic process","0/114","14/18842",0,0,-0.292025397077866,1,1,1,"",0
"GO:0009394","2'-deoxyribonucleotide metabolic process","0/114","46/18842",0,0,-0.529791392159388,1,1,1,"",0
"GO:0009396","folic acid-containing compound biosynthetic process","0/114","11/18842",0,0,-0.258832228173978,1,1,1,"",0
"GO:0009404","toxin metabolic process","0/114","19/18842",0,0,-0.340244473235715,1,1,1,"",0
"GO:0009408","response to heat","0/114","89/18842",0,0,-0.737765472975354,1,1,1,"",0
"GO:0009409","response to cold","0/114","28/18842",0,0,-0.413139905591141,1,1,1,"",0
"GO:0009415","response to water","0/114","11/18842",0,0,-0.258832228173978,1,1,1,"",0
"GO:0009435","NAD+ biosynthetic process","0/114","19/18842",0,0,-0.340244473235715,1,1,1,"",0
"GO:0009437","carnitine metabolic process","0/114","14/18842",0,0,-0.292025397077866,1,1,1,"",0
"GO:0009451","RNA modification","0/114","181/18842",0,0,-1.05470384946861,1,1,1,"",0
"GO:0009566","fertilization","0/114","154/18842",0,0,-0.972159776071229,1,1,1,"",0
"GO:0009583","detection of light stimulus","0/114","57/18842",0,0,-0.58991647916762,1,1,1,"",0
"GO:0009584","detection of visible light","0/114","32/18842",0,0,-0.441712095184957,1,1,1,"",0
"GO:0009595","detection of biotic stimulus","0/114","40/18842",0,0,-0.493954187592607,1,1,1,"",0
"GO:0009615","response to virus","0/114","400/18842",0,0,-1.57719244086756,1,1,1,"",0
"GO:0009620","response to fungus","0/114","70/18842",0,0,-0.653961900602345,1,1,1,"",0
"GO:0009642","response to light intensity","0/114","11/18842",0,0,-0.258832228173978,1,1,1,"",0
"GO:0009648","photoperiodism","0/114","29/18842",0,0,-0.420463858404088,1,1,1,"",0
"GO:0009649","entrainment of circadian clock","0/114","27/18842",0,0,-0.405684552256011,1,1,1,"",0
"GO:0009651","response to salt stress","0/114","18/18842",0,0,-0.331160855290318,1,1,1,"",0
"GO:0009712","catechol-containing compound metabolic process","0/114","44/18842",0,0,-0.518118638610383,1,1,1,"",0
"GO:0009713","catechol-containing compound biosynthetic process","0/114","17/18842",0,0,-0.321821954707169,1,1,1,"",0
"GO:0009756","carbohydrate mediated signaling","0/114","12/18842",0,0,-0.270348623779636,1,1,1,"",0
"GO:0009757","hexose mediated signaling","0/114","10/18842",0,0,-0.246780294040919,1,1,1,"",0
"GO:0009812","flavonoid metabolic process","0/114","16/18842",0,0,-0.312204863557539,1,1,1,"",0
"GO:0009820","alkaloid metabolic process","0/114","18/18842",0,0,-0.331160855290318,1,1,1,"",0
"GO:0009953","dorsal/ventral pattern formation","0/114","44/18842",0,0,-0.518118638610383,1,1,1,"",0
"GO:0009988","cell-cell recognition","0/114","51/18842",0,0,-0.557916032797441,1,1,1,"",0
"GO:0010002","cardioblast differentiation","0/114","15/18842",0,0,-0.302283031058143,1,1,1,"",0
"GO:0010039","response to iron ion","0/114","31/18842",0,0,-0.434744008401426,1,1,1,"",0
"GO:0010042","response to manganese ion","0/114","16/18842",0,0,-0.312204863557539,1,1,1,"",0
"GO:0010043","response to zinc ion","0/114","49/18842",0,0,-0.546837996215799,1,1,1,"",0
"GO:0010092","specification of animal organ identity","0/114","17/18842",0,0,-0.321821954707169,1,1,1,"",0
"GO:0010165","response to X-ray","0/114","20/18842",0,0,-0.349092737116259,1,1,1,"",0
"GO:0010171","body morphogenesis","0/114","26/18842",0,0,-0.398090415813405,1,1,1,"",0
"GO:0010182","sugar mediated signaling pathway","0/114","10/18842",0,0,-0.246780294040919,1,1,1,"",0
"GO:0010212","response to ionizing radiation","0/114","115/18842",0,0,-0.839215535793769,1,1,1,"",0
"GO:0010224","response to UV-B","0/114","17/18842",0,0,-0.321821954707169,1,1,1,"",0
"GO:0010225","response to UV-C","0/114","10/18842",0,0,-0.246780294040919,1,1,1,"",0
"GO:0010248","establishment or maintenance of transmembrane electrochemical gradient","0/114","17/18842",0,0,-0.321821954707169,1,1,1,"",0
"GO:0010255","glucose mediated signaling pathway","0/114","10/18842",0,0,-0.246780294040919,1,1,1,"",0
"GO:0010257","NADH dehydrogenase complex assembly","0/114","40/18842",0,0,-0.493954187592607,1,1,1,"",0
"GO:0010273","detoxification of copper ion","0/114","16/18842",0,0,-0.312204863557539,1,1,1,"",0
"GO:0010288","response to lead ion","0/114","18/18842",0,0,-0.331160855290318,1,1,1,"",0
"GO:0010310","regulation of hydrogen peroxide metabolic process","0/114","17/18842",0,0,-0.321821954707169,1,1,1,"",0
"GO:0010332","response to gamma radiation","0/114","37/18842",0,0,-0.475032029412254,1,1,1,"",0
"GO:0010389","regulation of G2/M transition of mitotic cell cycle","0/114","97/18842",0,0,-0.770374404205525,1,1,1,"",0
"GO:0010421","hydrogen peroxide-mediated programmed cell death","0/114","21/18842",0,0,-0.357723111916923,1,1,1,"",0
"GO:0010454","negative regulation of cell fate commitment","0/114","10/18842",0,0,-0.246780294040919,1,1,1,"",0
"GO:0010455","positive regulation of cell fate commitment","0/114","14/18842",0,0,-0.292025397077866,1,1,1,"",0
"GO:0010457","centriole-centriole cohesion","0/114","15/18842",0,0,-0.302283031058143,1,1,1,"",0
"GO:0010458","exit from mitosis","0/114","25/18842",0,0,-0.390349396257243,1,1,1,"",0
"GO:0010459","negative regulation of heart rate","0/114","12/18842",0,0,-0.270348623779636,1,1,1,"",0
"GO:0010463","mesenchymal cell proliferation","0/114","24/18842",0,0,-0.382452574606899,1,1,1,"",0
"GO:0010464","regulation of mesenchymal cell proliferation","0/114","16/18842",0,0,-0.312204863557539,1,1,1,"",0
"GO:0010496","intercellular transport","0/114","10/18842",0,0,-0.246780294040919,1,1,1,"",0
"GO:0010499","proteasomal ubiquitin-independent protein catabolic process","0/114","19/18842",0,0,-0.340244473235715,1,1,1,"",0
"GO:0010508","positive regulation of autophagy","0/114","158/18842",0,0,-0.984809692513557,1,1,1,"",0
"GO:0010510","regulation of pyruvate decarboxylation to acetyl-CoA","0/114","10/18842",0,0,-0.246780294040919,1,1,1,"",0
"GO:0010522","regulation of calcium ion transport into cytosol","0/114","17/18842",0,0,-0.321821954707169,1,1,1,"",0
"GO:0010524","positive regulation of calcium ion transport into cytosol","0/114","12/18842",0,0,-0.270348623779636,1,1,1,"",0
"GO:0010543","regulation of platelet activation","0/114","54/18842",0,0,-0.57413669406689,1,1,1,"",0
"GO:0010544","negative regulation of platelet activation","0/114","17/18842",0,0,-0.321821954707169,1,1,1,"",0
"GO:0010560","positive regulation of glycoprotein biosynthetic process","0/114","15/18842",0,0,-0.302283031058143,1,1,1,"",0
"GO:0010572","positive regulation of platelet activation","0/114","13/18842",0,0,-0.281395241154067,1,1,1,"",0
"GO:0010573","vascular endothelial growth factor production","0/114","63/18842",0,0,-0.620287092215828,1,1,1,"",0
"GO:0010574","regulation of vascular endothelial growth factor production","0/114","60/18842",0,0,-0.605289872062366,1,1,1,"",0
"GO:0010575","positive regulation of vascular endothelial growth factor production","0/114","31/18842",0,0,-0.434744008401426,1,1,1,"",0
"GO:0010587","miRNA catabolic process","0/114","18/18842",0,0,-0.331160855290318,1,1,1,"",0
"GO:0010592","positive regulation of lamellipodium assembly","0/114","26/18842",0,0,-0.398090415813405,1,1,1,"",0
"GO:0010612","regulation of cardiac muscle adaptation","0/114","19/18842",0,0,-0.340244473235715,1,1,1,"",0
"GO:0010614","negative regulation of cardiac muscle hypertrophy","0/114","40/18842",0,0,-0.493954187592607,1,1,1,"",0
"GO:0010615","positive regulation of cardiac muscle adaptation","0/114","10/18842",0,0,-0.246780294040919,1,1,1,"",0
"GO:0010616","negative regulation of cardiac muscle adaptation","0/114","10/18842",0,0,-0.246780294040919,1,1,1,"",0
"GO:0010633","negative regulation of epithelial cell migration","0/114","18/18842",0,0,-0.331160855290318,1,1,1,"",0
"GO:0010635","regulation of mitochondrial fusion","0/114","14/18842",0,0,-0.292025397077866,1,1,1,"",0
"GO:0010640","regulation of platelet-derived growth factor receptor signaling pathway","0/114","24/18842",0,0,-0.382452574606899,1,1,1,"",0
"GO:0010642","negative regulation of platelet-derived growth factor receptor signaling pathway","0/114","14/18842",0,0,-0.292025397077866,1,1,1,"",0
"GO:0010644","cell communication by electrical coupling","0/114","32/18842",0,0,-0.441712095184957,1,1,1,"",0
"GO:0010649","regulation of cell communication by electrical coupling","0/114","16/18842",0,0,-0.312204863557539,1,1,1,"",0
"GO:0010658","striated muscle cell apoptotic process","0/114","50/18842",0,0,-0.55240449061185,1,1,1,"",0
"GO:0010659","cardiac muscle cell apoptotic process","0/114","47/18842",0,0,-0.535533279253734,1,1,1,"",0
"GO:0010661","positive regulation of muscle cell apoptotic process","0/114","31/18842",0,0,-0.434744008401426,1,1,1,"",0
"GO:0010662","regulation of striated muscle cell apoptotic process","0/114","48/18842",0,0,-0.541214853935104,1,1,1,"",0
"GO:0010663","positive regulation of striated muscle cell apoptotic process","0/114","15/18842",0,0,-0.302283031058143,1,1,1,"",0
"GO:0010664","negative regulation of striated muscle cell apoptotic process","0/114","34/18842",0,0,-0.455330613621119,1,1,1,"",0
"GO:0010665","regulation of cardiac muscle cell apoptotic process","0/114","45/18842",0,0,-0.523987209834246,1,1,1,"",0
"GO:0010666","positive regulation of cardiac muscle cell apoptotic process","0/114","15/18842",0,0,-0.302283031058143,1,1,1,"",0
"GO:0010667","negative regulation of cardiac muscle cell apoptotic process","0/114","31/18842",0,0,-0.434744008401426,1,1,1,"",0
"GO:0010712","regulation of collagen metabolic process","0/114","47/18842",0,0,-0.535533279253734,1,1,1,"",0
"GO:0010713","negative regulation of collagen metabolic process","0/114","18/18842",0,0,-0.331160855290318,1,1,1,"",0
"GO:0010714","positive regulation of collagen metabolic process","0/114","25/18842",0,0,-0.390349396257243,1,1,1,"",0
"GO:0010716","negative regulation of extracellular matrix disassembly","0/114","12/18842",0,0,-0.270348623779636,1,1,1,"",0
"GO:0010742","macrophage derived foam cell differentiation","0/114","39/18842",0,0,-0.48772771009869,1,1,1,"",0
"GO:0010743","regulation of macrophage derived foam cell differentiation","0/114","35/18842",0,0,-0.461990409406869,1,1,1,"",0
"GO:0010744","positive regulation of macrophage derived foam cell differentiation","0/114","21/18842",0,0,-0.357723111916923,1,1,1,"",0
"GO:0010745","negative regulation of macrophage derived foam cell differentiation","0/114","14/18842",0,0,-0.292025397077866,1,1,1,"",0
"GO:0010755","regulation of plasminogen activation","0/114","18/18842",0,0,-0.331160855290318,1,1,1,"",0
"GO:0010758","regulation of macrophage chemotaxis","0/114","27/18842",0,0,-0.405684552256011,1,1,1,"",0
"GO:0010759","positive regulation of macrophage chemotaxis","0/114","20/18842",0,0,-0.349092737116259,1,1,1,"",0
"GO:0010764","negative regulation of fibroblast migration","0/114","11/18842",0,0,-0.258832228173978,1,1,1,"",0
"GO:0010770","positive regulation of cell morphogenesis","0/114","36/18842",0,0,-0.468556249314519,1,1,1,"",0
"GO:0010803","regulation of tumor necrosis factor-mediated signaling pathway","0/114","71/18842",0,0,-0.658634035666553,1,1,1,"",0
"GO:0010804","negative regulation of tumor necrosis factor-mediated signaling pathway","0/114","35/18842",0,0,-0.461990409406869,1,1,1,"",0
"GO:0010807","regulation of synaptic vesicle priming","0/114","11/18842",0,0,-0.258832228173978,1,1,1,"",0
"GO:0010818","T cell chemotaxis","0/114","27/18842",0,0,-0.405684552256011,1,1,1,"",0
"GO:0010819","regulation of T cell chemotaxis","0/114","13/18842",0,0,-0.281395241154067,1,1,1,"",0
"GO:0010820","positive regulation of T cell chemotaxis","0/114","12/18842",0,0,-0.270348623779636,1,1,1,"",0
"GO:0010821","regulation of mitochondrion organization","0/114","110/18842",0,0,-0.820659437364772,1,1,1,"",0
"GO:0010824","regulation of centrosome duplication","0/114","51/18842",0,0,-0.557916032797441,1,1,1,"",0
"GO:0010826","negative regulation of centrosome duplication","0/114","11/18842",0,0,-0.258832228173978,1,1,1,"",0
"GO:0010828","positive regulation of D-glucose transmembrane transport","0/114","39/18842",0,0,-0.48772771009869,1,1,1,"",0
"GO:0010831","positive regulation of myotube differentiation","0/114","14/18842",0,0,-0.292025397077866,1,1,1,"",0
"GO:0010833","telomere maintenance via telomere lengthening","0/114","73/18842",0,0,-0.667881729342805,1,1,1,"",0
"GO:0010838","positive regulation of keratinocyte proliferation","0/114","14/18842",0,0,-0.292025397077866,1,1,1,"",0
"GO:0010842","retina layer formation","0/114","19/18842",0,0,-0.340244473235715,1,1,1,"",0
"GO:0010866","regulation of triglyceride biosynthetic process","0/114","22/18842",0,0,-0.366151005389014,1,1,1,"",0
"GO:0010867","positive regulation of triglyceride biosynthetic process","0/114","14/18842",0,0,-0.292025397077866,1,1,1,"",0
"GO:0010874","regulation of cholesterol efflux","0/114","57/18842",0,0,-0.58991647916762,1,1,1,"",0
"GO:0010875","positive regulation of cholesterol efflux","0/114","27/18842",0,0,-0.405684552256011,1,1,1,"",0
"GO:0010878","cholesterol storage","0/114","21/18842",0,0,-0.357723111916923,1,1,1,"",0
"GO:0010880","regulation of release of sequestered calcium ion into cytosol by sarcoplasmic reticulum","0/114","34/18842",0,0,-0.455330613621119,1,1,1,"",0
"GO:0010881","regulation of cardiac muscle contraction by regulation of the release of sequestered calcium ion","0/114","23/18842",0,0,-0.37439009208877,1,1,1,"",0
"GO:0010882","regulation of cardiac muscle contraction by calcium ion signaling","0/114","32/18842",0,0,-0.441712095184957,1,1,1,"",0
"GO:0010883","regulation of lipid storage","0/114","48/18842",0,0,-0.541214853935104,1,1,1,"",0
"GO:0010884","positive regulation of lipid storage","0/114","22/18842",0,0,-0.366151005389014,1,1,1,"",0
"GO:0010885","regulation of cholesterol storage","0/114","19/18842",0,0,-0.340244473235715,1,1,1,"",0
"GO:0010887","negative regulation of cholesterol storage","0/114","11/18842",0,0,-0.258832228173978,1,1,1,"",0
"GO:0010888","negative regulation of lipid storage","0/114","22/18842",0,0,-0.366151005389014,1,1,1,"",0
"GO:0010893","positive regulation of steroid biosynthetic process","0/114","32/18842",0,0,-0.441712095184957,1,1,1,"",0
"GO:0010894","negative regulation of steroid biosynthetic process","0/114","28/18842",0,0,-0.413139905591141,1,1,1,"",0
"GO:0010907","positive regulation of glucose metabolic process","0/114","44/18842",0,0,-0.518118638610383,1,1,1,"",0
"GO:0010917","negative regulation of mitochondrial membrane potential","0/114","12/18842",0,0,-0.270348623779636,1,1,1,"",0
"GO:0010919","regulation of inositol phosphate biosynthetic process","0/114","12/18842",0,0,-0.270348623779636,1,1,1,"",0
"GO:0010934","macrophage cytokine production","0/114","14/18842",0,0,-0.292025397077866,1,1,1,"",0
"GO:0010935","regulation of macrophage cytokine production","0/114","14/18842",0,0,-0.292025397077866,1,1,1,"",0
"GO:0010944","negative regulation of transcription by competitive promoter binding","0/114","13/18842",0,0,-0.281395241154067,1,1,1,"",0
"GO:0010952","positive regulation of peptidase activity","0/114","10/18842",0,0,-0.246780294040919,1,1,1,"",0
"GO:0010954","positive regulation of protein processing","0/114","25/18842",0,0,-0.390349396257243,1,1,1,"",0
"GO:0010955","negative regulation of protein processing","0/114","20/18842",0,0,-0.349092737116259,1,1,1,"",0
"GO:0010958","regulation of amino acid import across plasma membrane","0/114","14/18842",0,0,-0.292025397077866,1,1,1,"",0
"GO:0010962","regulation of glucan biosynthetic process","0/114","31/18842",0,0,-0.434744008401426,1,1,1,"",0
"GO:0010965","regulation of mitotic sister chromatid separation","0/114","69/18842",0,0,-0.64925664824146,1,1,1,"",0
"GO:0010968","regulation of microtubule nucleation","0/114","19/18842",0,0,-0.340244473235715,1,1,1,"",0
"GO:0010970","transport along microtubule","0/114","191/18842",0,0,-1.08373805247298,1,1,1,"",0
"GO:0010971","positive regulation of G2/M transition of mitotic cell cycle","0/114","23/18842",0,0,-0.37439009208877,1,1,1,"",0
"GO:0010972","negative regulation of G2/M transition of mitotic cell cycle","0/114","72/18842",0,0,-0.663273753353091,1,1,1,"",0
"GO:0010982","regulation of high-density lipoprotein particle clearance","0/114","11/18842",0,0,-0.258832228173978,1,1,1,"",0
"GO:0010984","regulation of lipoprotein particle clearance","0/114","38/18842",0,0,-0.481421384106586,1,1,1,"",0
"GO:0010985","negative regulation of lipoprotein particle clearance","0/114","23/18842",0,0,-0.37439009208877,1,1,1,"",0
"GO:0010986","positive regulation of lipoprotein particle clearance","0/114","12/18842",0,0,-0.270348623779636,1,1,1,"",0
"GO:0010988","regulation of low-density lipoprotein particle clearance","0/114","24/18842",0,0,-0.382452574606899,1,1,1,"",0
"GO:0010989","negative regulation of low-density lipoprotein particle clearance","0/114","17/18842",0,0,-0.321821954707169,1,1,1,"",0
"GO:0010992","ubiquitin recycling","0/114","13/18842",0,0,-0.281395241154067,1,1,1,"",0
"GO:0010996","response to auditory stimulus","0/114","28/18842",0,0,-0.413139905591141,1,1,1,"",0
"GO:0014002","astrocyte development","0/114","29/18842",0,0,-0.420463858404088,1,1,1,"",0
"GO:0014009","glial cell proliferation","0/114","41/18842",0,0,-0.500103799131059,1,1,1,"",0
"GO:0014020","primary neural tube formation","0/114","35/18842",0,0,-0.461990409406869,1,1,1,"",0
"GO:0014046","dopamine secretion","0/114","23/18842",0,0,-0.37439009208877,1,1,1,"",0
"GO:0014047","glutamate secretion","0/114","20/18842",0,0,-0.349092737116259,1,1,1,"",0
"GO:0014048","regulation of glutamate secretion","0/114","15/18842",0,0,-0.302283031058143,1,1,1,"",0
"GO:0014049","positive regulation of glutamate secretion","0/114","10/18842",0,0,-0.246780294040919,1,1,1,"",0
"GO:0014059","regulation of dopamine secretion","0/114","22/18842",0,0,-0.366151005389014,1,1,1,"",0
"GO:0014061","regulation of norepinephrine secretion","0/114","12/18842",0,0,-0.270348623779636,1,1,1,"",0
"GO:0014072","response to isoquinoline alkaloid","0/114","14/18842",0,0,-0.292025397077866,1,1,1,"",0
"GO:0014741","negative regulation of muscle hypertrophy","0/114","42/18842",0,0,-0.506179346375384,1,1,1,"",0
"GO:0014744","positive regulation of muscle adaptation","0/114","13/18842",0,0,-0.281395241154067,1,1,1,"",0
"GO:0014808","release of sequestered calcium ion into cytosol by sarcoplasmic reticulum","0/114","41/18842",0,0,-0.500103799131059,1,1,1,"",0
"GO:0014816","skeletal muscle satellite cell differentiation","0/114","10/18842",0,0,-0.246780294040919,1,1,1,"",0
"GO:0014819","regulation of skeletal muscle contraction","0/114","19/18842",0,0,-0.340244473235715,1,1,1,"",0
"GO:0014831","gastro-intestinal system smooth muscle contraction","0/114","12/18842",0,0,-0.270348623779636,1,1,1,"",0
"GO:0014841","skeletal muscle satellite cell proliferation","0/114","13/18842",0,0,-0.281395241154067,1,1,1,"",0
"GO:0014842","regulation of skeletal muscle satellite cell proliferation","0/114","12/18842",0,0,-0.270348623779636,1,1,1,"",0
"GO:0014850","response to muscle activity","0/114","24/18842",0,0,-0.382452574606899,1,1,1,"",0
"GO:0014854","response to inactivity","0/114","11/18842",0,0,-0.258832228173978,1,1,1,"",0
"GO:0014856","skeletal muscle cell proliferation","0/114","15/18842",0,0,-0.302283031058143,1,1,1,"",0
"GO:0014857","regulation of skeletal muscle cell proliferation","0/114","12/18842",0,0,-0.270348623779636,1,1,1,"",0
"GO:0014887","cardiac muscle adaptation","0/114","25/18842",0,0,-0.390349396257243,1,1,1,"",0
"GO:0014888","striated muscle adaptation","0/114","41/18842",0,0,-0.500103799131059,1,1,1,"",0
"GO:0014889","muscle atrophy","0/114","10/18842",0,0,-0.246780294040919,1,1,1,"",0
"GO:0014898","cardiac muscle hypertrophy in response to stress","0/114","25/18842",0,0,-0.390349396257243,1,1,1,"",0
"GO:0014904","myotube cell development","0/114","24/18842",0,0,-0.382452574606899,1,1,1,"",0
"GO:0014910","regulation of smooth muscle cell migration","0/114","80/18842",0,0,-0.699300965396333,1,1,1,"",0
"GO:0014911","positive regulation of smooth muscle cell migration","0/114","42/18842",0,0,-0.506179346375384,1,1,1,"",0
"GO:0014912","negative regulation of smooth muscle cell migration","0/114","36/18842",0,0,-0.468556249314519,1,1,1,"",0
"GO:0015012","heparan sulfate proteoglycan biosynthetic process","0/114","34/18842",0,0,-0.455330613621119,1,1,1,"",0
"GO:0015074","DNA integration","0/114","12/18842",0,0,-0.270348623779636,1,1,1,"",0
"GO:0015669","gas transport","0/114","20/18842",0,0,-0.349092737116259,1,1,1,"",0
"GO:0015670","carbon dioxide transport","0/114","14/18842",0,0,-0.292025397077866,1,1,1,"",0
"GO:0015671","oxygen transport","0/114","14/18842",0,0,-0.292025397077866,1,1,1,"",0
"GO:0015701","bicarbonate transport","0/114","33/18842",0,0,-0.448572677074785,1,1,1,"",0
"GO:0015740","C4-dicarboxylate transport","0/114","27/18842",0,0,-0.405684552256011,1,1,1,"",0
"GO:0015747","urate transport","0/114","12/18842",0,0,-0.270348623779636,1,1,1,"",0
"GO:0015780","nucleotide-sugar transmembrane transport","0/114","13/18842",0,0,-0.281395241154067,1,1,1,"",0
"GO:0015791","polyol transmembrane transport","0/114","11/18842",0,0,-0.258832228173978,1,1,1,"",0
"GO:0015800","acidic amino acid transport","0/114","63/18842",0,0,-0.620287092215828,1,1,1,"",0
"GO:0015801","aromatic amino acid transport","0/114","14/18842",0,0,-0.292025397077866,1,1,1,"",0
"GO:0015802","basic amino acid transport","0/114","23/18842",0,0,-0.37439009208877,1,1,1,"",0
"GO:0015803","branched-chain amino acid transport","0/114","14/18842",0,0,-0.292025397077866,1,1,1,"",0
"GO:0015808","L-alanine transport","0/114","11/18842",0,0,-0.258832228173978,1,1,1,"",0
"GO:0015810","aspartate transmembrane transport","0/114","19/18842",0,0,-0.340244473235715,1,1,1,"",0
"GO:0015812","gamma-aminobutyric acid transport","0/114","15/18842",0,0,-0.302283031058143,1,1,1,"",0
"GO:0015813","L-glutamate transmembrane transport","0/114","28/18842",0,0,-0.413139905591141,1,1,1,"",0
"GO:0015820","L-leucine transport","0/114","10/18842",0,0,-0.246780294040919,1,1,1,"",0
"GO:0015837","amine transport","0/114","89/18842",0,0,-0.737765472975354,1,1,1,"",0
"GO:0015838","amino-acid betaine transport","0/114","13/18842",0,0,-0.281395241154067,1,1,1,"",0
"GO:0015844","monoamine transport","0/114","65/18842",0,0,-0.63008954763278,1,1,1,"",0
"GO:0015846","polyamine transport","0/114","17/18842",0,0,-0.321821954707169,1,1,1,"",0
"GO:0015851","nucleobase transport","0/114","13/18842",0,0,-0.281395241154067,1,1,1,"",0
"GO:0015858","nucleoside transport","0/114","10/18842",0,0,-0.246780294040919,1,1,1,"",0
"GO:0015865","purine nucleotide transport","0/114","40/18842",0,0,-0.493954187592607,1,1,1,"",0
"GO:0015866","ADP transport","0/114","12/18842",0,0,-0.270348623779636,1,1,1,"",0
"GO:0015867","ATP transport","0/114","24/18842",0,0,-0.382452574606899,1,1,1,"",0
"GO:0015868","purine ribonucleotide transport","0/114","35/18842",0,0,-0.461990409406869,1,1,1,"",0
"GO:0015872","dopamine transport","0/114","36/18842",0,0,-0.468556249314519,1,1,1,"",0
"GO:0015874","norepinephrine transport","0/114","22/18842",0,0,-0.366151005389014,1,1,1,"",0
"GO:0015909","long-chain fatty acid transport","0/114","63/18842",0,0,-0.620287092215828,1,1,1,"",0
"GO:0015919","peroxisomal membrane transport","0/114","23/18842",0,0,-0.37439009208877,1,1,1,"",0
"GO:0015931","nucleobase-containing compound transport","0/114","236/18842",0,0,-1.20611354095151,1,1,1,"",0
"GO:0015936","coenzyme A metabolic process","0/114","18/18842",0,0,-0.331160855290318,1,1,1,"",0
"GO:0015937","coenzyme A biosynthetic process","0/114","10/18842",0,0,-0.246780294040919,1,1,1,"",0
"GO:0015986","proton motive force-driven ATP synthesis","0/114","76/18842",0,0,-0.681521624211709,1,1,1,"",0
"GO:0016024","CDP-diacylglycerol biosynthetic process","0/114","13/18842",0,0,-0.281395241154067,1,1,1,"",0
"GO:0016032","viral process","0/114","383/18842",0,0,-1.54260239815734,1,1,1,"",0
"GO:0016045","detection of bacterium","0/114","16/18842",0,0,-0.312204863557539,1,1,1,"",0
"GO:0016048","detection of temperature stimulus","0/114","18/18842",0,0,-0.331160855290318,1,1,1,"",0
"GO:0016056","G protein-coupled opsin signaling pathway","0/114","11/18842",0,0,-0.258832228173978,1,1,1,"",0
"GO:0016064","immunoglobulin mediated immune response","0/114","172/18842",0,0,-1.02789975983425,1,1,1,"",0
"GO:0016073","snRNA metabolic process","0/114","61/18842",0,0,-0.610329358594873,1,1,1,"",0
"GO:0016074","sno(s)RNA metabolic process","0/114","14/18842",0,0,-0.292025397077866,1,1,1,"",0
"GO:0016078","tRNA decay","0/114","17/18842",0,0,-0.321821954707169,1,1,1,"",0
"GO:0016081","synaptic vesicle docking","0/114","13/18842",0,0,-0.281395241154067,1,1,1,"",0
"GO:0016082","synaptic vesicle priming","0/114","27/18842",0,0,-0.405684552256011,1,1,1,"",0
"GO:0016101","diterpenoid metabolic process","0/114","93/18842",0,0,-0.754242707530657,1,1,1,"",0
"GO:0016102","diterpenoid biosynthetic process","0/114","10/18842",0,0,-0.246780294040919,1,1,1,"",0
"GO:0016114","terpenoid biosynthetic process","0/114","25/18842",0,0,-0.390349396257243,1,1,1,"",0
"GO:0016125","sterol metabolic process","0/114","160/18842",0,0,-0.991076110041332,1,1,1,"",0
"GO:0016126","sterol biosynthetic process","0/114","71/18842",0,0,-0.658634035666553,1,1,1,"",0
"GO:0016137","glycoside metabolic process","0/114","17/18842",0,0,-0.321821954707169,1,1,1,"",0
"GO:0016180","snRNA processing","0/114","39/18842",0,0,-0.48772771009869,1,1,1,"",0
"GO:0016185","synaptic vesicle budding from presynaptic endocytic zone membrane","0/114","11/18842",0,0,-0.258832228173978,1,1,1,"",0
"GO:0016188","synaptic vesicle maturation","0/114","25/18842",0,0,-0.390349396257243,1,1,1,"",0
"GO:0016202","regulation of striated muscle tissue development","0/114","26/18842",0,0,-0.398090415813405,1,1,1,"",0
"GO:0016226","iron-sulfur cluster assembly","0/114","28/18842",0,0,-0.413139905591141,1,1,1,"",0
"GO:0016233","telomere capping","0/114","26/18842",0,0,-0.398090415813405,1,1,1,"",0
"GO:0016237","microautophagy","0/114","22/18842",0,0,-0.366151005389014,1,1,1,"",0
"GO:0016239","positive regulation of macroautophagy","0/114","90/18842",0,0,-0.741918426809738,1,1,1,"",0
"GO:0016241","regulation of macroautophagy","0/114","188/18842",0,0,-1.07510687368823,1,1,1,"",0
"GO:0016242","negative regulation of macroautophagy","0/114","32/18842",0,0,-0.441712095184957,1,1,1,"",0
"GO:0016264","gap junction assembly","0/114","18/18842",0,0,-0.331160855290318,1,1,1,"",0
"GO:0016322","neuron remodeling","0/114","12/18842",0,0,-0.270348623779636,1,1,1,"",0
"GO:0016339","calcium-dependent cell-cell adhesion","0/114","45/18842",0,0,-0.523987209834246,1,1,1,"",0
"GO:0016444","somatic cell DNA recombination","0/114","52/18842",0,0,-0.563374235674815,1,1,1,"",0
"GO:0016445","somatic diversification of immunoglobulins","0/114","54/18842",0,0,-0.57413669406689,1,1,1,"",0
"GO:0016446","somatic hypermutation of immunoglobulin genes","0/114","10/18842",0,0,-0.246780294040919,1,1,1,"",0
"GO:0016447","somatic recombination of immunoglobulin gene segments","0/114","47/18842",0,0,-0.535533279253734,1,1,1,"",0
"GO:0016486","peptide hormone processing","0/114","37/18842",0,0,-0.475032029412254,1,1,1,"",0
"GO:0016553","base conversion or substitution editing","0/114","18/18842",0,0,-0.331160855290318,1,1,1,"",0
"GO:0016554","cytidine to uridine editing","0/114","12/18842",0,0,-0.270348623779636,1,1,1,"",0
"GO:0016556","mRNA modification","0/114","26/18842",0,0,-0.398090415813405,1,1,1,"",0
"GO:0016558","protein import into peroxisome matrix","0/114","16/18842",0,0,-0.312204863557539,1,1,1,"",0
"GO:0016559","peroxisome fission","0/114","12/18842",0,0,-0.270348623779636,1,1,1,"",0
"GO:0016579","protein deubiquitination","0/114","121/18842",0,0,-0.860967709575,1,1,1,"",0
"GO:0016601","Rac protein signal transduction","0/114","59/18842",0,0,-0.600208617717198,1,1,1,"",0
"GO:0016925","protein sumoylation","0/114","66/18842",0,0,-0.634934798111144,1,1,1,"",0
"GO:0016973","poly(A)+ mRNA export from nucleus","0/114","25/18842",0,0,-0.390349396257243,1,1,1,"",0
"GO:0017004","cytochrome complex assembly","0/114","47/18842",0,0,-0.535533279253734,1,1,1,"",0
"GO:0017015","regulation of transforming growth factor beta receptor signaling pathway","0/114","164/18842",0,0,-1.00349552146364,1,1,1,"",0
"GO:0017062","respiratory chain complex III assembly","0/114","14/18842",0,0,-0.292025397077866,1,1,1,"",0
"GO:0017145","stem cell division","0/114","23/18842",0,0,-0.37439009208877,1,1,1,"",0
"GO:0018022","peptidyl-lysine methylation","0/114","17/18842",0,0,-0.321821954707169,1,1,1,"",0
"GO:0018126","protein hydroxylation","0/114","15/18842",0,0,-0.302283031058143,1,1,1,"",0
"GO:0018149","peptide cross-linking","0/114","18/18842",0,0,-0.331160855290318,1,1,1,"",0
"GO:0018198","peptidyl-cysteine modification","0/114","20/18842",0,0,-0.349092737116259,1,1,1,"",0
"GO:0018200","peptidyl-glutamic acid modification","0/114","18/18842",0,0,-0.331160855290318,1,1,1,"",0
"GO:0018205","peptidyl-lysine modification","0/114","123/18842",0,0,-0.868100354723783,1,1,1,"",0
"GO:0018230","peptidyl-L-cysteine S-palmitoylation","0/114","15/18842",0,0,-0.302283031058143,1,1,1,"",0
"GO:0018231","peptidyl-S-diacylglycerol-L-cysteine biosynthetic process from peptidyl-cysteine","0/114","15/18842",0,0,-0.302283031058143,1,1,1,"",0
"GO:0018342","protein prenylation","0/114","11/18842",0,0,-0.258832228173978,1,1,1,"",0
"GO:0018345","protein palmitoylation","0/114","22/18842",0,0,-0.366151005389014,1,1,1,"",0
"GO:0018394","peptidyl-lysine acetylation","0/114","13/18842",0,0,-0.281395241154067,1,1,1,"",0
"GO:0018958","phenol-containing compound metabolic process","0/114","95/18842",0,0,-0.762350365864638,1,1,1,"",0
"GO:0019058","viral life cycle","0/114","284/18842",0,0,-1.32480599569545,1,1,1,"",0
"GO:0019062","virion attachment to host cell","0/114","10/18842",0,0,-0.246780294040919,1,1,1,"",0
"GO:0019065","receptor-mediated endocytosis of virus by host cell","0/114","11/18842",0,0,-0.258832228173978,1,1,1,"",0
"GO:0019068","virion assembly","0/114","36/18842",0,0,-0.468556249314519,1,1,1,"",0
"GO:0019076","viral release from host cell","0/114","29/18842",0,0,-0.420463858404088,1,1,1,"",0
"GO:0019079","viral genome replication","0/114","110/18842",0,0,-0.820659437364772,1,1,1,"",0
"GO:0019080","viral gene expression","0/114","93/18842",0,0,-0.754242707530657,1,1,1,"",0
"GO:0019081","viral translation","0/114","36/18842",0,0,-0.468556249314519,1,1,1,"",0
"GO:0019082","viral protein processing","0/114","32/18842",0,0,-0.441712095184957,1,1,1,"",0
"GO:0019083","viral transcription","0/114","25/18842",0,0,-0.390349396257243,1,1,1,"",0
"GO:0019098","reproductive behavior","0/114","26/18842",0,0,-0.398090415813405,1,1,1,"",0
"GO:0019226","transmission of nerve impulse","0/114","58/18842",0,0,-0.595084525543044,1,1,1,"",0
"GO:0019228","neuronal action potential","0/114","32/18842",0,0,-0.441712095184957,1,1,1,"",0
"GO:0019317","fucose catabolic process","0/114","10/18842",0,0,-0.246780294040919,1,1,1,"",0
"GO:0019320","hexose catabolic process","0/114","48/18842",0,0,-0.541214853935104,1,1,1,"",0
"GO:0019321","pentose metabolic process","0/114","11/18842",0,0,-0.258832228173978,1,1,1,"",0
"GO:0019336","phenol-containing compound catabolic process","0/114","12/18842",0,0,-0.270348623779636,1,1,1,"",0
"GO:0019359","nicotinamide nucleotide biosynthetic process","0/114","22/18842",0,0,-0.366151005389014,1,1,1,"",0
"GO:0019363","pyridine nucleotide biosynthetic process","0/114","22/18842",0,0,-0.366151005389014,1,1,1,"",0
"GO:0019365","pyridine nucleotide salvage","0/114","10/18842",0,0,-0.246780294040919,1,1,1,"",0
"GO:0019371","cyclooxygenase pathway","0/114","10/18842",0,0,-0.246780294040919,1,1,1,"",0
"GO:0019372","lipoxygenase pathway","0/114","10/18842",0,0,-0.246780294040919,1,1,1,"",0
"GO:0019373","epoxygenase P450 pathway","0/114","18/18842",0,0,-0.331160855290318,1,1,1,"",0
"GO:0019377","glycolipid catabolic process","0/114","27/18842",0,0,-0.405684552256011,1,1,1,"",0
"GO:0019395","fatty acid oxidation","0/114","96/18842",0,0,-0.766372672699586,1,1,1,"",0
"GO:0019430","removal of superoxide radicals","0/114","21/18842",0,0,-0.357723111916923,1,1,1,"",0
"GO:0019432","triglyceride biosynthetic process","0/114","42/18842",0,0,-0.506179346375384,1,1,1,"",0
"GO:0019530","taurine metabolic process","0/114","10/18842",0,0,-0.246780294040919,1,1,1,"",0
"GO:0019532","oxalate transport","0/114","11/18842",0,0,-0.258832228173978,1,1,1,"",0
"GO:0019585","glucuronate metabolic process","0/114","10/18842",0,0,-0.246780294040919,1,1,1,"",0
"GO:0019627","urea metabolic process","0/114","13/18842",0,0,-0.281395241154067,1,1,1,"",0
"GO:0019673","GDP-mannose metabolic process","0/114","10/18842",0,0,-0.246780294040919,1,1,1,"",0
"GO:0019674","NAD+ metabolic process","0/114","43/18842",0,0,-0.51218346509735,1,1,1,"",0
"GO:0019682","glyceraldehyde-3-phosphate metabolic process","0/114","12/18842",0,0,-0.270348623779636,1,1,1,"",0
"GO:0019694","alkanesulfonate metabolic process","0/114","10/18842",0,0,-0.246780294040919,1,1,1,"",0
"GO:0019724","B cell mediated immunity","0/114","177/18842",0,0,-1.04287278975741,1,1,1,"",0
"GO:0019730","antimicrobial humoral response","0/114","189/18842",0,0,-1.07799130302388,1,1,1,"",0
"GO:0019731","antibacterial humoral response","0/114","86/18842",0,0,-0.725166634587036,1,1,1,"",0
"GO:0019732","antifungal humoral response","0/114","12/18842",0,0,-0.270348623779636,1,1,1,"",0
"GO:0019748","secondary metabolic process","0/114","58/18842",0,0,-0.595084525543044,1,1,1,"",0
"GO:0019755","one-carbon compound transport","0/114","23/18842",0,0,-0.37439009208877,1,1,1,"",0
"GO:0019835","cytolysis","0/114","10/18842",0,0,-0.246780294040919,1,1,1,"",0
"GO:0019856","pyrimidine nucleobase biosynthetic process","0/114","12/18842",0,0,-0.270348623779636,1,1,1,"",0
"GO:0019882","antigen processing and presentation","0/114","104/18842",0,0,-0.797836227386193,1,1,1,"",0
"GO:0019883","antigen processing and presentation of endogenous antigen","0/114","30/18842",0,0,-0.427663161774826,1,1,1,"",0
"GO:0019884","antigen processing and presentation of exogenous antigen","0/114","45/18842",0,0,-0.523987209834246,1,1,1,"",0
"GO:0019885","antigen processing and presentation of endogenous peptide antigen via MHC class I","0/114","22/18842",0,0,-0.366151005389014,1,1,1,"",0
"GO:0019886","antigen processing and presentation of exogenous peptide antigen via MHC class II","0/114","27/18842",0,0,-0.405684552256011,1,1,1,"",0
"GO:0019896","axonal transport of mitochondrion","0/114","16/18842",0,0,-0.312204863557539,1,1,1,"",0
"GO:0019915","lipid storage","0/114","82/18842",0,0,-0.70802600524063,1,1,1,"",0
"GO:0019985","translesion synthesis","0/114","26/18842",0,0,-0.398090415813405,1,1,1,"",0
"GO:0021510","spinal cord development","0/114","55/18842",0,0,-0.579443809151722,1,1,1,"",0
"GO:0021515","cell differentiation in spinal cord","0/114","17/18842",0,0,-0.321821954707169,1,1,1,"",0
"GO:0021517","ventral spinal cord development","0/114","18/18842",0,0,-0.331160855290318,1,1,1,"",0
"GO:0021533","cell differentiation in hindbrain","0/114","14/18842",0,0,-0.292025397077866,1,1,1,"",0
"GO:0021535","cell migration in hindbrain","0/114","10/18842",0,0,-0.246780294040919,1,1,1,"",0
"GO:0021536","diencephalon development","0/114","42/18842",0,0,-0.506179346375384,1,1,1,"",0
"GO:0021542","dentate gyrus development","0/114","10/18842",0,0,-0.246780294040919,1,1,1,"",0
"GO:0021543","pallium development","0/114","124/18842",0,0,-0.871645357157923,1,1,1,"",0
"GO:0021544","subpallium development","0/114","12/18842",0,0,-0.270348623779636,1,1,1,"",0
"GO:0021549","cerebellum development","0/114","62/18842",0,0,-0.615328103625092,1,1,1,"",0
"GO:0021559","trigeminal nerve development","0/114","12/18842",0,0,-0.270348623779636,1,1,1,"",0
"GO:0021575","hindbrain morphogenesis","0/114","23/18842",0,0,-0.37439009208877,1,1,1,"",0
"GO:0021587","cerebellum morphogenesis","0/114","22/18842",0,0,-0.366151005389014,1,1,1,"",0
"GO:0021591","ventricular system development","0/114","10/18842",0,0,-0.246780294040919,1,1,1,"",0
"GO:0021602","cranial nerve morphogenesis","0/114","19/18842",0,0,-0.340244473235715,1,1,1,"",0
"GO:0021603","cranial nerve formation","0/114","11/18842",0,0,-0.258832228173978,1,1,1,"",0
"GO:0021680","cerebellar Purkinje cell layer development","0/114","15/18842",0,0,-0.302283031058143,1,1,1,"",0
"GO:0021681","cerebellar granular layer development","0/114","11/18842",0,0,-0.258832228173978,1,1,1,"",0
"GO:0021692","cerebellar Purkinje cell layer morphogenesis","0/114","10/18842",0,0,-0.246780294040919,1,1,1,"",0
"GO:0021695","cerebellar cortex development","0/114","31/18842",0,0,-0.434744008401426,1,1,1,"",0
"GO:0021696","cerebellar cortex morphogenesis","0/114","20/18842",0,0,-0.349092737116259,1,1,1,"",0
"GO:0021697","cerebellar cortex formation","0/114","14/18842",0,0,-0.292025397077866,1,1,1,"",0
"GO:0021756","striatum development","0/114","12/18842",0,0,-0.270348623779636,1,1,1,"",0
"GO:0021761","limbic system development","0/114","70/18842",0,0,-0.653961900602345,1,1,1,"",0
"GO:0021766","hippocampus development","0/114","50/18842",0,0,-0.55240449061185,1,1,1,"",0
"GO:0021772","olfactory bulb development","0/114","20/18842",0,0,-0.349092737116259,1,1,1,"",0
"GO:0021783","preganglionic parasympathetic fiber development","0/114","11/18842",0,0,-0.258832228173978,1,1,1,"",0
"GO:0021795","cerebral cortex cell migration","0/114","29/18842",0,0,-0.420463858404088,1,1,1,"",0
"GO:0021799","cerebral cortex radially oriented cell migration","0/114","23/18842",0,0,-0.37439009208877,1,1,1,"",0
"GO:0021801","cerebral cortex radial glia-guided migration","0/114","19/18842",0,0,-0.340244473235715,1,1,1,"",0
"GO:0021846","cell proliferation in forebrain","0/114","17/18842",0,0,-0.321821954707169,1,1,1,"",0
"GO:0021854","hypothalamus development","0/114","21/18842",0,0,-0.357723111916923,1,1,1,"",0
"GO:0021872","forebrain generation of neurons","0/114","47/18842",0,0,-0.535533279253734,1,1,1,"",0
"GO:0021879","forebrain neuron differentiation","0/114","43/18842",0,0,-0.51218346509735,1,1,1,"",0
"GO:0021884","forebrain neuron development","0/114","23/18842",0,0,-0.37439009208877,1,1,1,"",0
"GO:0021885","forebrain cell migration","0/114","37/18842",0,0,-0.475032029412254,1,1,1,"",0
"GO:0021895","cerebral cortex neuron differentiation","0/114","12/18842",0,0,-0.270348623779636,1,1,1,"",0
"GO:0021952","central nervous system projection neuron axonogenesis","0/114","15/18842",0,0,-0.302283031058143,1,1,1,"",0
"GO:0021953","central nervous system neuron differentiation","0/114","119/18842",0,0,-0.853777021702798,1,1,1,"",0
"GO:0021954","central nervous system neuron development","0/114","54/18842",0,0,-0.57413669406689,1,1,1,"",0
"GO:0021955","central nervous system neuron axonogenesis","0/114","22/18842",0,0,-0.366151005389014,1,1,1,"",0
"GO:0021983","pituitary gland development","0/114","17/18842",0,0,-0.321821954707169,1,1,1,"",0
"GO:0021987","cerebral cortex development","0/114","89/18842",0,0,-0.737765472975354,1,1,1,"",0
"GO:0021988","olfactory lobe development","0/114","21/18842",0,0,-0.357723111916923,1,1,1,"",0
"GO:0022011","myelination in peripheral nervous system","0/114","17/18842",0,0,-0.321821954707169,1,1,1,"",0
"GO:0022029","telencephalon cell migration","0/114","36/18842",0,0,-0.468556249314519,1,1,1,"",0
"GO:0022030","telencephalon glial cell migration","0/114","19/18842",0,0,-0.340244473235715,1,1,1,"",0
"GO:0022037","metencephalon development","0/114","64/18842",0,0,-0.62520727046574,1,1,1,"",0
"GO:0022038","corpus callosum development","0/114","13/18842",0,0,-0.281395241154067,1,1,1,"",0
"GO:0022401","negative adaptation of signaling pathway","0/114","20/18842",0,0,-0.349092737116259,1,1,1,"",0
"GO:0022404","molting cycle process","0/114","45/18842",0,0,-0.523987209834246,1,1,1,"",0
"GO:0022405","hair cycle process","0/114","45/18842",0,0,-0.523987209834246,1,1,1,"",0
"GO:0022406","membrane docking","0/114","86/18842",0,0,-0.725166634587036,1,1,1,"",0
"GO:0022410","circadian sleep/wake cycle process","0/114","23/18842",0,0,-0.37439009208877,1,1,1,"",0
"GO:0022602","ovulation cycle process","0/114","32/18842",0,0,-0.441712095184957,1,1,1,"",0
"GO:0022612","gland morphogenesis","0/114","22/18842",0,0,-0.366151005389014,1,1,1,"",0
"GO:0022616","DNA strand elongation","0/114","37/18842",0,0,-0.475032029412254,1,1,1,"",0
"GO:0022618","protein-RNA complex assembly","0/114","259/18842",0,0,-1.26430154513751,1,1,1,"",0
"GO:0023035","CD40 signaling pathway","0/114","14/18842",0,0,-0.292025397077866,1,1,1,"",0
"GO:0023058","adaptation of signaling pathway","0/114","20/18842",0,0,-0.349092737116259,1,1,1,"",0
"GO:0030007","intracellular potassium ion homeostasis","0/114","22/18842",0,0,-0.366151005389014,1,1,1,"",0
"GO:0030033","microvillus assembly","0/114","13/18842",0,0,-0.281395241154067,1,1,1,"",0
"GO:0030038","contractile actin filament bundle assembly","0/114","103/18842",0,0,-0.79397002532922,1,1,1,"",0
"GO:0030049","muscle filament sliding","0/114","17/18842",0,0,-0.321821954707169,1,1,1,"",0
"GO:0030071","regulation of mitotic metaphase/anaphase transition","0/114","100/18842",0,0,-0.782259296968349,1,1,1,"",0
"GO:0030101","natural killer cell activation","0/114","93/18842",0,0,-0.754242707530657,1,1,1,"",0
"GO:0030150","protein import into mitochondrial matrix","0/114","25/18842",0,0,-0.390349396257243,1,1,1,"",0
"GO:0030167","proteoglycan catabolic process","0/114","22/18842",0,0,-0.366151005389014,1,1,1,"",0
"GO:0030168","platelet activation","0/114","125/18842",0,0,-0.875176376769011,1,1,1,"",0
"GO:0030174","regulation of DNA-templated DNA replication initiation","0/114","19/18842",0,0,-0.340244473235715,1,1,1,"",0
"GO:0030178","negative regulation of Wnt signaling pathway","0/114","165/18842",0,0,-1.00657725530882,1,1,1,"",0
"GO:0030183","B cell differentiation","0/114","114/18842",0,0,-0.835536497784442,1,1,1,"",0
"GO:0030194","positive regulation of blood coagulation","0/114","26/18842",0,0,-0.398090415813405,1,1,1,"",0
"GO:0030199","collagen fibril organization","0/114","65/18842",0,0,-0.63008954763278,1,1,1,"",0
"GO:0030200","heparan sulfate proteoglycan catabolic process","0/114","12/18842",0,0,-0.270348623779636,1,1,1,"",0
"GO:0030201","heparan sulfate proteoglycan metabolic process","0/114","46/18842",0,0,-0.529791392159388,1,1,1,"",0
"GO:0030202","heparin proteoglycan metabolic process","0/114","15/18842",0,0,-0.302283031058143,1,1,1,"",0
"GO:0030203","glycosaminoglycan metabolic process","0/114","64/18842",0,0,-0.62520727046574,1,1,1,"",0
"GO:0030210","heparin proteoglycan biosynthetic process","0/114","12/18842",0,0,-0.270348623779636,1,1,1,"",0
"GO:0030212","hyaluronan metabolic process","0/114","34/18842",0,0,-0.455330613621119,1,1,1,"",0
"GO:0030213","hyaluronan biosynthetic process","0/114","11/18842",0,0,-0.258832228173978,1,1,1,"",0
"GO:0030214","hyaluronan catabolic process","0/114","17/18842",0,0,-0.321821954707169,1,1,1,"",0
"GO:0030219","megakaryocyte differentiation","0/114","58/18842",0,0,-0.595084525543044,1,1,1,"",0
"GO:0030220","platelet formation","0/114","18/18842",0,0,-0.331160855290318,1,1,1,"",0
"GO:0030224","monocyte differentiation","0/114","35/18842",0,0,-0.461990409406869,1,1,1,"",0
"GO:0030225","macrophage differentiation","0/114","51/18842",0,0,-0.557916032797441,1,1,1,"",0
"GO:0030242","autophagy of peroxisome","0/114","16/18842",0,0,-0.312204863557539,1,1,1,"",0
"GO:0030252","growth hormone secretion","0/114","12/18842",0,0,-0.270348623779636,1,1,1,"",0
"GO:0030299","intestinal cholesterol absorption","0/114","13/18842",0,0,-0.281395241154067,1,1,1,"",0
"GO:0030316","osteoclast differentiation","0/114","92/18842",0,0,-0.750156674508245,1,1,1,"",0
"GO:0030317","flagellated sperm motility","0/114","217/18842",0,0,-1.1559536651506,1,1,1,"",0
"GO:0030318","melanocyte differentiation","0/114","14/18842",0,0,-0.292025397077866,1,1,1,"",0
"GO:0030325","adrenal gland development","0/114","16/18842",0,0,-0.312204863557539,1,1,1,"",0
"GO:0030397","membrane disassembly","0/114","13/18842",0,0,-0.281395241154067,1,1,1,"",0
"GO:0030431","sleep","0/114","24/18842",0,0,-0.382452574606899,1,1,1,"",0
"GO:0030449","regulation of complement activation","0/114","29/18842",0,0,-0.420463858404088,1,1,1,"",0
"GO:0030488","tRNA methylation","0/114","40/18842",0,0,-0.493954187592607,1,1,1,"",0
"GO:0030490","maturation of SSU-rRNA","0/114","69/18842",0,0,-0.64925664824146,1,1,1,"",0
"GO:0030497","fatty acid elongation","0/114","14/18842",0,0,-0.292025397077866,1,1,1,"",0
"GO:0030511","positive regulation of transforming growth factor beta receptor signaling pathway","0/114","31/18842",0,0,-0.434744008401426,1,1,1,"",0
"GO:0030512","negative regulation of transforming growth factor beta receptor signaling pathway","0/114","120/18842",0,0,-0.857379712007657,1,1,1,"",0
"GO:0030514","negative regulation of BMP signaling pathway","0/114","61/18842",0,0,-0.610329358594873,1,1,1,"",0
"GO:0030517","negative regulation of axon extension","0/114","19/18842",0,0,-0.340244473235715,1,1,1,"",0
"GO:0030521","androgen receptor signaling pathway","0/114","46/18842",0,0,-0.529791392159388,1,1,1,"",0
"GO:0030534","adult behavior","0/114","68/18842",0,0,-0.644517553192246,1,1,1,"",0
"GO:0030575","nuclear body organization","0/114","16/18842",0,0,-0.312204863557539,1,1,1,"",0
"GO:0030638","polyketide metabolic process","0/114","10/18842",0,0,-0.246780294040919,1,1,1,"",0
"GO:0030705","cytoskeleton-dependent intracellular transport","0/114","214/18842",0,0,-1.14784295264874,1,1,1,"",0
"GO:0030808","regulation of nucleotide biosynthetic process","0/114","25/18842",0,0,-0.390349396257243,1,1,1,"",0
"GO:0030810","positive regulation of nucleotide biosynthetic process","0/114","16/18842",0,0,-0.312204863557539,1,1,1,"",0
"GO:0030813","positive regulation of nucleotide catabolic process","0/114","21/18842",0,0,-0.357723111916923,1,1,1,"",0
"GO:0030836","positive regulation of actin filament depolymerization","0/114","12/18842",0,0,-0.270348623779636,1,1,1,"",0
"GO:0030838","positive regulation of actin filament polymerization","0/114","43/18842",0,0,-0.51218346509735,1,1,1,"",0
"GO:0030850","prostate gland development","0/114","20/18842",0,0,-0.349092737116259,1,1,1,"",0
"GO:0030851","granulocyte differentiation","0/114","30/18842",0,0,-0.427663161774826,1,1,1,"",0
"GO:0030852","regulation of granulocyte differentiation","0/114","15/18842",0,0,-0.302283031058143,1,1,1,"",0
"GO:0030857","negative regulation of epithelial cell differentiation","0/114","38/18842",0,0,-0.481421384106586,1,1,1,"",0
"GO:0030859","polarized epithelial cell differentiation","0/114","14/18842",0,0,-0.292025397077866,1,1,1,"",0
"GO:0030865","cortical cytoskeleton organization","0/114","53/18842",0,0,-0.568780634921216,1,1,1,"",0
"GO:0030866","cortical actin cytoskeleton organization","0/114","36/18842",0,0,-0.468556249314519,1,1,1,"",0
"GO:0030888","regulation of B cell proliferation","0/114","58/18842",0,0,-0.595084525543044,1,1,1,"",0
"GO:0030889","negative regulation of B cell proliferation","0/114","13/18842",0,0,-0.281395241154067,1,1,1,"",0
"GO:0030890","positive regulation of B cell proliferation","0/114","35/18842",0,0,-0.461990409406869,1,1,1,"",0
"GO:0030902","hindbrain development","0/114","85/18842",0,0,-0.72091900356193,1,1,1,"",0
"GO:0030947","regulation of vascular endothelial growth factor receptor signaling pathway","0/114","33/18842",0,0,-0.448572677074785,1,1,1,"",0
"GO:0030948","negative regulation of vascular endothelial growth factor receptor signaling pathway","0/114","12/18842",0,0,-0.270348623779636,1,1,1,"",0
"GO:0030949","positive regulation of vascular endothelial growth factor receptor signaling pathway","0/114","16/18842",0,0,-0.312204863557539,1,1,1,"",0
"GO:0030953","astral microtubule organization","0/114","15/18842",0,0,-0.302283031058143,1,1,1,"",0
"GO:0030970","retrograde protein transport, ER to cytosol","0/114","30/18842",0,0,-0.427663161774826,1,1,1,"",0
"GO:0031000","response to caffeine","0/114","12/18842",0,0,-0.270348623779636,1,1,1,"",0
"GO:0031016","pancreas development","0/114","53/18842",0,0,-0.568780634921216,1,1,1,"",0
"GO:0031018","endocrine pancreas development","0/114","32/18842",0,0,-0.441712095184957,1,1,1,"",0
"GO:0031023","microtubule organizing center organization","0/114","155/18842",0,0,-0.975337127211378,1,1,1,"",0
"GO:0031048","regulatory ncRNA-mediated heterochromatin formation","0/114","29/18842",0,0,-0.420463858404088,1,1,1,"",0
"GO:0031053","primary miRNA processing","0/114","19/18842",0,0,-0.340244473235715,1,1,1,"",0
"GO:0031054","pre-miRNA processing","0/114","17/18842",0,0,-0.321821954707169,1,1,1,"",0
"GO:0031069","hair follicle morphogenesis","0/114","17/18842",0,0,-0.321821954707169,1,1,1,"",0
"GO:0031076","embryonic camera-type eye development","0/114","19/18842",0,0,-0.340244473235715,1,1,1,"",0
"GO:0031102","neuron projection regeneration","0/114","41/18842",0,0,-0.500103799131059,1,1,1,"",0
"GO:0031103","axon regeneration","0/114","38/18842",0,0,-0.481421384106586,1,1,1,"",0
"GO:0031109","microtubule polymerization or depolymerization","0/114","137/18842",0,0,-0.916516161223418,1,1,1,"",0
"GO:0031110","regulation of microtubule polymerization or depolymerization","0/114","92/18842",0,0,-0.750156674508245,1,1,1,"",0
"GO:0031111","negative regulation of microtubule polymerization or depolymerization","0/114","36/18842",0,0,-0.468556249314519,1,1,1,"",0
"GO:0031112","positive regulation of microtubule polymerization or depolymerization","0/114","35/18842",0,0,-0.461990409406869,1,1,1,"",0
"GO:0031113","regulation of microtubule polymerization","0/114","62/18842",0,0,-0.615328103625092,1,1,1,"",0
"GO:0031114","regulation of microtubule depolymerization","0/114","30/18842",0,0,-0.427663161774826,1,1,1,"",0
"GO:0031115","negative regulation of microtubule polymerization","0/114","13/18842",0,0,-0.281395241154067,1,1,1,"",0
"GO:0031116","positive regulation of microtubule polymerization","0/114","30/18842",0,0,-0.427663161774826,1,1,1,"",0
"GO:0031118","rRNA pseudouridine synthesis","0/114","10/18842",0,0,-0.246780294040919,1,1,1,"",0
"GO:0031122","cytoplasmic microtubule organization","0/114","65/18842",0,0,-0.63008954763278,1,1,1,"",0
"GO:0031123","RNA 3'-end processing","0/114","103/18842",0,0,-0.79397002532922,1,1,1,"",0
"GO:0031124","mRNA 3'-end processing","0/114","50/18842",0,0,-0.55240449061185,1,1,1,"",0
"GO:0031125","rRNA 3'-end processing","0/114","13/18842",0,0,-0.281395241154067,1,1,1,"",0
"GO:0031126","sno(s)RNA 3'-end processing","0/114","12/18842",0,0,-0.270348623779636,1,1,1,"",0
"GO:0031128","developmental induction","0/114","17/18842",0,0,-0.321821954707169,1,1,1,"",0
"GO:0031145","anaphase-promoting complex-dependent catabolic process","0/114","25/18842",0,0,-0.390349396257243,1,1,1,"",0
"GO:0031146","SCF-dependent proteasomal ubiquitin-dependent protein catabolic process","0/114","83/18842",0,0,-0.712349140443652,1,1,1,"",0
"GO:0031163","metallo-sulfur cluster assembly","0/114","28/18842",0,0,-0.413139905591141,1,1,1,"",0
"GO:0031167","rRNA methylation","0/114","30/18842",0,0,-0.427663161774826,1,1,1,"",0
"GO:0031204","post-translational protein targeting to membrane, translocation","0/114","11/18842",0,0,-0.258832228173978,1,1,1,"",0
"GO:0031223","auditory behavior","0/114","10/18842",0,0,-0.246780294040919,1,1,1,"",0
"GO:0031269","pseudopodium assembly","0/114","15/18842",0,0,-0.302283031058143,1,1,1,"",0
"GO:0031272","regulation of pseudopodium assembly","0/114","13/18842",0,0,-0.281395241154067,1,1,1,"",0
"GO:0031274","positive regulation of pseudopodium assembly","0/114","13/18842",0,0,-0.281395241154067,1,1,1,"",0
"GO:0031281","positive regulation of cyclase activity","0/114","25/18842",0,0,-0.390349396257243,1,1,1,"",0
"GO:0031290","retinal ganglion cell axon guidance","0/114","10/18842",0,0,-0.246780294040919,1,1,1,"",0
"GO:0031293","membrane protein intracellular domain proteolysis","0/114","13/18842",0,0,-0.281395241154067,1,1,1,"",0
"GO:0031294","lymphocyte costimulation","0/114","42/18842",0,0,-0.506179346375384,1,1,1,"",0
"GO:0031295","T cell costimulation","0/114","41/18842",0,0,-0.500103799131059,1,1,1,"",0
"GO:0031297","replication fork processing","0/114","61/18842",0,0,-0.610329358594873,1,1,1,"",0
"GO:0031334","positive regulation of protein-containing complex assembly","0/114","188/18842",0,0,-1.07510687368823,1,1,1,"",0
"GO:0031341","regulation of cell killing","0/114","99/18842",0,0,-0.77831740933011,1,1,1,"",0
"GO:0031342","negative regulation of cell killing","0/114","34/18842",0,0,-0.455330613621119,1,1,1,"",0
"GO:0031343","positive regulation of cell killing","0/114","62/18842",0,0,-0.615328103625092,1,1,1,"",0
"GO:0031365","N-terminal protein amino acid modification","0/114","13/18842",0,0,-0.281395241154067,1,1,1,"",0
"GO:0031397","negative regulation of protein ubiquitination","0/114","70/18842",0,0,-0.653961900602345,1,1,1,"",0
"GO:0031424","keratinization","0/114","79/18842",0,0,-0.69489807158746,1,1,1,"",0
"GO:0031440","regulation of mRNA 3'-end processing","0/114","15/18842",0,0,-0.302283031058143,1,1,1,"",0
"GO:0031445","regulation of heterochromatin formation","0/114","13/18842",0,0,-0.281395241154067,1,1,1,"",0
"GO:0031452","negative regulation of heterochromatin formation","0/114","10/18842",0,0,-0.246780294040919,1,1,1,"",0
"GO:0031468","nuclear membrane reassembly","0/114","26/18842",0,0,-0.398090415813405,1,1,1,"",0
"GO:0031529","ruffle organization","0/114","45/18842",0,0,-0.523987209834246,1,1,1,"",0
"GO:0031570","DNA integrity checkpoint signaling","0/114","122/18842",0,0,-0.864541197398197,1,1,1,"",0
"GO:0031571","mitotic G1 DNA damage checkpoint signaling","0/114","14/18842",0,0,-0.292025397077866,1,1,1,"",0
"GO:0031573","mitotic intra-S DNA damage checkpoint signaling","0/114","18/18842",0,0,-0.331160855290318,1,1,1,"",0
"GO:0031577","spindle checkpoint signaling","0/114","57/18842",0,0,-0.58991647916762,1,1,1,"",0
"GO:0031579","membrane raft organization","0/114","27/18842",0,0,-0.405684552256011,1,1,1,"",0
"GO:0031638","zymogen activation","0/114","56/18842",0,0,-0.584703313002456,1,1,1,"",0
"GO:0031639","plasminogen activation","0/114","26/18842",0,0,-0.398090415813405,1,1,1,"",0
"GO:0031640","killing of cells of another organism","0/114","111/18842",0,0,-0.82440327347213,1,1,1,"",0
"GO:0031643","positive regulation of myelination","0/114","21/18842",0,0,-0.357723111916923,1,1,1,"",0
"GO:0031645","negative regulation of nervous system process","0/114","16/18842",0,0,-0.312204863557539,1,1,1,"",0
"GO:0031646","positive regulation of nervous system process","0/114","39/18842",0,0,-0.48772771009869,1,1,1,"",0
"GO:0031649","heat generation","0/114","12/18842",0,0,-0.270348623779636,1,1,1,"",0
"GO:0031650","regulation of heat generation","0/114","11/18842",0,0,-0.258832228173978,1,1,1,"",0
"GO:0031663","lipopolysaccharide-mediated signaling pathway","0/114","58/18842",0,0,-0.595084525543044,1,1,1,"",0
"GO:0031664","regulation of lipopolysaccharide-mediated signaling pathway","0/114","32/18842",0,0,-0.441712095184957,1,1,1,"",0
"GO:0031665","negative regulation of lipopolysaccharide-mediated signaling pathway","0/114","17/18842",0,0,-0.321821954707169,1,1,1,"",0
"GO:0031666","positive regulation of lipopolysaccharide-mediated signaling pathway","0/114","11/18842",0,0,-0.258832228173978,1,1,1,"",0
"GO:0031915","positive regulation of synaptic plasticity","0/114","10/18842",0,0,-0.246780294040919,1,1,1,"",0
"GO:0031929","TOR signaling","0/114","179/18842",0,0,-1.04880436837891,1,1,1,"",0
"GO:0031943","regulation of glucocorticoid metabolic process","0/114","12/18842",0,0,-0.270348623779636,1,1,1,"",0
"GO:0031946","regulation of glucocorticoid biosynthetic process","0/114","10/18842",0,0,-0.246780294040919,1,1,1,"",0
"GO:0031958","nuclear receptor-mediated corticosteroid signaling pathway","0/114","13/18842",0,0,-0.281395241154067,1,1,1,"",0
"GO:0031998","regulation of fatty acid beta-oxidation","0/114","18/18842",0,0,-0.331160855290318,1,1,1,"",0
"GO:0032000","positive regulation of fatty acid beta-oxidation","0/114","10/18842",0,0,-0.246780294040919,1,1,1,"",0
"GO:0032006","regulation of TOR signaling","0/114","155/18842",0,0,-0.975337127211378,1,1,1,"",0
"GO:0032007","negative regulation of TOR signaling","0/114","75/18842",0,0,-0.677005044645879,1,1,1,"",0
"GO:0032008","positive regulation of TOR signaling","0/114","77/18842",0,0,-0.686008944571806,1,1,1,"",0
"GO:0032011","ARF protein signal transduction","0/114","21/18842",0,0,-0.357723111916923,1,1,1,"",0
"GO:0032012","regulation of ARF protein signal transduction","0/114","21/18842",0,0,-0.357723111916923,1,1,1,"",0
"GO:0032025","response to cobalt ion","0/114","10/18842",0,0,-0.246780294040919,1,1,1,"",0
"GO:0032026","response to magnesium ion","0/114","17/18842",0,0,-0.321821954707169,1,1,1,"",0
"GO:0032042","mitochondrial DNA metabolic process","0/114","18/18842",0,0,-0.331160855290318,1,1,1,"",0
"GO:0032048","cardiolipin metabolic process","0/114","12/18842",0,0,-0.270348623779636,1,1,1,"",0
"GO:0032091","negative regulation of protein binding","0/114","20/18842",0,0,-0.349092737116259,1,1,1,"",0
"GO:0032095","regulation of response to food","0/114","23/18842",0,0,-0.37439009208877,1,1,1,"",0
"GO:0032096","negative regulation of response to food","0/114","17/18842",0,0,-0.321821954707169,1,1,1,"",0
"GO:0032098","regulation of appetite","0/114","30/18842",0,0,-0.427663161774826,1,1,1,"",0
"GO:0032099","negative regulation of appetite","0/114","17/18842",0,0,-0.321821954707169,1,1,1,"",0
"GO:0032108","negative regulation of response to nutrient levels","0/114","17/18842",0,0,-0.321821954707169,1,1,1,"",0
"GO:0032147","activation of protein kinase activity","0/114","46/18842",0,0,-0.529791392159388,1,1,1,"",0
"GO:0032201","telomere maintenance via semi-conservative replication","0/114","10/18842",0,0,-0.246780294040919,1,1,1,"",0
"GO:0032205","negative regulation of telomere maintenance","0/114","39/18842",0,0,-0.48772771009869,1,1,1,"",0
"GO:0032210","regulation of telomere maintenance via telomerase","0/114","45/18842",0,0,-0.523987209834246,1,1,1,"",0
"GO:0032211","negative regulation of telomere maintenance via telomerase","0/114","22/18842",0,0,-0.366151005389014,1,1,1,"",0
"GO:0032212","positive regulation of telomere maintenance via telomerase","0/114","23/18842",0,0,-0.37439009208877,1,1,1,"",0
"GO:0032222","regulation of synaptic transmission, cholinergic","0/114","11/18842",0,0,-0.258832228173978,1,1,1,"",0
"GO:0032228","regulation of synaptic transmission, GABAergic","0/114","34/18842",0,0,-0.455330613621119,1,1,1,"",0
"GO:0032230","positive regulation of synaptic transmission, GABAergic","0/114","12/18842",0,0,-0.270348623779636,1,1,1,"",0
"GO:0032231","regulation of actin filament bundle assembly","0/114","101/18842",0,0,-0.786181837877346,1,1,1,"",0
"GO:0032232","negative regulation of actin filament bundle assembly","0/114","35/18842",0,0,-0.461990409406869,1,1,1,"",0
"GO:0032233","positive regulation of actin filament bundle assembly","0/114","61/18842",0,0,-0.610329358594873,1,1,1,"",0
"GO:0032239","regulation of nucleobase-containing compound transport","0/114","18/18842",0,0,-0.331160855290318,1,1,1,"",0
"GO:0032252","secretory granule localization","0/114","21/18842",0,0,-0.357723111916923,1,1,1,"",0
"GO:0032253","dense core granule localization","0/114","21/18842",0,0,-0.357723111916923,1,1,1,"",0
"GO:0032259","methylation","0/114","226/18842",0,0,-1.17996665475484,1,1,1,"",0
"GO:0032261","purine nucleotide salvage","0/114","20/18842",0,0,-0.349092737116259,1,1,1,"",0
"GO:0032273","positive regulation of protein polymerization","0/114","80/18842",0,0,-0.699300965396333,1,1,1,"",0
"GO:0032274","gonadotropin secretion","0/114","17/18842",0,0,-0.321821954707169,1,1,1,"",0
"GO:0032276","regulation of gonadotropin secretion","0/114","13/18842",0,0,-0.281395241154067,1,1,1,"",0
"GO:0032288","myelin assembly","0/114","18/18842",0,0,-0.331160855290318,1,1,1,"",0
"GO:0032292","peripheral nervous system axon ensheathment","0/114","17/18842",0,0,-0.321821954707169,1,1,1,"",0
"GO:0032328","alanine transport","0/114","18/18842",0,0,-0.331160855290318,1,1,1,"",0
"GO:0032332","positive regulation of chondrocyte differentiation","0/114","17/18842",0,0,-0.321821954707169,1,1,1,"",0
"GO:0032352","positive regulation of hormone metabolic process","0/114","16/18842",0,0,-0.312204863557539,1,1,1,"",0
"GO:0032364","intracellular oxygen homeostasis","0/114","10/18842",0,0,-0.246780294040919,1,1,1,"",0
"GO:0032369","negative regulation of lipid transport","0/114","51/18842",0,0,-0.557916032797441,1,1,1,"",0
"GO:0032371","regulation of sterol transport","0/114","76/18842",0,0,-0.681521624211709,1,1,1,"",0
"GO:0032372","negative regulation of sterol transport","0/114","34/18842",0,0,-0.455330613621119,1,1,1,"",0
"GO:0032373","positive regulation of sterol transport","0/114","35/18842",0,0,-0.461990409406869,1,1,1,"",0
"GO:0032374","regulation of cholesterol transport","0/114","76/18842",0,0,-0.681521624211709,1,1,1,"",0
"GO:0032375","negative regulation of cholesterol transport","0/114","34/18842",0,0,-0.455330613621119,1,1,1,"",0
"GO:0032376","positive regulation of cholesterol transport","0/114","35/18842",0,0,-0.461990409406869,1,1,1,"",0
"GO:0032377","regulation of intracellular lipid transport","0/114","12/18842",0,0,-0.270348623779636,1,1,1,"",0
"GO:0032380","regulation of intracellular sterol transport","0/114","11/18842",0,0,-0.258832228173978,1,1,1,"",0
"GO:0032383","regulation of intracellular cholesterol transport","0/114","11/18842",0,0,-0.258832228173978,1,1,1,"",0
"GO:0032400","melanosome localization","0/114","23/18842",0,0,-0.37439009208877,1,1,1,"",0
"GO:0032401","establishment of melanosome localization","0/114","20/18842",0,0,-0.349092737116259,1,1,1,"",0
"GO:0032402","melanosome transport","0/114","19/18842",0,0,-0.340244473235715,1,1,1,"",0
"GO:0032410","negative regulation of transporter activity","0/114","21/18842",0,0,-0.357723111916923,1,1,1,"",0
"GO:0032413","negative regulation of ion transmembrane transporter activity","0/114","20/18842",0,0,-0.349092737116259,1,1,1,"",0
"GO:0032418","lysosome localization","0/114","81/18842",0,0,-0.703676775873013,1,1,1,"",0
"GO:0032435","negative regulation of proteasomal ubiquitin-dependent protein catabolic process","0/114","41/18842",0,0,-0.500103799131059,1,1,1,"",0
"GO:0032438","melanosome organization","0/114","38/18842",0,0,-0.481421384106586,1,1,1,"",0
"GO:0032456","endocytic recycling","0/114","105/18842",0,0,-0.801684194210287,1,1,1,"",0
"GO:0032465","regulation of cytokinesis","0/114","97/18842",0,0,-0.770374404205525,1,1,1,"",0
"GO:0032467","positive regulation of cytokinesis","0/114","50/18842",0,0,-0.55240449061185,1,1,1,"",0
"GO:0032479","regulation of type I interferon production","0/114","137/18842",0,0,-0.916516161223418,1,1,1,"",0
"GO:0032480","negative regulation of type I interferon production","0/114","50/18842",0,0,-0.55240449061185,1,1,1,"",0
"GO:0032481","positive regulation of type I interferon production","0/114","80/18842",0,0,-0.699300965396333,1,1,1,"",0
"GO:0032482","Rab protein signal transduction","0/114","23/18842",0,0,-0.37439009208877,1,1,1,"",0
"GO:0032486","Rap protein signal transduction","0/114","18/18842",0,0,-0.331160855290318,1,1,1,"",0
"GO:0032488","Cdc42 protein signal transduction","0/114","15/18842",0,0,-0.302283031058143,1,1,1,"",0
"GO:0032489","regulation of Cdc42 protein signal transduction","0/114","12/18842",0,0,-0.270348623779636,1,1,1,"",0
"GO:0032490","detection of molecule of bacterial origin","0/114","13/18842",0,0,-0.281395241154067,1,1,1,"",0
"GO:0032493","response to bacterial lipoprotein","0/114","11/18842",0,0,-0.258832228173978,1,1,1,"",0
"GO:0032506","cytokinetic process","0/114","53/18842",0,0,-0.568780634921216,1,1,1,"",0
"GO:0032507","maintenance of protein location in cell","0/114","47/18842",0,0,-0.535533279253734,1,1,1,"",0
"GO:0032509","endosome transport via multivesicular body sorting pathway","0/114","44/18842",0,0,-0.518118638610383,1,1,1,"",0
"GO:0032510","endosome to lysosome transport via multivesicular body sorting pathway","0/114","19/18842",0,0,-0.340244473235715,1,1,1,"",0
"GO:0032511","late endosome to vacuole transport via multivesicular body sorting pathway","0/114","28/18842",0,0,-0.413139905591141,1,1,1,"",0
"GO:0032527","protein exit from endoplasmic reticulum","0/114","48/18842",0,0,-0.541214853935104,1,1,1,"",0
"GO:0032530","regulation of microvillus organization","0/114","16/18842",0,0,-0.312204863557539,1,1,1,"",0
"GO:0032543","mitochondrial translation","0/114","130/18842",0,0,-0.892627519401486,1,1,1,"",0
"GO:0032604","granulocyte macrophage colony-stimulating factor production","0/114","16/18842",0,0,-0.312204863557539,1,1,1,"",0
"GO:0032606","type I interferon production","0/114","137/18842",0,0,-0.916516161223418,1,1,1,"",0
"GO:0032607","interferon-alpha production","0/114","30/18842",0,0,-0.427663161774826,1,1,1,"",0
"GO:0032608","interferon-beta production","0/114","58/18842",0,0,-0.595084525543044,1,1,1,"",0
"GO:0032610","interleukin-1 alpha production","0/114","12/18842",0,0,-0.270348623779636,1,1,1,"",0
"GO:0032615","interleukin-12 production","0/114","53/18842",0,0,-0.568780634921216,1,1,1,"",0
"GO:0032616","interleukin-13 production","0/114","26/18842",0,0,-0.398090415813405,1,1,1,"",0
"GO:0032620","interleukin-17 production","0/114","47/18842",0,0,-0.535533279253734,1,1,1,"",0
"GO:0032621","interleukin-18 production","0/114","13/18842",0,0,-0.281395241154067,1,1,1,"",0
"GO:0032623","interleukin-2 production","0/114","64/18842",0,0,-0.62520727046574,1,1,1,"",0
"GO:0032627","interleukin-23 production","0/114","10/18842",0,0,-0.246780294040919,1,1,1,"",0
"GO:0032633","interleukin-4 production","0/114","30/18842",0,0,-0.427663161774826,1,1,1,"",0
"GO:0032634","interleukin-5 production","0/114","19/18842",0,0,-0.340244473235715,1,1,1,"",0
"GO:0032640","tumor necrosis factor production","0/114","191/18842",0,0,-1.08373805247298,1,1,1,"",0
"GO:0032645","regulation of granulocyte macrophage colony-stimulating factor production","0/114","16/18842",0,0,-0.312204863557539,1,1,1,"",0
"GO:0032647","regulation of interferon-alpha production","0/114","30/18842",0,0,-0.427663161774826,1,1,1,"",0
"GO:0032648","regulation of interferon-beta production","0/114","58/18842",0,0,-0.595084525543044,1,1,1,"",0
"GO:0032650","regulation of interleukin-1 alpha production","0/114","12/18842",0,0,-0.270348623779636,1,1,1,"",0
"GO:0032655","regulation of interleukin-12 production","0/114","53/18842",0,0,-0.568780634921216,1,1,1,"",0
"GO:0032656","regulation of interleukin-13 production","0/114","26/18842",0,0,-0.398090415813405,1,1,1,"",0
"GO:0032660","regulation of interleukin-17 production","0/114","47/18842",0,0,-0.535533279253734,1,1,1,"",0
"GO:0032661","regulation of interleukin-18 production","0/114","13/18842",0,0,-0.281395241154067,1,1,1,"",0
"GO:0032663","regulation of interleukin-2 production","0/114","64/18842",0,0,-0.62520727046574,1,1,1,"",0
"GO:0032667","regulation of interleukin-23 production","0/114","10/18842",0,0,-0.246780294040919,1,1,1,"",0
"GO:0032673","regulation of interleukin-4 production","0/114","30/18842",0,0,-0.427663161774826,1,1,1,"",0
"GO:0032674","regulation of interleukin-5 production","0/114","19/18842",0,0,-0.340244473235715,1,1,1,"",0
"GO:0032680","regulation of tumor necrosis factor production","0/114","191/18842",0,0,-1.08373805247298,1,1,1,"",0
"GO:0032688","negative regulation of interferon-beta production","0/114","13/18842",0,0,-0.281395241154067,1,1,1,"",0
"GO:0032691","negative regulation of interleukin-1 beta production","0/114","47/18842",0,0,-0.535533279253734,1,1,1,"",0
"GO:0032692","negative regulation of interleukin-1 production","0/114","56/18842",0,0,-0.584703313002456,1,1,1,"",0
"GO:0032693","negative regulation of interleukin-10 production","0/114","22/18842",0,0,-0.366151005389014,1,1,1,"",0
"GO:0032695","negative regulation of interleukin-12 production","0/114","15/18842",0,0,-0.302283031058143,1,1,1,"",0
"GO:0032700","negative regulation of interleukin-17 production","0/114","22/18842",0,0,-0.366151005389014,1,1,1,"",0
"GO:0032703","negative regulation of interleukin-2 production","0/114","24/18842",0,0,-0.382452574606899,1,1,1,"",0
"GO:0032715","negative regulation of interleukin-6 production","0/114","60/18842",0,0,-0.605289872062366,1,1,1,"",0
"GO:0032720","negative regulation of tumor necrosis factor production","0/114","74/18842",0,0,-0.672458616237011,1,1,1,"",0
"GO:0032722","positive regulation of chemokine production","0/114","65/18842",0,0,-0.63008954763278,1,1,1,"",0
"GO:0032725","positive regulation of granulocyte macrophage colony-stimulating factor production","0/114","14/18842",0,0,-0.292025397077866,1,1,1,"",0
"GO:0032727","positive regulation of interferon-alpha production","0/114","25/18842",0,0,-0.390349396257243,1,1,1,"",0
"GO:0032728","positive regulation of interferon-beta production","0/114","42/18842",0,0,-0.506179346375384,1,1,1,"",0
"GO:0032729","positive regulation of type II interferon production","0/114","76/18842",0,0,-0.681521624211709,1,1,1,"",0
"GO:0032735","positive regulation of interleukin-12 production","0/114","35/18842",0,0,-0.461990409406869,1,1,1,"",0
"GO:0032736","positive regulation of interleukin-13 production","0/114","20/18842",0,0,-0.349092737116259,1,1,1,"",0
"GO:0032740","positive regulation of interleukin-17 production","0/114","27/18842",0,0,-0.405684552256011,1,1,1,"",0
"GO:0032743","positive regulation of interleukin-2 production","0/114","40/18842",0,0,-0.493954187592607,1,1,1,"",0
"GO:0032753","positive regulation of interleukin-4 production","0/114","24/18842",0,0,-0.382452574606899,1,1,1,"",0
"GO:0032754","positive regulation of interleukin-5 production","0/114","14/18842",0,0,-0.292025397077866,1,1,1,"",0
"GO:0032757","positive regulation of interleukin-8 production","0/114","66/18842",0,0,-0.634934798111144,1,1,1,"",0
"GO:0032760","positive regulation of tumor necrosis factor production","0/114","116/18842",0,0,-0.842878905876654,1,1,1,"",0
"GO:0032780","negative regulation of ATP-dependent activity","0/114","13/18842",0,0,-0.281395241154067,1,1,1,"",0
"GO:0032781","positive regulation of ATP-dependent activity","0/114","19/18842",0,0,-0.340244473235715,1,1,1,"",0
"GO:0032782","bile acid secretion","0/114","11/18842",0,0,-0.258832228173978,1,1,1,"",0
"GO:0032786","positive regulation of DNA-templated transcription, elongation","0/114","62/18842",0,0,-0.615328103625092,1,1,1,"",0
"GO:0032790","ribosome disassembly","0/114","46/18842",0,0,-0.529791392159388,1,1,1,"",0
"GO:0032814","regulation of natural killer cell activation","0/114","36/18842",0,0,-0.468556249314519,1,1,1,"",0
"GO:0032816","positive regulation of natural killer cell activation","0/114","16/18842",0,0,-0.312204863557539,1,1,1,"",0
"GO:0032817","regulation of natural killer cell proliferation","0/114","12/18842",0,0,-0.270348623779636,1,1,1,"",0
"GO:0032819","positive regulation of natural killer cell proliferation","0/114","10/18842",0,0,-0.246780294040919,1,1,1,"",0
"GO:0032869","cellular response to insulin stimulus","0/114","197/18842",0,0,-1.10080557239191,1,1,1,"",0
"GO:0032878","regulation of establishment or maintenance of cell polarity","0/114","24/18842",0,0,-0.382452574606899,1,1,1,"",0
"GO:0032881","regulation of polysaccharide metabolic process","0/114","42/18842",0,0,-0.506179346375384,1,1,1,"",0
"GO:0032885","regulation of polysaccharide biosynthetic process","0/114","38/18842",0,0,-0.481421384106586,1,1,1,"",0
"GO:0032891","negative regulation of organic acid transport","0/114","21/18842",0,0,-0.357723111916923,1,1,1,"",0
"GO:0032897","negative regulation of viral transcription","0/114","16/18842",0,0,-0.312204863557539,1,1,1,"",0
"GO:0032905","transforming growth factor beta1 production","0/114","16/18842",0,0,-0.312204863557539,1,1,1,"",0
"GO:0032908","regulation of transforming growth factor beta1 production","0/114","12/18842",0,0,-0.270348623779636,1,1,1,"",0
"GO:0032924","activin receptor signaling pathway","0/114","47/18842",0,0,-0.535533279253734,1,1,1,"",0
"GO:0032925","regulation of activin receptor signaling pathway","0/114","24/18842",0,0,-0.382452574606899,1,1,1,"",0
"GO:0032926","negative regulation of activin receptor signaling pathway","0/114","19/18842",0,0,-0.340244473235715,1,1,1,"",0
"GO:0032928","regulation of superoxide anion generation","0/114","21/18842",0,0,-0.357723111916923,1,1,1,"",0
"GO:0032930","positive regulation of superoxide anion generation","0/114","20/18842",0,0,-0.349092737116259,1,1,1,"",0
"GO:0032933","SREBP signaling pathway","0/114","14/18842",0,0,-0.292025397077866,1,1,1,"",0
"GO:0032941","secretion by tissue","0/114","30/18842",0,0,-0.427663161774826,1,1,1,"",0
"GO:0032946","positive regulation of mononuclear cell proliferation","0/114","121/18842",0,0,-0.860967709575,1,1,1,"",0
"GO:0032957","inositol trisphosphate metabolic process","0/114","10/18842",0,0,-0.246780294040919,1,1,1,"",0
"GO:0032958","inositol phosphate biosynthetic process","0/114","23/18842",0,0,-0.37439009208877,1,1,1,"",0
"GO:0032964","collagen biosynthetic process","0/114","55/18842",0,0,-0.579443809151722,1,1,1,"",0
"GO:0032965","regulation of collagen biosynthetic process","0/114","42/18842",0,0,-0.506179346375384,1,1,1,"",0
"GO:0032966","negative regulation of collagen biosynthetic process","0/114","17/18842",0,0,-0.321821954707169,1,1,1,"",0
"GO:0032967","positive regulation of collagen biosynthetic process","0/114","24/18842",0,0,-0.382452574606899,1,1,1,"",0
"GO:0032968","positive regulation of transcription elongation by RNA polymerase II","0/114","55/18842",0,0,-0.579443809151722,1,1,1,"",0
"GO:0032981","mitochondrial respiratory chain complex I assembly","0/114","40/18842",0,0,-0.493954187592607,1,1,1,"",0
"GO:0032986","protein-DNA complex disassembly","0/114","20/18842",0,0,-0.349092737116259,1,1,1,"",0
"GO:0033003","regulation of mast cell activation","0/114","18/18842",0,0,-0.331160855290318,1,1,1,"",0
"GO:0033015","tetrapyrrole catabolic process","0/114","16/18842",0,0,-0.312204863557539,1,1,1,"",0
"GO:0033028","myeloid cell apoptotic process","0/114","26/18842",0,0,-0.398090415813405,1,1,1,"",0
"GO:0033032","regulation of myeloid cell apoptotic process","0/114","21/18842",0,0,-0.357723111916923,1,1,1,"",0
"GO:0033033","negative regulation of myeloid cell apoptotic process","0/114","11/18842",0,0,-0.258832228173978,1,1,1,"",0
"GO:0033045","regulation of sister chromatid segregation","0/114","115/18842",0,0,-0.839215535793769,1,1,1,"",0
"GO:0033046","negative regulation of sister chromatid segregation","0/114","58/18842",0,0,-0.595084525543044,1,1,1,"",0
"GO:0033047","regulation of mitotic sister chromatid segregation","0/114","65/18842",0,0,-0.63008954763278,1,1,1,"",0
"GO:0033048","negative regulation of mitotic sister chromatid segregation","0/114","58/18842",0,0,-0.595084525543044,1,1,1,"",0
"GO:0033059","cellular pigmentation","0/114","61/18842",0,0,-0.610329358594873,1,1,1,"",0
"GO:0033108","mitochondrial respiratory chain complex assembly","0/114","98/18842",0,0,-0.774355879439089,1,1,1,"",0
"GO:0033119","negative regulation of RNA splicing","0/114","33/18842",0,0,-0.448572677074785,1,1,1,"",0
"GO:0033120","positive regulation of RNA splicing","0/114","28/18842",0,0,-0.413139905591141,1,1,1,"",0
"GO:0033123","positive regulation of purine nucleotide catabolic process","0/114","21/18842",0,0,-0.357723111916923,1,1,1,"",0
"GO:0033138","positive regulation of peptidyl-serine phosphorylation","0/114","22/18842",0,0,-0.366151005389014,1,1,1,"",0
"GO:0033144","negative regulation of intracellular steroid hormone receptor signaling pathway","0/114","37/18842",0,0,-0.475032029412254,1,1,1,"",0
"GO:0033147","negative regulation of intracellular estrogen receptor signaling pathway","0/114","13/18842",0,0,-0.281395241154067,1,1,1,"",0
"GO:0033151","V(D)J recombination","0/114","15/18842",0,0,-0.302283031058143,1,1,1,"",0
"GO:0033152","immunoglobulin V(D)J recombination","0/114","10/18842",0,0,-0.246780294040919,1,1,1,"",0
"GO:0033173","calcineurin-NFAT signaling cascade","0/114","42/18842",0,0,-0.506179346375384,1,1,1,"",0
"GO:0033189","response to vitamin A","0/114","13/18842",0,0,-0.281395241154067,1,1,1,"",0
"GO:0033194","response to hydroperoxide","0/114","15/18842",0,0,-0.302283031058143,1,1,1,"",0
"GO:0033198","response to ATP","0/114","30/18842",0,0,-0.427663161774826,1,1,1,"",0
"GO:0033209","tumor necrosis factor-mediated signaling pathway","0/114","123/18842",0,0,-0.868100354723783,1,1,1,"",0
"GO:0033233","regulation of protein sumoylation","0/114","22/18842",0,0,-0.366151005389014,1,1,1,"",0
"GO:0033235","positive regulation of protein sumoylation","0/114","13/18842",0,0,-0.281395241154067,1,1,1,"",0
"GO:0033238","regulation of amine metabolic process","0/114","18/18842",0,0,-0.331160855290318,1,1,1,"",0
"GO:0033260","nuclear DNA replication","0/114","36/18842",0,0,-0.468556249314519,1,1,1,"",0
"GO:0033262","regulation of nuclear cell cycle DNA replication","0/114","12/18842",0,0,-0.270348623779636,1,1,1,"",0
"GO:0033275","actin-myosin filament sliding","0/114","19/18842",0,0,-0.340244473235715,1,1,1,"",0
"GO:0033313","meiotic cell cycle checkpoint signaling","0/114","11/18842",0,0,-0.258832228173978,1,1,1,"",0
"GO:0033314","mitotic DNA replication checkpoint signaling","0/114","13/18842",0,0,-0.281395241154067,1,1,1,"",0
"GO:0033344","cholesterol efflux","0/114","73/18842",0,0,-0.667881729342805,1,1,1,"",0
"GO:0033363","secretory granule organization","0/114","64/18842",0,0,-0.62520727046574,1,1,1,"",0
"GO:0033489","cholesterol biosynthetic process via desmosterol","0/114","20/18842",0,0,-0.349092737116259,1,1,1,"",0
"GO:0033490","cholesterol biosynthetic process via lathosterol","0/114","19/18842",0,0,-0.340244473235715,1,1,1,"",0
"GO:0033539","fatty acid beta-oxidation using acyl-CoA dehydrogenase","0/114","12/18842",0,0,-0.270348623779636,1,1,1,"",0
"GO:0033540","fatty acid beta-oxidation using acyl-CoA oxidase","0/114","14/18842",0,0,-0.292025397077866,1,1,1,"",0
"GO:0033555","multicellular organismal response to stress","0/114","48/18842",0,0,-0.541214853935104,1,1,1,"",0
"GO:0033572","transferrin transport","0/114","11/18842",0,0,-0.258832228173978,1,1,1,"",0
"GO:0033598","mammary gland epithelial cell proliferation","0/114","10/18842",0,0,-0.246780294040919,1,1,1,"",0
"GO:0033604","negative regulation of catecholamine secretion","0/114","12/18842",0,0,-0.270348623779636,1,1,1,"",0
"GO:0033605","positive regulation of catecholamine secretion","0/114","11/18842",0,0,-0.258832228173978,1,1,1,"",0
"GO:0033617","mitochondrial respiratory chain complex IV assembly","0/114","29/18842",0,0,-0.420463858404088,1,1,1,"",0
"GO:0033619","membrane protein proteolysis","0/114","58/18842",0,0,-0.595084525543044,1,1,1,"",0
"GO:0033622","integrin activation","0/114","26/18842",0,0,-0.398090415813405,1,1,1,"",0
"GO:0033623","regulation of integrin activation","0/114","17/18842",0,0,-0.321821954707169,1,1,1,"",0
"GO:0033625","positive regulation of integrin activation","0/114","11/18842",0,0,-0.258832228173978,1,1,1,"",0
"GO:0033630","positive regulation of cell adhesion mediated by integrin","0/114","21/18842",0,0,-0.357723111916923,1,1,1,"",0
"GO:0033631","cell-cell adhesion mediated by integrin","0/114","29/18842",0,0,-0.420463858404088,1,1,1,"",0
"GO:0033632","regulation of cell-cell adhesion mediated by integrin","0/114","12/18842",0,0,-0.270348623779636,1,1,1,"",0
"GO:0033687","osteoblast proliferation","0/114","26/18842",0,0,-0.398090415813405,1,1,1,"",0
"GO:0033688","regulation of osteoblast proliferation","0/114","23/18842",0,0,-0.37439009208877,1,1,1,"",0
"GO:0033689","negative regulation of osteoblast proliferation","0/114","11/18842",0,0,-0.258832228173978,1,1,1,"",0
"GO:0033700","phospholipid efflux","0/114","14/18842",0,0,-0.292025397077866,1,1,1,"",0
"GO:0033750","ribosome localization","0/114","13/18842",0,0,-0.281395241154067,1,1,1,"",0
"GO:0033762","response to glucagon","0/114","29/18842",0,0,-0.420463858404088,1,1,1,"",0
"GO:0033865","nucleoside bisphosphate metabolic process","0/114","17/18842",0,0,-0.321821954707169,1,1,1,"",0
"GO:0033875","ribonucleoside bisphosphate metabolic process","0/114","17/18842",0,0,-0.321821954707169,1,1,1,"",0
"GO:0033962","P-body assembly","0/114","21/18842",0,0,-0.357723111916923,1,1,1,"",0
"GO:0034032","purine nucleoside bisphosphate metabolic process","0/114","17/18842",0,0,-0.321821954707169,1,1,1,"",0
"GO:0034035","purine ribonucleoside bisphosphate metabolic process","0/114","17/18842",0,0,-0.321821954707169,1,1,1,"",0
"GO:0034058","endosomal vesicle fusion","0/114","15/18842",0,0,-0.302283031058143,1,1,1,"",0
"GO:0034067","protein localization to Golgi apparatus","0/114","28/18842",0,0,-0.413139905591141,1,1,1,"",0
"GO:0034080","CENP-A containing chromatin assembly","0/114","11/18842",0,0,-0.258832228173978,1,1,1,"",0
"GO:0034085","establishment of sister chromatid cohesion","0/114","14/18842",0,0,-0.292025397077866,1,1,1,"",0
"GO:0034086","maintenance of sister chromatid cohesion","0/114","13/18842",0,0,-0.281395241154067,1,1,1,"",0
"GO:0034088","maintenance of mitotic sister chromatid cohesion","0/114","13/18842",0,0,-0.281395241154067,1,1,1,"",0
"GO:0034104","negative regulation of tissue remodeling","0/114","20/18842",0,0,-0.349092737116259,1,1,1,"",0
"GO:0034105","positive regulation of tissue remodeling","0/114","23/18842",0,0,-0.37439009208877,1,1,1,"",0
"GO:0034110","regulation of homotypic cell-cell adhesion","0/114","39/18842",0,0,-0.48772771009869,1,1,1,"",0
"GO:0034111","negative regulation of homotypic cell-cell adhesion","0/114","12/18842",0,0,-0.270348623779636,1,1,1,"",0
"GO:0034112","positive regulation of homotypic cell-cell adhesion","0/114","19/18842",0,0,-0.340244473235715,1,1,1,"",0
"GO:0034116","positive regulation of heterotypic cell-cell adhesion","0/114","13/18842",0,0,-0.281395241154067,1,1,1,"",0
"GO:0034121","regulation of toll-like receptor signaling pathway","0/114","37/18842",0,0,-0.475032029412254,1,1,1,"",0
"GO:0034122","negative regulation of toll-like receptor signaling pathway","0/114","20/18842",0,0,-0.349092737116259,1,1,1,"",0
"GO:0034134","toll-like receptor 2 signaling pathway","0/114","17/18842",0,0,-0.321821954707169,1,1,1,"",0
"GO:0034135","regulation of toll-like receptor 2 signaling pathway","0/114","12/18842",0,0,-0.270348623779636,1,1,1,"",0
"GO:0034138","toll-like receptor 3 signaling pathway","0/114","23/18842",0,0,-0.37439009208877,1,1,1,"",0
"GO:0034145","positive regulation of toll-like receptor 4 signaling pathway","0/114","15/18842",0,0,-0.302283031058143,1,1,1,"",0
"GO:0034154","toll-like receptor 7 signaling pathway","0/114","11/18842",0,0,-0.258832228173978,1,1,1,"",0
"GO:0034162","toll-like receptor 9 signaling pathway","0/114","29/18842",0,0,-0.420463858404088,1,1,1,"",0
"GO:0034163","regulation of toll-like receptor 9 signaling pathway","0/114","18/18842",0,0,-0.331160855290318,1,1,1,"",0
"GO:0034165","positive regulation of toll-like receptor 9 signaling pathway","0/114","11/18842",0,0,-0.258832228173978,1,1,1,"",0
"GO:0034198","cellular response to amino acid starvation","0/114","53/18842",0,0,-0.568780634921216,1,1,1,"",0
"GO:0034205","amyloid-beta formation","0/114","59/18842",0,0,-0.600208617717198,1,1,1,"",0
"GO:0034214","protein hexamerization","0/114","12/18842",0,0,-0.270348623779636,1,1,1,"",0
"GO:0034242","negative regulation of syncytium formation by plasma membrane fusion","0/114","49/18842",0,0,-0.546837996215799,1,1,1,"",0
"GO:0034260","negative regulation of GTPase activity","0/114","16/18842",0,0,-0.312204863557539,1,1,1,"",0
"GO:0034310","primary alcohol catabolic process","0/114","17/18842",0,0,-0.321821954707169,1,1,1,"",0
"GO:0034314","Arp2/3 complex-mediated actin nucleation","0/114","46/18842",0,0,-0.529791392159388,1,1,1,"",0
"GO:0034315","regulation of Arp2/3 complex-mediated actin nucleation","0/114","31/18842",0,0,-0.434744008401426,1,1,1,"",0
"GO:0034333","adherens junction assembly","0/114","14/18842",0,0,-0.292025397077866,1,1,1,"",0
"GO:0034340","response to type I interferon","0/114","122/18842",0,0,-0.864541197398197,1,1,1,"",0
"GO:0034342","response to type III interferon","0/114","10/18842",0,0,-0.246780294040919,1,1,1,"",0
"GO:0034349","glial cell apoptotic process","0/114","15/18842",0,0,-0.302283031058143,1,1,1,"",0
"GO:0034350","regulation of glial cell apoptotic process","0/114","11/18842",0,0,-0.258832228173978,1,1,1,"",0
"GO:0034351","negative regulation of glial cell apoptotic process","0/114","10/18842",0,0,-0.246780294040919,1,1,1,"",0
"GO:0034354","'de novo' NAD+ biosynthetic process from L-tryptophan","0/114","10/18842",0,0,-0.246780294040919,1,1,1,"",0
"GO:0034355","NAD+ biosynthetic process via the salvage pathway","0/114","10/18842",0,0,-0.246780294040919,1,1,1,"",0
"GO:0034367","protein-containing complex remodeling","0/114","40/18842",0,0,-0.493954187592607,1,1,1,"",0
"GO:0034368","protein-lipid complex remodeling","0/114","39/18842",0,0,-0.48772771009869,1,1,1,"",0
"GO:0034369","plasma lipoprotein particle remodeling","0/114","39/18842",0,0,-0.48772771009869,1,1,1,"",0
"GO:0034370","triglyceride-rich lipoprotein particle remodeling","0/114","16/18842",0,0,-0.312204863557539,1,1,1,"",0
"GO:0034372","very-low-density lipoprotein particle remodeling","0/114","15/18842",0,0,-0.302283031058143,1,1,1,"",0
"GO:0034374","low-density lipoprotein particle remodeling","0/114","14/18842",0,0,-0.292025397077866,1,1,1,"",0
"GO:0034375","high-density lipoprotein particle remodeling","0/114","21/18842",0,0,-0.357723111916923,1,1,1,"",0
"GO:0034377","plasma lipoprotein particle assembly","0/114","25/18842",0,0,-0.390349396257243,1,1,1,"",0
"GO:0034379","very-low-density lipoprotein particle assembly","0/114","11/18842",0,0,-0.258832228173978,1,1,1,"",0
"GO:0034380","high-density lipoprotein particle assembly","0/114","13/18842",0,0,-0.281395241154067,1,1,1,"",0
"GO:0034384","high-density lipoprotein particle clearance","0/114","18/18842",0,0,-0.331160855290318,1,1,1,"",0
"GO:0034389","lipid droplet organization","0/114","39/18842",0,0,-0.48772771009869,1,1,1,"",0
"GO:0034393","positive regulation of smooth muscle cell apoptotic process","0/114","17/18842",0,0,-0.321821954707169,1,1,1,"",0
"GO:0034404","nucleobase-containing small molecule biosynthetic process","0/114","19/18842",0,0,-0.340244473235715,1,1,1,"",0
"GO:0034440","lipid oxidation","0/114","104/18842",0,0,-0.797836227386193,1,1,1,"",0
"GO:0034453","microtubule anchoring","0/114","25/18842",0,0,-0.390349396257243,1,1,1,"",0
"GO:0034454","microtubule anchoring at centrosome","0/114","12/18842",0,0,-0.270348623779636,1,1,1,"",0
"GO:0034472","snRNA 3'-end processing","0/114","24/18842",0,0,-0.382452574606899,1,1,1,"",0
"GO:0034497","protein localization to phagophore assembly site","0/114","16/18842",0,0,-0.312204863557539,1,1,1,"",0
"GO:0034498","early endosome to Golgi transport","0/114","12/18842",0,0,-0.270348623779636,1,1,1,"",0
"GO:0034501","protein localization to kinetochore","0/114","15/18842",0,0,-0.302283031058143,1,1,1,"",0
"GO:0034505","tooth mineralization","0/114","24/18842",0,0,-0.382452574606899,1,1,1,"",0
"GO:0034551","mitochondrial respiratory chain complex III assembly","0/114","14/18842",0,0,-0.292025397077866,1,1,1,"",0
"GO:0034587","piRNA processing","0/114","20/18842",0,0,-0.349092737116259,1,1,1,"",0
"GO:0034605","cellular response to heat","0/114","61/18842",0,0,-0.610329358594873,1,1,1,"",0
"GO:0034638","phosphatidylcholine catabolic process","0/114","16/18842",0,0,-0.312204863557539,1,1,1,"",0
"GO:0034643","establishment of mitochondrion localization, microtubule-mediated","0/114","26/18842",0,0,-0.398090415813405,1,1,1,"",0
"GO:0034644","cellular response to UV","0/114","79/18842",0,0,-0.69489807158746,1,1,1,"",0
"GO:0034651","cortisol biosynthetic process","0/114","12/18842",0,0,-0.270348623779636,1,1,1,"",0
"GO:0034656","nucleobase-containing small molecule catabolic process","0/114","16/18842",0,0,-0.312204863557539,1,1,1,"",0
"GO:0034695","response to prostaglandin E","0/114","22/18842",0,0,-0.366151005389014,1,1,1,"",0
"GO:0034727","piecemeal microautophagy of the nucleus","0/114","18/18842",0,0,-0.331160855290318,1,1,1,"",0
"GO:0034728","nucleosome organization","0/114","130/18842",0,0,-0.892627519401486,1,1,1,"",0
"GO:0034755","iron ion transmembrane transport","0/114","22/18842",0,0,-0.366151005389014,1,1,1,"",0
"GO:0034776","response to histamine","0/114","10/18842",0,0,-0.246780294040919,1,1,1,"",0
"GO:0034975","protein folding in endoplasmic reticulum","0/114","12/18842",0,0,-0.270348623779636,1,1,1,"",0
"GO:0035019","somatic stem cell population maintenance","0/114","20/18842",0,0,-0.349092737116259,1,1,1,"",0
"GO:0035020","regulation of Rac protein signal transduction","0/114","37/18842",0,0,-0.475032029412254,1,1,1,"",0
"GO:0035022","positive regulation of Rac protein signal transduction","0/114","24/18842",0,0,-0.382452574606899,1,1,1,"",0
"GO:0035024","negative regulation of Rho protein signal transduction","0/114","21/18842",0,0,-0.357723111916923,1,1,1,"",0
"GO:0035036","sperm-egg recognition","0/114","35/18842",0,0,-0.461990409406869,1,1,1,"",0
"GO:0035082","axoneme assembly","0/114","93/18842",0,0,-0.754242707530657,1,1,1,"",0
"GO:0035089","establishment of apical/basal cell polarity","0/114","13/18842",0,0,-0.281395241154067,1,1,1,"",0
"GO:0035092","sperm DNA condensation","0/114","17/18842",0,0,-0.321821954707169,1,1,1,"",0
"GO:0035115","embryonic forelimb morphogenesis","0/114","10/18842",0,0,-0.246780294040919,1,1,1,"",0
"GO:0035136","forelimb morphogenesis","0/114","12/18842",0,0,-0.270348623779636,1,1,1,"",0
"GO:0035137","hindlimb morphogenesis","0/114","10/18842",0,0,-0.246780294040919,1,1,1,"",0
"GO:0035162","embryonic hemopoiesis","0/114","17/18842",0,0,-0.321821954707169,1,1,1,"",0
"GO:0035176","social behavior","0/114","38/18842",0,0,-0.481421384106586,1,1,1,"",0
"GO:0035196","miRNA processing","0/114","45/18842",0,0,-0.523987209834246,1,1,1,"",0
"GO:0035235","ionotropic glutamate receptor signaling pathway","0/114","30/18842",0,0,-0.427663161774826,1,1,1,"",0
"GO:0035249","synaptic transmission, glutamatergic","0/114","92/18842",0,0,-0.750156674508245,1,1,1,"",0
"GO:0035264","multicellular organism growth","0/114","32/18842",0,0,-0.441712095184957,1,1,1,"",0
"GO:0035269","protein O-linked glycosylation via mannose","0/114","17/18842",0,0,-0.321821954707169,1,1,1,"",0
"GO:0035272","exocrine system development","0/114","16/18842",0,0,-0.312204863557539,1,1,1,"",0
"GO:0035303","regulation of dephosphorylation","0/114","20/18842",0,0,-0.349092737116259,1,1,1,"",0
"GO:0035313","wound healing, spreading of epidermal cells","0/114","25/18842",0,0,-0.390349396257243,1,1,1,"",0
"GO:0035329","hippo signaling","0/114","62/18842",0,0,-0.615328103625092,1,1,1,"",0
"GO:0035330","regulation of hippo signaling","0/114","46/18842",0,0,-0.529791392159388,1,1,1,"",0
"GO:0035331","negative regulation of hippo signaling","0/114","25/18842",0,0,-0.390349396257243,1,1,1,"",0
"GO:0035332","positive regulation of hippo signaling","0/114","17/18842",0,0,-0.321821954707169,1,1,1,"",0
"GO:0035335","peptidyl-tyrosine dephosphorylation","0/114","20/18842",0,0,-0.349092737116259,1,1,1,"",0
"GO:0035336","long-chain fatty-acyl-CoA metabolic process","0/114","25/18842",0,0,-0.390349396257243,1,1,1,"",0
"GO:0035337","fatty-acyl-CoA metabolic process","0/114","45/18842",0,0,-0.523987209834246,1,1,1,"",0
"GO:0035338","long-chain fatty-acyl-CoA biosynthetic process","0/114","19/18842",0,0,-0.340244473235715,1,1,1,"",0
"GO:0035356","intracellular triglyceride homeostasis","0/114","10/18842",0,0,-0.246780294040919,1,1,1,"",0
"GO:0035357","peroxisome proliferator activated receptor signaling pathway","0/114","29/18842",0,0,-0.420463858404088,1,1,1,"",0
"GO:0035358","regulation of peroxisome proliferator activated receptor signaling pathway","0/114","20/18842",0,0,-0.349092737116259,1,1,1,"",0
"GO:0035360","positive regulation of peroxisome proliferator activated receptor signaling pathway","0/114","10/18842",0,0,-0.246780294040919,1,1,1,"",0
"GO:0035372","protein localization to microtubule","0/114","18/18842",0,0,-0.331160855290318,1,1,1,"",0
"GO:0035425","autocrine signaling","0/114","10/18842",0,0,-0.246780294040919,1,1,1,"",0
"GO:0035437","maintenance of protein localization in endoplasmic reticulum","0/114","11/18842",0,0,-0.258832228173978,1,1,1,"",0
"GO:0035455","response to interferon-alpha","0/114","20/18842",0,0,-0.349092737116259,1,1,1,"",0
"GO:0035456","response to interferon-beta","0/114","34/18842",0,0,-0.455330613621119,1,1,1,"",0
"GO:0035457","cellular response to interferon-alpha","0/114","10/18842",0,0,-0.246780294040919,1,1,1,"",0
"GO:0035458","cellular response to interferon-beta","0/114","27/18842",0,0,-0.405684552256011,1,1,1,"",0
"GO:0035459","vesicle cargo loading","0/114","36/18842",0,0,-0.468556249314519,1,1,1,"",0
"GO:0035493","SNARE complex assembly","0/114","24/18842",0,0,-0.382452574606899,1,1,1,"",0
"GO:0035542","regulation of SNARE complex assembly","0/114","15/18842",0,0,-0.302283031058143,1,1,1,"",0
"GO:0035567","non-canonical Wnt signaling pathway","0/114","63/18842",0,0,-0.620287092215828,1,1,1,"",0
"GO:0035588","G protein-coupled purinergic receptor signaling pathway","0/114","10/18842",0,0,-0.246780294040919,1,1,1,"",0
"GO:0035589","G protein-coupled purinergic nucleotide receptor signaling pathway","0/114","14/18842",0,0,-0.292025397077866,1,1,1,"",0
"GO:0035590","purinergic nucleotide receptor signaling pathway","0/114","30/18842",0,0,-0.427663161774826,1,1,1,"",0
"GO:0035627","ceramide transport","0/114","17/18842",0,0,-0.321821954707169,1,1,1,"",0
"GO:0035634","response to stilbenoid","0/114","10/18842",0,0,-0.246780294040919,1,1,1,"",0
"GO:0035640","exploration behavior","0/114","17/18842",0,0,-0.321821954707169,1,1,1,"",0
"GO:0035646","endosome to melanosome transport","0/114","11/18842",0,0,-0.258832228173978,1,1,1,"",0
"GO:0035655","interleukin-18-mediated signaling pathway","0/114","10/18842",0,0,-0.246780294040919,1,1,1,"",0
"GO:0035666","TRIF-dependent toll-like receptor signaling pathway","0/114","11/18842",0,0,-0.258832228173978,1,1,1,"",0
"GO:0035672","oligopeptide transmembrane transport","0/114","16/18842",0,0,-0.312204863557539,1,1,1,"",0
"GO:0035694","mitochondrial protein catabolic process","0/114","10/18842",0,0,-0.246780294040919,1,1,1,"",0
"GO:0035696","monocyte extravasation","0/114","11/18842",0,0,-0.258832228173978,1,1,1,"",0
"GO:0035720","intraciliary anterograde transport","0/114","23/18842",0,0,-0.37439009208877,1,1,1,"",0
"GO:0035721","intraciliary retrograde transport","0/114","22/18842",0,0,-0.366151005389014,1,1,1,"",0
"GO:0035723","interleukin-15-mediated signaling pathway","0/114","10/18842",0,0,-0.246780294040919,1,1,1,"",0
"GO:0035728","response to hepatocyte growth factor","0/114","13/18842",0,0,-0.281395241154067,1,1,1,"",0
"GO:0035729","cellular response to hepatocyte growth factor stimulus","0/114","12/18842",0,0,-0.270348623779636,1,1,1,"",0
"GO:0035743","CD4-positive, alpha-beta T cell cytokine production","0/114","18/18842",0,0,-0.331160855290318,1,1,1,"",0
"GO:0035745","T-helper 2 cell cytokine production","0/114","12/18842",0,0,-0.270348623779636,1,1,1,"",0
"GO:0035747","natural killer cell chemotaxis","0/114","10/18842",0,0,-0.246780294040919,1,1,1,"",0
"GO:0035751","regulation of lysosomal lumen pH","0/114","31/18842",0,0,-0.434744008401426,1,1,1,"",0
"GO:0035766","cell chemotaxis to fibroblast growth factor","0/114","10/18842",0,0,-0.246780294040919,1,1,1,"",0
"GO:0035767","endothelial cell chemotaxis","0/114","33/18842",0,0,-0.448572677074785,1,1,1,"",0
"GO:0035771","interleukin-4-mediated signaling pathway","0/114","13/18842",0,0,-0.281395241154067,1,1,1,"",0
"GO:0035773","insulin secretion involved in cellular response to glucose stimulus","0/114","63/18842",0,0,-0.620287092215828,1,1,1,"",0
"GO:0035774","positive regulation of insulin secretion involved in cellular response to glucose stimulus","0/114","38/18842",0,0,-0.481421384106586,1,1,1,"",0
"GO:0035791","platelet-derived growth factor receptor-beta signaling pathway","0/114","14/18842",0,0,-0.292025397077866,1,1,1,"",0
"GO:0035794","positive regulation of mitochondrial membrane permeability","0/114","34/18842",0,0,-0.455330613621119,1,1,1,"",0
"GO:0035795","negative regulation of mitochondrial membrane permeability","0/114","16/18842",0,0,-0.312204863557539,1,1,1,"",0
"GO:0035809","regulation of urine volume","0/114","16/18842",0,0,-0.312204863557539,1,1,1,"",0
"GO:0035821","modulation of process of another organism","0/114","115/18842",0,0,-0.839215535793769,1,1,1,"",0
"GO:0035825","homologous recombination","0/114","71/18842",0,0,-0.658634035666553,1,1,1,"",0
"GO:0035855","megakaryocyte development","0/114","13/18842",0,0,-0.281395241154067,1,1,1,"",0
"GO:0035860","glial cell-derived neurotrophic factor receptor signaling pathway","0/114","14/18842",0,0,-0.292025397077866,1,1,1,"",0
"GO:0035864","response to potassium ion","0/114","18/18842",0,0,-0.331160855290318,1,1,1,"",0
"GO:0035865","cellular response to potassium ion","0/114","12/18842",0,0,-0.270348623779636,1,1,1,"",0
"GO:0035871","protein K11-linked deubiquitination","0/114","11/18842",0,0,-0.258832228173978,1,1,1,"",0
"GO:0035883","enteroendocrine cell differentiation","0/114","27/18842",0,0,-0.405684552256011,1,1,1,"",0
"GO:0035886","vascular associated smooth muscle cell differentiation","0/114","31/18842",0,0,-0.434744008401426,1,1,1,"",0
"GO:0035891","exit from host cell","0/114","29/18842",0,0,-0.420463858404088,1,1,1,"",0
"GO:0035902","response to immobilization stress","0/114","23/18842",0,0,-0.37439009208877,1,1,1,"",0
"GO:0035904","aorta development","0/114","38/18842",0,0,-0.481421384106586,1,1,1,"",0
"GO:0035909","aorta morphogenesis","0/114","27/18842",0,0,-0.405684552256011,1,1,1,"",0
"GO:0035914","skeletal muscle cell differentiation","0/114","33/18842",0,0,-0.448572677074785,1,1,1,"",0
"GO:0035924","cellular response to vascular endothelial growth factor stimulus","0/114","81/18842",0,0,-0.703676775873013,1,1,1,"",0
"GO:0035933","glucocorticoid secretion","0/114","11/18842",0,0,-0.258832228173978,1,1,1,"",0
"GO:0035973","aggrephagy","0/114","18/18842",0,0,-0.331160855290318,1,1,1,"",0
"GO:0035999","tetrahydrofolate interconversion","0/114","10/18842",0,0,-0.246780294040919,1,1,1,"",0
"GO:0036005","response to macrophage colony-stimulating factor","0/114","17/18842",0,0,-0.321821954707169,1,1,1,"",0
"GO:0036006","cellular response to macrophage colony-stimulating factor stimulus","0/114","13/18842",0,0,-0.281395241154067,1,1,1,"",0
"GO:0036010","protein localization to endosome","0/114","27/18842",0,0,-0.405684552256011,1,1,1,"",0
"GO:0036017","response to erythropoietin","0/114","10/18842",0,0,-0.246780294040919,1,1,1,"",0
"GO:0036035","osteoclast development","0/114","11/18842",0,0,-0.258832228173978,1,1,1,"",0
"GO:0036037","CD8-positive, alpha-beta T cell activation","0/114","38/18842",0,0,-0.481421384106586,1,1,1,"",0
"GO:0036092","phosphatidylinositol-3-phosphate biosynthetic process","0/114","23/18842",0,0,-0.37439009208877,1,1,1,"",0
"GO:0036109","alpha-linolenic acid metabolic process","0/114","10/18842",0,0,-0.246780294040919,1,1,1,"",0
"GO:0036119","response to platelet-derived growth factor","0/114","26/18842",0,0,-0.398090415813405,1,1,1,"",0
"GO:0036120","cellular response to platelet-derived growth factor stimulus","0/114","23/18842",0,0,-0.37439009208877,1,1,1,"",0
"GO:0036151","phosphatidylcholine acyl-chain remodeling","0/114","15/18842",0,0,-0.302283031058143,1,1,1,"",0
"GO:0036152","phosphatidylethanolamine acyl-chain remodeling","0/114","12/18842",0,0,-0.270348623779636,1,1,1,"",0
"GO:0036158","outer dynein arm assembly","0/114","21/18842",0,0,-0.357723111916923,1,1,1,"",0
"GO:0036159","inner dynein arm assembly","0/114","16/18842",0,0,-0.312204863557539,1,1,1,"",0
"GO:0036166","phenotypic switching","0/114","11/18842",0,0,-0.258832228173978,1,1,1,"",0
"GO:0036196","zymosterol metabolic process","0/114","15/18842",0,0,-0.302283031058143,1,1,1,"",0
"GO:0036197","zymosterol biosynthetic process","0/114","15/18842",0,0,-0.302283031058143,1,1,1,"",0
"GO:0036230","granulocyte activation","0/114","50/18842",0,0,-0.55240449061185,1,1,1,"",0
"GO:0036257","multivesicular body organization","0/114","33/18842",0,0,-0.448572677074785,1,1,1,"",0
"GO:0036258","multivesicular body assembly","0/114","32/18842",0,0,-0.441712095184957,1,1,1,"",0
"GO:0036260","RNA capping","0/114","18/18842",0,0,-0.331160855290318,1,1,1,"",0
"GO:0036261","7-methylguanosine cap hypermethylation","0/114","10/18842",0,0,-0.246780294040919,1,1,1,"",0
"GO:0036295","cellular response to increased oxygen levels","0/114","12/18842",0,0,-0.270348623779636,1,1,1,"",0
"GO:0036296","response to increased oxygen levels","0/114","26/18842",0,0,-0.398090415813405,1,1,1,"",0
"GO:0036297","interstrand cross-link repair","0/114","41/18842",0,0,-0.500103799131059,1,1,1,"",0
"GO:0036302","atrioventricular canal development","0/114","12/18842",0,0,-0.270348623779636,1,1,1,"",0
"GO:0036303","lymph vessel morphogenesis","0/114","17/18842",0,0,-0.321821954707169,1,1,1,"",0
"GO:0036314","response to sterol","0/114","32/18842",0,0,-0.441712095184957,1,1,1,"",0
"GO:0036315","cellular response to sterol","0/114","22/18842",0,0,-0.366151005389014,1,1,1,"",0
"GO:0036336","dendritic cell migration","0/114","29/18842",0,0,-0.420463858404088,1,1,1,"",0
"GO:0036337","Fas signaling pathway","0/114","12/18842",0,0,-0.270348623779636,1,1,1,"",0
"GO:0036344","platelet morphogenesis","0/114","19/18842",0,0,-0.340244473235715,1,1,1,"",0
"GO:0036376","sodium ion export across plasma membrane","0/114","21/18842",0,0,-0.357723111916923,1,1,1,"",0
"GO:0036444","calcium import into the mitochondrion","0/114","16/18842",0,0,-0.312204863557539,1,1,1,"",0
"GO:0036446","myofibroblast differentiation","0/114","13/18842",0,0,-0.281395241154067,1,1,1,"",0
"GO:0036462","TRAIL-activated apoptotic signaling pathway","0/114","12/18842",0,0,-0.270348623779636,1,1,1,"",0
"GO:0036480","neuron intrinsic apoptotic signaling pathway in response to oxidative stress","0/114","24/18842",0,0,-0.382452574606899,1,1,1,"",0
"GO:0036481","intrinsic apoptotic signaling pathway in response to hydrogen peroxide","0/114","11/18842",0,0,-0.258832228173978,1,1,1,"",0
"GO:0036490","regulation of translation in response to endoplasmic reticulum stress","0/114","10/18842",0,0,-0.246780294040919,1,1,1,"",0
"GO:0036499","PERK-mediated unfolded protein response","0/114","23/18842",0,0,-0.37439009208877,1,1,1,"",0
"GO:0036500","ATF6-mediated unfolded protein response","0/114","10/18842",0,0,-0.246780294040919,1,1,1,"",0
"GO:0036503","ERAD pathway","0/114","112/18842",0,0,-0.828130581570465,1,1,1,"",0
"GO:0036507","protein demannosylation","0/114","16/18842",0,0,-0.312204863557539,1,1,1,"",0
"GO:0036508","protein alpha-1,2-demannosylation","0/114","16/18842",0,0,-0.312204863557539,1,1,1,"",0
"GO:0038003","G protein-coupled opioid receptor signaling pathway","0/114","13/18842",0,0,-0.281395241154067,1,1,1,"",0
"GO:0038060","nitric oxide-cGMP-mediated signaling","0/114","11/18842",0,0,-0.258832228173978,1,1,1,"",0
"GO:0038066","p38MAPK cascade","0/114","55/18842",0,0,-0.579443809151722,1,1,1,"",0
"GO:0038084","vascular endothelial growth factor signaling pathway","0/114","55/18842",0,0,-0.579443809151722,1,1,1,"",0
"GO:0038092","nodal signaling pathway","0/114","18/18842",0,0,-0.331160855290318,1,1,1,"",0
"GO:0038093","Fc receptor signaling pathway","0/114","59/18842",0,0,-0.600208617717198,1,1,1,"",0
"GO:0038094","Fc-gamma receptor signaling pathway","0/114","36/18842",0,0,-0.468556249314519,1,1,1,"",0
"GO:0038095","Fc-epsilon receptor signaling pathway","0/114","25/18842",0,0,-0.390349396257243,1,1,1,"",0
"GO:0038096","Fc-gamma receptor signaling pathway involved in phagocytosis","0/114","25/18842",0,0,-0.390349396257243,1,1,1,"",0
"GO:0038110","interleukin-2-mediated signaling pathway","0/114","10/18842",0,0,-0.246780294040919,1,1,1,"",0
"GO:0038166","angiotensin-activated signaling pathway","0/114","20/18842",0,0,-0.349092737116259,1,1,1,"",0
"GO:0038179","neurotrophin signaling pathway","0/114","31/18842",0,0,-0.434744008401426,1,1,1,"",0
"GO:0038180","nerve growth factor signaling pathway","0/114","12/18842",0,0,-0.270348623779636,1,1,1,"",0
"GO:0038202","TORC1 signaling","0/114","113/18842",0,0,-0.831841583898776,1,1,1,"",0
"GO:0038203","TORC2 signaling","0/114","23/18842",0,0,-0.37439009208877,1,1,1,"",0
"GO:0039529","RIG-I signaling pathway","0/114","27/18842",0,0,-0.405684552256011,1,1,1,"",0
"GO:0039530","MDA-5 signaling pathway","0/114","11/18842",0,0,-0.258832228173978,1,1,1,"",0
"GO:0039531","regulation of cytoplasmic pattern recognition receptor signaling pathway","0/114","135/18842",0,0,-0.909753031096913,1,1,1,"",0
"GO:0039532","negative regulation of cytoplasmic pattern recognition receptor signaling pathway","0/114","64/18842",0,0,-0.62520727046574,1,1,1,"",0
"GO:0039535","regulation of RIG-I signaling pathway","0/114","21/18842",0,0,-0.357723111916923,1,1,1,"",0
"GO:0039692","single stranded viral RNA replication via double stranded DNA intermediate","0/114","14/18842",0,0,-0.292025397077866,1,1,1,"",0
"GO:0039694","viral RNA genome replication","0/114","23/18842",0,0,-0.37439009208877,1,1,1,"",0
"GO:0039702","viral budding via host ESCRT complex","0/114","22/18842",0,0,-0.366151005389014,1,1,1,"",0
"GO:0040001","establishment of mitotic spindle localization","0/114","34/18842",0,0,-0.455330613621119,1,1,1,"",0
"GO:0040014","regulation of multicellular organism growth","0/114","22/18842",0,0,-0.366151005389014,1,1,1,"",0
"GO:0040018","positive regulation of multicellular organism growth","0/114","11/18842",0,0,-0.258832228173978,1,1,1,"",0
"GO:0040019","positive regulation of embryonic development","0/114","25/18842",0,0,-0.390349396257243,1,1,1,"",0
"GO:0040020","regulation of meiotic nuclear division","0/114","21/18842",0,0,-0.357723111916923,1,1,1,"",0
"GO:0040036","regulation of fibroblast growth factor receptor signaling pathway","0/114","29/18842",0,0,-0.420463858404088,1,1,1,"",0
"GO:0040037","negative regulation of fibroblast growth factor receptor signaling pathway","0/114","18/18842",0,0,-0.331160855290318,1,1,1,"",0
"GO:0042026","protein refolding","0/114","29/18842",0,0,-0.420463858404088,1,1,1,"",0
"GO:0042053","regulation of dopamine metabolic process","0/114","15/18842",0,0,-0.302283031058143,1,1,1,"",0
"GO:0042069","regulation of catecholamine metabolic process","0/114","15/18842",0,0,-0.302283031058143,1,1,1,"",0
"GO:0042073","intraciliary transport","0/114","54/18842",0,0,-0.57413669406689,1,1,1,"",0
"GO:0042088","T-helper 1 type immune response","0/114","61/18842",0,0,-0.610329358594873,1,1,1,"",0
"GO:0042092","type 2 immune response","0/114","36/18842",0,0,-0.468556249314519,1,1,1,"",0
"GO:0042093","T-helper cell differentiation","0/114","94/18842",0,0,-0.758307156216897,1,1,1,"",0
"GO:0042100","B cell proliferation","0/114","75/18842",0,0,-0.677005044645879,1,1,1,"",0
"GO:0042102","positive regulation of T cell proliferation","0/114","87/18842",0,0,-0.729389978789527,1,1,1,"",0
"GO:0042104","positive regulation of activated T cell proliferation","0/114","24/18842",0,0,-0.382452574606899,1,1,1,"",0
"GO:0042113","B cell activation","0/114","238/18842",0,0,-1.21127851278726,1,1,1,"",0
"GO:0042117","monocyte activation","0/114","14/18842",0,0,-0.292025397077866,1,1,1,"",0
"GO:0042118","endothelial cell activation","0/114","11/18842",0,0,-0.258832228173978,1,1,1,"",0
"GO:0042119","neutrophil activation","0/114","42/18842",0,0,-0.506179346375384,1,1,1,"",0
"GO:0042147","retrograde transport, endosome to Golgi","0/114","104/18842",0,0,-0.797836227386193,1,1,1,"",0
"GO:0042149","cellular response to glucose starvation","0/114","47/18842",0,0,-0.535533279253734,1,1,1,"",0
"GO:0042157","lipoprotein metabolic process","0/114","81/18842",0,0,-0.703676775873013,1,1,1,"",0
"GO:0042158","lipoprotein biosynthetic process","0/114","46/18842",0,0,-0.529791392159388,1,1,1,"",0
"GO:0042167","heme catabolic process","0/114","15/18842",0,0,-0.302283031058143,1,1,1,"",0
"GO:0042178","xenobiotic catabolic process","0/114","30/18842",0,0,-0.427663161774826,1,1,1,"",0
"GO:0042182","ketone catabolic process","0/114","15/18842",0,0,-0.302283031058143,1,1,1,"",0
"GO:0042219","modified amino acid catabolic process","0/114","35/18842",0,0,-0.461990409406869,1,1,1,"",0
"GO:0042220","response to cocaine","0/114","42/18842",0,0,-0.506179346375384,1,1,1,"",0
"GO:0042246","tissue regeneration","0/114","59/18842",0,0,-0.600208617717198,1,1,1,"",0
"GO:0042254","ribosome biogenesis","0/114","329/18842",0,0,-1.42763849076357,1,1,1,"",0
"GO:0042255","ribosome assembly","0/114","67/18842",0,0,-0.639743863273894,1,1,1,"",0
"GO:0042267","natural killer cell mediated cytotoxicity","0/114","77/18842",0,0,-0.686008944571806,1,1,1,"",0
"GO:0042269","regulation of natural killer cell mediated cytotoxicity","0/114","49/18842",0,0,-0.546837996215799,1,1,1,"",0
"GO:0042273","ribosomal large subunit biogenesis","0/114","78/18842",0,0,-0.690467576265243,1,1,1,"",0
"GO:0042274","ribosomal small subunit biogenesis","0/114","109/18842",0,0,-0.81689884594105,1,1,1,"",0
"GO:0042276","error-prone translesion synthesis","0/114","12/18842",0,0,-0.270348623779636,1,1,1,"",0
"GO:0042278","purine nucleoside metabolic process","0/114","24/18842",0,0,-0.382452574606899,1,1,1,"",0
"GO:0042303","molting cycle","0/114","66/18842",0,0,-0.634934798111144,1,1,1,"",0
"GO:0042311","vasodilation","0/114","45/18842",0,0,-0.523987209834246,1,1,1,"",0
"GO:0042354","L-fucose metabolic process","0/114","10/18842",0,0,-0.246780294040919,1,1,1,"",0
"GO:0042355","L-fucose catabolic process","0/114","10/18842",0,0,-0.246780294040919,1,1,1,"",0
"GO:0042362","fat-soluble vitamin biosynthetic process","0/114","13/18842",0,0,-0.281395241154067,1,1,1,"",0
"GO:0042363","fat-soluble vitamin catabolic process","0/114","14/18842",0,0,-0.292025397077866,1,1,1,"",0
"GO:0042368","vitamin D biosynthetic process","0/114","11/18842",0,0,-0.258832228173978,1,1,1,"",0
"GO:0042373","vitamin K metabolic process","0/114","13/18842",0,0,-0.281395241154067,1,1,1,"",0
"GO:0042401","biogenic amine biosynthetic process","0/114","33/18842",0,0,-0.448572677074785,1,1,1,"",0
"GO:0042402","biogenic amine catabolic process","0/114","16/18842",0,0,-0.312204863557539,1,1,1,"",0
"GO:0042403","thyroid hormone metabolic process","0/114","27/18842",0,0,-0.405684552256011,1,1,1,"",0
"GO:0042407","cristae formation","0/114","18/18842",0,0,-0.331160855290318,1,1,1,"",0
"GO:0042415","norepinephrine metabolic process","0/114","10/18842",0,0,-0.246780294040919,1,1,1,"",0
"GO:0042416","dopamine biosynthetic process","0/114","10/18842",0,0,-0.246780294040919,1,1,1,"",0
"GO:0042417","dopamine metabolic process","0/114","34/18842",0,0,-0.455330613621119,1,1,1,"",0
"GO:0042423","catecholamine biosynthetic process","0/114","17/18842",0,0,-0.321821954707169,1,1,1,"",0
"GO:0042428","serotonin metabolic process","0/114","12/18842",0,0,-0.270348623779636,1,1,1,"",0
"GO:0042430","indole-containing compound metabolic process","0/114","28/18842",0,0,-0.413139905591141,1,1,1,"",0
"GO:0042436","indole-containing compound catabolic process","0/114","11/18842",0,0,-0.258832228173978,1,1,1,"",0
"GO:0042438","melanin biosynthetic process","0/114","24/18842",0,0,-0.382452574606899,1,1,1,"",0
"GO:0042447","hormone catabolic process","0/114","14/18842",0,0,-0.292025397077866,1,1,1,"",0
"GO:0042448","progesterone metabolic process","0/114","15/18842",0,0,-0.302283031058143,1,1,1,"",0
"GO:0042451","purine nucleoside biosynthetic process","0/114","10/18842",0,0,-0.246780294040919,1,1,1,"",0
"GO:0042455","ribonucleoside biosynthetic process","0/114","11/18842",0,0,-0.258832228173978,1,1,1,"",0
"GO:0042475","odontogenesis of dentin-containing tooth","0/114","42/18842",0,0,-0.506179346375384,1,1,1,"",0
"GO:0042537","benzene-containing compound metabolic process","0/114","17/18842",0,0,-0.321821954707169,1,1,1,"",0
"GO:0042551","neuron maturation","0/114","35/18842",0,0,-0.461990409406869,1,1,1,"",0
"GO:0042558","pteridine-containing compound metabolic process","0/114","34/18842",0,0,-0.455330613621119,1,1,1,"",0
"GO:0042559","pteridine-containing compound biosynthetic process","0/114","16/18842",0,0,-0.312204863557539,1,1,1,"",0
"GO:0042572","retinol metabolic process","0/114","54/18842",0,0,-0.57413669406689,1,1,1,"",0
"GO:0042573","retinoic acid metabolic process","0/114","33/18842",0,0,-0.448572677074785,1,1,1,"",0
"GO:0042574","retinal metabolic process","0/114","17/18842",0,0,-0.321821954707169,1,1,1,"",0
"GO:0042596","fear response","0/114","20/18842",0,0,-0.349092737116259,1,1,1,"",0
"GO:0042633","hair cycle","0/114","66/18842",0,0,-0.634934798111144,1,1,1,"",0
"GO:0042634","regulation of hair cycle","0/114","21/18842",0,0,-0.357723111916923,1,1,1,"",0
"GO:0042693","muscle cell fate commitment","0/114","14/18842",0,0,-0.292025397077866,1,1,1,"",0
"GO:0042698","ovulation cycle","0/114","48/18842",0,0,-0.541214853935104,1,1,1,"",0
"GO:0042730","fibrinolysis","0/114","26/18842",0,0,-0.398090415813405,1,1,1,"",0
"GO:0042743","hydrogen peroxide metabolic process","0/114","45/18842",0,0,-0.523987209834246,1,1,1,"",0
"GO:0042744","hydrogen peroxide catabolic process","0/114","25/18842",0,0,-0.390349396257243,1,1,1,"",0
"GO:0042745","circadian sleep/wake cycle","0/114","25/18842",0,0,-0.390349396257243,1,1,1,"",0
"GO:0042749","regulation of circadian sleep/wake cycle","0/114","23/18842",0,0,-0.37439009208877,1,1,1,"",0
"GO:0042753","positive regulation of circadian rhythm","0/114","18/18842",0,0,-0.331160855290318,1,1,1,"",0
"GO:0042754","negative regulation of circadian rhythm","0/114","12/18842",0,0,-0.270348623779636,1,1,1,"",0
"GO:0042755","eating behavior","0/114","34/18842",0,0,-0.455330613621119,1,1,1,"",0
"GO:0042756","drinking behavior","0/114","16/18842",0,0,-0.312204863557539,1,1,1,"",0
"GO:0042759","long-chain fatty acid biosynthetic process","0/114","26/18842",0,0,-0.398090415813405,1,1,1,"",0
"GO:0042761","very long-chain fatty acid biosynthetic process","0/114","13/18842",0,0,-0.281395241154067,1,1,1,"",0
"GO:0042762","regulation of sulfur metabolic process","0/114","14/18842",0,0,-0.292025397077866,1,1,1,"",0
"GO:0042771","intrinsic apoptotic signaling pathway in response to DNA damage by p53 class mediator","0/114","38/18842",0,0,-0.481421384106586,1,1,1,"",0
"GO:0042776","proton motive force-driven mitochondrial ATP synthesis","0/114","68/18842",0,0,-0.644517553192246,1,1,1,"",0
"GO:0042790","nucleolar large rRNA transcription by RNA polymerase I","0/114","30/18842",0,0,-0.427663161774826,1,1,1,"",0
"GO:0042795","snRNA transcription by RNA polymerase II","0/114","16/18842",0,0,-0.312204863557539,1,1,1,"",0
"GO:0042796","snRNA transcription by RNA polymerase III","0/114","10/18842",0,0,-0.246780294040919,1,1,1,"",0
"GO:0042797","tRNA transcription by RNA polymerase III","0/114","11/18842",0,0,-0.258832228173978,1,1,1,"",0
"GO:0042832","defense response to protozoan","0/114","18/18842",0,0,-0.331160855290318,1,1,1,"",0
"GO:0042908","xenobiotic transport","0/114","63/18842",0,0,-0.620287092215828,1,1,1,"",0
"GO:0042921","nuclear receptor-mediated glucocorticoid signaling pathway","0/114","12/18842",0,0,-0.270348623779636,1,1,1,"",0
"GO:0042939","tripeptide transport","0/114","11/18842",0,0,-0.258832228173978,1,1,1,"",0
"GO:0042953","lipoprotein transport","0/114","22/18842",0,0,-0.366151005389014,1,1,1,"",0
"GO:0042987","amyloid precursor protein catabolic process","0/114","72/18842",0,0,-0.663273753353091,1,1,1,"",0
"GO:0042996","regulation of Golgi to plasma membrane protein transport","0/114","13/18842",0,0,-0.281395241154067,1,1,1,"",0
"GO:0043001","Golgi to plasma membrane protein transport","0/114","43/18842",0,0,-0.51218346509735,1,1,1,"",0
"GO:0043011","myeloid dendritic cell differentiation","0/114","10/18842",0,0,-0.246780294040919,1,1,1,"",0
"GO:0043029","T cell homeostasis","0/114","36/18842",0,0,-0.468556249314519,1,1,1,"",0
"GO:0043030","regulation of macrophage activation","0/114","57/18842",0,0,-0.58991647916762,1,1,1,"",0
"GO:0043031","negative regulation of macrophage activation","0/114","18/18842",0,0,-0.331160855290318,1,1,1,"",0
"GO:0043032","positive regulation of macrophage activation","0/114","29/18842",0,0,-0.420463858404088,1,1,1,"",0
"GO:0043038","amino acid activation","0/114","47/18842",0,0,-0.535533279253734,1,1,1,"",0
"GO:0043039","tRNA aminoacylation","0/114","47/18842",0,0,-0.535533279253734,1,1,1,"",0
"GO:0043045","epigenetic programming of gene expression","0/114","22/18842",0,0,-0.366151005389014,1,1,1,"",0
"GO:0043094","metabolic compound salvage","0/114","47/18842",0,0,-0.535533279253734,1,1,1,"",0
"GO:0043101","purine-containing compound salvage","0/114","24/18842",0,0,-0.382452574606899,1,1,1,"",0
"GO:0043113","receptor clustering","0/114","53/18842",0,0,-0.568780634921216,1,1,1,"",0
"GO:0043114","regulation of vascular permeability","0/114","50/18842",0,0,-0.55240449061185,1,1,1,"",0
"GO:0043116","negative regulation of vascular permeability","0/114","19/18842",0,0,-0.340244473235715,1,1,1,"",0
"GO:0043117","positive regulation of vascular permeability","0/114","17/18842",0,0,-0.321821954707169,1,1,1,"",0
"GO:0043129","surfactant homeostasis","0/114","12/18842",0,0,-0.270348623779636,1,1,1,"",0
"GO:0043144","sno(s)RNA processing","0/114","12/18842",0,0,-0.270348623779636,1,1,1,"",0
"GO:0043149","stress fiber assembly","0/114","103/18842",0,0,-0.79397002532922,1,1,1,"",0
"GO:0043153","entrainment of circadian clock by photoperiod","0/114","24/18842",0,0,-0.382452574606899,1,1,1,"",0
"GO:0043162","ubiquitin-dependent protein catabolic process via the multivesicular body sorting pathway","0/114","36/18842",0,0,-0.468556249314519,1,1,1,"",0
"GO:0043171","peptide catabolic process","0/114","20/18842",0,0,-0.349092737116259,1,1,1,"",0
"GO:0043173","nucleotide salvage","0/114","28/18842",0,0,-0.413139905591141,1,1,1,"",0
"GO:0043174","nucleoside salvage","0/114","12/18842",0,0,-0.270348623779636,1,1,1,"",0
"GO:0043201","response to L-leucine","0/114","15/18842",0,0,-0.302283031058143,1,1,1,"",0
"GO:0043217","myelin maintenance","0/114","14/18842",0,0,-0.292025397077866,1,1,1,"",0
"GO:0043243","positive regulation of protein-containing complex disassembly","0/114","36/18842",0,0,-0.468556249314519,1,1,1,"",0
"GO:0043247","telomere maintenance in response to DNA damage","0/114","30/18842",0,0,-0.427663161774826,1,1,1,"",0
"GO:0043248","proteasome assembly","0/114","15/18842",0,0,-0.302283031058143,1,1,1,"",0
"GO:0043249","erythrocyte maturation","0/114","15/18842",0,0,-0.302283031058143,1,1,1,"",0
"GO:0043252","sodium-independent organic anion transport","0/114","18/18842",0,0,-0.331160855290318,1,1,1,"",0
"GO:0043268","positive regulation of potassium ion transport","0/114","32/18842",0,0,-0.441712095184957,1,1,1,"",0
"GO:0043276","anoikis","0/114","32/18842",0,0,-0.441712095184957,1,1,1,"",0
"GO:0043277","apoptotic cell clearance","0/114","37/18842",0,0,-0.475032029412254,1,1,1,"",0
"GO:0043278","response to morphine","0/114","14/18842",0,0,-0.292025397077866,1,1,1,"",0
"GO:0043279","response to alkaloid","0/114","79/18842",0,0,-0.69489807158746,1,1,1,"",0
"GO:0043299","leukocyte degranulation","0/114","74/18842",0,0,-0.672458616237011,1,1,1,"",0
"GO:0043300","regulation of leukocyte degranulation","0/114","39/18842",0,0,-0.48772771009869,1,1,1,"",0
"GO:0043302","positive regulation of leukocyte degranulation","0/114","22/18842",0,0,-0.366151005389014,1,1,1,"",0
"GO:0043303","mast cell degranulation","0/114","49/18842",0,0,-0.546837996215799,1,1,1,"",0
"GO:0043304","regulation of mast cell degranulation","0/114","23/18842",0,0,-0.37439009208877,1,1,1,"",0
"GO:0043306","positive regulation of mast cell degranulation","0/114","12/18842",0,0,-0.270348623779636,1,1,1,"",0
"GO:0043320","natural killer cell degranulation","0/114","10/18842",0,0,-0.246780294040919,1,1,1,"",0
"GO:0043328","protein transport to vacuole involved in ubiquitin-dependent protein catabolic process via the multivesicular body sorting pathway","0/114","16/18842",0,0,-0.312204863557539,1,1,1,"",0
"GO:0043330","response to exogenous dsRNA","0/114","35/18842",0,0,-0.461990409406869,1,1,1,"",0
"GO:0043331","response to dsRNA","0/114","39/18842",0,0,-0.48772771009869,1,1,1,"",0
"GO:0043335","protein unfolding","0/114","12/18842",0,0,-0.270348623779636,1,1,1,"",0
"GO:0043367","CD4-positive, alpha-beta T cell differentiation","0/114","107/18842",0,0,-0.809326461587368,1,1,1,"",0
"GO:0043368","positive T cell selection","0/114","40/18842",0,0,-0.493954187592607,1,1,1,"",0
"GO:0043369","CD4-positive or CD8-positive, alpha-beta T cell lineage commitment","0/114","32/18842",0,0,-0.441712095184957,1,1,1,"",0
"GO:0043370","regulation of CD4-positive, alpha-beta T cell differentiation","0/114","54/18842",0,0,-0.57413669406689,1,1,1,"",0
"GO:0043371","negative regulation of CD4-positive, alpha-beta T cell differentiation","0/114","21/18842",0,0,-0.357723111916923,1,1,1,"",0
"GO:0043372","positive regulation of CD4-positive, alpha-beta T cell differentiation","0/114","31/18842",0,0,-0.434744008401426,1,1,1,"",0
"GO:0043373","CD4-positive, alpha-beta T cell lineage commitment","0/114","31/18842",0,0,-0.434744008401426,1,1,1,"",0
"GO:0043374","CD8-positive, alpha-beta T cell differentiation","0/114","25/18842",0,0,-0.390349396257243,1,1,1,"",0
"GO:0043379","memory T cell differentiation","0/114","10/18842",0,0,-0.246780294040919,1,1,1,"",0
"GO:0043380","regulation of memory T cell differentiation","0/114","10/18842",0,0,-0.246780294040919,1,1,1,"",0
"GO:0043388","positive regulation of DNA binding","0/114","21/18842",0,0,-0.357723111916923,1,1,1,"",0
"GO:0043392","negative regulation of DNA binding","0/114","13/18842",0,0,-0.281395241154067,1,1,1,"",0
"GO:0043393","regulation of protein binding","0/114","33/18842",0,0,-0.448572677074785,1,1,1,"",0
"GO:0043403","skeletal muscle tissue regeneration","0/114","27/18842",0,0,-0.405684552256011,1,1,1,"",0
"GO:0043407","negative regulation of MAP kinase activity","0/114","19/18842",0,0,-0.340244473235715,1,1,1,"",0
"GO:0043414","macromolecule methylation","0/114","130/18842",0,0,-0.892627519401486,1,1,1,"",0
"GO:0043455","regulation of secondary metabolic process","0/114","17/18842",0,0,-0.321821954707169,1,1,1,"",0
"GO:0043457","regulation of cellular respiration","0/114","43/18842",0,0,-0.51218346509735,1,1,1,"",0
"GO:0043462","regulation of ATP-dependent activity","0/114","34/18842",0,0,-0.455330613621119,1,1,1,"",0
"GO:0043473","pigmentation","0/114","84/18842",0,0,-0.716646653790518,1,1,1,"",0
"GO:0043476","pigment accumulation","0/114","13/18842",0,0,-0.281395241154067,1,1,1,"",0
"GO:0043482","cellular pigment accumulation","0/114","13/18842",0,0,-0.281395241154067,1,1,1,"",0
"GO:0043485","endosome to pigment granule transport","0/114","11/18842",0,0,-0.258832228173978,1,1,1,"",0
"GO:0043489","RNA stabilization","0/114","90/18842",0,0,-0.741918426809738,1,1,1,"",0
"GO:0043501","skeletal muscle adaptation","0/114","14/18842",0,0,-0.292025397077866,1,1,1,"",0
"GO:0043506","regulation of JUN kinase activity","0/114","13/18842",0,0,-0.281395241154067,1,1,1,"",0
"GO:0043516","regulation of DNA damage response, signal transduction by p53 class mediator","0/114","36/18842",0,0,-0.468556249314519,1,1,1,"",0
"GO:0043517","positive regulation of DNA damage response, signal transduction by p53 class mediator","0/114","17/18842",0,0,-0.321821954707169,1,1,1,"",0
"GO:0043518","negative regulation of DNA damage response, signal transduction by p53 class mediator","0/114","15/18842",0,0,-0.302283031058143,1,1,1,"",0
"GO:0043525","positive regulation of neuron apoptotic process","0/114","62/18842",0,0,-0.615328103625092,1,1,1,"",0
"GO:0043536","positive regulation of blood vessel endothelial cell migration","0/114","80/18842",0,0,-0.699300965396333,1,1,1,"",0
"GO:0043543","protein acylation","0/114","68/18842",0,0,-0.644517553192246,1,1,1,"",0
"GO:0043547","positive regulation of GTPase activity","0/114","80/18842",0,0,-0.699300965396333,1,1,1,"",0
"GO:0043555","regulation of translation in response to stress","0/114","21/18842",0,0,-0.357723111916923,1,1,1,"",0
"GO:0043562","cellular response to nitrogen levels","0/114","12/18842",0,0,-0.270348623779636,1,1,1,"",0
"GO:0043567","regulation of insulin-like growth factor receptor signaling pathway","0/114","22/18842",0,0,-0.366151005389014,1,1,1,"",0
"GO:0043574","peroxisomal transport","0/114","23/18842",0,0,-0.37439009208877,1,1,1,"",0
"GO:0043576","regulation of respiratory gaseous exchange","0/114","15/18842",0,0,-0.302283031058143,1,1,1,"",0
"GO:0043584","nose development","0/114","10/18842",0,0,-0.246780294040919,1,1,1,"",0
"GO:0043586","tongue development","0/114","11/18842",0,0,-0.258832228173978,1,1,1,"",0
"GO:0043589","skin morphogenesis","0/114","10/18842",0,0,-0.246780294040919,1,1,1,"",0
"GO:0043627","response to estrogen","0/114","62/18842",0,0,-0.615328103625092,1,1,1,"",0
"GO:0043647","inositol phosphate metabolic process","0/114","39/18842",0,0,-0.48772771009869,1,1,1,"",0
"GO:0043648","dicarboxylic acid metabolic process","0/114","88/18842",0,0,-0.733589455705578,1,1,1,"",0
"GO:0043649","dicarboxylic acid catabolic process","0/114","17/18842",0,0,-0.321821954707169,1,1,1,"",0
"GO:0043650","dicarboxylic acid biosynthetic process","0/114","15/18842",0,0,-0.302283031058143,1,1,1,"",0
"GO:0043651","linoleic acid metabolic process","0/114","19/18842",0,0,-0.340244473235715,1,1,1,"",0
"GO:0043652","engulfment of apoptotic cell","0/114","12/18842",0,0,-0.270348623779636,1,1,1,"",0
"GO:0043653","mitochondrial fragmentation involved in apoptotic process","0/114","12/18842",0,0,-0.270348623779636,1,1,1,"",0
"GO:0043691","reverse cholesterol transport","0/114","21/18842",0,0,-0.357723111916923,1,1,1,"",0
"GO:0043696","dedifferentiation","0/114","12/18842",0,0,-0.270348623779636,1,1,1,"",0
"GO:0043697","cell dedifferentiation","0/114","12/18842",0,0,-0.270348623779636,1,1,1,"",0
"GO:0043903","regulation of biological process involved in symbiotic interaction","0/114","35/18842",0,0,-0.461990409406869,1,1,1,"",0
"GO:0043921","host-mediated perturbation of viral transcription","0/114","28/18842",0,0,-0.413139905591141,1,1,1,"",0
"GO:0043922","host-mediated suppression of viral transcription","0/114","13/18842",0,0,-0.281395241154067,1,1,1,"",0
"GO:0043923","host-mediated activation of viral transcription","0/114","17/18842",0,0,-0.321821954707169,1,1,1,"",0
"GO:0044027","negative regulation of gene expression via chromosomal CpG island methylation","0/114","13/18842",0,0,-0.281395241154067,1,1,1,"",0
"GO:0044029","positive regulation of gene expression via chromosomal CpG island demethylation","0/114","12/18842",0,0,-0.270348623779636,1,1,1,"",0
"GO:0044042","glucan metabolic process","0/114","77/18842",0,0,-0.686008944571806,1,1,1,"",0
"GO:0044058","regulation of digestive system process","0/114","35/18842",0,0,-0.461990409406869,1,1,1,"",0
"GO:0044060","regulation of endocrine process","0/114","40/18842",0,0,-0.493954187592607,1,1,1,"",0
"GO:0044070","regulation of monoatomic anion transport","0/114","11/18842",0,0,-0.258832228173978,1,1,1,"",0
"GO:0044088","regulation of vacuole organization","0/114","55/18842",0,0,-0.579443809151722,1,1,1,"",0
"GO:0044089","positive regulation of cellular component biogenesis","0/114","475/18842",0,0,-1.72221113134479,1,1,1,"",0
"GO:0044090","positive regulation of vacuole organization","0/114","26/18842",0,0,-0.398090415813405,1,1,1,"",0
"GO:0044091","membrane biogenesis","0/114","66/18842",0,0,-0.634934798111144,1,1,1,"",0
"GO:0044241","lipid digestion","0/114","15/18842",0,0,-0.302283031058143,1,1,1,"",0
"GO:0044273","sulfur compound catabolic process","0/114","39/18842",0,0,-0.48772771009869,1,1,1,"",0
"GO:0044314","protein K27-linked ubiquitination","0/114","14/18842",0,0,-0.292025397077866,1,1,1,"",0
"GO:0044320","cellular response to leptin stimulus","0/114","17/18842",0,0,-0.321821954707169,1,1,1,"",0
"GO:0044341","sodium-dependent phosphate transport","0/114","11/18842",0,0,-0.258832228173978,1,1,1,"",0
"GO:0044346","fibroblast apoptotic process","0/114","12/18842",0,0,-0.270348623779636,1,1,1,"",0
"GO:0044351","macropinocytosis","0/114","10/18842",0,0,-0.246780294040919,1,1,1,"",0
"GO:0044380","protein localization to cytoskeleton","0/114","62/18842",0,0,-0.615328103625092,1,1,1,"",0
"GO:0044403","biological process involved in symbiotic interaction","0/114","181/18842",0,0,-1.05470384946861,1,1,1,"",0
"GO:0044406","adhesion of symbiont to host","0/114","15/18842",0,0,-0.302283031058143,1,1,1,"",0
"GO:0044409","symbiont entry into host","0/114","134/18842",0,0,-0.906353087827912,1,1,1,"",0
"GO:0044458","motile cilium assembly","0/114","69/18842",0,0,-0.64925664824146,1,1,1,"",0
"GO:0044539","long-chain fatty acid import into cell","0/114","18/18842",0,0,-0.331160855290318,1,1,1,"",0
"GO:0044546","NLRP3 inflammasome complex assembly","0/114","52/18842",0,0,-0.563374235674815,1,1,1,"",0
"GO:0044550","secondary metabolite biosynthetic process","0/114","26/18842",0,0,-0.398090415813405,1,1,1,"",0
"GO:0044557","relaxation of smooth muscle","0/114","10/18842",0,0,-0.246780294040919,1,1,1,"",0
"GO:0044571","[2Fe-2S] cluster assembly","0/114","11/18842",0,0,-0.258832228173978,1,1,1,"",0
"GO:0044598","doxorubicin metabolic process","0/114","10/18842",0,0,-0.246780294040919,1,1,1,"",0
"GO:0044650","adhesion of symbiont to host cell","0/114","11/18842",0,0,-0.258832228173978,1,1,1,"",0
"GO:0044725","epigenetic programming in the zygotic pronuclei","0/114","11/18842",0,0,-0.258832228173978,1,1,1,"",0
"GO:0044743","protein transmembrane import into intracellular organelle","0/114","16/18842",0,0,-0.312204863557539,1,1,1,"",0
"GO:0044771","meiotic cell cycle phase transition","0/114","15/18842",0,0,-0.302283031058143,1,1,1,"",0
"GO:0044773","mitotic DNA damage checkpoint signaling","0/114","66/18842",0,0,-0.634934798111144,1,1,1,"",0
"GO:0044774","mitotic DNA integrity checkpoint signaling","0/114","71/18842",0,0,-0.658634035666553,1,1,1,"",0
"GO:0044782","cilium organization","0/114","422/18842",0,0,-1.62095184341626,1,1,1,"",0
"GO:0044784","metaphase/anaphase transition of cell cycle","0/114","107/18842",0,0,-0.809326461587368,1,1,1,"",0
"GO:0044786","cell cycle DNA replication","0/114","40/18842",0,0,-0.493954187592607,1,1,1,"",0
"GO:0044788","host-mediated perturbation of viral process","0/114","76/18842",0,0,-0.681521624211709,1,1,1,"",0
"GO:0044790","suppression of viral release by host","0/114","17/18842",0,0,-0.321821954707169,1,1,1,"",0
"GO:0044793","host-mediated suppression of viral proces","0/114","16/18842",0,0,-0.312204863557539,1,1,1,"",0
"GO:0044794","host-mediated activation of viral process","0/114","37/18842",0,0,-0.475032029412254,1,1,1,"",0
"GO:0044804","nucleophagy","0/114","23/18842",0,0,-0.37439009208877,1,1,1,"",0
"GO:0044818","mitotic G2/M transition checkpoint","0/114","53/18842",0,0,-0.568780634921216,1,1,1,"",0
"GO:0044819","mitotic G1/S transition checkpoint signaling","0/114","15/18842",0,0,-0.302283031058143,1,1,1,"",0
"GO:0044827","host-mediated perturbation of viral genome replication","0/114","11/18842",0,0,-0.258832228173978,1,1,1,"",0
"GO:0044828","host-mediated suppression of viral genome replication","0/114","14/18842",0,0,-0.292025397077866,1,1,1,"",0
"GO:0044829","host-mediated activation of viral genome replication","0/114","10/18842",0,0,-0.246780294040919,1,1,1,"",0
"GO:0044837","actomyosin contractile ring organization","0/114","10/18842",0,0,-0.246780294040919,1,1,1,"",0
"GO:0044839","cell cycle G2/M phase transition","0/114","146/18842",0,0,-0.946369593899701,1,1,1,"",0
"GO:0044849","estrous cycle","0/114","12/18842",0,0,-0.270348623779636,1,1,1,"",0
"GO:0044857","plasma membrane raft organization","0/114","13/18842",0,0,-0.281395241154067,1,1,1,"",0
"GO:0044872","lipoprotein localization","0/114","23/18842",0,0,-0.37439009208877,1,1,1,"",0
"GO:0045003","double-strand break repair via synthesis-dependent strand annealing","0/114","10/18842",0,0,-0.246780294040919,1,1,1,"",0
"GO:0045005","DNA-templated DNA replication maintenance of fidelity","0/114","69/18842",0,0,-0.64925664824146,1,1,1,"",0
"GO:0045006","DNA deamination","0/114","13/18842",0,0,-0.281395241154067,1,1,1,"",0
"GO:0045010","actin nucleation","0/114","57/18842",0,0,-0.58991647916762,1,1,1,"",0
"GO:0045019","negative regulation of nitric oxide biosynthetic process","0/114","14/18842",0,0,-0.292025397077866,1,1,1,"",0
"GO:0045022","early endosome to late endosome transport","0/114","42/18842",0,0,-0.506179346375384,1,1,1,"",0
"GO:0045023","G0 to G1 transition","0/114","38/18842",0,0,-0.481421384106586,1,1,1,"",0
"GO:0045026","plasma membrane fusion","0/114","30/18842",0,0,-0.427663161774826,1,1,1,"",0
"GO:0045039","protein insertion into mitochondrial inner membrane","0/114","18/18842",0,0,-0.331160855290318,1,1,1,"",0
"GO:0045040","protein insertion into mitochondrial outer membrane","0/114","13/18842",0,0,-0.281395241154067,1,1,1,"",0
"GO:0045047","protein targeting to ER","0/114","48/18842",0,0,-0.541214853935104,1,1,1,"",0
"GO:0045048","protein insertion into ER membrane","0/114","31/18842",0,0,-0.434744008401426,1,1,1,"",0
"GO:0045050","protein insertion into ER membrane by stop-transfer membrane-anchor sequence","0/114","11/18842",0,0,-0.258832228173978,1,1,1,"",0
"GO:0045056","transcytosis","0/114","21/18842",0,0,-0.357723111916923,1,1,1,"",0
"GO:0045058","T cell selection","0/114","64/18842",0,0,-0.62520727046574,1,1,1,"",0
"GO:0045061","thymic T cell selection","0/114","27/18842",0,0,-0.405684552256011,1,1,1,"",0
"GO:0045063","T-helper 1 cell differentiation","0/114","36/18842",0,0,-0.468556249314519,1,1,1,"",0
"GO:0045064","T-helper 2 cell differentiation","0/114","14/18842",0,0,-0.292025397077866,1,1,1,"",0
"GO:0045066","regulatory T cell differentiation","0/114","52/18842",0,0,-0.563374235674815,1,1,1,"",0
"GO:0045069","regulation of viral genome replication","0/114","77/18842",0,0,-0.686008944571806,1,1,1,"",0
"GO:0045070","positive regulation of viral genome replication","0/114","30/18842",0,0,-0.427663161774826,1,1,1,"",0
"GO:0045071","negative regulation of viral genome replication","0/114","48/18842",0,0,-0.541214853935104,1,1,1,"",0
"GO:0045091","regulation of single stranded viral RNA replication via double stranded DNA intermediate","0/114","13/18842",0,0,-0.281395241154067,1,1,1,"",0
"GO:0045103","intermediate filament-based process","0/114","90/18842",0,0,-0.741918426809738,1,1,1,"",0
"GO:0045104","intermediate filament cytoskeleton organization","0/114","89/18842",0,0,-0.737765472975354,1,1,1,"",0
"GO:0045109","intermediate filament organization","0/114","74/18842",0,0,-0.672458616237011,1,1,1,"",0
"GO:0045116","protein neddylation","0/114","25/18842",0,0,-0.390349396257243,1,1,1,"",0
"GO:0045123","cellular extravasation","0/114","66/18842",0,0,-0.634934798111144,1,1,1,"",0
"GO:0045124","regulation of bone resorption","0/114","38/18842",0,0,-0.481421384106586,1,1,1,"",0
"GO:0045132","meiotic chromosome segregation","0/114","71/18842",0,0,-0.658634035666553,1,1,1,"",0
"GO:0045137","development of primary sexual characteristics","0/114","138/18842",0,0,-0.919879618436217,1,1,1,"",0
"GO:0045143","homologous chromosome segregation","0/114","51/18842",0,0,-0.557916032797441,1,1,1,"",0
"GO:0045161","neuronal ion channel clustering","0/114","12/18842",0,0,-0.270348623779636,1,1,1,"",0
"GO:0045176","apical protein localization","0/114","10/18842",0,0,-0.246780294040919,1,1,1,"",0
"GO:0045185","maintenance of protein location","0/114","47/18842",0,0,-0.535533279253734,1,1,1,"",0
"GO:0045187","regulation of circadian sleep/wake cycle, sleep","0/114","19/18842",0,0,-0.340244473235715,1,1,1,"",0
"GO:0045190","isotype switching","0/114","37/18842",0,0,-0.475032029412254,1,1,1,"",0
"GO:0045191","regulation of isotype switching","0/114","23/18842",0,0,-0.37439009208877,1,1,1,"",0
"GO:0045292","mRNA cis splicing, via spliceosome","0/114","48/18842",0,0,-0.541214853935104,1,1,1,"",0
"GO:0045324","late endosome to vacuole transport","0/114","38/18842",0,0,-0.481421384106586,1,1,1,"",0
"GO:0045337","farnesyl diphosphate biosynthetic process","0/114","10/18842",0,0,-0.246780294040919,1,1,1,"",0
"GO:0045338","farnesyl diphosphate metabolic process","0/114","12/18842",0,0,-0.270348623779636,1,1,1,"",0
"GO:0045342","MHC class II biosynthetic process","0/114","16/18842",0,0,-0.312204863557539,1,1,1,"",0
"GO:0045346","regulation of MHC class II biosynthetic process","0/114","15/18842",0,0,-0.302283031058143,1,1,1,"",0
"GO:0045348","positive regulation of MHC class II biosynthetic process","0/114","11/18842",0,0,-0.258832228173978,1,1,1,"",0
"GO:0045445","myoblast differentiation","0/114","93/18842",0,0,-0.754242707530657,1,1,1,"",0
"GO:0045453","bone resorption","0/114","49/18842",0,0,-0.546837996215799,1,1,1,"",0
"GO:0045454","cell redox homeostasis","0/114","43/18842",0,0,-0.51218346509735,1,1,1,"",0
"GO:0045472","response to ether","0/114","20/18842",0,0,-0.349092737116259,1,1,1,"",0
"GO:0045475","locomotor rhythm","0/114","13/18842",0,0,-0.281395241154067,1,1,1,"",0
"GO:0045540","regulation of cholesterol biosynthetic process","0/114","33/18842",0,0,-0.448572677074785,1,1,1,"",0
"GO:0045541","negative regulation of cholesterol biosynthetic process","0/114","12/18842",0,0,-0.270348623779636,1,1,1,"",0
"GO:0045542","positive regulation of cholesterol biosynthetic process","0/114","17/18842",0,0,-0.321821954707169,1,1,1,"",0
"GO:0045576","mast cell activation","0/114","64/18842",0,0,-0.62520727046574,1,1,1,"",0
"GO:0045577","regulation of B cell differentiation","0/114","26/18842",0,0,-0.398090415813405,1,1,1,"",0
"GO:0045579","positive regulation of B cell differentiation","0/114","13/18842",0,0,-0.281395241154067,1,1,1,"",0
"GO:0045589","regulation of regulatory T cell differentiation","0/114","45/18842",0,0,-0.523987209834246,1,1,1,"",0
"GO:0045590","negative regulation of regulatory T cell differentiation","0/114","21/18842",0,0,-0.357723111916923,1,1,1,"",0
"GO:0045591","positive regulation of regulatory T cell differentiation","0/114","20/18842",0,0,-0.349092737116259,1,1,1,"",0
"GO:0045599","negative regulation of fat cell differentiation","0/114","53/18842",0,0,-0.568780634921216,1,1,1,"",0
"GO:0045601","regulation of endothelial cell differentiation","0/114","44/18842",0,0,-0.518118638610383,1,1,1,"",0
"GO:0045602","negative regulation of endothelial cell differentiation","0/114","11/18842",0,0,-0.258832228173978,1,1,1,"",0
"GO:0045603","positive regulation of endothelial cell differentiation","0/114","17/18842",0,0,-0.321821954707169,1,1,1,"",0
"GO:0045622","regulation of T-helper cell differentiation","0/114","43/18842",0,0,-0.51218346509735,1,1,1,"",0
"GO:0045623","negative regulation of T-helper cell differentiation","0/114","17/18842",0,0,-0.321821954707169,1,1,1,"",0
"GO:0045624","positive regulation of T-helper cell differentiation","0/114","23/18842",0,0,-0.37439009208877,1,1,1,"",0
"GO:0045637","regulation of myeloid cell differentiation","0/114","189/18842",0,0,-1.07799130302388,1,1,1,"",0
"GO:0045638","negative regulation of myeloid cell differentiation","0/114","82/18842",0,0,-0.70802600524063,1,1,1,"",0
"GO:0045639","positive regulation of myeloid cell differentiation","0/114","97/18842",0,0,-0.770374404205525,1,1,1,"",0
"GO:0045646","regulation of erythrocyte differentiation","0/114","44/18842",0,0,-0.518118638610383,1,1,1,"",0
"GO:0045648","positive regulation of erythrocyte differentiation","0/114","32/18842",0,0,-0.441712095184957,1,1,1,"",0
"GO:0045649","regulation of macrophage differentiation","0/114","23/18842",0,0,-0.37439009208877,1,1,1,"",0
"GO:0045651","positive regulation of macrophage differentiation","0/114","15/18842",0,0,-0.302283031058143,1,1,1,"",0
"GO:0045652","regulation of megakaryocyte differentiation","0/114","35/18842",0,0,-0.461990409406869,1,1,1,"",0
"GO:0045653","negative regulation of megakaryocyte differentiation","0/114","19/18842",0,0,-0.340244473235715,1,1,1,"",0
"GO:0045654","positive regulation of megakaryocyte differentiation","0/114","10/18842",0,0,-0.246780294040919,1,1,1,"",0
"GO:0045655","regulation of monocyte differentiation","0/114","17/18842",0,0,-0.321821954707169,1,1,1,"",0
"GO:0045657","positive regulation of monocyte differentiation","0/114","10/18842",0,0,-0.246780294040919,1,1,1,"",0
"GO:0045661","regulation of myoblast differentiation","0/114","66/18842",0,0,-0.634934798111144,1,1,1,"",0
"GO:0045662","negative regulation of myoblast differentiation","0/114","20/18842",0,0,-0.349092737116259,1,1,1,"",0
"GO:0045663","positive regulation of myoblast differentiation","0/114","44/18842",0,0,-0.518118638610383,1,1,1,"",0
"GO:0045666","positive regulation of neuron differentiation","0/114","63/18842",0,0,-0.620287092215828,1,1,1,"",0
"GO:0045667","regulation of osteoblast differentiation","0/114","128/18842",0,0,-0.885687208334122,1,1,1,"",0
"GO:0045668","negative regulation of osteoblast differentiation","0/114","57/18842",0,0,-0.58991647916762,1,1,1,"",0
"GO:0045669","positive regulation of osteoblast differentiation","0/114","61/18842",0,0,-0.610329358594873,1,1,1,"",0
"GO:0045670","regulation of osteoclast differentiation","0/114","60/18842",0,0,-0.605289872062366,1,1,1,"",0
"GO:0045671","negative regulation of osteoclast differentiation","0/114","27/18842",0,0,-0.405684552256011,1,1,1,"",0
"GO:0045672","positive regulation of osteoclast differentiation","0/114","26/18842",0,0,-0.398090415813405,1,1,1,"",0
"GO:0045717","negative regulation of fatty acid biosynthetic process","0/114","27/18842",0,0,-0.405684552256011,1,1,1,"",0
"GO:0045719","negative regulation of glycogen biosynthetic process","0/114","10/18842",0,0,-0.246780294040919,1,1,1,"",0
"GO:0045722","positive regulation of gluconeogenesis","0/114","20/18842",0,0,-0.349092737116259,1,1,1,"",0
"GO:0045724","positive regulation of cilium assembly","0/114","27/18842",0,0,-0.405684552256011,1,1,1,"",0
"GO:0045725","positive regulation of glycogen biosynthetic process","0/114","16/18842",0,0,-0.312204863557539,1,1,1,"",0
"GO:0045730","respiratory burst","0/114","36/18842",0,0,-0.468556249314519,1,1,1,"",0
"GO:0045738","negative regulation of DNA repair","0/114","40/18842",0,0,-0.493954187592607,1,1,1,"",0
"GO:0045740","positive regulation of DNA replication","0/114","40/18842",0,0,-0.493954187592607,1,1,1,"",0
"GO:0045742","positive regulation of epidermal growth factor receptor signaling pathway","0/114","32/18842",0,0,-0.441712095184957,1,1,1,"",0
"GO:0045761","regulation of adenylate cyclase activity","0/114","30/18842",0,0,-0.427663161774826,1,1,1,"",0
"GO:0045762","positive regulation of adenylate cyclase activity","0/114","20/18842",0,0,-0.349092737116259,1,1,1,"",0
"GO:0045779","negative regulation of bone resorption","0/114","15/18842",0,0,-0.302283031058143,1,1,1,"",0
"GO:0045780","positive regulation of bone resorption","0/114","14/18842",0,0,-0.292025397077866,1,1,1,"",0
"GO:0045821","positive regulation of glycolytic process","0/114","21/18842",0,0,-0.357723111916923,1,1,1,"",0
"GO:0045822","negative regulation of heart contraction","0/114","22/18842",0,0,-0.366151005389014,1,1,1,"",0
"GO:0045824","negative regulation of innate immune response","0/114","94/18842",0,0,-0.758307156216897,1,1,1,"",0
"GO:0045830","positive regulation of isotype switching","0/114","19/18842",0,0,-0.340244473235715,1,1,1,"",0
"GO:0045835","negative regulation of meiotic nuclear division","0/114","10/18842",0,0,-0.246780294040919,1,1,1,"",0
"GO:0045837","negative regulation of membrane potential","0/114","12/18842",0,0,-0.270348623779636,1,1,1,"",0
"GO:0045838","positive regulation of membrane potential","0/114","12/18842",0,0,-0.270348623779636,1,1,1,"",0
"GO:0045839","negative regulation of mitotic nuclear division","0/114","64/18842",0,0,-0.62520727046574,1,1,1,"",0
"GO:0045841","negative regulation of mitotic metaphase/anaphase transition","0/114","58/18842",0,0,-0.595084525543044,1,1,1,"",0
"GO:0045842","positive regulation of mitotic metaphase/anaphase transition","0/114","18/18842",0,0,-0.331160855290318,1,1,1,"",0
"GO:0045844","positive regulation of striated muscle tissue development","0/114","14/18842",0,0,-0.292025397077866,1,1,1,"",0
"GO:0045862","positive regulation of proteolysis","0/114","69/18842",0,0,-0.64925664824146,1,1,1,"",0
"GO:0045869","negative regulation of single stranded viral RNA replication via double stranded DNA intermediate","0/114","10/18842",0,0,-0.246780294040919,1,1,1,"",0
"GO:0045879","negative regulation of smoothened signaling pathway","0/114","28/18842",0,0,-0.413139905591141,1,1,1,"",0
"GO:0045906","negative regulation of vasoconstriction","0/114","12/18842",0,0,-0.270348623779636,1,1,1,"",0
"GO:0045907","positive regulation of vasoconstriction","0/114","27/18842",0,0,-0.405684552256011,1,1,1,"",0
"GO:0045910","negative regulation of DNA recombination","0/114","46/18842",0,0,-0.529791392159388,1,1,1,"",0
"GO:0045911","positive regulation of DNA recombination","0/114","65/18842",0,0,-0.63008954763278,1,1,1,"",0
"GO:0045913","positive regulation of carbohydrate metabolic process","0/114","76/18842",0,0,-0.681521624211709,1,1,1,"",0
"GO:0045916","negative regulation of complement activation","0/114","14/18842",0,0,-0.292025397077866,1,1,1,"",0
"GO:0045917","positive regulation of complement activation","0/114","12/18842",0,0,-0.270348623779636,1,1,1,"",0
"GO:0045920","negative regulation of exocytosis","0/114","32/18842",0,0,-0.441712095184957,1,1,1,"",0
"GO:0045922","negative regulation of fatty acid metabolic process","0/114","47/18842",0,0,-0.535533279253734,1,1,1,"",0
"GO:0045932","negative regulation of muscle contraction","0/114","19/18842",0,0,-0.340244473235715,1,1,1,"",0
"GO:0045939","negative regulation of steroid metabolic process","0/114","34/18842",0,0,-0.455330613621119,1,1,1,"",0
"GO:0045940","positive regulation of steroid metabolic process","0/114","39/18842",0,0,-0.48772771009869,1,1,1,"",0
"GO:0045945","positive regulation of transcription by RNA polymerase III","0/114","20/18842",0,0,-0.349092737116259,1,1,1,"",0
"GO:0045947","negative regulation of translational initiation","0/114","28/18842",0,0,-0.413139905591141,1,1,1,"",0
"GO:0045948","positive regulation of translational initiation","0/114","33/18842",0,0,-0.448572677074785,1,1,1,"",0
"GO:0045953","negative regulation of natural killer cell mediated cytotoxicity","0/114","25/18842",0,0,-0.390349396257243,1,1,1,"",0
"GO:0045954","positive regulation of natural killer cell mediated cytotoxicity","0/114","26/18842",0,0,-0.398090415813405,1,1,1,"",0
"GO:0045981","positive regulation of nucleotide metabolic process","0/114","39/18842",0,0,-0.48772771009869,1,1,1,"",0
"GO:0045986","negative regulation of smooth muscle contraction","0/114","10/18842",0,0,-0.246780294040919,1,1,1,"",0
"GO:0045989","positive regulation of striated muscle contraction","0/114","13/18842",0,0,-0.281395241154067,1,1,1,"",0
"GO:0046006","regulation of activated T cell proliferation","0/114","40/18842",0,0,-0.493954187592607,1,1,1,"",0
"GO:0046007","negative regulation of activated T cell proliferation","0/114","14/18842",0,0,-0.292025397077866,1,1,1,"",0
"GO:0046035","CMP metabolic process","0/114","10/18842",0,0,-0.246780294040919,1,1,1,"",0
"GO:0046036","CTP metabolic process","0/114","15/18842",0,0,-0.302283031058143,1,1,1,"",0
"GO:0046037","GMP metabolic process","0/114","28/18842",0,0,-0.413139905591141,1,1,1,"",0
"GO:0046039","GTP metabolic process","0/114","24/18842",0,0,-0.382452574606899,1,1,1,"",0
"GO:0046040","IMP metabolic process","0/114","18/18842",0,0,-0.331160855290318,1,1,1,"",0
"GO:0046049","UMP metabolic process","0/114","16/18842",0,0,-0.312204863557539,1,1,1,"",0
"GO:0046051","UTP metabolic process","0/114","11/18842",0,0,-0.258832228173978,1,1,1,"",0
"GO:0046058","cAMP metabolic process","0/114","25/18842",0,0,-0.390349396257243,1,1,1,"",0
"GO:0046068","cGMP metabolic process","0/114","21/18842",0,0,-0.357723111916923,1,1,1,"",0
"GO:0046073","dTMP metabolic process","0/114","11/18842",0,0,-0.258832228173978,1,1,1,"",0
"GO:0046112","nucleobase biosynthetic process","0/114","21/18842",0,0,-0.357723111916923,1,1,1,"",0
"GO:0046128","purine ribonucleoside metabolic process","0/114","19/18842",0,0,-0.340244473235715,1,1,1,"",0
"GO:0046129","purine ribonucleoside biosynthetic process","0/114","10/18842",0,0,-0.246780294040919,1,1,1,"",0
"GO:0046146","tetrahydrobiopterin metabolic process","0/114","10/18842",0,0,-0.246780294040919,1,1,1,"",0
"GO:0046149","pigment catabolic process","0/114","15/18842",0,0,-0.302283031058143,1,1,1,"",0
"GO:0046164","alcohol catabolic process","0/114","36/18842",0,0,-0.468556249314519,1,1,1,"",0
"GO:0046174","polyol catabolic process","0/114","10/18842",0,0,-0.246780294040919,1,1,1,"",0
"GO:0046185","aldehyde catabolic process","0/114","14/18842",0,0,-0.292025397077866,1,1,1,"",0
"GO:0046189","phenol-containing compound biosynthetic process","0/114","43/18842",0,0,-0.51218346509735,1,1,1,"",0
"GO:0046320","regulation of fatty acid oxidation","0/114","31/18842",0,0,-0.434744008401426,1,1,1,"",0
"GO:0046321","positive regulation of fatty acid oxidation","0/114","15/18842",0,0,-0.302283031058143,1,1,1,"",0
"GO:0046322","negative regulation of fatty acid oxidation","0/114","11/18842",0,0,-0.258832228173978,1,1,1,"",0
"GO:0046326","positive regulation of D-glucose import across plasma membrane","0/114","31/18842",0,0,-0.434744008401426,1,1,1,"",0
"GO:0046329","negative regulation of JNK cascade","0/114","36/18842",0,0,-0.468556249314519,1,1,1,"",0
"GO:0046337","phosphatidylethanolamine metabolic process","0/114","28/18842",0,0,-0.413139905591141,1,1,1,"",0
"GO:0046339","diacylglycerol metabolic process","0/114","25/18842",0,0,-0.390349396257243,1,1,1,"",0
"GO:0046341","CDP-diacylglycerol metabolic process","0/114","14/18842",0,0,-0.292025397077866,1,1,1,"",0
"GO:0046348","amino sugar catabolic process","0/114","13/18842",0,0,-0.281395241154067,1,1,1,"",0
"GO:0046349","amino sugar biosynthetic process","0/114","13/18842",0,0,-0.281395241154067,1,1,1,"",0
"GO:0046365","monosaccharide catabolic process","0/114","52/18842",0,0,-0.563374235674815,1,1,1,"",0
"GO:0046385","deoxyribose phosphate biosynthetic process","0/114","16/18842",0,0,-0.312204863557539,1,1,1,"",0
"GO:0046386","deoxyribose phosphate catabolic process","0/114","31/18842",0,0,-0.434744008401426,1,1,1,"",0
"GO:0046415","urate metabolic process","0/114","11/18842",0,0,-0.258832228173978,1,1,1,"",0
"GO:0046426","negative regulation of receptor signaling pathway via JAK-STAT","0/114","27/18842",0,0,-0.405684552256011,1,1,1,"",0
"GO:0046459","short-chain fatty acid metabolic process","0/114","14/18842",0,0,-0.292025397077866,1,1,1,"",0
"GO:0046460","neutral lipid biosynthetic process","0/114","49/18842",0,0,-0.546837996215799,1,1,1,"",0
"GO:0046463","acylglycerol biosynthetic process","0/114","49/18842",0,0,-0.546837996215799,1,1,1,"",0
"GO:0046469","platelet activating factor metabolic process","0/114","10/18842",0,0,-0.246780294040919,1,1,1,"",0
"GO:0046473","phosphatidic acid metabolic process","0/114","38/18842",0,0,-0.481421384106586,1,1,1,"",0
"GO:0046477","glycosylceramide catabolic process","0/114","11/18842",0,0,-0.258832228173978,1,1,1,"",0
"GO:0046479","glycosphingolipid catabolic process","0/114","24/18842",0,0,-0.382452574606899,1,1,1,"",0
"GO:0046485","ether lipid metabolic process","0/114","23/18842",0,0,-0.37439009208877,1,1,1,"",0
"GO:0046500","S-adenosylmethionine metabolic process","0/114","11/18842",0,0,-0.258832228173978,1,1,1,"",0
"GO:0046504","glycerol ether biosynthetic process","0/114","12/18842",0,0,-0.270348623779636,1,1,1,"",0
"GO:0046513","ceramide biosynthetic process","0/114","66/18842",0,0,-0.634934798111144,1,1,1,"",0
"GO:0046541","saliva secretion","0/114","11/18842",0,0,-0.258832228173978,1,1,1,"",0
"GO:0046545","development of primary female sexual characteristics","0/114","60/18842",0,0,-0.605289872062366,1,1,1,"",0
"GO:0046546","development of primary male sexual characteristics","0/114","84/18842",0,0,-0.716646653790518,1,1,1,"",0
"GO:0046578","regulation of Ras protein signal transduction","0/114","49/18842",0,0,-0.546837996215799,1,1,1,"",0
"GO:0046579","positive regulation of Ras protein signal transduction","0/114","21/18842",0,0,-0.357723111916923,1,1,1,"",0
"GO:0046580","negative regulation of Ras protein signal transduction","0/114","22/18842",0,0,-0.366151005389014,1,1,1,"",0
"GO:0046596","regulation of viral entry into host cell","0/114","18/18842",0,0,-0.331160855290318,1,1,1,"",0
"GO:0046597","host-mediated suppression of symbiont invasion","0/114","24/18842",0,0,-0.382452574606899,1,1,1,"",0
"GO:0046598","positive regulation of viral entry into host cell","0/114","12/18842",0,0,-0.270348623779636,1,1,1,"",0
"GO:0046599","regulation of centriole replication","0/114","25/18842",0,0,-0.390349396257243,1,1,1,"",0
"GO:0046601","positive regulation of centriole replication","0/114","11/18842",0,0,-0.258832228173978,1,1,1,"",0
"GO:0046605","regulation of centrosome cycle","0/114","59/18842",0,0,-0.600208617717198,1,1,1,"",0
"GO:0046606","negative regulation of centrosome cycle","0/114","11/18842",0,0,-0.258832228173978,1,1,1,"",0
"GO:0046618","xenobiotic export from cell","0/114","30/18842",0,0,-0.427663161774826,1,1,1,"",0
"GO:0046626","regulation of insulin receptor signaling pathway","0/114","66/18842",0,0,-0.634934798111144,1,1,1,"",0
"GO:0046627","negative regulation of insulin receptor signaling pathway","0/114","40/18842",0,0,-0.493954187592607,1,1,1,"",0
"GO:0046628","positive regulation of insulin receptor signaling pathway","0/114","21/18842",0,0,-0.357723111916923,1,1,1,"",0
"GO:0046629","gamma-delta T cell activation","0/114","19/18842",0,0,-0.340244473235715,1,1,1,"",0
"GO:0046641","positive regulation of alpha-beta T cell proliferation","0/114","18/18842",0,0,-0.331160855290318,1,1,1,"",0
"GO:0046653","tetrahydrofolate metabolic process","0/114","20/18842",0,0,-0.349092737116259,1,1,1,"",0
"GO:0046655","folic acid metabolic process","0/114","15/18842",0,0,-0.302283031058143,1,1,1,"",0
"GO:0046660","female sex differentiation","0/114","69/18842",0,0,-0.64925664824146,1,1,1,"",0
"GO:0046661","male sex differentiation","0/114","89/18842",0,0,-0.737765472975354,1,1,1,"",0
"GO:0046676","negative regulation of insulin secretion","0/114","30/18842",0,0,-0.427663161774826,1,1,1,"",0
"GO:0046677","response to antibiotic","0/114","27/18842",0,0,-0.405684552256011,1,1,1,"",0
"GO:0046685","response to arsenic-containing substance","0/114","27/18842",0,0,-0.405684552256011,1,1,1,"",0
"GO:0046686","response to cadmium ion","0/114","40/18842",0,0,-0.493954187592607,1,1,1,"",0
"GO:0046688","response to copper ion","0/114","39/18842",0,0,-0.48772771009869,1,1,1,"",0
"GO:0046689","response to mercury ion","0/114","11/18842",0,0,-0.258832228173978,1,1,1,"",0
"GO:0046710","GDP metabolic process","0/114","11/18842",0,0,-0.258832228173978,1,1,1,"",0
"GO:0046716","muscle cell cellular homeostasis","0/114","13/18842",0,0,-0.281395241154067,1,1,1,"",0
"GO:0046717","acid secretion","0/114","31/18842",0,0,-0.434744008401426,1,1,1,"",0
"GO:0046718","symbiont entry into host cell","0/114","129/18842",0,0,-0.889163949970695,1,1,1,"",0
"GO:0046753","non-lytic viral release","0/114","15/18842",0,0,-0.302283031058143,1,1,1,"",0
"GO:0046755","viral budding","0/114","25/18842",0,0,-0.390349396257243,1,1,1,"",0
"GO:0046761","viral budding from plasma membrane","0/114","14/18842",0,0,-0.292025397077866,1,1,1,"",0
"GO:0046782","regulation of viral transcription","0/114","20/18842",0,0,-0.349092737116259,1,1,1,"",0
"GO:0046785","microtubule polymerization","0/114","100/18842",0,0,-0.782259296968349,1,1,1,"",0
"GO:0046794","transport of virus","0/114","11/18842",0,0,-0.258832228173978,1,1,1,"",0
"GO:0046831","regulation of RNA export from nucleus","0/114","16/18842",0,0,-0.312204863557539,1,1,1,"",0
"GO:0046835","carbohydrate phosphorylation","0/114","24/18842",0,0,-0.382452574606899,1,1,1,"",0
"GO:0046851","negative regulation of bone remodeling","0/114","17/18842",0,0,-0.321821954707169,1,1,1,"",0
"GO:0046854","phosphatidylinositol phosphate biosynthetic process","0/114","61/18842",0,0,-0.610329358594873,1,1,1,"",0
"GO:0046856","phosphatidylinositol dephosphorylation","0/114","26/18842",0,0,-0.398090415813405,1,1,1,"",0
"GO:0046886","positive regulation of hormone biosynthetic process","0/114","11/18842",0,0,-0.258832228173978,1,1,1,"",0
"GO:0046902","regulation of mitochondrial membrane permeability","0/114","51/18842",0,0,-0.557916032797441,1,1,1,"",0
"GO:0046928","regulation of neurotransmitter secretion","0/114","80/18842",0,0,-0.699300965396333,1,1,1,"",0
"GO:0046931","pore complex assembly","0/114","19/18842",0,0,-0.340244473235715,1,1,1,"",0
"GO:0046949","fatty-acyl-CoA biosynthetic process","0/114","28/18842",0,0,-0.413139905591141,1,1,1,"",0
"GO:0047484","regulation of response to osmotic stress","0/114","11/18842",0,0,-0.258832228173978,1,1,1,"",0
"GO:0047496","vesicle transport along microtubule","0/114","45/18842",0,0,-0.523987209834246,1,1,1,"",0
"GO:0047497","mitochondrion transport along microtubule","0/114","26/18842",0,0,-0.398090415813405,1,1,1,"",0
"GO:0048002","antigen processing and presentation of peptide antigen","0/114","68/18842",0,0,-0.644517553192246,1,1,1,"",0
"GO:0048008","platelet-derived growth factor receptor signaling pathway","0/114","47/18842",0,0,-0.535533279253734,1,1,1,"",0
"GO:0048009","insulin-like growth factor receptor signaling pathway","0/114","47/18842",0,0,-0.535533279253734,1,1,1,"",0
"GO:0048010","vascular endothelial growth factor receptor signaling pathway","0/114","57/18842",0,0,-0.58991647916762,1,1,1,"",0
"GO:0048011","neurotrophin TRK receptor signaling pathway","0/114","18/18842",0,0,-0.331160855290318,1,1,1,"",0
"GO:0048015","phosphatidylinositol-mediated signaling","0/114","24/18842",0,0,-0.382452574606899,1,1,1,"",0
"GO:0048021","regulation of melanin biosynthetic process","0/114","17/18842",0,0,-0.321821954707169,1,1,1,"",0
"GO:0048023","positive regulation of melanin biosynthetic process","0/114","12/18842",0,0,-0.270348623779636,1,1,1,"",0
"GO:0048024","regulation of mRNA splicing, via spliceosome","0/114","113/18842",0,0,-0.831841583898776,1,1,1,"",0
"GO:0048025","negative regulation of mRNA splicing, via spliceosome","0/114","27/18842",0,0,-0.405684552256011,1,1,1,"",0
"GO:0048026","positive regulation of mRNA splicing, via spliceosome","0/114","14/18842",0,0,-0.292025397077866,1,1,1,"",0
"GO:0048048","embryonic eye morphogenesis","0/114","26/18842",0,0,-0.398090415813405,1,1,1,"",0
"GO:0048066","developmental pigmentation","0/114","35/18842",0,0,-0.461990409406869,1,1,1,"",0
"GO:0048143","astrocyte activation","0/114","24/18842",0,0,-0.382452574606899,1,1,1,"",0
"GO:0048147","negative regulation of fibroblast proliferation","0/114","22/18842",0,0,-0.366151005389014,1,1,1,"",0
"GO:0048148","behavioral response to cocaine","0/114","11/18842",0,0,-0.258832228173978,1,1,1,"",0
"GO:0048149","behavioral response to ethanol","0/114","11/18842",0,0,-0.258832228173978,1,1,1,"",0
"GO:0048168","regulation of neuronal synaptic plasticity","0/114","49/18842",0,0,-0.546837996215799,1,1,1,"",0
"GO:0048169","regulation of long-term neuronal synaptic plasticity","0/114","18/18842",0,0,-0.331160855290318,1,1,1,"",0
"GO:0048172","regulation of short-term neuronal synaptic plasticity","0/114","14/18842",0,0,-0.292025397077866,1,1,1,"",0
"GO:0048193","Golgi vesicle transport","0/114","319/18842",0,0,-1.40539491640471,1,1,1,"",0
"GO:0048194","Golgi vesicle budding","0/114","10/18842",0,0,-0.246780294040919,1,1,1,"",0
"GO:0048199","vesicle targeting, to, from or within Golgi","0/114","33/18842",0,0,-0.448572677074785,1,1,1,"",0
"GO:0048207","vesicle targeting, rough ER to cis-Golgi","0/114","26/18842",0,0,-0.398090415813405,1,1,1,"",0
"GO:0048208","COPII vesicle coating","0/114","25/18842",0,0,-0.390349396257243,1,1,1,"",0
"GO:0048227","plasma membrane to endosome transport","0/114","11/18842",0,0,-0.258832228173978,1,1,1,"",0
"GO:0048240","sperm capacitation","0/114","37/18842",0,0,-0.475032029412254,1,1,1,"",0
"GO:0048241","epinephrine transport","0/114","11/18842",0,0,-0.258832228173978,1,1,1,"",0
"GO:0048243","norepinephrine secretion","0/114","12/18842",0,0,-0.270348623779636,1,1,1,"",0
"GO:0048245","eosinophil chemotaxis","0/114","21/18842",0,0,-0.357723111916923,1,1,1,"",0
"GO:0048246","macrophage chemotaxis","0/114","38/18842",0,0,-0.481421384106586,1,1,1,"",0
"GO:0048251","elastic fiber assembly","0/114","11/18842",0,0,-0.258832228173978,1,1,1,"",0
"GO:0048255","mRNA stabilization","0/114","78/18842",0,0,-0.690467576265243,1,1,1,"",0
"GO:0048259","regulation of receptor-mediated endocytosis","0/114","123/18842",0,0,-0.868100354723783,1,1,1,"",0
"GO:0048260","positive regulation of receptor-mediated endocytosis","0/114","54/18842",0,0,-0.57413669406689,1,1,1,"",0
"GO:0048261","negative regulation of receptor-mediated endocytosis","0/114","31/18842",0,0,-0.434744008401426,1,1,1,"",0
"GO:0048262","determination of dorsal/ventral asymmetry","0/114","10/18842",0,0,-0.246780294040919,1,1,1,"",0
"GO:0048265","response to pain","0/114","23/18842",0,0,-0.37439009208877,1,1,1,"",0
"GO:0048266","behavioral response to pain","0/114","13/18842",0,0,-0.281395241154067,1,1,1,"",0
"GO:0048268","clathrin coat assembly","0/114","22/18842",0,0,-0.366151005389014,1,1,1,"",0
"GO:0048278","vesicle docking","0/114","58/18842",0,0,-0.595084525543044,1,1,1,"",0
"GO:0048286","lung alveolus development","0/114","18/18842",0,0,-0.331160855290318,1,1,1,"",0
"GO:0048308","organelle inheritance","0/114","16/18842",0,0,-0.312204863557539,1,1,1,"",0
"GO:0048311","mitochondrion distribution","0/114","14/18842",0,0,-0.292025397077866,1,1,1,"",0
"GO:0048313","Golgi inheritance","0/114","16/18842",0,0,-0.312204863557539,1,1,1,"",0
"GO:0048368","lateral mesoderm development","0/114","13/18842",0,0,-0.281395241154067,1,1,1,"",0
"GO:0048385","regulation of retinoic acid receptor signaling pathway","0/114","15/18842",0,0,-0.302283031058143,1,1,1,"",0
"GO:0048388","endosomal lumen acidification","0/114","13/18842",0,0,-0.281395241154067,1,1,1,"",0
"GO:0048483","autonomic nervous system development","0/114","33/18842",0,0,-0.448572677074785,1,1,1,"",0
"GO:0048484","enteric nervous system development","0/114","11/18842",0,0,-0.258832228173978,1,1,1,"",0
"GO:0048485","sympathetic nervous system development","0/114","17/18842",0,0,-0.321821954707169,1,1,1,"",0
"GO:0048486","parasympathetic nervous system development","0/114","13/18842",0,0,-0.281395241154067,1,1,1,"",0
"GO:0048489","synaptic vesicle transport","0/114","46/18842",0,0,-0.529791392159388,1,1,1,"",0
"GO:0048490","anterograde synaptic vesicle transport","0/114","19/18842",0,0,-0.340244473235715,1,1,1,"",0
"GO:0048512","circadian behavior","0/114","44/18842",0,0,-0.518118638610383,1,1,1,"",0
"GO:0048515","spermatid differentiation","0/114","203/18842",0,0,-1.11762321664356,1,1,1,"",0
"GO:0048520","positive regulation of behavior","0/114","29/18842",0,0,-0.420463858404088,1,1,1,"",0
"GO:0048521","negative regulation of behavior","0/114","15/18842",0,0,-0.302283031058143,1,1,1,"",0
"GO:0048524","positive regulation of viral process","0/114","61/18842",0,0,-0.610329358594873,1,1,1,"",0
"GO:0048525","negative regulation of viral process","0/114","74/18842",0,0,-0.672458616237011,1,1,1,"",0
"GO:0048532","anatomical structure arrangement","0/114","12/18842",0,0,-0.270348623779636,1,1,1,"",0
"GO:0048534","hematopoietic or lymphoid organ development","0/114","38/18842",0,0,-0.481421384106586,1,1,1,"",0
"GO:0048536","spleen development","0/114","11/18842",0,0,-0.258832228173978,1,1,1,"",0
"GO:0048538","thymus development","0/114","16/18842",0,0,-0.312204863557539,1,1,1,"",0
"GO:0048546","digestive tract morphogenesis","0/114","24/18842",0,0,-0.382452574606899,1,1,1,"",0
"GO:0048566","embryonic digestive tract development","0/114","21/18842",0,0,-0.357723111916923,1,1,1,"",0
"GO:0048596","embryonic camera-type eye morphogenesis","0/114","17/18842",0,0,-0.321821954707169,1,1,1,"",0
"GO:0048608","reproductive structure development","0/114","167/18842",0,0,-1.01271357240029,1,1,1,"",0
"GO:0048634","regulation of muscle organ development","0/114","31/18842",0,0,-0.434744008401426,1,1,1,"",0
"GO:0048636","positive regulation of muscle organ development","0/114","14/18842",0,0,-0.292025397077866,1,1,1,"",0
"GO:0048641","regulation of skeletal muscle tissue development","0/114","16/18842",0,0,-0.312204863557539,1,1,1,"",0
"GO:0048643","positive regulation of skeletal muscle tissue development","0/114","13/18842",0,0,-0.281395241154067,1,1,1,"",0
"GO:0048644","muscle organ morphogenesis","0/114","57/18842",0,0,-0.58991647916762,1,1,1,"",0
"GO:0048645","animal organ formation","0/114","30/18842",0,0,-0.427663161774826,1,1,1,"",0
"GO:0048668","collateral sprouting","0/114","16/18842",0,0,-0.312204863557539,1,1,1,"",0
"GO:0048670","regulation of collateral sprouting","0/114","12/18842",0,0,-0.270348623779636,1,1,1,"",0
"GO:0048678","response to axon injury","0/114","63/18842",0,0,-0.620287092215828,1,1,1,"",0
"GO:0048679","regulation of axon regeneration","0/114","21/18842",0,0,-0.357723111916923,1,1,1,"",0
"GO:0048681","negative regulation of axon regeneration","0/114","12/18842",0,0,-0.270348623779636,1,1,1,"",0
"GO:0048701","embryonic cranial skeleton morphogenesis","0/114","15/18842",0,0,-0.302283031058143,1,1,1,"",0
"GO:0048711","positive regulation of astrocyte differentiation","0/114","10/18842",0,0,-0.246780294040919,1,1,1,"",0
"GO:0048730","epidermis morphogenesis","0/114","19/18842",0,0,-0.340244473235715,1,1,1,"",0
"GO:0048741","skeletal muscle fiber development","0/114","22/18842",0,0,-0.366151005389014,1,1,1,"",0
"GO:0048742","regulation of skeletal muscle fiber development","0/114","10/18842",0,0,-0.246780294040919,1,1,1,"",0
"GO:0048745","smooth muscle tissue development","0/114","20/18842",0,0,-0.349092737116259,1,1,1,"",0
"GO:0048753","pigment granule organization","0/114","38/18842",0,0,-0.481421384106586,1,1,1,"",0
"GO:0048757","pigment granule maturation","0/114","11/18842",0,0,-0.258832228173978,1,1,1,"",0
"GO:0048806","genitalia development","0/114","23/18842",0,0,-0.37439009208877,1,1,1,"",0
"GO:0048841","regulation of axon extension involved in axon guidance","0/114","11/18842",0,0,-0.258832228173978,1,1,1,"",0
"GO:0048846","axon extension involved in axon guidance","0/114","16/18842",0,0,-0.312204863557539,1,1,1,"",0
"GO:0048854","brain morphogenesis","0/114","18/18842",0,0,-0.331160855290318,1,1,1,"",0
"GO:0050000","chromosome localization","0/114","123/18842",0,0,-0.868100354723783,1,1,1,"",0
"GO:0050427","3'-phosphoadenosine 5'-phosphosulfate metabolic process","0/114","17/18842",0,0,-0.321821954707169,1,1,1,"",0
"GO:0050432","catecholamine secretion","0/114","39/18842",0,0,-0.48772771009869,1,1,1,"",0
"GO:0050433","regulation of catecholamine secretion","0/114","37/18842",0,0,-0.475032029412254,1,1,1,"",0
"GO:0050435","amyloid-beta metabolic process","0/114","71/18842",0,0,-0.658634035666553,1,1,1,"",0
"GO:0050482","arachidonate secretion","0/114","27/18842",0,0,-0.405684552256011,1,1,1,"",0
"GO:0050650","chondroitin sulfate proteoglycan biosynthetic process","0/114","24/18842",0,0,-0.382452574606899,1,1,1,"",0
"GO:0050651","dermatan sulfate proteoglycan biosynthetic process","0/114","13/18842",0,0,-0.281395241154067,1,1,1,"",0
"GO:0050654","chondroitin sulfate proteoglycan metabolic process","0/114","32/18842",0,0,-0.441712095184957,1,1,1,"",0
"GO:0050655","dermatan sulfate proteoglycan metabolic process","0/114","17/18842",0,0,-0.321821954707169,1,1,1,"",0
"GO:0050657","nucleic acid transport","0/114","164/18842",0,0,-1.00349552146364,1,1,1,"",0
"GO:0050658","RNA transport","0/114","164/18842",0,0,-1.00349552146364,1,1,1,"",0
"GO:0050665","hydrogen peroxide biosynthetic process","0/114","13/18842",0,0,-0.281395241154067,1,1,1,"",0
"GO:0050667","homocysteine metabolic process","0/114","15/18842",0,0,-0.302283031058143,1,1,1,"",0
"GO:0050671","positive regulation of lymphocyte proliferation","0/114","120/18842",0,0,-0.857379712007657,1,1,1,"",0
"GO:0050684","regulation of mRNA processing","0/114","135/18842",0,0,-0.909753031096913,1,1,1,"",0
"GO:0050685","positive regulation of mRNA processing","0/114","18/18842",0,0,-0.331160855290318,1,1,1,"",0
"GO:0050686","negative regulation of mRNA processing","0/114","28/18842",0,0,-0.413139905591141,1,1,1,"",0
"GO:0050687","negative regulation of defense response to virus","0/114","16/18842",0,0,-0.312204863557539,1,1,1,"",0
"GO:0050688","regulation of defense response to virus","0/114","60/18842",0,0,-0.605289872062366,1,1,1,"",0
"GO:0050691","regulation of defense response to virus by host","0/114","42/18842",0,0,-0.506179346375384,1,1,1,"",0
"GO:0050709","negative regulation of protein secretion","0/114","65/18842",0,0,-0.63008954763278,1,1,1,"",0
"GO:0050729","positive regulation of inflammatory response","0/114","166/18842",0,0,-1.00964991139417,1,1,1,"",0
"GO:0050746","regulation of lipoprotein metabolic process","0/114","16/18842",0,0,-0.312204863557539,1,1,1,"",0
"GO:0050765","negative regulation of phagocytosis","0/114","19/18842",0,0,-0.340244473235715,1,1,1,"",0
"GO:0050766","positive regulation of phagocytosis","0/114","75/18842",0,0,-0.677005044645879,1,1,1,"",0
"GO:0050771","negative regulation of axonogenesis","0/114","34/18842",0,0,-0.455330613621119,1,1,1,"",0
"GO:0050775","positive regulation of dendrite morphogenesis","0/114","34/18842",0,0,-0.455330613621119,1,1,1,"",0
"GO:0050777","negative regulation of immune response","0/114","202/18842",0,0,-1.11483714598453,1,1,1,"",0
"GO:0050792","regulation of viral process","0/114","136/18842",0,0,-0.91314067675481,1,1,1,"",0
"GO:0050795","regulation of behavior","0/114","86/18842",0,0,-0.725166634587036,1,1,1,"",0
"GO:0050798","activated T cell proliferation","0/114","41/18842",0,0,-0.500103799131059,1,1,1,"",0
"GO:0050802","circadian sleep/wake cycle, sleep","0/114","20/18842",0,0,-0.349092737116259,1,1,1,"",0
"GO:0050805","negative regulation of synaptic transmission","0/114","55/18842",0,0,-0.579443809151722,1,1,1,"",0
"GO:0050806","positive regulation of synaptic transmission","0/114","152/18842",0,0,-0.965774742720847,1,1,1,"",0
"GO:0050812","regulation of acyl-CoA biosynthetic process","0/114","10/18842",0,0,-0.246780294040919,1,1,1,"",0
"GO:0050820","positive regulation of coagulation","0/114","28/18842",0,0,-0.413139905591141,1,1,1,"",0
"GO:0050829","defense response to Gram-negative bacterium","0/114","103/18842",0,0,-0.79397002532922,1,1,1,"",0
"GO:0050832","defense response to fungus","0/114","65/18842",0,0,-0.63008954763278,1,1,1,"",0
"GO:0050847","progesterone receptor signaling pathway","0/114","11/18842",0,0,-0.258832228173978,1,1,1,"",0
"GO:0050849","negative regulation of calcium-mediated signaling","0/114","19/18842",0,0,-0.340244473235715,1,1,1,"",0
"GO:0050851","antigen receptor-mediated signaling pathway","0/114","206/18842",0,0,-1.12594184411964,1,1,1,"",0
"GO:0050852","T cell receptor signaling pathway","0/114","145/18842",0,0,-0.943097811832125,1,1,1,"",0
"GO:0050853","B cell receptor signaling pathway","0/114","74/18842",0,0,-0.672458616237011,1,1,1,"",0
"GO:0050854","regulation of antigen receptor-mediated signaling pathway","0/114","74/18842",0,0,-0.672458616237011,1,1,1,"",0
"GO:0050855","regulation of B cell receptor signaling pathway","0/114","23/18842",0,0,-0.37439009208877,1,1,1,"",0
"GO:0050856","regulation of T cell receptor signaling pathway","0/114","54/18842",0,0,-0.57413669406689,1,1,1,"",0
"GO:0050857","positive regulation of antigen receptor-mediated signaling pathway","0/114","24/18842",0,0,-0.382452574606899,1,1,1,"",0
"GO:0050858","negative regulation of antigen receptor-mediated signaling pathway","0/114","45/18842",0,0,-0.523987209834246,1,1,1,"",0
"GO:0050859","negative regulation of B cell receptor signaling pathway","0/114","11/18842",0,0,-0.258832228173978,1,1,1,"",0
"GO:0050860","negative regulation of T cell receptor signaling pathway","0/114","34/18842",0,0,-0.455330613621119,1,1,1,"",0
"GO:0050862","positive regulation of T cell receptor signaling pathway","0/114","17/18842",0,0,-0.321821954707169,1,1,1,"",0
"GO:0050864","regulation of B cell activation","0/114","107/18842",0,0,-0.809326461587368,1,1,1,"",0
"GO:0050869","negative regulation of B cell activation","0/114","25/18842",0,0,-0.390349396257243,1,1,1,"",0
"GO:0050871","positive regulation of B cell activation","0/114","65/18842",0,0,-0.63008954763278,1,1,1,"",0
"GO:0050872","white fat cell differentiation","0/114","14/18842",0,0,-0.292025397077866,1,1,1,"",0
"GO:0050879","multicellular organismal movement","0/114","56/18842",0,0,-0.584703313002456,1,1,1,"",0
"GO:0050881","musculoskeletal movement","0/114","55/18842",0,0,-0.579443809151722,1,1,1,"",0
"GO:0050885","neuromuscular process controlling balance","0/114","19/18842",0,0,-0.340244473235715,1,1,1,"",0
"GO:0050890","cognition","0/114","224/18842",0,0,-1.17467086250638,1,1,1,"",0
"GO:0050892","intestinal absorption","0/114","34/18842",0,0,-0.455330613621119,1,1,1,"",0
"GO:0050901","leukocyte tethering or rolling","0/114","30/18842",0,0,-0.427663161774826,1,1,1,"",0
"GO:0050905","neuromuscular process","0/114","97/18842",0,0,-0.770374404205525,1,1,1,"",0
"GO:0050907","detection of chemical stimulus involved in sensory perception","0/114","484/18842",0,0,-1.73887633949431,1,1,1,"",0
"GO:0050908","detection of light stimulus involved in visual perception","0/114","17/18842",0,0,-0.321821954707169,1,1,1,"",0
"GO:0050910","detection of mechanical stimulus involved in sensory perception of sound","0/114","13/18842",0,0,-0.281395241154067,1,1,1,"",0
"GO:0050911","detection of chemical stimulus involved in sensory perception of smell","0/114","436/18842",0,0,-1.64824677967656,1,1,1,"",0
"GO:0050912","detection of chemical stimulus involved in sensory perception of taste","0/114","45/18842",0,0,-0.523987209834246,1,1,1,"",0
"GO:0050913","sensory perception of bitter taste","0/114","42/18842",0,0,-0.506179346375384,1,1,1,"",0
"GO:0050918","positive chemotaxis","0/114","71/18842",0,0,-0.658634035666553,1,1,1,"",0
"GO:0050926","regulation of positive chemotaxis","0/114","23/18842",0,0,-0.37439009208877,1,1,1,"",0
"GO:0050927","positive regulation of positive chemotaxis","0/114","22/18842",0,0,-0.366151005389014,1,1,1,"",0
"GO:0050930","induction of positive chemotaxis","0/114","12/18842",0,0,-0.270348623779636,1,1,1,"",0
"GO:0050931","pigment cell differentiation","0/114","24/18842",0,0,-0.382452574606899,1,1,1,"",0
"GO:0050951","sensory perception of temperature stimulus","0/114","23/18842",0,0,-0.37439009208877,1,1,1,"",0
"GO:0050961","detection of temperature stimulus involved in sensory perception","0/114","17/18842",0,0,-0.321821954707169,1,1,1,"",0
"GO:0050962","detection of light stimulus involved in sensory perception","0/114","17/18842",0,0,-0.321821954707169,1,1,1,"",0
"GO:0050965","detection of temperature stimulus involved in sensory perception of pain","0/114","16/18842",0,0,-0.312204863557539,1,1,1,"",0
"GO:0050966","detection of mechanical stimulus involved in sensory perception of pain","0/114","10/18842",0,0,-0.246780294040919,1,1,1,"",0
"GO:0050974","detection of mechanical stimulus involved in sensory perception","0/114","30/18842",0,0,-0.427663161774826,1,1,1,"",0
"GO:0050996","positive regulation of lipid catabolic process","0/114","27/18842",0,0,-0.405684552256011,1,1,1,"",0
"GO:0051013","microtubule severing","0/114","11/18842",0,0,-0.258832228173978,1,1,1,"",0
"GO:0051014","actin filament severing","0/114","17/18842",0,0,-0.321821954707169,1,1,1,"",0
"GO:0051016","barbed-end actin filament capping","0/114","26/18842",0,0,-0.398090415813405,1,1,1,"",0
"GO:0051028","mRNA transport","0/114","137/18842",0,0,-0.916516161223418,1,1,1,"",0
"GO:0051036","regulation of endosome size","0/114","11/18842",0,0,-0.258832228173978,1,1,1,"",0
"GO:0051043","regulation of membrane protein ectodomain proteolysis","0/114","25/18842",0,0,-0.390349396257243,1,1,1,"",0
"GO:0051044","positive regulation of membrane protein ectodomain proteolysis","0/114","15/18842",0,0,-0.302283031058143,1,1,1,"",0
"GO:0051053","negative regulation of DNA metabolic process","0/114","133/18842",0,0,-0.902940707972504,1,1,1,"",0
"GO:0051055","negative regulation of lipid biosynthetic process","0/114","67/18842",0,0,-0.639743863273894,1,1,1,"",0
"GO:0051058","negative regulation of small GTPase mediated signal transduction","0/114","62/18842",0,0,-0.615328103625092,1,1,1,"",0
"GO:0051081","nuclear membrane disassembly","0/114","12/18842",0,0,-0.270348623779636,1,1,1,"",0
"GO:0051098","regulation of binding","0/114","85/18842",0,0,-0.72091900356193,1,1,1,"",0
"GO:0051099","positive regulation of binding","0/114","41/18842",0,0,-0.500103799131059,1,1,1,"",0
"GO:0051100","negative regulation of binding","0/114","36/18842",0,0,-0.468556249314519,1,1,1,"",0
"GO:0051101","regulation of DNA binding","0/114","39/18842",0,0,-0.48772771009869,1,1,1,"",0
"GO:0051123","RNA polymerase II preinitiation complex assembly","0/114","69/18842",0,0,-0.64925664824146,1,1,1,"",0
"GO:0051124","synaptic assembly at neuromuscular junction","0/114","11/18842",0,0,-0.258832228173978,1,1,1,"",0
"GO:0051125","regulation of actin nucleation","0/114","37/18842",0,0,-0.475032029412254,1,1,1,"",0
"GO:0051127","positive regulation of actin nucleation","0/114","11/18842",0,0,-0.258832228173978,1,1,1,"",0
"GO:0051131","chaperone-mediated protein complex assembly","0/114","24/18842",0,0,-0.382452574606899,1,1,1,"",0
"GO:0051132","NK T cell activation","0/114","24/18842",0,0,-0.382452574606899,1,1,1,"",0
"GO:0051133","regulation of NK T cell activation","0/114","12/18842",0,0,-0.270348623779636,1,1,1,"",0
"GO:0051145","smooth muscle cell differentiation","0/114","57/18842",0,0,-0.58991647916762,1,1,1,"",0
"GO:0051150","regulation of smooth muscle cell differentiation","0/114","40/18842",0,0,-0.493954187592607,1,1,1,"",0
"GO:0051151","negative regulation of smooth muscle cell differentiation","0/114","19/18842",0,0,-0.340244473235715,1,1,1,"",0
"GO:0051152","positive regulation of smooth muscle cell differentiation","0/114","21/18842",0,0,-0.357723111916923,1,1,1,"",0
"GO:0051156","glucose 6-phosphate metabolic process","0/114","28/18842",0,0,-0.413139905591141,1,1,1,"",0
"GO:0051177","meiotic sister chromatid cohesion","0/114","18/18842",0,0,-0.331160855290318,1,1,1,"",0
"GO:0051204","protein insertion into mitochondrial membrane","0/114","31/18842",0,0,-0.434744008401426,1,1,1,"",0
"GO:0051205","protein insertion into membrane","0/114","72/18842",0,0,-0.663273753353091,1,1,1,"",0
"GO:0051209","release of sequestered calcium ion into cytosol","0/114","116/18842",0,0,-0.842878905876654,1,1,1,"",0
"GO:0051225","spindle assembly","0/114","127/18842",0,0,-0.882197138696748,1,1,1,"",0
"GO:0051231","spindle elongation","0/114","13/18842",0,0,-0.281395241154067,1,1,1,"",0
"GO:0051235","maintenance of location","0/114","56/18842",0,0,-0.584703313002456,1,1,1,"",0
"GO:0051236","establishment of RNA localization","0/114","167/18842",0,0,-1.01271357240029,1,1,1,"",0
"GO:0051255","spindle midzone assembly","0/114","13/18842",0,0,-0.281395241154067,1,1,1,"",0
"GO:0051256","mitotic spindle midzone assembly","0/114","11/18842",0,0,-0.258832228173978,1,1,1,"",0
"GO:0051259","protein complex oligomerization","0/114","280/18842",0,0,-1.31530154911553,1,1,1,"",0
"GO:0051260","protein homooligomerization","0/114","212/18842",0,0,-1.14240528382457,1,1,1,"",0
"GO:0051262","protein tetramerization","0/114","102/18842",0,0,-0.790085320276098,1,1,1,"",0
"GO:0051279","regulation of release of sequestered calcium ion into cytosol","0/114","70/18842",0,0,-0.653961900602345,1,1,1,"",0
"GO:0051281","positive regulation of release of sequestered calcium ion into cytosol","0/114","30/18842",0,0,-0.427663161774826,1,1,1,"",0
"GO:0051289","protein homotetramerization","0/114","68/18842",0,0,-0.644517553192246,1,1,1,"",0
"GO:0051290","protein heterotetramerization","0/114","16/18842",0,0,-0.312204863557539,1,1,1,"",0
"GO:0051291","protein heterooligomerization","0/114","26/18842",0,0,-0.398090415813405,1,1,1,"",0
"GO:0051292","nuclear pore complex assembly","0/114","10/18842",0,0,-0.246780294040919,1,1,1,"",0
"GO:0051293","establishment of spindle localization","0/114","55/18842",0,0,-0.579443809151722,1,1,1,"",0
"GO:0051294","establishment of spindle orientation","0/114","38/18842",0,0,-0.481421384106586,1,1,1,"",0
"GO:0051298","centrosome duplication","0/114","81/18842",0,0,-0.703676775873013,1,1,1,"",0
"GO:0051299","centrosome separation","0/114","15/18842",0,0,-0.302283031058143,1,1,1,"",0
"GO:0051304","chromosome separation","0/114","88/18842",0,0,-0.733589455705578,1,1,1,"",0
"GO:0051306","mitotic sister chromatid separation","0/114","71/18842",0,0,-0.658634035666553,1,1,1,"",0
"GO:0051307","meiotic chromosome separation","0/114","10/18842",0,0,-0.246780294040919,1,1,1,"",0
"GO:0051310","metaphase chromosome alignment","0/114","109/18842",0,0,-0.81689884594105,1,1,1,"",0
"GO:0051315","attachment of mitotic spindle microtubules to kinetochore","0/114","26/18842",0,0,-0.398090415813405,1,1,1,"",0
"GO:0051341","regulation of oxidoreductase activity","0/114","13/18842",0,0,-0.281395241154067,1,1,1,"",0
"GO:0051349","positive regulation of lyase activity","0/114","23/18842",0,0,-0.37439009208877,1,1,1,"",0
"GO:0051382","kinetochore assembly","0/114","33/18842",0,0,-0.448572677074785,1,1,1,"",0
"GO:0051383","kinetochore organization","0/114","34/18842",0,0,-0.455330613621119,1,1,1,"",0
"GO:0051412","response to corticosterone","0/114","15/18842",0,0,-0.302283031058143,1,1,1,"",0
"GO:0051438","regulation of ubiquitin-protein transferase activity","0/114","19/18842",0,0,-0.340244473235715,1,1,1,"",0
"GO:0051443","positive regulation of ubiquitin-protein transferase activity","0/114","12/18842",0,0,-0.270348623779636,1,1,1,"",0
"GO:0051445","regulation of meiotic cell cycle","0/114","57/18842",0,0,-0.58991647916762,1,1,1,"",0
"GO:0051446","positive regulation of meiotic cell cycle","0/114","17/18842",0,0,-0.321821954707169,1,1,1,"",0
"GO:0051447","negative regulation of meiotic cell cycle","0/114","18/18842",0,0,-0.331160855290318,1,1,1,"",0
"GO:0051450","myoblast proliferation","0/114","24/18842",0,0,-0.382452574606899,1,1,1,"",0
"GO:0051452","intracellular pH reduction","0/114","55/18842",0,0,-0.579443809151722,1,1,1,"",0
"GO:0051457","maintenance of protein location in nucleus","0/114","21/18842",0,0,-0.357723111916923,1,1,1,"",0
"GO:0051469","vesicle fusion with vacuole","0/114","11/18842",0,0,-0.258832228173978,1,1,1,"",0
"GO:0051480","regulation of cytosolic calcium ion concentration","0/114","56/18842",0,0,-0.584703313002456,1,1,1,"",0
"GO:0051481","negative regulation of cytosolic calcium ion concentration","0/114","16/18842",0,0,-0.312204863557539,1,1,1,"",0
"GO:0051491","positive regulation of filopodium assembly","0/114","27/18842",0,0,-0.405684552256011,1,1,1,"",0
"GO:0051492","regulation of stress fiber assembly","0/114","87/18842",0,0,-0.729389978789527,1,1,1,"",0
"GO:0051496","positive regulation of stress fiber assembly","0/114","50/18842",0,0,-0.55240449061185,1,1,1,"",0
"GO:0051497","negative regulation of stress fiber assembly","0/114","30/18842",0,0,-0.427663161774826,1,1,1,"",0
"GO:0051503","adenine nucleotide transport","0/114","39/18842",0,0,-0.48772771009869,1,1,1,"",0
"GO:0051546","keratinocyte migration","0/114","18/18842",0,0,-0.331160855290318,1,1,1,"",0
"GO:0051547","regulation of keratinocyte migration","0/114","14/18842",0,0,-0.292025397077866,1,1,1,"",0
"GO:0051549","positive regulation of keratinocyte migration","0/114","12/18842",0,0,-0.270348623779636,1,1,1,"",0
"GO:0051552","flavone metabolic process","0/114","10/18842",0,0,-0.246780294040919,1,1,1,"",0
"GO:0051560","mitochondrial calcium ion homeostasis","0/114","22/18842",0,0,-0.366151005389014,1,1,1,"",0
"GO:0051580","regulation of neurotransmitter uptake","0/114","19/18842",0,0,-0.340244473235715,1,1,1,"",0
"GO:0051583","dopamine uptake involved in synaptic transmission","0/114","10/18842",0,0,-0.246780294040919,1,1,1,"",0
"GO:0051588","regulation of neurotransmitter transport","0/114","98/18842",0,0,-0.774355879439089,1,1,1,"",0
"GO:0051590","positive regulation of neurotransmitter transport","0/114","25/18842",0,0,-0.390349396257243,1,1,1,"",0
"GO:0051602","response to electrical stimulus","0/114","32/18842",0,0,-0.441712095184957,1,1,1,"",0
"GO:0051607","defense response to virus","0/114","305/18842",0,0,-1.3736904999921,1,1,1,"",0
"GO:0051610","serotonin uptake","0/114","13/18842",0,0,-0.281395241154067,1,1,1,"",0
"GO:0051639","actin filament network formation","0/114","13/18842",0,0,-0.281395241154067,1,1,1,"",0
"GO:0051642","centrosome localization","0/114","23/18842",0,0,-0.37439009208877,1,1,1,"",0
"GO:0051645","Golgi localization","0/114","12/18842",0,0,-0.270348623779636,1,1,1,"",0
"GO:0051646","mitochondrion localization","0/114","50/18842",0,0,-0.55240449061185,1,1,1,"",0
"GO:0051647","nucleus localization","0/114","27/18842",0,0,-0.405684552256011,1,1,1,"",0
"GO:0051648","vesicle localization","0/114","210/18842",0,0,-1.13694278425587,1,1,1,"",0
"GO:0051650","establishment of vesicle localization","0/114","192/18842",0,0,-1.08660048961501,1,1,1,"",0
"GO:0051651","maintenance of location in cell","0/114","56/18842",0,0,-0.584703313002456,1,1,1,"",0
"GO:0051653","spindle localization","0/114","57/18842",0,0,-0.58991647916762,1,1,1,"",0
"GO:0051654","establishment of mitochondrion localization","0/114","30/18842",0,0,-0.427663161774826,1,1,1,"",0
"GO:0051656","establishment of organelle localization","0/114","372/18842",0,0,-1.51983598250748,1,1,1,"",0
"GO:0051701","biological process involved in interaction with host","0/114","168/18842",0,0,-1.0157683197699,1,1,1,"",0
"GO:0051703","biological process involved in intraspecies interaction between organisms","0/114","41/18842",0,0,-0.500103799131059,1,1,1,"",0
"GO:0051764","actin crosslink formation","0/114","14/18842",0,0,-0.292025397077866,1,1,1,"",0
"GO:0051775","response to redox state","0/114","11/18842",0,0,-0.258832228173978,1,1,1,"",0
"GO:0051781","positive regulation of cell division","0/114","98/18842",0,0,-0.774355879439089,1,1,1,"",0
"GO:0051782","negative regulation of cell division","0/114","13/18842",0,0,-0.281395241154067,1,1,1,"",0
"GO:0051784","negative regulation of nuclear division","0/114","70/18842",0,0,-0.653961900602345,1,1,1,"",0
"GO:0051788","response to misfolded protein","0/114","19/18842",0,0,-0.340244473235715,1,1,1,"",0
"GO:0051791","medium-chain fatty acid metabolic process","0/114","15/18842",0,0,-0.302283031058143,1,1,1,"",0
"GO:0051797","regulation of hair follicle development","0/114","13/18842",0,0,-0.281395241154067,1,1,1,"",0
"GO:0051798","positive regulation of hair follicle development","0/114","10/18842",0,0,-0.246780294040919,1,1,1,"",0
"GO:0051851","host-mediated perturbation of symbiont process","0/114","108/18842",0,0,-0.813121266662072,1,1,1,"",0
"GO:0051875","pigment granule localization","0/114","23/18842",0,0,-0.37439009208877,1,1,1,"",0
"GO:0051881","regulation of mitochondrial membrane potential","0/114","60/18842",0,0,-0.605289872062366,1,1,1,"",0
"GO:0051882","mitochondrial depolarization","0/114","20/18842",0,0,-0.349092737116259,1,1,1,"",0
"GO:0051894","positive regulation of focal adhesion assembly","0/114","25/18842",0,0,-0.390349396257243,1,1,1,"",0
"GO:0051900","regulation of mitochondrial depolarization","0/114","17/18842",0,0,-0.321821954707169,1,1,1,"",0
"GO:0051904","pigment granule transport","0/114","19/18842",0,0,-0.340244473235715,1,1,1,"",0
"GO:0051905","establishment of pigment granule localization","0/114","20/18842",0,0,-0.349092737116259,1,1,1,"",0
"GO:0051917","regulation of fibrinolysis","0/114","17/18842",0,0,-0.321821954707169,1,1,1,"",0
"GO:0051918","negative regulation of fibrinolysis","0/114","12/18842",0,0,-0.270348623779636,1,1,1,"",0
"GO:0051923","sulfation","0/114","17/18842",0,0,-0.321821954707169,1,1,1,"",0
"GO:0051924","regulation of calcium ion transport","0/114","211/18842",0,0,-1.13967716018404,1,1,1,"",0
"GO:0051926","negative regulation of calcium ion transport","0/114","53/18842",0,0,-0.568780634921216,1,1,1,"",0
"GO:0051928","positive regulation of calcium ion transport","0/114","93/18842",0,0,-0.754242707530657,1,1,1,"",0
"GO:0051932","synaptic transmission, GABAergic","0/114","54/18842",0,0,-0.57413669406689,1,1,1,"",0
"GO:0051937","catecholamine transport","0/114","53/18842",0,0,-0.568780634921216,1,1,1,"",0
"GO:0051938","L-glutamate import","0/114","34/18842",0,0,-0.455330613621119,1,1,1,"",0
"GO:0051952","regulation of amine transport","0/114","67/18842",0,0,-0.639743863273894,1,1,1,"",0
"GO:0051953","negative regulation of amine transport","0/114","22/18842",0,0,-0.366151005389014,1,1,1,"",0
"GO:0051954","positive regulation of amine transport","0/114","32/18842",0,0,-0.441712095184957,1,1,1,"",0
"GO:0051955","regulation of amino acid transport","0/114","33/18842",0,0,-0.448572677074785,1,1,1,"",0
"GO:0051956","negative regulation of amino acid transport","0/114","12/18842",0,0,-0.270348623779636,1,1,1,"",0
"GO:0051957","positive regulation of amino acid transport","0/114","19/18842",0,0,-0.340244473235715,1,1,1,"",0
"GO:0051963","regulation of synapse assembly","0/114","166/18842",0,0,-1.00964991139417,1,1,1,"",0
"GO:0051964","negative regulation of synapse assembly","0/114","10/18842",0,0,-0.246780294040919,1,1,1,"",0
"GO:0051965","positive regulation of synapse assembly","0/114","53/18842",0,0,-0.568780634921216,1,1,1,"",0
"GO:0051966","regulation of synaptic transmission, glutamatergic","0/114","69/18842",0,0,-0.64925664824146,1,1,1,"",0
"GO:0051968","positive regulation of synaptic transmission, glutamatergic","0/114","30/18842",0,0,-0.427663161774826,1,1,1,"",0
"GO:0051969","regulation of transmission of nerve impulse","0/114","20/18842",0,0,-0.349092737116259,1,1,1,"",0
"GO:0051983","regulation of chromosome segregation","0/114","140/18842",0,0,-0.926570974762814,1,1,1,"",0
"GO:0051984","positive regulation of chromosome segregation","0/114","28/18842",0,0,-0.413139905591141,1,1,1,"",0
"GO:0051985","negative regulation of chromosome segregation","0/114","61/18842",0,0,-0.610329358594873,1,1,1,"",0
"GO:0051987","positive regulation of attachment of spindle microtubules to kinetochore","0/114","11/18842",0,0,-0.258832228173978,1,1,1,"",0
"GO:0051988","regulation of attachment of spindle microtubules to kinetochore","0/114","23/18842",0,0,-0.37439009208877,1,1,1,"",0
"GO:0052372","modulation by symbiont of entry into host","0/114","25/18842",0,0,-0.390349396257243,1,1,1,"",0
"GO:0052646","alditol phosphate metabolic process","0/114","10/18842",0,0,-0.246780294040919,1,1,1,"",0
"GO:0052652","cyclic purine nucleotide metabolic process","0/114","46/18842",0,0,-0.529791392159388,1,1,1,"",0
"GO:0052803","imidazole-containing compound metabolic process","0/114","12/18842",0,0,-0.270348623779636,1,1,1,"",0
"GO:0055003","cardiac myofibril assembly","0/114","16/18842",0,0,-0.312204863557539,1,1,1,"",0
"GO:0055008","cardiac muscle tissue morphogenesis","0/114","48/18842",0,0,-0.541214853935104,1,1,1,"",0
"GO:0055010","ventricular cardiac muscle tissue morphogenesis","0/114","38/18842",0,0,-0.481421384106586,1,1,1,"",0
"GO:0055012","ventricular cardiac muscle cell differentiation","0/114","10/18842",0,0,-0.246780294040919,1,1,1,"",0
"GO:0055057","neuroblast division","0/114","12/18842",0,0,-0.270348623779636,1,1,1,"",0
"GO:0055062","phosphate ion homeostasis","0/114","17/18842",0,0,-0.321821954707169,1,1,1,"",0
"GO:0055070","copper ion homeostasis","0/114","17/18842",0,0,-0.321821954707169,1,1,1,"",0
"GO:0055075","potassium ion homeostasis","0/114","30/18842",0,0,-0.427663161774826,1,1,1,"",0
"GO:0055089","fatty acid homeostasis","0/114","16/18842",0,0,-0.312204863557539,1,1,1,"",0
"GO:0055093","response to hyperoxia","0/114","18/18842",0,0,-0.331160855290318,1,1,1,"",0
"GO:0055094","response to lipoprotein particle","0/114","37/18842",0,0,-0.475032029412254,1,1,1,"",0
"GO:0055119","relaxation of cardiac muscle","0/114","18/18842",0,0,-0.331160855290318,1,1,1,"",0
"GO:0060004","reflex","0/114","13/18842",0,0,-0.281395241154067,1,1,1,"",0
"GO:0060008","Sertoli cell differentiation","0/114","12/18842",0,0,-0.270348623779636,1,1,1,"",0
"GO:0060021","roof of mouth development","0/114","38/18842",0,0,-0.481421384106586,1,1,1,"",0
"GO:0060033","anatomical structure regression","0/114","10/18842",0,0,-0.246780294040919,1,1,1,"",0
"GO:0060039","pericardium development","0/114","10/18842",0,0,-0.246780294040919,1,1,1,"",0
"GO:0060045","positive regulation of cardiac muscle cell proliferation","0/114","25/18842",0,0,-0.390349396257243,1,1,1,"",0
"GO:0060046","regulation of acrosome reaction","0/114","12/18842",0,0,-0.270348623779636,1,1,1,"",0
"GO:0060071","Wnt signaling pathway, planar cell polarity pathway","0/114","38/18842",0,0,-0.481421384106586,1,1,1,"",0
"GO:0060078","regulation of postsynaptic membrane potential","0/114","141/18842",0,0,-0.929899129859114,1,1,1,"",0
"GO:0060079","excitatory postsynaptic potential","0/114","101/18842",0,0,-0.786181837877346,1,1,1,"",0
"GO:0060080","inhibitory postsynaptic potential","0/114","19/18842",0,0,-0.340244473235715,1,1,1,"",0
"GO:0060099","regulation of phagocytosis, engulfment","0/114","14/18842",0,0,-0.292025397077866,1,1,1,"",0
"GO:0060100","positive regulation of phagocytosis, engulfment","0/114","12/18842",0,0,-0.270348623779636,1,1,1,"",0
"GO:0060123","regulation of growth hormone secretion","0/114","10/18842",0,0,-0.246780294040919,1,1,1,"",0
"GO:0060142","regulation of syncytium formation by plasma membrane fusion","0/114","65/18842",0,0,-0.63008954763278,1,1,1,"",0
"GO:0060143","positive regulation of syncytium formation by plasma membrane fusion","0/114","15/18842",0,0,-0.302283031058143,1,1,1,"",0
"GO:0060147","regulation of post-transcriptional gene silencing","0/114","33/18842",0,0,-0.448572677074785,1,1,1,"",0
"GO:0060148","positive regulation of post-transcriptional gene silencing","0/114","11/18842",0,0,-0.258832228173978,1,1,1,"",0
"GO:0060149","negative regulation of post-transcriptional gene silencing","0/114","16/18842",0,0,-0.312204863557539,1,1,1,"",0
"GO:0060155","platelet dense granule organization","0/114","27/18842",0,0,-0.405684552256011,1,1,1,"",0
"GO:0060159","regulation of dopamine receptor signaling pathway","0/114","10/18842",0,0,-0.246780294040919,1,1,1,"",0
"GO:0060211","regulation of nuclear-transcribed mRNA poly(A) tail shortening","0/114","15/18842",0,0,-0.302283031058143,1,1,1,"",0
"GO:0060213","positive regulation of nuclear-transcribed mRNA poly(A) tail shortening","0/114","13/18842",0,0,-0.281395241154067,1,1,1,"",0
"GO:0060216","definitive hemopoiesis","0/114","10/18842",0,0,-0.246780294040919,1,1,1,"",0
"GO:0060218","hematopoietic stem cell differentiation","0/114","26/18842",0,0,-0.398090415813405,1,1,1,"",0
"GO:0060221","retinal rod cell differentiation","0/114","10/18842",0,0,-0.246780294040919,1,1,1,"",0
"GO:0060231","mesenchymal to epithelial transition","0/114","16/18842",0,0,-0.312204863557539,1,1,1,"",0
"GO:0060236","regulation of mitotic spindle organization","0/114","44/18842",0,0,-0.518118638610383,1,1,1,"",0
"GO:0060245","detection of cell density","0/114","10/18842",0,0,-0.246780294040919,1,1,1,"",0
"GO:0060251","regulation of glial cell proliferation","0/114","29/18842",0,0,-0.420463858404088,1,1,1,"",0
"GO:0060252","positive regulation of glial cell proliferation","0/114","15/18842",0,0,-0.302283031058143,1,1,1,"",0
"GO:0060253","negative regulation of glial cell proliferation","0/114","13/18842",0,0,-0.281395241154067,1,1,1,"",0
"GO:0060259","regulation of feeding behavior","0/114","38/18842",0,0,-0.481421384106586,1,1,1,"",0
"GO:0060260","regulation of transcription initiation by RNA polymerase II","0/114","79/18842",0,0,-0.69489807158746,1,1,1,"",0
"GO:0060261","positive regulation of transcription initiation by RNA polymerase II","0/114","62/18842",0,0,-0.615328103625092,1,1,1,"",0
"GO:0060263","regulation of respiratory burst","0/114","17/18842",0,0,-0.321821954707169,1,1,1,"",0
"GO:0060271","cilium assembly","0/114","390/18842",0,0,-1.55693069421299,1,1,1,"",0
"GO:0060285","cilium-dependent cell motility","0/114","237/18842",0,0,-1.20869864691526,1,1,1,"",0
"GO:0060287","epithelial cilium movement involved in determination of left/right asymmetry","0/114","10/18842",0,0,-0.246780294040919,1,1,1,"",0
"GO:0060291","long-term synaptic potentiation","0/114","93/18842",0,0,-0.754242707530657,1,1,1,"",0
"GO:0060292","long-term synaptic depression","0/114","27/18842",0,0,-0.405684552256011,1,1,1,"",0
"GO:0060294","cilium movement involved in cell motility","0/114","235/18842",0,0,-1.20352316108469,1,1,1,"",0
"GO:0060295","regulation of cilium movement involved in cell motility","0/114","31/18842",0,0,-0.434744008401426,1,1,1,"",0
"GO:0060307","regulation of ventricular cardiac muscle cell membrane repolarization","0/114","23/18842",0,0,-0.37439009208877,1,1,1,"",0
"GO:0060312","regulation of blood vessel remodeling","0/114","12/18842",0,0,-0.270348623779636,1,1,1,"",0
"GO:0060317","cardiac epithelial to mesenchymal transition","0/114","29/18842",0,0,-0.420463858404088,1,1,1,"",0
"GO:0060323","head morphogenesis","0/114","21/18842",0,0,-0.357723111916923,1,1,1,"",0
"GO:0060324","face development","0/114","24/18842",0,0,-0.382452574606899,1,1,1,"",0
"GO:0060325","face morphogenesis","0/114","19/18842",0,0,-0.340244473235715,1,1,1,"",0
"GO:0060330","regulation of response to type II interferon","0/114","13/18842",0,0,-0.281395241154067,1,1,1,"",0
"GO:0060333","type II interferon-mediated signaling pathway","0/114","26/18842",0,0,-0.398090415813405,1,1,1,"",0
"GO:0060334","regulation of type II interferon-mediated signaling pathway","0/114","13/18842",0,0,-0.281395241154067,1,1,1,"",0
"GO:0060337","type I interferon-mediated signaling pathway","0/114","80/18842",0,0,-0.699300965396333,1,1,1,"",0
"GO:0060338","regulation of type I interferon-mediated signaling pathway","0/114","41/18842",0,0,-0.500103799131059,1,1,1,"",0
"GO:0060339","negative regulation of type I interferon-mediated signaling pathway","0/114","21/18842",0,0,-0.357723111916923,1,1,1,"",0
"GO:0060340","positive regulation of type I interferon-mediated signaling pathway","0/114","18/18842",0,0,-0.331160855290318,1,1,1,"",0
"GO:0060343","trabecula formation","0/114","11/18842",0,0,-0.258832228173978,1,1,1,"",0
"GO:0060351","cartilage development involved in endochondral bone morphogenesis","0/114","13/18842",0,0,-0.281395241154067,1,1,1,"",0
"GO:0060352","cell adhesion molecule production","0/114","21/18842",0,0,-0.357723111916923,1,1,1,"",0
"GO:0060353","regulation of cell adhesion molecule production","0/114","18/18842",0,0,-0.331160855290318,1,1,1,"",0
"GO:0060354","negative regulation of cell adhesion molecule production","0/114","13/18842",0,0,-0.281395241154067,1,1,1,"",0
"GO:0060368","regulation of Fc receptor mediated stimulatory signaling pathway","0/114","10/18842",0,0,-0.246780294040919,1,1,1,"",0
"GO:0060379","cardiac muscle cell myoblast differentiation","0/114","10/18842",0,0,-0.246780294040919,1,1,1,"",0
"GO:0060382","regulation of DNA strand elongation","0/114","17/18842",0,0,-0.321821954707169,1,1,1,"",0
"GO:0060390","regulation of SMAD protein signal transduction","0/114","81/18842",0,0,-0.703676775873013,1,1,1,"",0
"GO:0060391","positive regulation of SMAD protein signal transduction","0/114","42/18842",0,0,-0.506179346375384,1,1,1,"",0
"GO:0060392","negative regulation of SMAD protein signal transduction","0/114","41/18842",0,0,-0.500103799131059,1,1,1,"",0
"GO:0060395","SMAD protein signal transduction","0/114","96/18842",0,0,-0.766372672699586,1,1,1,"",0
"GO:0060397","growth hormone receptor signaling pathway via JAK-STAT","0/114","11/18842",0,0,-0.258832228173978,1,1,1,"",0
"GO:0060402","calcium ion transport into cytosol","0/114","28/18842",0,0,-0.413139905591141,1,1,1,"",0
"GO:0060411","cardiac septum morphogenesis","0/114","53/18842",0,0,-0.568780634921216,1,1,1,"",0
"GO:0060412","ventricular septum morphogenesis","0/114","34/18842",0,0,-0.455330613621119,1,1,1,"",0
"GO:0060413","atrial septum morphogenesis","0/114","11/18842",0,0,-0.258832228173978,1,1,1,"",0
"GO:0060415","muscle tissue morphogenesis","0/114","57/18842",0,0,-0.58991647916762,1,1,1,"",0
"GO:0060425","lung morphogenesis","0/114","16/18842",0,0,-0.312204863557539,1,1,1,"",0
"GO:0060428","lung epithelium development","0/114","19/18842",0,0,-0.340244473235715,1,1,1,"",0
"GO:0060456","positive regulation of digestive system process","0/114","14/18842",0,0,-0.292025397077866,1,1,1,"",0
"GO:0060457","negative regulation of digestive system process","0/114","14/18842",0,0,-0.292025397077866,1,1,1,"",0
"GO:0060538","skeletal muscle organ development","0/114","103/18842",0,0,-0.79397002532922,1,1,1,"",0
"GO:0060544","regulation of necroptotic process","0/114","37/18842",0,0,-0.475032029412254,1,1,1,"",0
"GO:0060546","negative regulation of necroptotic process","0/114","20/18842",0,0,-0.349092737116259,1,1,1,"",0
"GO:0060563","neuroepithelial cell differentiation","0/114","24/18842",0,0,-0.382452574606899,1,1,1,"",0
"GO:0060586","multicellular organismal-level iron ion homeostasis","0/114","16/18842",0,0,-0.312204863557539,1,1,1,"",0
"GO:0060606","tube closure","0/114","33/18842",0,0,-0.448572677074785,1,1,1,"",0
"GO:0060612","adipose tissue development","0/114","51/18842",0,0,-0.557916032797441,1,1,1,"",0
"GO:0060623","regulation of chromosome condensation","0/114","10/18842",0,0,-0.246780294040919,1,1,1,"",0
"GO:0060628","regulation of ER to Golgi vesicle-mediated transport","0/114","20/18842",0,0,-0.349092737116259,1,1,1,"",0
"GO:0060632","regulation of microtubule-based movement","0/114","62/18842",0,0,-0.615328103625092,1,1,1,"",0
"GO:0060633","negative regulation of transcription initiation by RNA polymerase II","0/114","14/18842",0,0,-0.292025397077866,1,1,1,"",0
"GO:0060674","placenta blood vessel development","0/114","10/18842",0,0,-0.246780294040919,1,1,1,"",0
"GO:0060675","ureteric bud morphogenesis","0/114","42/18842",0,0,-0.506179346375384,1,1,1,"",0
"GO:0060711","labyrinthine layer development","0/114","10/18842",0,0,-0.246780294040919,1,1,1,"",0
"GO:0060732","positive regulation of inositol phosphate biosynthetic process","0/114","11/18842",0,0,-0.258832228173978,1,1,1,"",0
"GO:0060765","regulation of androgen receptor signaling pathway","0/114","31/18842",0,0,-0.434744008401426,1,1,1,"",0
"GO:0060766","negative regulation of androgen receptor signaling pathway","0/114","16/18842",0,0,-0.312204863557539,1,1,1,"",0
"GO:0060816","random inactivation of X chromosome","0/114","10/18842",0,0,-0.246780294040919,1,1,1,"",0
"GO:0060841","venous blood vessel development","0/114","12/18842",0,0,-0.270348623779636,1,1,1,"",0
"GO:0060911","cardiac cell fate commitment","0/114","10/18842",0,0,-0.246780294040919,1,1,1,"",0
"GO:0060914","heart formation","0/114","23/18842",0,0,-0.37439009208877,1,1,1,"",0
"GO:0060964","regulation of miRNA-mediated gene silencing","0/114","32/18842",0,0,-0.441712095184957,1,1,1,"",0
"GO:0060965","negative regulation of miRNA-mediated gene silencing","0/114","16/18842",0,0,-0.312204863557539,1,1,1,"",0
"GO:0060966","regulation of gene silencing by regulatory ncRNA","0/114","37/18842",0,0,-0.475032029412254,1,1,1,"",0
"GO:0060967","negative regulation of gene silencing by regulatory ncRNA","0/114","19/18842",0,0,-0.340244473235715,1,1,1,"",0
"GO:0060976","coronary vasculature development","0/114","23/18842",0,0,-0.37439009208877,1,1,1,"",0
"GO:0060977","coronary vasculature morphogenesis","0/114","12/18842",0,0,-0.270348623779636,1,1,1,"",0
"GO:0060996","dendritic spine development","0/114","86/18842",0,0,-0.725166634587036,1,1,1,"",0
"GO:0060997","dendritic spine morphogenesis","0/114","59/18842",0,0,-0.600208617717198,1,1,1,"",0
"GO:0060998","regulation of dendritic spine development","0/114","52/18842",0,0,-0.563374235674815,1,1,1,"",0
"GO:0060999","positive regulation of dendritic spine development","0/114","38/18842",0,0,-0.481421384106586,1,1,1,"",0
"GO:0061000","negative regulation of dendritic spine development","0/114","10/18842",0,0,-0.246780294040919,1,1,1,"",0
"GO:0061001","regulation of dendritic spine morphogenesis","0/114","45/18842",0,0,-0.523987209834246,1,1,1,"",0
"GO:0061003","positive regulation of dendritic spine morphogenesis","0/114","19/18842",0,0,-0.340244473235715,1,1,1,"",0
"GO:0061036","positive regulation of cartilage development","0/114","26/18842",0,0,-0.398090415813405,1,1,1,"",0
"GO:0061052","negative regulation of cell growth involved in cardiac muscle cell development","0/114","13/18842",0,0,-0.281395241154067,1,1,1,"",0
"GO:0061081","positive regulation of myeloid leukocyte cytokine production involved in immune response","0/114","19/18842",0,0,-0.340244473235715,1,1,1,"",0
"GO:0061082","myeloid leukocyte cytokine production","0/114","24/18842",0,0,-0.382452574606899,1,1,1,"",0
"GO:0061154","endothelial tube morphogenesis","0/114","18/18842",0,0,-0.331160855290318,1,1,1,"",0
"GO:0061158","3'-UTR-mediated mRNA destabilization","0/114","23/18842",0,0,-0.37439009208877,1,1,1,"",0
"GO:0061162","establishment of monopolar cell polarity","0/114","14/18842",0,0,-0.292025397077866,1,1,1,"",0
"GO:0061178","regulation of insulin secretion involved in cellular response to glucose stimulus","0/114","56/18842",0,0,-0.584703313002456,1,1,1,"",0
"GO:0061180","mammary gland epithelium development","0/114","26/18842",0,0,-0.398090415813405,1,1,1,"",0
"GO:0061298","retina vasculature development in camera-type eye","0/114","10/18842",0,0,-0.246780294040919,1,1,1,"",0
"GO:0061303","cornea development in camera-type eye","0/114","10/18842",0,0,-0.246780294040919,1,1,1,"",0
"GO:0061339","establishment or maintenance of monopolar cell polarity","0/114","15/18842",0,0,-0.302283031058143,1,1,1,"",0
"GO:0061351","neural precursor cell proliferation","0/114","100/18842",0,0,-0.782259296968349,1,1,1,"",0
"GO:0061370","testosterone biosynthetic process","0/114","11/18842",0,0,-0.258832228173978,1,1,1,"",0
"GO:0061383","trabecula morphogenesis","0/114","28/18842",0,0,-0.413139905591141,1,1,1,"",0
"GO:0061384","heart trabecula morphogenesis","0/114","24/18842",0,0,-0.382452574606899,1,1,1,"",0
"GO:0061450","trophoblast cell migration","0/114","23/18842",0,0,-0.37439009208877,1,1,1,"",0
"GO:0061458","reproductive system development","0/114","168/18842",0,0,-1.0157683197699,1,1,1,"",0
"GO:0061462","protein localization to lysosome","0/114","50/18842",0,0,-0.55240449061185,1,1,1,"",0
"GO:0061511","centriole elongation","0/114","11/18842",0,0,-0.258832228173978,1,1,1,"",0
"GO:0061512","protein localization to cilium","0/114","89/18842",0,0,-0.737765472975354,1,1,1,"",0
"GO:0061517","macrophage proliferation","0/114","11/18842",0,0,-0.258832228173978,1,1,1,"",0
"GO:0061548","ganglion development","0/114","15/18842",0,0,-0.302283031058143,1,1,1,"",0
"GO:0061577","calcium ion transmembrane transport via high voltage-gated calcium channel","0/114","20/18842",0,0,-0.349092737116259,1,1,1,"",0
"GO:0061615","glycolytic process through fructose-6-phosphate","0/114","24/18842",0,0,-0.382452574606899,1,1,1,"",0
"GO:0061620","glycolytic process through glucose-6-phosphate","0/114","21/18842",0,0,-0.357723111916923,1,1,1,"",0
"GO:0061621","canonical glycolysis","0/114","20/18842",0,0,-0.349092737116259,1,1,1,"",0
"GO:0061635","regulation of protein complex stability","0/114","13/18842",0,0,-0.281395241154067,1,1,1,"",0
"GO:0061640","cytoskeleton-dependent cytokinesis","0/114","130/18842",0,0,-0.892627519401486,1,1,1,"",0
"GO:0061644","protein localization to CENP-A containing chromatin","0/114","18/18842",0,0,-0.331160855290318,1,1,1,"",0
"GO:0061668","mitochondrial ribosome assembly","0/114","27/18842",0,0,-0.405684552256011,1,1,1,"",0
"GO:0061687","detoxification of inorganic compound","0/114","24/18842",0,0,-0.382452574606899,1,1,1,"",0
"GO:0061709","reticulophagy","0/114","25/18842",0,0,-0.390349396257243,1,1,1,"",0
"GO:0061718","glucose catabolic process to pyruvate","0/114","20/18842",0,0,-0.349092737116259,1,1,1,"",0
"GO:0061723","glycophagy","0/114","12/18842",0,0,-0.270348623779636,1,1,1,"",0
"GO:0061734","type 2 mitophagy","0/114","15/18842",0,0,-0.302283031058143,1,1,1,"",0
"GO:0061744","motor behavior","0/114","11/18842",0,0,-0.258832228173978,1,1,1,"",0
"GO:0061760","antifungal innate immune response","0/114","24/18842",0,0,-0.382452574606899,1,1,1,"",0
"GO:0061763","multivesicular body-lysosome fusion","0/114","12/18842",0,0,-0.270348623779636,1,1,1,"",0
"GO:0061795","Golgi lumen acidification","0/114","15/18842",0,0,-0.302283031058143,1,1,1,"",0
"GO:0061842","microtubule organizing center localization","0/114","23/18842",0,0,-0.37439009208877,1,1,1,"",0
"GO:0061844","antimicrobial humoral immune response mediated by antimicrobial peptide","0/114","142/18842",0,0,-0.933215769780806,1,1,1,"",0
"GO:0061900","glial cell activation","0/114","53/18842",0,0,-0.568780634921216,1,1,1,"",0
"GO:0061909","autophagosome-lysosome fusion","0/114","20/18842",0,0,-0.349092737116259,1,1,1,"",0
"GO:0061951","establishment of protein localization to plasma membrane","0/114","65/18842",0,0,-0.63008954763278,1,1,1,"",0
"GO:0061952","midbody abscission","0/114","24/18842",0,0,-0.382452574606899,1,1,1,"",0
"GO:0061982","meiosis I cell cycle process","0/114","125/18842",0,0,-0.875176376769011,1,1,1,"",0
"GO:0062009","secondary palate development","0/114","18/18842",0,0,-0.331160855290318,1,1,1,"",0
"GO:0062042","regulation of cardiac epithelial to mesenchymal transition","0/114","12/18842",0,0,-0.270348623779636,1,1,1,"",0
"GO:0062098","regulation of programmed necrotic cell death","0/114","44/18842",0,0,-0.518118638610383,1,1,1,"",0
"GO:0062099","negative regulation of programmed necrotic cell death","0/114","23/18842",0,0,-0.37439009208877,1,1,1,"",0
"GO:0062100","positive regulation of programmed necrotic cell death","0/114","11/18842",0,0,-0.258832228173978,1,1,1,"",0
"GO:0062111","zinc ion import into organelle","0/114","11/18842",0,0,-0.258832228173978,1,1,1,"",0
"GO:0062125","regulation of mitochondrial gene expression","0/114","29/18842",0,0,-0.420463858404088,1,1,1,"",0
"GO:0062176","R-loop processing","0/114","10/18842",0,0,-0.246780294040919,1,1,1,"",0
"GO:0062208","positive regulation of pattern recognition receptor signaling pathway","0/114","82/18842",0,0,-0.70802600524063,1,1,1,"",0
"GO:0065002","intracellular protein transmembrane transport","0/114","35/18842",0,0,-0.461990409406869,1,1,1,"",0
"GO:0065004","protein-DNA complex assembly","0/114","210/18842",0,0,-1.13694278425587,1,1,1,"",0
"GO:0065005","protein-lipid complex assembly","0/114","27/18842",0,0,-0.405684552256011,1,1,1,"",0
"GO:0070050","neuron cellular homeostasis","0/114","53/18842",0,0,-0.568780634921216,1,1,1,"",0
"GO:0070071","proton-transporting two-sector ATPase complex assembly","0/114","16/18842",0,0,-0.312204863557539,1,1,1,"",0
"GO:0070102","interleukin-6-mediated signaling pathway","0/114","28/18842",0,0,-0.413139905591141,1,1,1,"",0
"GO:0070103","regulation of interleukin-6-mediated signaling pathway","0/114","14/18842",0,0,-0.292025397077866,1,1,1,"",0
"GO:0070104","negative regulation of interleukin-6-mediated signaling pathway","0/114","11/18842",0,0,-0.258832228173978,1,1,1,"",0
"GO:0070106","interleukin-27-mediated signaling pathway","0/114","10/18842",0,0,-0.246780294040919,1,1,1,"",0
"GO:0070129","regulation of mitochondrial translation","0/114","21/18842",0,0,-0.357723111916923,1,1,1,"",0
"GO:0070131","positive regulation of mitochondrial translation","0/114","14/18842",0,0,-0.292025397077866,1,1,1,"",0
"GO:0070141","response to UV-A","0/114","14/18842",0,0,-0.292025397077866,1,1,1,"",0
"GO:0070142","synaptic vesicle budding","0/114","12/18842",0,0,-0.270348623779636,1,1,1,"",0
"GO:0070166","enamel mineralization","0/114","13/18842",0,0,-0.281395241154067,1,1,1,"",0
"GO:0070170","regulation of tooth mineralization","0/114","11/18842",0,0,-0.258832228173978,1,1,1,"",0
"GO:0070192","chromosome organization involved in meiotic cell cycle","0/114","46/18842",0,0,-0.529791392159388,1,1,1,"",0
"GO:0070193","synaptonemal complex organization","0/114","19/18842",0,0,-0.340244473235715,1,1,1,"",0
"GO:0070198","protein localization to chromosome, telomeric region","0/114","15/18842",0,0,-0.302283031058143,1,1,1,"",0
"GO:0070199","establishment of protein localization to chromosome","0/114","22/18842",0,0,-0.366151005389014,1,1,1,"",0
"GO:0070200","establishment of protein localization to telomere","0/114","11/18842",0,0,-0.258832228173978,1,1,1,"",0
"GO:0070206","protein trimerization","0/114","17/18842",0,0,-0.321821954707169,1,1,1,"",0
"GO:0070207","protein homotrimerization","0/114","15/18842",0,0,-0.302283031058143,1,1,1,"",0
"GO:0070213","protein auto-ADP-ribosylation","0/114","12/18842",0,0,-0.270348623779636,1,1,1,"",0
"GO:0070227","lymphocyte apoptotic process","0/114","53/18842",0,0,-0.568780634921216,1,1,1,"",0
"GO:0070228","regulation of lymphocyte apoptotic process","0/114","40/18842",0,0,-0.493954187592607,1,1,1,"",0
"GO:0070229","negative regulation of lymphocyte apoptotic process","0/114","21/18842",0,0,-0.357723111916923,1,1,1,"",0
"GO:0070230","positive regulation of lymphocyte apoptotic process","0/114","13/18842",0,0,-0.281395241154067,1,1,1,"",0
"GO:0070231","T cell apoptotic process","0/114","33/18842",0,0,-0.448572677074785,1,1,1,"",0
"GO:0070232","regulation of T cell apoptotic process","0/114","24/18842",0,0,-0.382452574606899,1,1,1,"",0
"GO:0070233","negative regulation of T cell apoptotic process","0/114","11/18842",0,0,-0.258832228173978,1,1,1,"",0
"GO:0070234","positive regulation of T cell apoptotic process","0/114","11/18842",0,0,-0.258832228173978,1,1,1,"",0
"GO:0070266","necroptotic process","0/114","46/18842",0,0,-0.529791392159388,1,1,1,"",0
"GO:0070268","cornification","0/114","15/18842",0,0,-0.302283031058143,1,1,1,"",0
"GO:0070269","pyroptotic inflammatory response","0/114","42/18842",0,0,-0.506179346375384,1,1,1,"",0
"GO:0070278","extracellular matrix constituent secretion","0/114","10/18842",0,0,-0.246780294040919,1,1,1,"",0
"GO:0070286","axonemal dynein complex assembly","0/114","39/18842",0,0,-0.48772771009869,1,1,1,"",0
"GO:0070296","sarcoplasmic reticulum calcium ion transport","0/114","47/18842",0,0,-0.535533279253734,1,1,1,"",0
"GO:0070306","lens fiber cell differentiation","0/114","29/18842",0,0,-0.420463858404088,1,1,1,"",0
"GO:0070307","lens fiber cell development","0/114","11/18842",0,0,-0.258832228173978,1,1,1,"",0
"GO:0070314","G1 to G0 transition","0/114","14/18842",0,0,-0.292025397077866,1,1,1,"",0
"GO:0070316","regulation of G0 to G1 transition","0/114","36/18842",0,0,-0.468556249314519,1,1,1,"",0
"GO:0070327","thyroid hormone transport","0/114","12/18842",0,0,-0.270348623779636,1,1,1,"",0
"GO:0070339","response to bacterial lipopeptide","0/114","10/18842",0,0,-0.246780294040919,1,1,1,"",0
"GO:0070341","fat cell proliferation","0/114","17/18842",0,0,-0.321821954707169,1,1,1,"",0
"GO:0070344","regulation of fat cell proliferation","0/114","12/18842",0,0,-0.270348623779636,1,1,1,"",0
"GO:0070365","hepatocyte differentiation","0/114","12/18842",0,0,-0.270348623779636,1,1,1,"",0
"GO:0070417","cellular response to cold","0/114","12/18842",0,0,-0.270348623779636,1,1,1,"",0
"GO:0070424","regulation of nucleotide-binding domain, leucine rich repeat containing receptor signaling pathway","0/114","14/18842",0,0,-0.292025397077866,1,1,1,"",0
"GO:0070475","rRNA base methylation","0/114","11/18842",0,0,-0.258832228173978,1,1,1,"",0
"GO:0070486","leukocyte aggregation","0/114","13/18842",0,0,-0.281395241154067,1,1,1,"",0
"GO:0070493","thrombin-activated receptor signaling pathway","0/114","13/18842",0,0,-0.281395241154067,1,1,1,"",0
"GO:0070498","interleukin-1-mediated signaling pathway","0/114","36/18842",0,0,-0.468556249314519,1,1,1,"",0
"GO:0070507","regulation of microtubule cytoskeleton organization","0/114","157/18842",0,0,-0.981661989556225,1,1,1,"",0
"GO:0070508","cholesterol import","0/114","10/18842",0,0,-0.246780294040919,1,1,1,"",0
"GO:0070509","calcium ion import","0/114","78/18842",0,0,-0.690467576265243,1,1,1,"",0
"GO:0070527","platelet aggregation","0/114","67/18842",0,0,-0.639743863273894,1,1,1,"",0
"GO:0070536","protein K63-linked deubiquitination","0/114","29/18842",0,0,-0.420463858404088,1,1,1,"",0
"GO:0070570","regulation of neuron projection regeneration","0/114","22/18842",0,0,-0.366151005389014,1,1,1,"",0
"GO:0070571","negative regulation of neuron projection regeneration","0/114","13/18842",0,0,-0.281395241154067,1,1,1,"",0
"GO:0070601","centromeric sister chromatid cohesion","0/114","14/18842",0,0,-0.292025397077866,1,1,1,"",0
"GO:0070613","regulation of protein processing","0/114","50/18842",0,0,-0.55240449061185,1,1,1,"",0
"GO:0070646","protein modification by small protein removal","0/114","140/18842",0,0,-0.926570974762814,1,1,1,"",0
"GO:0070665","positive regulation of leukocyte proliferation","0/114","138/18842",0,0,-0.919879618436217,1,1,1,"",0
"GO:0070669","response to interleukin-2","0/114","11/18842",0,0,-0.258832228173978,1,1,1,"",0
"GO:0070670","response to interleukin-4","0/114","28/18842",0,0,-0.413139905591141,1,1,1,"",0
"GO:0070671","response to interleukin-12","0/114","12/18842",0,0,-0.270348623779636,1,1,1,"",0
"GO:0070672","response to interleukin-15","0/114","10/18842",0,0,-0.246780294040919,1,1,1,"",0
"GO:0070673","response to interleukin-18","0/114","12/18842",0,0,-0.270348623779636,1,1,1,"",0
"GO:0070723","response to cholesterol","0/114","27/18842",0,0,-0.405684552256011,1,1,1,"",0
"GO:0070729","cyclic nucleotide transport","0/114","10/18842",0,0,-0.246780294040919,1,1,1,"",0
"GO:0070741","response to interleukin-6","0/114","49/18842",0,0,-0.546837996215799,1,1,1,"",0
"GO:0070778","L-aspartate transmembrane transport","0/114","11/18842",0,0,-0.258832228173978,1,1,1,"",0
"GO:0070782","phosphatidylserine exposure on apoptotic cell surface","0/114","10/18842",0,0,-0.246780294040919,1,1,1,"",0
"GO:0070837","dehydroascorbic acid transport","0/114","13/18842",0,0,-0.281395241154067,1,1,1,"",0
"GO:0070841","inclusion body assembly","0/114","29/18842",0,0,-0.420463858404088,1,1,1,"",0
"GO:0070857","regulation of bile acid biosynthetic process","0/114","11/18842",0,0,-0.258832228173978,1,1,1,"",0
"GO:0070861","regulation of protein exit from endoplasmic reticulum","0/114","26/18842",0,0,-0.398090415813405,1,1,1,"",0
"GO:0070863","positive regulation of protein exit from endoplasmic reticulum","0/114","16/18842",0,0,-0.312204863557539,1,1,1,"",0
"GO:0070873","regulation of glycogen metabolic process","0/114","35/18842",0,0,-0.461990409406869,1,1,1,"",0
"GO:0070874","negative regulation of glycogen metabolic process","0/114","12/18842",0,0,-0.270348623779636,1,1,1,"",0
"GO:0070875","positive regulation of glycogen metabolic process","0/114","19/18842",0,0,-0.340244473235715,1,1,1,"",0
"GO:0070884","regulation of calcineurin-NFAT signaling cascade","0/114","34/18842",0,0,-0.455330613621119,1,1,1,"",0
"GO:0070885","negative regulation of calcineurin-NFAT signaling cascade","0/114","12/18842",0,0,-0.270348623779636,1,1,1,"",0
"GO:0070886","positive regulation of calcineurin-NFAT signaling cascade","0/114","20/18842",0,0,-0.349092737116259,1,1,1,"",0
"GO:0070897","transcription preinitiation complex assembly","0/114","83/18842",0,0,-0.712349140443652,1,1,1,"",0
"GO:0070900","mitochondrial tRNA modification","0/114","14/18842",0,0,-0.292025397077866,1,1,1,"",0
"GO:0070914","UV-damage excision repair","0/114","12/18842",0,0,-0.270348623779636,1,1,1,"",0
"GO:0070918","regulatory ncRNA processing","0/114","69/18842",0,0,-0.64925664824146,1,1,1,"",0
"GO:0070920","regulation of regulatory ncRNA processing","0/114","14/18842",0,0,-0.292025397077866,1,1,1,"",0
"GO:0070922","RISC complex assembly","0/114","10/18842",0,0,-0.246780294040919,1,1,1,"",0
"GO:0070934","CRD-mediated mRNA stabilization","0/114","11/18842",0,0,-0.258832228173978,1,1,1,"",0
"GO:0070935","3'-UTR-mediated mRNA stabilization","0/114","30/18842",0,0,-0.427663161774826,1,1,1,"",0
"GO:0070942","neutrophil mediated cytotoxicity","0/114","13/18842",0,0,-0.281395241154067,1,1,1,"",0
"GO:0070943","neutrophil-mediated killing of symbiont cell","0/114","11/18842",0,0,-0.258832228173978,1,1,1,"",0
"GO:0070972","protein localization to endoplasmic reticulum","0/114","32/18842",0,0,-0.441712095184957,1,1,1,"",0
"GO:0070979","protein K11-linked ubiquitination","0/114","39/18842",0,0,-0.48772771009869,1,1,1,"",0
"GO:0070988","demethylation","0/114","15/18842",0,0,-0.302283031058143,1,1,1,"",0
"GO:0070989","oxidative demethylation","0/114","11/18842",0,0,-0.258832228173978,1,1,1,"",0
"GO:0071025","RNA surveillance","0/114","39/18842",0,0,-0.48772771009869,1,1,1,"",0
"GO:0071027","nuclear RNA surveillance","0/114","34/18842",0,0,-0.455330613621119,1,1,1,"",0
"GO:0071028","nuclear mRNA surveillance","0/114","11/18842",0,0,-0.258832228173978,1,1,1,"",0
"GO:0071044","histone mRNA catabolic process","0/114","22/18842",0,0,-0.366151005389014,1,1,1,"",0
"GO:0071045","nuclear histone mRNA catabolic process","0/114","12/18842",0,0,-0.270348623779636,1,1,1,"",0
"GO:0071071","regulation of phospholipid biosynthetic process","0/114","20/18842",0,0,-0.349092737116259,1,1,1,"",0
"GO:0071073","positive regulation of phospholipid biosynthetic process","0/114","14/18842",0,0,-0.292025397077866,1,1,1,"",0
"GO:0071103","DNA conformation change","0/114","18/18842",0,0,-0.331160855290318,1,1,1,"",0
"GO:0071107","response to parathyroid hormone","0/114","12/18842",0,0,-0.270348623779636,1,1,1,"",0
"GO:0071108","protein K48-linked deubiquitination","0/114","28/18842",0,0,-0.413139905591141,1,1,1,"",0
"GO:0071166","ribonucleoprotein complex localization","0/114","11/18842",0,0,-0.258832228173978,1,1,1,"",0
"GO:0071169","establishment of protein localization to chromatin","0/114","10/18842",0,0,-0.246780294040919,1,1,1,"",0
"GO:0071173","spindle assembly checkpoint signaling","0/114","56/18842",0,0,-0.584703313002456,1,1,1,"",0
"GO:0071174","mitotic spindle checkpoint signaling","0/114","56/18842",0,0,-0.584703313002456,1,1,1,"",0
"GO:0071216","cellular response to biotic stimulus","0/114","245/18842",0,0,-1.22919361808887,1,1,1,"",0
"GO:0071218","cellular response to misfolded protein","0/114","16/18842",0,0,-0.312204863557539,1,1,1,"",0
"GO:0071219","cellular response to molecule of bacterial origin","0/114","223/18842",0,0,-1.17201442152305,1,1,1,"",0
"GO:0071220","cellular response to bacterial lipoprotein","0/114","10/18842",0,0,-0.246780294040919,1,1,1,"",0
"GO:0071221","cellular response to bacterial lipopeptide","0/114","10/18842",0,0,-0.246780294040919,1,1,1,"",0
"GO:0071222","cellular response to lipopolysaccharide","0/114","210/18842",0,0,-1.13694278425587,1,1,1,"",0
"GO:0071225","cellular response to muramyl dipeptide","0/114","10/18842",0,0,-0.246780294040919,1,1,1,"",0
"GO:0071229","cellular response to acid chemical","0/114","77/18842",0,0,-0.686008944571806,1,1,1,"",0
"GO:0071230","cellular response to amino acid stimulus","0/114","69/18842",0,0,-0.64925664824146,1,1,1,"",0
"GO:0071233","cellular response to L-leucine","0/114","12/18842",0,0,-0.270348623779636,1,1,1,"",0
"GO:0071243","cellular response to arsenic-containing substance","0/114","15/18842",0,0,-0.302283031058143,1,1,1,"",0
"GO:0071260","cellular response to mechanical stimulus","0/114","74/18842",0,0,-0.672458616237011,1,1,1,"",0
"GO:0071265","L-methionine biosynthetic process","0/114","11/18842",0,0,-0.258832228173978,1,1,1,"",0
"GO:0071276","cellular response to cadmium ion","0/114","22/18842",0,0,-0.366151005389014,1,1,1,"",0
"GO:0071280","cellular response to copper ion","0/114","25/18842",0,0,-0.390349396257243,1,1,1,"",0
"GO:0071287","cellular response to manganese ion","0/114","10/18842",0,0,-0.246780294040919,1,1,1,"",0
"GO:0071294","cellular response to zinc ion","0/114","23/18842",0,0,-0.37439009208877,1,1,1,"",0
"GO:0071312","cellular response to alkaloid","0/114","31/18842",0,0,-0.434744008401426,1,1,1,"",0
"GO:0071318","cellular response to ATP","0/114","18/18842",0,0,-0.331160855290318,1,1,1,"",0
"GO:0071322","cellular response to carbohydrate stimulus","0/114","147/18842",0,0,-0.949630451901458,1,1,1,"",0
"GO:0071326","cellular response to monosaccharide stimulus","0/114","140/18842",0,0,-0.926570974762814,1,1,1,"",0
"GO:0071331","cellular response to hexose stimulus","0/114","138/18842",0,0,-0.919879618436217,1,1,1,"",0
"GO:0071333","cellular response to glucose stimulus","0/114","135/18842",0,0,-0.909753031096913,1,1,1,"",0
"GO:0071340","skeletal muscle acetylcholine-gated channel clustering","0/114","12/18842",0,0,-0.270348623779636,1,1,1,"",0
"GO:0071349","cellular response to interleukin-12","0/114","11/18842",0,0,-0.258832228173978,1,1,1,"",0
"GO:0071350","cellular response to interleukin-15","0/114","10/18842",0,0,-0.246780294040919,1,1,1,"",0
"GO:0071351","cellular response to interleukin-18","0/114","10/18842",0,0,-0.246780294040919,1,1,1,"",0
"GO:0071352","cellular response to interleukin-2","0/114","10/18842",0,0,-0.246780294040919,1,1,1,"",0
"GO:0071353","cellular response to interleukin-4","0/114","26/18842",0,0,-0.398090415813405,1,1,1,"",0
"GO:0071354","cellular response to interleukin-6","0/114","45/18842",0,0,-0.523987209834246,1,1,1,"",0
"GO:0071357","cellular response to type I interferon","0/114","116/18842",0,0,-0.842878905876654,1,1,1,"",0
"GO:0071359","cellular response to dsRNA","0/114","18/18842",0,0,-0.331160855290318,1,1,1,"",0
"GO:0071360","cellular response to exogenous dsRNA","0/114","15/18842",0,0,-0.302283031058143,1,1,1,"",0
"GO:0071361","cellular response to ethanol","0/114","13/18842",0,0,-0.281395241154067,1,1,1,"",0
"GO:0071362","cellular response to ether","0/114","10/18842",0,0,-0.246780294040919,1,1,1,"",0
"GO:0071377","cellular response to glucagon stimulus","0/114","21/18842",0,0,-0.357723111916923,1,1,1,"",0
"GO:0071379","cellular response to prostaglandin stimulus","0/114","19/18842",0,0,-0.340244473235715,1,1,1,"",0
"GO:0071380","cellular response to prostaglandin E stimulus","0/114","13/18842",0,0,-0.281395241154067,1,1,1,"",0
"GO:0071391","cellular response to estrogen stimulus","0/114","19/18842",0,0,-0.340244473235715,1,1,1,"",0
"GO:0071392","cellular response to estradiol stimulus","0/114","34/18842",0,0,-0.455330613621119,1,1,1,"",0
"GO:0071397","cellular response to cholesterol","0/114","17/18842",0,0,-0.321821954707169,1,1,1,"",0
"GO:0071402","cellular response to lipoprotein particle stimulus","0/114","44/18842",0,0,-0.518118638610383,1,1,1,"",0
"GO:0071404","cellular response to low-density lipoprotein particle stimulus","0/114","36/18842",0,0,-0.468556249314519,1,1,1,"",0
"GO:0071415","cellular response to purine-containing compound","0/114","10/18842",0,0,-0.246780294040919,1,1,1,"",0
"GO:0071421","manganese ion transmembrane transport","0/114","10/18842",0,0,-0.246780294040919,1,1,1,"",0
"GO:0071425","hematopoietic stem cell proliferation","0/114","21/18842",0,0,-0.357723111916923,1,1,1,"",0
"GO:0071450","cellular response to oxygen radical","0/114","22/18842",0,0,-0.366151005389014,1,1,1,"",0
"GO:0071451","cellular response to superoxide","0/114","22/18842",0,0,-0.366151005389014,1,1,1,"",0
"GO:0071459","protein localization to chromosome, centromeric region","0/114","37/18842",0,0,-0.475032029412254,1,1,1,"",0
"GO:0071472","cellular response to salt stress","0/114","13/18842",0,0,-0.281395241154067,1,1,1,"",0
"GO:0071474","cellular hyperosmotic response","0/114","21/18842",0,0,-0.357723111916923,1,1,1,"",0
"GO:0071478","cellular response to radiation","0/114","156/18842",0,0,-0.978504499491122,1,1,1,"",0
"GO:0071479","cellular response to ionizing radiation","0/114","63/18842",0,0,-0.620287092215828,1,1,1,"",0
"GO:0071480","cellular response to gamma radiation","0/114","22/18842",0,0,-0.366151005389014,1,1,1,"",0
"GO:0071482","cellular response to light stimulus","0/114","104/18842",0,0,-0.797836227386193,1,1,1,"",0
"GO:0071492","cellular response to UV-A","0/114","11/18842",0,0,-0.258832228173978,1,1,1,"",0
"GO:0071493","cellular response to UV-B","0/114","12/18842",0,0,-0.270348623779636,1,1,1,"",0
"GO:0071496","cellular response to external stimulus","0/114","75/18842",0,0,-0.677005044645879,1,1,1,"",0
"GO:0071501","cellular response to sterol depletion","0/114","15/18842",0,0,-0.302283031058143,1,1,1,"",0
"GO:0071514","genomic imprinting","0/114","11/18842",0,0,-0.258832228173978,1,1,1,"",0
"GO:0071539","protein localization to centrosome","0/114","35/18842",0,0,-0.461990409406869,1,1,1,"",0
"GO:0071549","cellular response to dexamethasone stimulus","0/114","18/18842",0,0,-0.331160855290318,1,1,1,"",0
"GO:0071577","zinc ion transmembrane transport","0/114","31/18842",0,0,-0.434744008401426,1,1,1,"",0
"GO:0071578","zinc ion import across plasma membrane","0/114","14/18842",0,0,-0.292025397077866,1,1,1,"",0
"GO:0071604","transforming growth factor beta production","0/114","39/18842",0,0,-0.48772771009869,1,1,1,"",0
"GO:0071605","monocyte chemotactic protein-1 production","0/114","19/18842",0,0,-0.340244473235715,1,1,1,"",0
"GO:0071609","chemokine (C-C motif) ligand 5 production","0/114","11/18842",0,0,-0.258832228173978,1,1,1,"",0
"GO:0071616","acyl-CoA biosynthetic process","0/114","56/18842",0,0,-0.584703313002456,1,1,1,"",0
"GO:0071625","vocalization behavior","0/114","18/18842",0,0,-0.331160855290318,1,1,1,"",0
"GO:0071634","regulation of transforming growth factor beta production","0/114","33/18842",0,0,-0.448572677074785,1,1,1,"",0
"GO:0071635","negative regulation of transforming growth factor beta production","0/114","13/18842",0,0,-0.281395241154067,1,1,1,"",0
"GO:0071636","positive regulation of transforming growth factor beta production","0/114","16/18842",0,0,-0.312204863557539,1,1,1,"",0
"GO:0071637","regulation of monocyte chemotactic protein-1 production","0/114","19/18842",0,0,-0.340244473235715,1,1,1,"",0
"GO:0071639","positive regulation of monocyte chemotactic protein-1 production","0/114","13/18842",0,0,-0.281395241154067,1,1,1,"",0
"GO:0071649","regulation of chemokine (C-C motif) ligand 5 production","0/114","11/18842",0,0,-0.258832228173978,1,1,1,"",0
"GO:0071670","smooth muscle cell chemotaxis","0/114","10/18842",0,0,-0.246780294040919,1,1,1,"",0
"GO:0071677","positive regulation of mononuclear cell migration","0/114","92/18842",0,0,-0.750156674508245,1,1,1,"",0
"GO:0071679","commissural neuron axon guidance","0/114","12/18842",0,0,-0.270348623779636,1,1,1,"",0
"GO:0071706","tumor necrosis factor superfamily cytokine production","0/114","196/18842",0,0,-1.09797865108037,1,1,1,"",0
"GO:0071709","membrane assembly","0/114","61/18842",0,0,-0.610329358594873,1,1,1,"",0
"GO:0071711","basement membrane organization","0/114","28/18842",0,0,-0.413139905591141,1,1,1,"",0
"GO:0071731","response to nitric oxide","0/114","21/18842",0,0,-0.357723111916923,1,1,1,"",0
"GO:0071732","cellular response to nitric oxide","0/114","15/18842",0,0,-0.302283031058143,1,1,1,"",0
"GO:0071763","nuclear membrane organization","0/114","47/18842",0,0,-0.535533279253734,1,1,1,"",0
"GO:0071800","podosome assembly","0/114","11/18842",0,0,-0.258832228173978,1,1,1,"",0
"GO:0071806","protein transmembrane transport","0/114","73/18842",0,0,-0.667881729342805,1,1,1,"",0
"GO:0071816","tail-anchored membrane protein insertion into ER membrane","0/114","17/18842",0,0,-0.321821954707169,1,1,1,"",0
"GO:0071824","protein-DNA complex organization","0/114","229/18842",0,0,-1.18786819032353,1,1,1,"",0
"GO:0071825","protein-lipid complex organization","0/114","57/18842",0,0,-0.58991647916762,1,1,1,"",0
"GO:0071826","protein-RNA complex organization","0/114","268/18842",0,0,-1.28639213612674,1,1,1,"",0
"GO:0071827","plasma lipoprotein particle organization","0/114","55/18842",0,0,-0.579443809151722,1,1,1,"",0
"GO:0071867","response to monoamine","0/114","59/18842",0,0,-0.600208617717198,1,1,1,"",0
"GO:0071868","cellular response to monoamine stimulus","0/114","58/18842",0,0,-0.595084525543044,1,1,1,"",0
"GO:0071869","response to catecholamine","0/114","57/18842",0,0,-0.58991647916762,1,1,1,"",0
"GO:0071870","cellular response to catecholamine stimulus","0/114","56/18842",0,0,-0.584703313002456,1,1,1,"",0
"GO:0071871","response to epinephrine","0/114","14/18842",0,0,-0.292025397077866,1,1,1,"",0
"GO:0071872","cellular response to epinephrine stimulus","0/114","11/18842",0,0,-0.258832228173978,1,1,1,"",0
"GO:0071875","adrenergic receptor signaling pathway","0/114","31/18842",0,0,-0.434744008401426,1,1,1,"",0
"GO:0071880","adenylate cyclase-activating adrenergic receptor signaling pathway","0/114","18/18842",0,0,-0.331160855290318,1,1,1,"",0
"GO:0071887","leukocyte apoptotic process","0/114","85/18842",0,0,-0.72091900356193,1,1,1,"",0
"GO:0071888","macrophage apoptotic process","0/114","13/18842",0,0,-0.281395241154067,1,1,1,"",0
"GO:0071895","odontoblast differentiation","0/114","16/18842",0,0,-0.312204863557539,1,1,1,"",0
"GO:0071897","DNA biosynthetic process","0/114","157/18842",0,0,-0.981661989556225,1,1,1,"",0
"GO:0071901","negative regulation of protein serine/threonine kinase activity","0/114","30/18842",0,0,-0.427663161774826,1,1,1,"",0
"GO:0071941","nitrogen cycle metabolic process","0/114","13/18842",0,0,-0.281395241154067,1,1,1,"",0
"GO:0071985","multivesicular body sorting pathway","0/114","50/18842",0,0,-0.55240449061185,1,1,1,"",0
"GO:0072044","collecting duct development","0/114","10/18842",0,0,-0.246780294040919,1,1,1,"",0
"GO:0072074","kidney mesenchyme development","0/114","16/18842",0,0,-0.312204863557539,1,1,1,"",0
"GO:0072075","metanephric mesenchyme development","0/114","14/18842",0,0,-0.292025397077866,1,1,1,"",0
"GO:0072077","renal vesicle morphogenesis","0/114","13/18842",0,0,-0.281395241154067,1,1,1,"",0
"GO:0072087","renal vesicle development","0/114","14/18842",0,0,-0.292025397077866,1,1,1,"",0
"GO:0072109","glomerular mesangium development","0/114","15/18842",0,0,-0.302283031058143,1,1,1,"",0
"GO:0072110","glomerular mesangial cell proliferation","0/114","12/18842",0,0,-0.270348623779636,1,1,1,"",0
"GO:0072111","cell proliferation involved in kidney development","0/114","20/18842",0,0,-0.349092737116259,1,1,1,"",0
"GO:0072124","regulation of glomerular mesangial cell proliferation","0/114","11/18842",0,0,-0.258832228173978,1,1,1,"",0
"GO:0072132","mesenchyme morphogenesis","0/114","43/18842",0,0,-0.51218346509735,1,1,1,"",0
"GO:0072160","nephron tubule epithelial cell differentiation","0/114","12/18842",0,0,-0.270348623779636,1,1,1,"",0
"GO:0072163","mesonephric epithelium development","0/114","68/18842",0,0,-0.644517553192246,1,1,1,"",0
"GO:0072164","mesonephric tubule development","0/114","68/18842",0,0,-0.644517553192246,1,1,1,"",0
"GO:0072171","mesonephric tubule morphogenesis","0/114","44/18842",0,0,-0.518118638610383,1,1,1,"",0
"GO:0072182","regulation of nephron tubule epithelial cell differentiation","0/114","10/18842",0,0,-0.246780294040919,1,1,1,"",0
"GO:0072189","ureter development","0/114","10/18842",0,0,-0.246780294040919,1,1,1,"",0
"GO:0072224","metanephric glomerulus development","0/114","15/18842",0,0,-0.302283031058143,1,1,1,"",0
"GO:0072283","metanephric renal vesicle morphogenesis","0/114","11/18842",0,0,-0.258832228173978,1,1,1,"",0
"GO:0072310","glomerular epithelial cell development","0/114","10/18842",0,0,-0.246780294040919,1,1,1,"",0
"GO:0072329","monocarboxylic acid catabolic process","0/114","122/18842",0,0,-0.864541197398197,1,1,1,"",0
"GO:0072332","intrinsic apoptotic signaling pathway by p53 class mediator","0/114","68/18842",0,0,-0.644517553192246,1,1,1,"",0
"GO:0072337","modified amino acid transport","0/114","40/18842",0,0,-0.493954187592607,1,1,1,"",0
"GO:0072344","rescue of stalled cytosolic ribosome","0/114","38/18842",0,0,-0.481421384106586,1,1,1,"",0
"GO:0072350","tricarboxylic acid metabolic process","0/114","14/18842",0,0,-0.292025397077866,1,1,1,"",0
"GO:0072376","protein activation cascade","0/114","28/18842",0,0,-0.413139905591141,1,1,1,"",0
"GO:0072378","blood coagulation, fibrin clot formation","0/114","25/18842",0,0,-0.390349396257243,1,1,1,"",0
"GO:0072384","organelle transport along microtubule","0/114","90/18842",0,0,-0.741918426809738,1,1,1,"",0
"GO:0072393","microtubule anchoring at microtubule organizing center","0/114","14/18842",0,0,-0.292025397077866,1,1,1,"",0
"GO:0072488","ammonium transmembrane transport","0/114","11/18842",0,0,-0.258832228173978,1,1,1,"",0
"GO:0072497","mesenchymal stem cell differentiation","0/114","13/18842",0,0,-0.281395241154067,1,1,1,"",0
"GO:0072498","embryonic skeletal joint development","0/114","10/18842",0,0,-0.246780294040919,1,1,1,"",0
"GO:0072525","pyridine-containing compound biosynthetic process","0/114","25/18842",0,0,-0.390349396257243,1,1,1,"",0
"GO:0072527","pyrimidine-containing compound metabolic process","0/114","69/18842",0,0,-0.64925664824146,1,1,1,"",0
"GO:0072528","pyrimidine-containing compound biosynthetic process","0/114","44/18842",0,0,-0.518118638610383,1,1,1,"",0
"GO:0072529","pyrimidine-containing compound catabolic process","0/114","24/18842",0,0,-0.382452574606899,1,1,1,"",0
"GO:0072530","purine-containing compound transmembrane transport","0/114","39/18842",0,0,-0.48772771009869,1,1,1,"",0
"GO:0072537","fibroblast activation","0/114","16/18842",0,0,-0.312204863557539,1,1,1,"",0
"GO:0072538","T-helper 17 type immune response","0/114","74/18842",0,0,-0.672458616237011,1,1,1,"",0
"GO:0072539","T-helper 17 cell differentiation","0/114","54/18842",0,0,-0.57413669406689,1,1,1,"",0
"GO:0072540","T-helper 17 cell lineage commitment","0/114","25/18842",0,0,-0.390349396257243,1,1,1,"",0
"GO:0072574","hepatocyte proliferation","0/114","15/18842",0,0,-0.302283031058143,1,1,1,"",0
"GO:0072578","neurotransmitter-gated ion channel clustering","0/114","14/18842",0,0,-0.292025397077866,1,1,1,"",0
"GO:0072583","clathrin-dependent endocytosis","0/114","50/18842",0,0,-0.55240449061185,1,1,1,"",0
"GO:0072595","maintenance of protein localization in organelle","0/114","37/18842",0,0,-0.475032029412254,1,1,1,"",0
"GO:0072599","establishment of protein localization to endoplasmic reticulum","0/114","51/18842",0,0,-0.557916032797441,1,1,1,"",0
"GO:0072662","protein localization to peroxisome","0/114","19/18842",0,0,-0.340244473235715,1,1,1,"",0
"GO:0072663","establishment of protein localization to peroxisome","0/114","21/18842",0,0,-0.357723111916923,1,1,1,"",0
"GO:0072665","protein localization to vacuole","0/114","75/18842",0,0,-0.677005044645879,1,1,1,"",0
"GO:0072666","establishment of protein localization to vacuole","0/114","53/18842",0,0,-0.568780634921216,1,1,1,"",0
"GO:0072672","neutrophil extravasation","0/114","12/18842",0,0,-0.270348623779636,1,1,1,"",0
"GO:0072673","lamellipodium morphogenesis","0/114","15/18842",0,0,-0.302283031058143,1,1,1,"",0
"GO:0072677","eosinophil migration","0/114","24/18842",0,0,-0.382452574606899,1,1,1,"",0
"GO:0072678","T cell migration","0/114","68/18842",0,0,-0.644517553192246,1,1,1,"",0
"GO:0072697","protein localization to cell cortex","0/114","10/18842",0,0,-0.246780294040919,1,1,1,"",0
"GO:0072698","protein localization to microtubule cytoskeleton","0/114","55/18842",0,0,-0.579443809151722,1,1,1,"",0
"GO:0072710","response to hydroxyurea","0/114","10/18842",0,0,-0.246780294040919,1,1,1,"",0
"GO:0075294","positive regulation by symbiont of entry into host","0/114","12/18842",0,0,-0.270348623779636,1,1,1,"",0
"GO:0075509","endocytosis involved in viral entry into host cell","0/114","13/18842",0,0,-0.281395241154067,1,1,1,"",0
"GO:0075522","IRES-dependent viral translational initiation","0/114","11/18842",0,0,-0.258832228173978,1,1,1,"",0
"GO:0075523","viral translational frameshifting","0/114","19/18842",0,0,-0.340244473235715,1,1,1,"",0
"GO:0075733","intracellular transport of virus","0/114","11/18842",0,0,-0.258832228173978,1,1,1,"",0
"GO:0080154","regulation of fertilization","0/114","17/18842",0,0,-0.321821954707169,1,1,1,"",0
"GO:0085020","protein K6-linked ubiquitination","0/114","16/18842",0,0,-0.312204863557539,1,1,1,"",0
"GO:0085029","extracellular matrix assembly","0/114","45/18842",0,0,-0.523987209834246,1,1,1,"",0
"GO:0086011","membrane repolarization during action potential","0/114","34/18842",0,0,-0.455330613621119,1,1,1,"",0
"GO:0086012","membrane depolarization during cardiac muscle cell action potential","0/114","22/18842",0,0,-0.366151005389014,1,1,1,"",0
"GO:0086013","membrane repolarization during cardiac muscle cell action potential","0/114","29/18842",0,0,-0.420463858404088,1,1,1,"",0
"GO:0086014","atrial cardiac muscle cell action potential","0/114","18/18842",0,0,-0.331160855290318,1,1,1,"",0
"GO:0086015","SA node cell action potential","0/114","11/18842",0,0,-0.258832228173978,1,1,1,"",0
"GO:0086016","AV node cell action potential","0/114","11/18842",0,0,-0.258832228173978,1,1,1,"",0
"GO:0086018","SA node cell to atrial cardiac muscle cell signaling","0/114","11/18842",0,0,-0.258832228173978,1,1,1,"",0
"GO:0086026","atrial cardiac muscle cell to AV node cell signaling","0/114","18/18842",0,0,-0.331160855290318,1,1,1,"",0
"GO:0086027","AV node cell to bundle of His cell signaling","0/114","11/18842",0,0,-0.258832228173978,1,1,1,"",0
"GO:0086064","cell communication by electrical coupling involved in cardiac conduction","0/114","25/18842",0,0,-0.390349396257243,1,1,1,"",0
"GO:0086066","atrial cardiac muscle cell to AV node cell communication","0/114","18/18842",0,0,-0.331160855290318,1,1,1,"",0
"GO:0086067","AV node cell to bundle of His cell communication","0/114","13/18842",0,0,-0.281395241154067,1,1,1,"",0
"GO:0086070","SA node cell to atrial cardiac muscle cell communication","0/114","13/18842",0,0,-0.281395241154067,1,1,1,"",0
"GO:0090025","regulation of monocyte chemotaxis","0/114","32/18842",0,0,-0.441712095184957,1,1,1,"",0
"GO:0090026","positive regulation of monocyte chemotaxis","0/114","23/18842",0,0,-0.37439009208877,1,1,1,"",0
"GO:0090042","tubulin deacetylation","0/114","17/18842",0,0,-0.321821954707169,1,1,1,"",0
"GO:0090043","regulation of tubulin deacetylation","0/114","14/18842",0,0,-0.292025397077866,1,1,1,"",0
"GO:0090050","positive regulation of cell migration involved in sprouting angiogenesis","0/114","37/18842",0,0,-0.475032029412254,1,1,1,"",0
"GO:0090069","regulation of ribosome biogenesis","0/114","11/18842",0,0,-0.258832228173978,1,1,1,"",0
"GO:0090075","relaxation of muscle","0/114","36/18842",0,0,-0.468556249314519,1,1,1,"",0
"GO:0090077","foam cell differentiation","0/114","41/18842",0,0,-0.500103799131059,1,1,1,"",0
"GO:0090083","regulation of inclusion body assembly","0/114","22/18842",0,0,-0.366151005389014,1,1,1,"",0
"GO:0090084","negative regulation of inclusion body assembly","0/114","13/18842",0,0,-0.281395241154067,1,1,1,"",0
"GO:0090085","regulation of protein deubiquitination","0/114","12/18842",0,0,-0.270348623779636,1,1,1,"",0
"GO:0090090","negative regulation of canonical Wnt signaling pathway","0/114","136/18842",0,0,-0.91314067675481,1,1,1,"",0
"GO:0090091","positive regulation of extracellular matrix disassembly","0/114","14/18842",0,0,-0.292025397077866,1,1,1,"",0
"GO:0090101","negative regulation of transmembrane receptor protein serine/threonine kinase signaling pathway","0/114","185/18842",0,0,-1.06640864856219,1,1,1,"",0
"GO:0090102","cochlea development","0/114","33/18842",0,0,-0.448572677074785,1,1,1,"",0
"GO:0090103","cochlea morphogenesis","0/114","15/18842",0,0,-0.302283031058143,1,1,1,"",0
"GO:0090110","COPII-coated vesicle cargo loading","0/114","19/18842",0,0,-0.340244473235715,1,1,1,"",0
"GO:0090114","COPII-coated vesicle budding","0/114","43/18842",0,0,-0.51218346509735,1,1,1,"",0
"GO:0090140","regulation of mitochondrial fission","0/114","30/18842",0,0,-0.427663161774826,1,1,1,"",0
"GO:0090141","positive regulation of mitochondrial fission","0/114","21/18842",0,0,-0.357723111916923,1,1,1,"",0
"GO:0090148","membrane fission","0/114","45/18842",0,0,-0.523987209834246,1,1,1,"",0
"GO:0090153","regulation of sphingolipid biosynthetic process","0/114","15/18842",0,0,-0.302283031058143,1,1,1,"",0
"GO:0090158","endoplasmic reticulum membrane organization","0/114","16/18842",0,0,-0.312204863557539,1,1,1,"",0
"GO:0090160","Golgi to lysosome transport","0/114","11/18842",0,0,-0.258832228173978,1,1,1,"",0
"GO:0090161","Golgi ribbon formation","0/114","11/18842",0,0,-0.258832228173978,1,1,1,"",0
"GO:0090162","establishment of epithelial cell polarity","0/114","19/18842",0,0,-0.340244473235715,1,1,1,"",0
"GO:0090169","regulation of spindle assembly","0/114","35/18842",0,0,-0.461990409406869,1,1,1,"",0
"GO:0090181","regulation of cholesterol metabolic process","0/114","53/18842",0,0,-0.568780634921216,1,1,1,"",0
"GO:0090183","regulation of kidney development","0/114","32/18842",0,0,-0.441712095184957,1,1,1,"",0
"GO:0090189","regulation of branching involved in ureteric bud morphogenesis","0/114","20/18842",0,0,-0.349092737116259,1,1,1,"",0
"GO:0090190","positive regulation of branching involved in ureteric bud morphogenesis","0/114","17/18842",0,0,-0.321821954707169,1,1,1,"",0
"GO:0090199","regulation of release of cytochrome c from mitochondria","0/114","41/18842",0,0,-0.500103799131059,1,1,1,"",0
"GO:0090200","positive regulation of release of cytochrome c from mitochondria","0/114","23/18842",0,0,-0.37439009208877,1,1,1,"",0
"GO:0090201","negative regulation of release of cytochrome c from mitochondria","0/114","18/18842",0,0,-0.331160855290318,1,1,1,"",0
"GO:0090205","positive regulation of cholesterol metabolic process","0/114","24/18842",0,0,-0.382452574606899,1,1,1,"",0
"GO:0090206","negative regulation of cholesterol metabolic process","0/114","15/18842",0,0,-0.302283031058143,1,1,1,"",0
"GO:0090208","positive regulation of triglyceride metabolic process","0/114","23/18842",0,0,-0.37439009208877,1,1,1,"",0
"GO:0090224","regulation of spindle organization","0/114","48/18842",0,0,-0.541214853935104,1,1,1,"",0
"GO:0090231","regulation of spindle checkpoint","0/114","33/18842",0,0,-0.448572677074785,1,1,1,"",0
"GO:0090232","positive regulation of spindle checkpoint","0/114","21/18842",0,0,-0.357723111916923,1,1,1,"",0
"GO:0090235","regulation of metaphase plate congression","0/114","15/18842",0,0,-0.302283031058143,1,1,1,"",0
"GO:0090266","regulation of mitotic cell cycle spindle assembly checkpoint","0/114","32/18842",0,0,-0.441712095184957,1,1,1,"",0
"GO:0090267","positive regulation of mitotic cell cycle spindle assembly checkpoint","0/114","20/18842",0,0,-0.349092737116259,1,1,1,"",0
"GO:0090278","negative regulation of peptide hormone secretion","0/114","35/18842",0,0,-0.461990409406869,1,1,1,"",0
"GO:0090279","regulation of calcium ion import","0/114","45/18842",0,0,-0.523987209834246,1,1,1,"",0
"GO:0090280","positive regulation of calcium ion import","0/114","24/18842",0,0,-0.382452574606899,1,1,1,"",0
"GO:0090281","negative regulation of calcium ion import","0/114","15/18842",0,0,-0.302283031058143,1,1,1,"",0
"GO:0090288","negative regulation of cellular response to growth factor stimulus","0/114","121/18842",0,0,-0.860967709575,1,1,1,"",0
"GO:0090306","meiotic spindle assembly","0/114","10/18842",0,0,-0.246780294040919,1,1,1,"",0
"GO:0090307","mitotic spindle assembly","0/114","74/18842",0,0,-0.672458616237011,1,1,1,"",0
"GO:0090311","regulation of protein deacetylation","0/114","17/18842",0,0,-0.321821954707169,1,1,1,"",0
"GO:0090322","regulation of superoxide metabolic process","0/114","31/18842",0,0,-0.434744008401426,1,1,1,"",0
"GO:0090324","negative regulation of oxidative phosphorylation","0/114","10/18842",0,0,-0.246780294040919,1,1,1,"",0
"GO:0090329","regulation of DNA-templated DNA replication","0/114","46/18842",0,0,-0.529791392159388,1,1,1,"",0
"GO:0090330","regulation of platelet aggregation","0/114","30/18842",0,0,-0.427663161774826,1,1,1,"",0
"GO:0090331","negative regulation of platelet aggregation","0/114","10/18842",0,0,-0.246780294040919,1,1,1,"",0
"GO:0090335","regulation of brown fat cell differentiation","0/114","26/18842",0,0,-0.398090415813405,1,1,1,"",0
"GO:0090336","positive regulation of brown fat cell differentiation","0/114","17/18842",0,0,-0.321821954707169,1,1,1,"",0
"GO:0090370","negative regulation of cholesterol efflux","0/114","26/18842",0,0,-0.398090415813405,1,1,1,"",0
"GO:0090394","negative regulation of excitatory postsynaptic potential","0/114","11/18842",0,0,-0.258832228173978,1,1,1,"",0
"GO:0090399","replicative senescence","0/114","14/18842",0,0,-0.292025397077866,1,1,1,"",0
"GO:0090435","protein localization to nuclear envelope","0/114","12/18842",0,0,-0.270348623779636,1,1,1,"",0
"GO:0090481","pyrimidine nucleotide-sugar transmembrane transport","0/114","12/18842",0,0,-0.270348623779636,1,1,1,"",0
"GO:0090493","catecholamine uptake","0/114","17/18842",0,0,-0.321821954707169,1,1,1,"",0
"GO:0090494","dopamine uptake","0/114","16/18842",0,0,-0.312204863557539,1,1,1,"",0
"GO:0090520","sphingolipid mediated signaling pathway","0/114","18/18842",0,0,-0.331160855290318,1,1,1,"",0
"GO:0090522","vesicle tethering involved in exocytosis","0/114","10/18842",0,0,-0.246780294040919,1,1,1,"",0
"GO:0090592","DNA synthesis involved in DNA replication","0/114","27/18842",0,0,-0.405684552256011,1,1,1,"",0
"GO:0090594","inflammatory response to wounding","0/114","26/18842",0,0,-0.398090415813405,1,1,1,"",0
"GO:0090630","activation of GTPase activity","0/114","22/18842",0,0,-0.366151005389014,1,1,1,"",0
"GO:0090646","mitochondrial tRNA processing","0/114","18/18842",0,0,-0.331160855290318,1,1,1,"",0
"GO:0090656","t-circle formation","0/114","15/18842",0,0,-0.302283031058143,1,1,1,"",0
"GO:0090657","telomeric loop disassembly","0/114","11/18842",0,0,-0.258832228173978,1,1,1,"",0
"GO:0090670","RNA localization to Cajal body","0/114","19/18842",0,0,-0.340244473235715,1,1,1,"",0
"GO:0090671","telomerase RNA localization to Cajal body","0/114","19/18842",0,0,-0.340244473235715,1,1,1,"",0
"GO:0090672","telomerase RNA localization","0/114","19/18842",0,0,-0.340244473235715,1,1,1,"",0
"GO:0090673","endothelial cell-matrix adhesion","0/114","10/18842",0,0,-0.246780294040919,1,1,1,"",0
"GO:0090685","RNA localization to nucleus","0/114","19/18842",0,0,-0.340244473235715,1,1,1,"",0
"GO:0090713","immunological memory process","0/114","17/18842",0,0,-0.321821954707169,1,1,1,"",0
"GO:0090715","immunological memory formation process","0/114","11/18842",0,0,-0.258832228173978,1,1,1,"",0
"GO:0090737","telomere maintenance via telomere trimming","0/114","15/18842",0,0,-0.302283031058143,1,1,1,"",0
"GO:0095500","acetylcholine receptor signaling pathway","0/114","44/18842",0,0,-0.518118638610383,1,1,1,"",0
"GO:0097011","cellular response to granulocyte macrophage colony-stimulating factor stimulus","0/114","10/18842",0,0,-0.246780294040919,1,1,1,"",0
"GO:0097012","response to granulocyte macrophage colony-stimulating factor","0/114","10/18842",0,0,-0.246780294040919,1,1,1,"",0
"GO:0097028","dendritic cell differentiation","0/114","38/18842",0,0,-0.481421384106586,1,1,1,"",0
"GO:0097048","dendritic cell apoptotic process","0/114","10/18842",0,0,-0.246780294040919,1,1,1,"",0
"GO:0097050","type B pancreatic cell apoptotic process","0/114","12/18842",0,0,-0.270348623779636,1,1,1,"",0
"GO:0097061","dendritic spine organization","0/114","82/18842",0,0,-0.70802600524063,1,1,1,"",0
"GO:0097062","dendritic spine maintenance","0/114","21/18842",0,0,-0.357723111916923,1,1,1,"",0
"GO:0097066","response to thyroid hormone","0/114","20/18842",0,0,-0.349092737116259,1,1,1,"",0
"GO:0097067","cellular response to thyroid hormone stimulus","0/114","12/18842",0,0,-0.270348623779636,1,1,1,"",0
"GO:0097090","presynaptic membrane organization","0/114","11/18842",0,0,-0.258832228173978,1,1,1,"",0
"GO:0097091","synaptic vesicle clustering","0/114","16/18842",0,0,-0.312204863557539,1,1,1,"",0
"GO:0097106","postsynaptic density organization","0/114","48/18842",0,0,-0.541214853935104,1,1,1,"",0
"GO:0097107","postsynaptic density assembly","0/114","29/18842",0,0,-0.420463858404088,1,1,1,"",0
"GO:0097119","postsynaptic density protein 95 clustering","0/114","10/18842",0,0,-0.246780294040919,1,1,1,"",0
"GO:0097168","mesenchymal stem cell proliferation","0/114","11/18842",0,0,-0.258832228173978,1,1,1,"",0
"GO:0097178","ruffle assembly","0/114","34/18842",0,0,-0.455330613621119,1,1,1,"",0
"GO:0097186","amelogenesis","0/114","18/18842",0,0,-0.331160855290318,1,1,1,"",0
"GO:0097212","lysosomal membrane organization","0/114","18/18842",0,0,-0.331160855290318,1,1,1,"",0
"GO:0097242","amyloid-beta clearance","0/114","40/18842",0,0,-0.493954187592607,1,1,1,"",0
"GO:0097254","renal tubular secretion","0/114","14/18842",0,0,-0.292025397077866,1,1,1,"",0
"GO:0097267","omega-hydroxylase P450 pathway","0/114","11/18842",0,0,-0.258832228173978,1,1,1,"",0
"GO:0097278","complement-dependent cytotoxicity","0/114","10/18842",0,0,-0.246780294040919,1,1,1,"",0
"GO:0097284","hepatocyte apoptotic process","0/114","11/18842",0,0,-0.258832228173978,1,1,1,"",0
"GO:0097300","programmed necrotic cell death","0/114","58/18842",0,0,-0.595084525543044,1,1,1,"",0
"GO:0097320","plasma membrane tubulation","0/114","19/18842",0,0,-0.340244473235715,1,1,1,"",0
"GO:0097345","mitochondrial outer membrane permeabilization","0/114","25/18842",0,0,-0.390349396257243,1,1,1,"",0
"GO:0097352","autophagosome maturation","0/114","63/18842",0,0,-0.620287092215828,1,1,1,"",0
"GO:0097354","prenylation","0/114","11/18842",0,0,-0.258832228173978,1,1,1,"",0
"GO:0097396","response to interleukin-17","0/114","25/18842",0,0,-0.390349396257243,1,1,1,"",0
"GO:0097398","cellular response to interleukin-17","0/114","25/18842",0,0,-0.390349396257243,1,1,1,"",0
"GO:0097400","interleukin-17-mediated signaling pathway","0/114","19/18842",0,0,-0.340244473235715,1,1,1,"",0
"GO:0097401","synaptic vesicle lumen acidification","0/114","18/18842",0,0,-0.331160855290318,1,1,1,"",0
"GO:0097468","programmed cell death in response to reactive oxygen species","0/114","23/18842",0,0,-0.37439009208877,1,1,1,"",0
"GO:0097479","synaptic vesicle localization","0/114","61/18842",0,0,-0.610329358594873,1,1,1,"",0
"GO:0097494","regulation of vesicle size","0/114","17/18842",0,0,-0.321821954707169,1,1,1,"",0
"GO:0097499","protein localization to non-motile cilium","0/114","14/18842",0,0,-0.292025397077866,1,1,1,"",0
"GO:0097501","stress response to metal ion","0/114","21/18842",0,0,-0.357723111916923,1,1,1,"",0
"GO:0097503","sialylation","0/114","10/18842",0,0,-0.246780294040919,1,1,1,"",0
"GO:0097531","mast cell migration","0/114","12/18842",0,0,-0.270348623779636,1,1,1,"",0
"GO:0097553","calcium ion transmembrane import into cytosol","0/114","176/18842",0,0,-1.03989479221781,1,1,1,"",0
"GO:0097576","vacuole fusion","0/114","13/18842",0,0,-0.281395241154067,1,1,1,"",0
"GO:0097646","calcitonin family receptor signaling pathway","0/114","12/18842",0,0,-0.270348623779636,1,1,1,"",0
"GO:0097680","double-strand break repair via classical nonhomologous end joining","0/114","10/18842",0,0,-0.246780294040919,1,1,1,"",0
"GO:0097699","vascular endothelial cell response to fluid shear stress","0/114","28/18842",0,0,-0.413139905591141,1,1,1,"",0
"GO:0097700","vascular endothelial cell response to laminar fluid shear stress","0/114","22/18842",0,0,-0.366151005389014,1,1,1,"",0
"GO:0097707","ferroptosis","0/114","31/18842",0,0,-0.434744008401426,1,1,1,"",0
"GO:0097709","connective tissue replacement","0/114","17/18842",0,0,-0.321821954707169,1,1,1,"",0
"GO:0097720","calcineurin-mediated signaling","0/114","49/18842",0,0,-0.546837996215799,1,1,1,"",0
"GO:0097722","sperm motility","0/114","217/18842",0,0,-1.1559536651506,1,1,1,"",0
"GO:0097734","extracellular exosome biogenesis","0/114","21/18842",0,0,-0.357723111916923,1,1,1,"",0
"GO:0098534","centriole assembly","0/114","51/18842",0,0,-0.557916032797441,1,1,1,"",0
"GO:0098543","detection of other organism","0/114","19/18842",0,0,-0.340244473235715,1,1,1,"",0
"GO:0098581","detection of external biotic stimulus","0/114","26/18842",0,0,-0.398090415813405,1,1,1,"",0
"GO:0098586","cellular response to virus","0/114","82/18842",0,0,-0.70802600524063,1,1,1,"",0
"GO:0098664","G protein-coupled serotonin receptor signaling pathway","0/114","18/18842",0,0,-0.331160855290318,1,1,1,"",0
"GO:0098693","regulation of synaptic vesicle cycle","0/114","15/18842",0,0,-0.302283031058143,1,1,1,"",0
"GO:0098696","regulation of neurotransmitter receptor localization to postsynaptic specialization membrane","0/114","20/18842",0,0,-0.349092737116259,1,1,1,"",0
"GO:0098698","postsynaptic specialization assembly","0/114","36/18842",0,0,-0.468556249314519,1,1,1,"",0
"GO:0098703","calcium ion import across plasma membrane","0/114","42/18842",0,0,-0.506179346375384,1,1,1,"",0
"GO:0098712","L-glutamate import across plasma membrane","0/114","13/18842",0,0,-0.281395241154067,1,1,1,"",0
"GO:0098734","macromolecule depalmitoylation","0/114","15/18842",0,0,-0.302283031058143,1,1,1,"",0
"GO:0098743","cell aggregation","0/114","12/18842",0,0,-0.270348623779636,1,1,1,"",0
"GO:0098751","bone cell development","0/114","11/18842",0,0,-0.258832228173978,1,1,1,"",0
"GO:0098754","detoxification","0/114","172/18842",0,0,-1.02789975983425,1,1,1,"",0
"GO:0098792","xenophagy","0/114","12/18842",0,0,-0.270348623779636,1,1,1,"",0
"GO:0098801","regulation of renal system process","0/114","19/18842",0,0,-0.340244473235715,1,1,1,"",0
"GO:0098810","neurotransmitter reuptake","0/114","31/18842",0,0,-0.434744008401426,1,1,1,"",0
"GO:0098813","nuclear chromosome segregation","0/114","315/18842",0,0,-1.39640509985753,1,1,1,"",0
"GO:0098815","modulation of excitatory postsynaptic potential","0/114","49/18842",0,0,-0.546837996215799,1,1,1,"",0
"GO:0098828","modulation of inhibitory postsynaptic potential","0/114","10/18842",0,0,-0.246780294040919,1,1,1,"",0
"GO:0098840","protein transport along microtubule","0/114","23/18842",0,0,-0.37439009208877,1,1,1,"",0
"GO:0098856","intestinal lipid absorption","0/114","18/18842",0,0,-0.331160855290318,1,1,1,"",0
"GO:0098869","cellular oxidant detoxification","0/114","89/18842",0,0,-0.737765472975354,1,1,1,"",0
"GO:0098876","vesicle-mediated transport to the plasma membrane","0/114","172/18842",0,0,-1.02789975983425,1,1,1,"",0
"GO:0098877","neurotransmitter receptor transport to plasma membrane","0/114","14/18842",0,0,-0.292025397077866,1,1,1,"",0
"GO:0098880","maintenance of postsynaptic specialization structure","0/114","12/18842",0,0,-0.270348623779636,1,1,1,"",0
"GO:0098883","synapse pruning","0/114","21/18842",0,0,-0.357723111916923,1,1,1,"",0
"GO:0098884","postsynaptic neurotransmitter receptor internalization","0/114","36/18842",0,0,-0.468556249314519,1,1,1,"",0
"GO:0098885","modification of postsynaptic actin cytoskeleton","0/114","19/18842",0,0,-0.340244473235715,1,1,1,"",0
"GO:0098887","neurotransmitter receptor transport, endosome to postsynaptic membrane","0/114","10/18842",0,0,-0.246780294040919,1,1,1,"",0
"GO:0098903","regulation of membrane repolarization during action potential","0/114","12/18842",0,0,-0.270348623779636,1,1,1,"",0
"GO:0098908","regulation of neuronal action potential","0/114","10/18842",0,0,-0.246780294040919,1,1,1,"",0
"GO:0098915","membrane repolarization during ventricular cardiac muscle cell action potential","0/114","19/18842",0,0,-0.340244473235715,1,1,1,"",0
"GO:0098917","retrograde trans-synaptic signaling","0/114","10/18842",0,0,-0.246780294040919,1,1,1,"",0
"GO:0098926","postsynaptic signal transduction","0/114","52/18842",0,0,-0.563374235674815,1,1,1,"",0
"GO:0098930","axonal transport","0/114","65/18842",0,0,-0.63008954763278,1,1,1,"",0
"GO:0098935","dendritic transport","0/114","17/18842",0,0,-0.321821954707169,1,1,1,"",0
"GO:0098937","anterograde dendritic transport","0/114","11/18842",0,0,-0.258832228173978,1,1,1,"",0
"GO:0098953","receptor diffusion trapping","0/114","11/18842",0,0,-0.258832228173978,1,1,1,"",0
"GO:0098969","neurotransmitter receptor transport to postsynaptic membrane","0/114","14/18842",0,0,-0.292025397077866,1,1,1,"",0
"GO:0098970","postsynaptic neurotransmitter receptor diffusion trapping","0/114","11/18842",0,0,-0.258832228173978,1,1,1,"",0
"GO:0098974","postsynaptic actin cytoskeleton organization","0/114","20/18842",0,0,-0.349092737116259,1,1,1,"",0
"GO:0098976","excitatory chemical synaptic transmission","0/114","10/18842",0,0,-0.246780294040919,1,1,1,"",0
"GO:0099010","modification of postsynaptic structure","0/114","34/18842",0,0,-0.455330613621119,1,1,1,"",0
"GO:0099022","vesicle tethering","0/114","32/18842",0,0,-0.441712095184957,1,1,1,"",0
"GO:0099054","presynapse assembly","0/114","46/18842",0,0,-0.529791392159388,1,1,1,"",0
"GO:0099068","postsynapse assembly","0/114","85/18842",0,0,-0.72091900356193,1,1,1,"",0
"GO:0099084","postsynaptic specialization organization","0/114","57/18842",0,0,-0.58991647916762,1,1,1,"",0
"GO:0099111","microtubule-based transport","0/114","212/18842",0,0,-1.14240528382457,1,1,1,"",0
"GO:0099116","tRNA 5'-end processing","0/114","16/18842",0,0,-0.312204863557539,1,1,1,"",0
"GO:0099118","microtubule-based protein transport","0/114","23/18842",0,0,-0.37439009208877,1,1,1,"",0
"GO:0099149","regulation of postsynaptic neurotransmitter receptor internalization","0/114","28/18842",0,0,-0.413139905591141,1,1,1,"",0
"GO:0099150","regulation of postsynaptic specialization assembly","0/114","20/18842",0,0,-0.349092737116259,1,1,1,"",0
"GO:0099151","regulation of postsynaptic density assembly","0/114","16/18842",0,0,-0.312204863557539,1,1,1,"",0
"GO:0099159","regulation of modification of postsynaptic structure","0/114","14/18842",0,0,-0.292025397077866,1,1,1,"",0
"GO:0099170","postsynaptic modulation of chemical synaptic transmission","0/114","32/18842",0,0,-0.441712095184957,1,1,1,"",0
"GO:0099171","presynaptic modulation of chemical synaptic transmission","0/114","38/18842",0,0,-0.481421384106586,1,1,1,"",0
"GO:0099172","presynapse organization","0/114","56/18842",0,0,-0.584703313002456,1,1,1,"",0
"GO:0099173","postsynapse organization","0/114","237/18842",0,0,-1.20869864691526,1,1,1,"",0
"GO:0099174","regulation of presynapse organization","0/114","33/18842",0,0,-0.448572677074785,1,1,1,"",0
"GO:0099175","regulation of postsynapse organization","0/114","144/18842",0,0,-0.939814991552291,1,1,1,"",0
"GO:0099188","postsynaptic cytoskeleton organization","0/114","25/18842",0,0,-0.390349396257243,1,1,1,"",0
"GO:0099505","regulation of presynaptic membrane potential","0/114","28/18842",0,0,-0.413139905591141,1,1,1,"",0
"GO:0099509","regulation of presynaptic cytosolic calcium ion concentration","0/114","15/18842",0,0,-0.302283031058143,1,1,1,"",0
"GO:0099514","synaptic vesicle cytoskeletal transport","0/114","19/18842",0,0,-0.340244473235715,1,1,1,"",0
"GO:0099517","synaptic vesicle transport along microtubule","0/114","19/18842",0,0,-0.340244473235715,1,1,1,"",0
"GO:0099518","vesicle cytoskeletal trafficking","0/114","57/18842",0,0,-0.58991647916762,1,1,1,"",0
"GO:0099519","dense core granule cytoskeletal transport","0/114","10/18842",0,0,-0.246780294040919,1,1,1,"",0
"GO:0099545","trans-synaptic signaling by trans-synaptic complex","0/114","13/18842",0,0,-0.281395241154067,1,1,1,"",0
"GO:0099550","trans-synaptic signaling, modulating synaptic transmission","0/114","26/18842",0,0,-0.398090415813405,1,1,1,"",0
"GO:0099558","maintenance of synapse structure","0/114","34/18842",0,0,-0.455330613621119,1,1,1,"",0
"GO:0099560","synaptic membrane adhesion","0/114","35/18842",0,0,-0.461990409406869,1,1,1,"",0
"GO:0099563","modification of synaptic structure","0/114","41/18842",0,0,-0.500103799131059,1,1,1,"",0
"GO:0099565","chemical synaptic transmission, postsynaptic","0/114","113/18842",0,0,-0.831841583898776,1,1,1,"",0
"GO:0099590","neurotransmitter receptor internalization","0/114","36/18842",0,0,-0.468556249314519,1,1,1,"",0
"GO:0099601","regulation of neurotransmitter receptor activity","0/114","18/18842",0,0,-0.331160855290318,1,1,1,"",0
"GO:0099622","cardiac muscle cell membrane repolarization","0/114","40/18842",0,0,-0.493954187592607,1,1,1,"",0
"GO:0099623","regulation of cardiac muscle cell membrane repolarization","0/114","28/18842",0,0,-0.413139905591141,1,1,1,"",0
"GO:0099624","atrial cardiac muscle cell membrane repolarization","0/114","11/18842",0,0,-0.258832228173978,1,1,1,"",0
"GO:0099625","ventricular cardiac muscle cell membrane repolarization","0/114","29/18842",0,0,-0.420463858404088,1,1,1,"",0
"GO:0099628","neurotransmitter receptor diffusion trapping","0/114","11/18842",0,0,-0.258832228173978,1,1,1,"",0
"GO:0099637","neurotransmitter receptor transport","0/114","18/18842",0,0,-0.331160855290318,1,1,1,"",0
"GO:0099638","endosome to plasma membrane protein transport","0/114","17/18842",0,0,-0.321821954707169,1,1,1,"",0
"GO:0099639","neurotransmitter receptor transport, endosome to plasma membrane","0/114","10/18842",0,0,-0.246780294040919,1,1,1,"",0
"GO:0099640","axo-dendritic protein transport","0/114","12/18842",0,0,-0.270348623779636,1,1,1,"",0
"GO:0101024","mitotic nuclear membrane organization","0/114","10/18842",0,0,-0.246780294040919,1,1,1,"",0
"GO:0106014","regulation of inflammatory response to wounding","0/114","13/18842",0,0,-0.281395241154067,1,1,1,"",0
"GO:0106015","negative regulation of inflammatory response to wounding","0/114","10/18842",0,0,-0.246780294040919,1,1,1,"",0
"GO:0106027","neuron projection organization","0/114","92/18842",0,0,-0.750156674508245,1,1,1,"",0
"GO:0106030","neuron projection fasciculation","0/114","17/18842",0,0,-0.321821954707169,1,1,1,"",0
"GO:0106049","regulation of cellular response to osmotic stress","0/114","10/18842",0,0,-0.246780294040919,1,1,1,"",0
"GO:0106056","regulation of calcineurin-mediated signaling","0/114","35/18842",0,0,-0.461990409406869,1,1,1,"",0
"GO:0106057","negative regulation of calcineurin-mediated signaling","0/114","12/18842",0,0,-0.270348623779636,1,1,1,"",0
"GO:0106058","positive regulation of calcineurin-mediated signaling","0/114","20/18842",0,0,-0.349092737116259,1,1,1,"",0
"GO:0106070","regulation of adenylate cyclase-activating G protein-coupled receptor signaling pathway","0/114","20/18842",0,0,-0.349092737116259,1,1,1,"",0
"GO:0106072","negative regulation of adenylate cyclase-activating G protein-coupled receptor signaling pathway","0/114","14/18842",0,0,-0.292025397077866,1,1,1,"",0
"GO:0106074","aminoacyl-tRNA metabolism involved in translational fidelity","0/114","13/18842",0,0,-0.281395241154067,1,1,1,"",0
"GO:0106118","regulation of sterol biosynthetic process","0/114","33/18842",0,0,-0.448572677074785,1,1,1,"",0
"GO:0106119","negative regulation of sterol biosynthetic process","0/114","12/18842",0,0,-0.270348623779636,1,1,1,"",0
"GO:0106120","positive regulation of sterol biosynthetic process","0/114","17/18842",0,0,-0.321821954707169,1,1,1,"",0
"GO:0106300","protein-DNA covalent cross-linking repair","0/114","10/18842",0,0,-0.246780294040919,1,1,1,"",0
"GO:0110025","DNA strand resection involved in replication fork processing","0/114","10/18842",0,0,-0.246780294040919,1,1,1,"",0
"GO:0110075","regulation of ferroptosis","0/114","30/18842",0,0,-0.427663161774826,1,1,1,"",0
"GO:0110076","negative regulation of ferroptosis","0/114","19/18842",0,0,-0.340244473235715,1,1,1,"",0
"GO:0110095","cellular detoxification of aldehyde","0/114","13/18842",0,0,-0.281395241154067,1,1,1,"",0
"GO:0110154","RNA decapping","0/114","27/18842",0,0,-0.405684552256011,1,1,1,"",0
"GO:0110156","mRNA methylguanosine-cap decapping","0/114","23/18842",0,0,-0.37439009208877,1,1,1,"",0
"GO:0120009","intermembrane lipid transfer","0/114","50/18842",0,0,-0.55240449061185,1,1,1,"",0
"GO:0120033","negative regulation of plasma membrane bounded cell projection assembly","0/114","47/18842",0,0,-0.535533279253734,1,1,1,"",0
"GO:0120034","positive regulation of plasma membrane bounded cell projection assembly","0/114","108/18842",0,0,-0.813121266662072,1,1,1,"",0
"GO:0120163","negative regulation of cold-induced thermogenesis","0/114","48/18842",0,0,-0.541214853935104,1,1,1,"",0
"GO:0120261","regulation of heterochromatin organization","0/114","15/18842",0,0,-0.302283031058143,1,1,1,"",0
"GO:0120262","negative regulation of heterochromatin organization","0/114","10/18842",0,0,-0.246780294040919,1,1,1,"",0
"GO:0120316","sperm flagellum assembly","0/114","47/18842",0,0,-0.535533279253734,1,1,1,"",0
"GO:0140013","meiotic nuclear division","0/114","166/18842",0,0,-1.00964991139417,1,1,1,"",0
"GO:0140042","lipid droplet formation","0/114","17/18842",0,0,-0.321821954707169,1,1,1,"",0
"GO:0140052","cellular response to oxidised low-density lipoprotein particle stimulus","0/114","13/18842",0,0,-0.281395241154067,1,1,1,"",0
"GO:0140053","mitochondrial gene expression","0/114","170/18842",0,0,-1.02185139333474,1,1,1,"",0
"GO:0140056","organelle localization by membrane tethering","0/114","76/18842",0,0,-0.681521624211709,1,1,1,"",0
"GO:0140058","neuron projection arborization","0/114","30/18842",0,0,-0.427663161774826,1,1,1,"",0
"GO:0140105","interleukin-10-mediated signaling pathway","0/114","12/18842",0,0,-0.270348623779636,1,1,1,"",0
"GO:0140112","extracellular vesicle biogenesis","0/114","23/18842",0,0,-0.37439009208877,1,1,1,"",0
"GO:0140131","positive regulation of lymphocyte chemotaxis","0/114","17/18842",0,0,-0.321821954707169,1,1,1,"",0
"GO:0140239","postsynaptic endocytosis","0/114","36/18842",0,0,-0.468556249314519,1,1,1,"",0
"GO:0140253","cell-cell fusion","0/114","89/18842",0,0,-0.737765472975354,1,1,1,"",0
"GO:0140354","lipid import into cell","0/114","20/18842",0,0,-0.349092737116259,1,1,1,"",0
"GO:0140367","antibacterial innate immune response","0/114","18/18842",0,0,-0.331160855290318,1,1,1,"",0
"GO:0140374","antiviral innate immune response","0/114","73/18842",0,0,-0.667881729342805,1,1,1,"",0
"GO:0140448","signaling receptor ligand precursor processing","0/114","41/18842",0,0,-0.500103799131059,1,1,1,"",0
"GO:0140467","integrated stress response signaling","0/114","53/18842",0,0,-0.568780634921216,1,1,1,"",0
"GO:0140507","granzyme-mediated programmed cell death signaling pathway","0/114","11/18842",0,0,-0.258832228173978,1,1,1,"",0
"GO:0140527","reciprocal homologous recombination","0/114","61/18842",0,0,-0.610329358594873,1,1,1,"",0
"GO:0140588","chromatin looping","0/114","17/18842",0,0,-0.321821954707169,1,1,1,"",0
"GO:0140627","ubiquitin-dependent protein catabolic process via the C-end degron rule pathway","0/114","16/18842",0,0,-0.312204863557539,1,1,1,"",0
"GO:0140632","canonical inflammasome complex assembly","0/114","54/18842",0,0,-0.57413669406689,1,1,1,"",0
"GO:0140673","transcription elongation-coupled chromatin remodeling","0/114","15/18842",0,0,-0.302283031058143,1,1,1,"",0
"GO:0140718","facultative heterochromatin formation","0/114","16/18842",0,0,-0.312204863557539,1,1,1,"",0
"GO:0140888","interferon-mediated signaling pathway","0/114","105/18842",0,0,-0.801684194210287,1,1,1,"",0
"GO:0140894","endolysosomal toll-like receptor signaling pathway","0/114","53/18842",0,0,-0.568780634921216,1,1,1,"",0
"GO:0140896","cGAS/STING signaling pathway","0/114","29/18842",0,0,-0.420463858404088,1,1,1,"",0
"GO:0140966","piRNA-mediated heterochromatin formation","0/114","16/18842",0,0,-0.312204863557539,1,1,1,"",0
"GO:0141005","transposable element silencing by heterochromatin formation","0/114","24/18842",0,0,-0.382452574606899,1,1,1,"",0
"GO:0141060","disruption of anatomical structure in another organism","0/114","115/18842",0,0,-0.839215535793769,1,1,1,"",0
"GO:0141061","disruption of cell in another organism","0/114","111/18842",0,0,-0.82440327347213,1,1,1,"",0
"GO:0141084","inflammasome-mediated signaling pathway","0/114","59/18842",0,0,-0.600208617717198,1,1,1,"",0
"GO:0141085","regulation of inflammasome-mediated signaling pathway","0/114","52/18842",0,0,-0.563374235674815,1,1,1,"",0
"GO:0141086","negative regulation of inflammasome-mediated signaling pathway","0/114","20/18842",0,0,-0.349092737116259,1,1,1,"",0
"GO:0141087","positive regulation of inflammasome-mediated signaling pathway","0/114","30/18842",0,0,-0.427663161774826,1,1,1,"",0
"GO:0141161","regulation of cAMP/PKA signal transduction","0/114","50/18842",0,0,-0.55240449061185,1,1,1,"",0
"GO:0141162","negative regulation of cAMP/PKA signal transduction","0/114","29/18842",0,0,-0.420463858404088,1,1,1,"",0
"GO:0141163","positive regulation of cAMP/PKA signal transduction","0/114","19/18842",0,0,-0.340244473235715,1,1,1,"",0
"GO:0141176","gene silencing by piRNA-directed DNA methylation","0/114","15/18842",0,0,-0.302283031058143,1,1,1,"",0
"GO:0141196","transposable element silencing by piRNA-mediated DNA methylation","0/114","15/18842",0,0,-0.302283031058143,1,1,1,"",0
"GO:0141198","protein branched polyubiquitination","0/114","19/18842",0,0,-0.340244473235715,1,1,1,"",0
"GO:0150011","regulation of neuron projection arborization","0/114","15/18842",0,0,-0.302283031058143,1,1,1,"",0
"GO:0150052","regulation of postsynapse assembly","0/114","44/18842",0,0,-0.518118638610383,1,1,1,"",0
"GO:0150076","neuroinflammatory response","0/114","80/18842",0,0,-0.699300965396333,1,1,1,"",0
"GO:0150077","regulation of neuroinflammatory response","0/114","45/18842",0,0,-0.523987209834246,1,1,1,"",0
"GO:0150078","positive regulation of neuroinflammatory response","0/114","21/18842",0,0,-0.357723111916923,1,1,1,"",0
"GO:0150079","negative regulation of neuroinflammatory response","0/114","19/18842",0,0,-0.340244473235715,1,1,1,"",0
"GO:0160020","positive regulation of ferroptosis","0/114","10/18842",0,0,-0.246780294040919,1,1,1,"",0
"GO:0160049","negative regulation of cGAS/STING signaling pathway","0/114","16/18842",0,0,-0.312204863557539,1,1,1,"",0
"GO:0160165","CD8-positive, alpha-beta T cell homeostasis","0/114","15/18842",0,0,-0.302283031058143,1,1,1,"",0
"GO:0160240","RNA polymerase II transcription initiation surveillance","0/114","19/18842",0,0,-0.340244473235715,1,1,1,"",0
"GO:0160257","complement activation, GZMK pathway","0/114","12/18842",0,0,-0.270348623779636,1,1,1,"",0
"GO:0170034","L-amino acid biosynthetic process","0/114","46/18842",0,0,-0.529791392159388,1,1,1,"",0
"GO:0170038","proteinogenic amino acid biosynthetic process","0/114","50/18842",0,0,-0.55240449061185,1,1,1,"",0
"GO:0170043","non-proteinogenic amino acid biosynthetic process","0/114","14/18842",0,0,-0.292025397077866,1,1,1,"",0
"GO:0170044","non-proteinogenic amino acid catabolic process","0/114","20/18842",0,0,-0.349092737116259,1,1,1,"",0
"GO:0170062","nutrient storage","0/114","87/18842",0,0,-0.729389978789527,1,1,1,"",0
"GO:0180012","co-transcriptional RNA 3'-end processing, cleavage and polyadenylation pathway","0/114","11/18842",0,0,-0.258832228173978,1,1,1,"",0
"GO:0180064","protein O-linked glycosylation via xylose","0/114","55/18842",0,0,-0.579443809151722,1,1,1,"",0
"GO:1900006","positive regulation of dendrite development","0/114","15/18842",0,0,-0.302283031058143,1,1,1,"",0
"GO:1900015","regulation of cytokine production involved in inflammatory response","0/114","85/18842",0,0,-0.72091900356193,1,1,1,"",0
"GO:1900016","negative regulation of cytokine production involved in inflammatory response","0/114","46/18842",0,0,-0.529791392159388,1,1,1,"",0
"GO:1900017","positive regulation of cytokine production involved in inflammatory response","0/114","35/18842",0,0,-0.461990409406869,1,1,1,"",0
"GO:1900026","positive regulation of substrate adhesion-dependent cell spreading","0/114","39/18842",0,0,-0.48772771009869,1,1,1,"",0
"GO:1900027","regulation of ruffle assembly","0/114","27/18842",0,0,-0.405684552256011,1,1,1,"",0
"GO:1900029","positive regulation of ruffle assembly","0/114","15/18842",0,0,-0.302283031058143,1,1,1,"",0
"GO:1900034","regulation of cellular response to heat","0/114","16/18842",0,0,-0.312204863557539,1,1,1,"",0
"GO:1900037","regulation of cellular response to hypoxia","0/114","24/18842",0,0,-0.382452574606899,1,1,1,"",0
"GO:1900038","negative regulation of cellular response to hypoxia","0/114","12/18842",0,0,-0.270348623779636,1,1,1,"",0
"GO:1900044","regulation of protein K63-linked ubiquitination","0/114","14/18842",0,0,-0.292025397077866,1,1,1,"",0
"GO:1900048","positive regulation of hemostasis","0/114","26/18842",0,0,-0.398090415813405,1,1,1,"",0
"GO:1900076","regulation of cellular response to insulin stimulus","0/114","67/18842",0,0,-0.639743863273894,1,1,1,"",0
"GO:1900077","negative regulation of cellular response to insulin stimulus","0/114","41/18842",0,0,-0.500103799131059,1,1,1,"",0
"GO:1900078","positive regulation of cellular response to insulin stimulus","0/114","22/18842",0,0,-0.366151005389014,1,1,1,"",0
"GO:1900087","positive regulation of G1/S transition of mitotic cell cycle","0/114","51/18842",0,0,-0.557916032797441,1,1,1,"",0
"GO:1900101","regulation of endoplasmic reticulum unfolded protein response","0/114","38/18842",0,0,-0.481421384106586,1,1,1,"",0
"GO:1900102","negative regulation of endoplasmic reticulum unfolded protein response","0/114","22/18842",0,0,-0.366151005389014,1,1,1,"",0
"GO:1900103","positive regulation of endoplasmic reticulum unfolded protein response","0/114","14/18842",0,0,-0.292025397077866,1,1,1,"",0
"GO:1900117","regulation of execution phase of apoptosis","0/114","38/18842",0,0,-0.481421384106586,1,1,1,"",0
"GO:1900118","negative regulation of execution phase of apoptosis","0/114","20/18842",0,0,-0.349092737116259,1,1,1,"",0
"GO:1900119","positive regulation of execution phase of apoptosis","0/114","20/18842",0,0,-0.349092737116259,1,1,1,"",0
"GO:1900151","regulation of nuclear-transcribed mRNA catabolic process, deadenylation-dependent decay","0/114","24/18842",0,0,-0.382452574606899,1,1,1,"",0
"GO:1900152","negative regulation of nuclear-transcribed mRNA catabolic process, deadenylation-dependent decay","0/114","12/18842",0,0,-0.270348623779636,1,1,1,"",0
"GO:1900153","positive regulation of nuclear-transcribed mRNA catabolic process, deadenylation-dependent decay","0/114","13/18842",0,0,-0.281395241154067,1,1,1,"",0
"GO:1900221","regulation of amyloid-beta clearance","0/114","19/18842",0,0,-0.340244473235715,1,1,1,"",0
"GO:1900222","negative regulation of amyloid-beta clearance","0/114","11/18842",0,0,-0.258832228173978,1,1,1,"",0
"GO:1900225","regulation of NLRP3 inflammasome complex assembly","0/114","47/18842",0,0,-0.535533279253734,1,1,1,"",0
"GO:1900226","negative regulation of NLRP3 inflammasome complex assembly","0/114","16/18842",0,0,-0.312204863557539,1,1,1,"",0
"GO:1900227","positive regulation of NLRP3 inflammasome complex assembly","0/114","29/18842",0,0,-0.420463858404088,1,1,1,"",0
"GO:1900246","positive regulation of RIG-I signaling pathway","0/114","11/18842",0,0,-0.258832228173978,1,1,1,"",0
"GO:1900271","regulation of long-term synaptic potentiation","0/114","42/18842",0,0,-0.506179346375384,1,1,1,"",0
"GO:1900272","negative regulation of long-term synaptic potentiation","0/114","13/18842",0,0,-0.281395241154067,1,1,1,"",0
"GO:1900273","positive regulation of long-term synaptic potentiation","0/114","24/18842",0,0,-0.382452574606899,1,1,1,"",0
"GO:1900368","regulation of post-transcriptional gene silencing by regulatory ncRNA","0/114","32/18842",0,0,-0.441712095184957,1,1,1,"",0
"GO:1900369","negative regulation of post-transcriptional gene silencing by regulatory ncRNA","0/114","16/18842",0,0,-0.312204863557539,1,1,1,"",0
"GO:1900370","positive regulation of post-transcriptional gene silencing by RNA","0/114","11/18842",0,0,-0.258832228173978,1,1,1,"",0
"GO:1900371","regulation of purine nucleotide biosynthetic process","0/114","25/18842",0,0,-0.390349396257243,1,1,1,"",0
"GO:1900373","positive regulation of purine nucleotide biosynthetic process","0/114","16/18842",0,0,-0.312204863557539,1,1,1,"",0
"GO:1900376","regulation of secondary metabolite biosynthetic process","0/114","17/18842",0,0,-0.321821954707169,1,1,1,"",0
"GO:1900378","positive regulation of secondary metabolite biosynthetic process","0/114","12/18842",0,0,-0.270348623779636,1,1,1,"",0
"GO:1900407","regulation of cellular response to oxidative stress","0/114","18/18842",0,0,-0.331160855290318,1,1,1,"",0
"GO:1900424","regulation of defense response to bacterium","0/114","18/18842",0,0,-0.331160855290318,1,1,1,"",0
"GO:1900426","positive regulation of defense response to bacterium","0/114","12/18842",0,0,-0.270348623779636,1,1,1,"",0
"GO:1900449","regulation of glutamate receptor signaling pathway","0/114","14/18842",0,0,-0.292025397077866,1,1,1,"",0
"GO:1900451","positive regulation of glutamate receptor signaling pathway","0/114","11/18842",0,0,-0.258832228173978,1,1,1,"",0
"GO:1900452","regulation of long-term synaptic depression","0/114","15/18842",0,0,-0.302283031058143,1,1,1,"",0
"GO:1900544","positive regulation of purine nucleotide metabolic process","0/114","39/18842",0,0,-0.48772771009869,1,1,1,"",0
"GO:1900744","regulation of p38MAPK cascade","0/114","40/18842",0,0,-0.493954187592607,1,1,1,"",0
"GO:1900745","positive regulation of p38MAPK cascade","0/114","27/18842",0,0,-0.405684552256011,1,1,1,"",0
"GO:1900746","regulation of vascular endothelial growth factor signaling pathway","0/114","34/18842",0,0,-0.455330613621119,1,1,1,"",0
"GO:1900747","negative regulation of vascular endothelial growth factor signaling pathway","0/114","17/18842",0,0,-0.321821954707169,1,1,1,"",0
"GO:1900748","positive regulation of vascular endothelial growth factor signaling pathway","0/114","14/18842",0,0,-0.292025397077866,1,1,1,"",0
"GO:1900864","mitochondrial RNA modification","0/114","17/18842",0,0,-0.321821954707169,1,1,1,"",0
"GO:1901020","negative regulation of calcium ion transmembrane transporter activity","0/114","12/18842",0,0,-0.270348623779636,1,1,1,"",0
"GO:1901028","regulation of mitochondrial outer membrane permeabilization involved in apoptotic signaling pathway","0/114","19/18842",0,0,-0.340244473235715,1,1,1,"",0
"GO:1901029","negative regulation of mitochondrial outer membrane permeabilization involved in apoptotic signaling pathway","0/114","10/18842",0,0,-0.246780294040919,1,1,1,"",0
"GO:1901031","regulation of response to reactive oxygen species","0/114","10/18842",0,0,-0.246780294040919,1,1,1,"",0
"GO:1901072","glucosamine-containing compound catabolic process","0/114","10/18842",0,0,-0.246780294040919,1,1,1,"",0
"GO:1901077","regulation of relaxation of muscle","0/114","18/18842",0,0,-0.331160855290318,1,1,1,"",0
"GO:1901096","regulation of autophagosome maturation","0/114","17/18842",0,0,-0.321821954707169,1,1,1,"",0
"GO:1901142","insulin metabolic process","0/114","14/18842",0,0,-0.292025397077866,1,1,1,"",0
"GO:1901163","regulation of trophoblast cell migration","0/114","17/18842",0,0,-0.321821954707169,1,1,1,"",0
"GO:1901186","positive regulation of ERBB signaling pathway","0/114","34/18842",0,0,-0.455330613621119,1,1,1,"",0
"GO:1901201","regulation of extracellular matrix assembly","0/114","21/18842",0,0,-0.357723111916923,1,1,1,"",0
"GO:1901202","negative regulation of extracellular matrix assembly","0/114","11/18842",0,0,-0.258832228173978,1,1,1,"",0
"GO:1901223","negative regulation of non-canonical NF-kappaB signal transduction","0/114","42/18842",0,0,-0.506179346375384,1,1,1,"",0
"GO:1901264","carbohydrate derivative transport","0/114","92/18842",0,0,-0.750156674508245,1,1,1,"",0
"GO:1901298","regulation of hydrogen peroxide-mediated programmed cell death","0/114","18/18842",0,0,-0.331160855290318,1,1,1,"",0
"GO:1901299","negative regulation of hydrogen peroxide-mediated programmed cell death","0/114","14/18842",0,0,-0.292025397077866,1,1,1,"",0
"GO:1901317","regulation of flagellated sperm motility","0/114","23/18842",0,0,-0.37439009208877,1,1,1,"",0
"GO:1901329","regulation of odontoblast differentiation","0/114","11/18842",0,0,-0.258832228173978,1,1,1,"",0
"GO:1901334","lactone metabolic process","0/114","10/18842",0,0,-0.246780294040919,1,1,1,"",0
"GO:1901381","positive regulation of potassium ion transmembrane transport","0/114","24/18842",0,0,-0.382452574606899,1,1,1,"",0
"GO:1901385","regulation of voltage-gated calcium channel activity","0/114","13/18842",0,0,-0.281395241154067,1,1,1,"",0
"GO:1901503","ether biosynthetic process","0/114","13/18842",0,0,-0.281395241154067,1,1,1,"",0
"GO:1901523","icosanoid catabolic process","0/114","10/18842",0,0,-0.246780294040919,1,1,1,"",0
"GO:1901524","regulation of mitophagy","0/114","46/18842",0,0,-0.529791392159388,1,1,1,"",0
"GO:1901526","positive regulation of mitophagy","0/114","23/18842",0,0,-0.37439009208877,1,1,1,"",0
"GO:1901550","regulation of endothelial cell development","0/114","17/18842",0,0,-0.321821954707169,1,1,1,"",0
"GO:1901569","fatty acid derivative catabolic process","0/114","20/18842",0,0,-0.349092737116259,1,1,1,"",0
"GO:1901607","alpha-amino acid biosynthetic process","0/114","56/18842",0,0,-0.584703313002456,1,1,1,"",0
"GO:1901658","glycosyl compound catabolic process","0/114","21/18842",0,0,-0.357723111916923,1,1,1,"",0
"GO:1901659","glycosyl compound biosynthetic process","0/114","25/18842",0,0,-0.390349396257243,1,1,1,"",0
"GO:1901661","quinone metabolic process","0/114","23/18842",0,0,-0.37439009208877,1,1,1,"",0
"GO:1901663","quinone biosynthetic process","0/114","19/18842",0,0,-0.340244473235715,1,1,1,"",0
"GO:1901673","regulation of mitotic spindle assembly","0/114","25/18842",0,0,-0.390349396257243,1,1,1,"",0
"GO:1901678","iron coordination entity transport","0/114","11/18842",0,0,-0.258832228173978,1,1,1,"",0
"GO:1901679","nucleotide transmembrane transport","0/114","27/18842",0,0,-0.405684552256011,1,1,1,"",0
"GO:1901731","positive regulation of platelet aggregation","0/114","12/18842",0,0,-0.270348623779636,1,1,1,"",0
"GO:1901739","regulation of myoblast fusion","0/114","58/18842",0,0,-0.595084525543044,1,1,1,"",0
"GO:1901740","negative regulation of myoblast fusion","0/114","47/18842",0,0,-0.535533279253734,1,1,1,"",0
"GO:1901796","regulation of signal transduction by p53 class mediator","0/114","111/18842",0,0,-0.82440327347213,1,1,1,"",0
"GO:1901797","negative regulation of signal transduction by p53 class mediator","0/114","40/18842",0,0,-0.493954187592607,1,1,1,"",0
"GO:1901798","positive regulation of signal transduction by p53 class mediator","0/114","38/18842",0,0,-0.481421384106586,1,1,1,"",0
"GO:1901799","negative regulation of proteasomal protein catabolic process","0/114","59/18842",0,0,-0.600208617717198,1,1,1,"",0
"GO:1901836","regulation of transcription of nucleolar large rRNA by RNA polymerase I","0/114","15/18842",0,0,-0.302283031058143,1,1,1,"",0
"GO:1901838","positive regulation of transcription of nucleolar large rRNA by RNA polymerase I","0/114","11/18842",0,0,-0.258832228173978,1,1,1,"",0
"GO:1901844","regulation of cell communication by electrical coupling involved in cardiac conduction","0/114","11/18842",0,0,-0.258832228173978,1,1,1,"",0
"GO:1901847","nicotinate metabolic process","0/114","12/18842",0,0,-0.270348623779636,1,1,1,"",0
"GO:1901856","negative regulation of cellular respiration","0/114","11/18842",0,0,-0.258832228173978,1,1,1,"",0
"GO:1901857","positive regulation of cellular respiration","0/114","15/18842",0,0,-0.302283031058143,1,1,1,"",0
"GO:1901861","regulation of muscle tissue development","0/114","28/18842",0,0,-0.413139905591141,1,1,1,"",0
"GO:1901863","positive regulation of muscle tissue development","0/114","14/18842",0,0,-0.292025397077866,1,1,1,"",0
"GO:1901874","negative regulation of post-translational protein modification","0/114","84/18842",0,0,-0.716646653790518,1,1,1,"",0
"GO:1901881","positive regulation of protein depolymerization","0/114","19/18842",0,0,-0.340244473235715,1,1,1,"",0
"GO:1901890","positive regulation of cell junction assembly","0/114","95/18842",0,0,-0.762350365864638,1,1,1,"",0
"GO:1901950","dense core granule transport","0/114","10/18842",0,0,-0.246780294040919,1,1,1,"",0
"GO:1901970","positive regulation of mitotic sister chromatid separation","0/114","22/18842",0,0,-0.366151005389014,1,1,1,"",0
"GO:1901976","regulation of cell cycle checkpoint","0/114","56/18842",0,0,-0.584703313002456,1,1,1,"",0
"GO:1901978","positive regulation of cell cycle checkpoint","0/114","26/18842",0,0,-0.398090415813405,1,1,1,"",0
"GO:1901989","positive regulation of cell cycle phase transition","0/114","110/18842",0,0,-0.820659437364772,1,1,1,"",0
"GO:1901992","positive regulation of mitotic cell cycle phase transition","0/114","91/18842",0,0,-0.746048702433775,1,1,1,"",0
"GO:1901993","regulation of meiotic cell cycle phase transition","0/114","13/18842",0,0,-0.281395241154067,1,1,1,"",0
"GO:1902001","fatty acid transmembrane transport","0/114","20/18842",0,0,-0.349092737116259,1,1,1,"",0
"GO:1902003","regulation of amyloid-beta formation","0/114","51/18842",0,0,-0.557916032797441,1,1,1,"",0
"GO:1902004","positive regulation of amyloid-beta formation","0/114","21/18842",0,0,-0.357723111916923,1,1,1,"",0
"GO:1902017","regulation of cilium assembly","0/114","78/18842",0,0,-0.690467576265243,1,1,1,"",0
"GO:1902018","negative regulation of cilium assembly","0/114","27/18842",0,0,-0.405684552256011,1,1,1,"",0
"GO:1902019","regulation of cilium-dependent cell motility","0/114","31/18842",0,0,-0.434744008401426,1,1,1,"",0
"GO:1902036","regulation of hematopoietic stem cell differentiation","0/114","16/18842",0,0,-0.312204863557539,1,1,1,"",0
"GO:1902041","regulation of extrinsic apoptotic signaling pathway via death domain receptors","0/114","38/18842",0,0,-0.481421384106586,1,1,1,"",0
"GO:1902042","negative regulation of extrinsic apoptotic signaling pathway via death domain receptors","0/114","28/18842",0,0,-0.413139905591141,1,1,1,"",0
"GO:1902047","polyamine transmembrane transport","0/114","15/18842",0,0,-0.302283031058143,1,1,1,"",0
"GO:1902065","response to L-glutamate","0/114","17/18842",0,0,-0.321821954707169,1,1,1,"",0
"GO:1902093","positive regulation of flagellated sperm motility","0/114","15/18842",0,0,-0.302283031058143,1,1,1,"",0
"GO:1902099","regulation of metaphase/anaphase transition of cell cycle","0/114","103/18842",0,0,-0.79397002532922,1,1,1,"",0
"GO:1902100","negative regulation of metaphase/anaphase transition of cell cycle","0/114","60/18842",0,0,-0.605289872062366,1,1,1,"",0
"GO:1902101","positive regulation of metaphase/anaphase transition of cell cycle","0/114","19/18842",0,0,-0.340244473235715,1,1,1,"",0
"GO:1902108","regulation of mitochondrial membrane permeability involved in apoptotic process","0/114","37/18842",0,0,-0.475032029412254,1,1,1,"",0
"GO:1902110","positive regulation of mitochondrial membrane permeability involved in apoptotic process","0/114","30/18842",0,0,-0.427663161774826,1,1,1,"",0
"GO:1902115","regulation of organelle assembly","0/114","226/18842",0,0,-1.17996665475484,1,1,1,"",0
"GO:1902116","negative regulation of organelle assembly","0/114","49/18842",0,0,-0.546837996215799,1,1,1,"",0
"GO:1902117","positive regulation of organelle assembly","0/114","80/18842",0,0,-0.699300965396333,1,1,1,"",0
"GO:1902165","regulation of intrinsic apoptotic signaling pathway in response to DNA damage by p53 class mediator","0/114","16/18842",0,0,-0.312204863557539,1,1,1,"",0
"GO:1902166","negative regulation of intrinsic apoptotic signaling pathway in response to DNA damage by p53 class mediator","0/114","15/18842",0,0,-0.302283031058143,1,1,1,"",0
"GO:1902170","cellular response to reactive nitrogen species","0/114","15/18842",0,0,-0.302283031058143,1,1,1,"",0
"GO:1902175","regulation of oxidative stress-induced intrinsic apoptotic signaling pathway","0/114","47/18842",0,0,-0.535533279253734,1,1,1,"",0
"GO:1902176","negative regulation of oxidative stress-induced intrinsic apoptotic signaling pathway","0/114","35/18842",0,0,-0.461990409406869,1,1,1,"",0
"GO:1902229","regulation of intrinsic apoptotic signaling pathway in response to DNA damage","0/114","32/18842",0,0,-0.441712095184957,1,1,1,"",0
"GO:1902230","negative regulation of intrinsic apoptotic signaling pathway in response to DNA damage","0/114","28/18842",0,0,-0.413139905591141,1,1,1,"",0
"GO:1902235","regulation of endoplasmic reticulum stress-induced intrinsic apoptotic signaling pathway","0/114","33/18842",0,0,-0.448572677074785,1,1,1,"",0
"GO:1902236","negative regulation of endoplasmic reticulum stress-induced intrinsic apoptotic signaling pathway","0/114","19/18842",0,0,-0.340244473235715,1,1,1,"",0
"GO:1902237","positive regulation of endoplasmic reticulum stress-induced intrinsic apoptotic signaling pathway","0/114","10/18842",0,0,-0.246780294040919,1,1,1,"",0
"GO:1902253","regulation of intrinsic apoptotic signaling pathway by p53 class mediator","0/114","30/18842",0,0,-0.427663161774826,1,1,1,"",0
"GO:1902254","negative regulation of intrinsic apoptotic signaling pathway by p53 class mediator","0/114","21/18842",0,0,-0.357723111916923,1,1,1,"",0
"GO:1902275","regulation of chromatin organization","0/114","33/18842",0,0,-0.448572677074785,1,1,1,"",0
"GO:1902358","sulfate transmembrane transport","0/114","16/18842",0,0,-0.312204863557539,1,1,1,"",0
"GO:1902369","negative regulation of RNA catabolic process","0/114","104/18842",0,0,-0.797836227386193,1,1,1,"",0
"GO:1902373","negative regulation of mRNA catabolic process","0/114","91/18842",0,0,-0.746048702433775,1,1,1,"",0
"GO:1902410","mitotic cytokinetic process","0/114","39/18842",0,0,-0.48772771009869,1,1,1,"",0
"GO:1902412","regulation of mitotic cytokinesis","0/114","21/18842",0,0,-0.357723111916923,1,1,1,"",0
"GO:1902423","regulation of attachment of mitotic spindle microtubules to kinetochore","0/114","10/18842",0,0,-0.246780294040919,1,1,1,"",0
"GO:1902430","negative regulation of amyloid-beta formation","0/114","31/18842",0,0,-0.434744008401426,1,1,1,"",0
"GO:1902455","negative regulation of stem cell population maintenance","0/114","22/18842",0,0,-0.366151005389014,1,1,1,"",0
"GO:1902460","regulation of mesenchymal stem cell proliferation","0/114","10/18842",0,0,-0.246780294040919,1,1,1,"",0
"GO:1902473","regulation of protein localization to synapse","0/114","29/18842",0,0,-0.420463858404088,1,1,1,"",0
"GO:1902475","L-alpha-amino acid transmembrane transport","0/114","68/18842",0,0,-0.644517553192246,1,1,1,"",0
"GO:1902514","regulation of calcium ion transmembrane transport via high voltage-gated calcium channel","0/114","18/18842",0,0,-0.331160855290318,1,1,1,"",0
"GO:1902547","regulation of cellular response to vascular endothelial growth factor stimulus","0/114","36/18842",0,0,-0.468556249314519,1,1,1,"",0
"GO:1902548","negative regulation of cellular response to vascular endothelial growth factor stimulus","0/114","19/18842",0,0,-0.340244473235715,1,1,1,"",0
"GO:1902563","regulation of neutrophil activation","0/114","12/18842",0,0,-0.270348623779636,1,1,1,"",0
"GO:1902570","protein localization to nucleolus","0/114","22/18842",0,0,-0.366151005389014,1,1,1,"",0
"GO:1902633","1-phosphatidyl-1D-myo-inositol 4,5-bisphosphate metabolic process","0/114","11/18842",0,0,-0.258832228173978,1,1,1,"",0
"GO:1902645","tertiary alcohol biosynthetic process","0/114","12/18842",0,0,-0.270348623779636,1,1,1,"",0
"GO:1902652","secondary alcohol metabolic process","0/114","149/18842",0,0,-0.956119842635068,1,1,1,"",0
"GO:1902653","secondary alcohol biosynthetic process","0/114","66/18842",0,0,-0.634934798111144,1,1,1,"",0
"GO:1902656","calcium ion import into cytosol","0/114","42/18842",0,0,-0.506179346375384,1,1,1,"",0
"GO:1902667","regulation of axon guidance","0/114","10/18842",0,0,-0.246780294040919,1,1,1,"",0
"GO:1902683","regulation of receptor localization to synapse","0/114","30/18842",0,0,-0.427663161774826,1,1,1,"",0
"GO:1902686","mitochondrial outer membrane permeabilization involved in programmed cell death","0/114","32/18842",0,0,-0.441712095184957,1,1,1,"",0
"GO:1902692","regulation of neuroblast proliferation","0/114","20/18842",0,0,-0.349092737116259,1,1,1,"",0
"GO:1902742","apoptotic process involved in development","0/114","21/18842",0,0,-0.357723111916923,1,1,1,"",0
"GO:1902745","positive regulation of lamellipodium organization","0/114","34/18842",0,0,-0.455330613621119,1,1,1,"",0
"GO:1902749","regulation of cell cycle G2/M phase transition","0/114","110/18842",0,0,-0.820659437364772,1,1,1,"",0
"GO:1902750","negative regulation of cell cycle G2/M phase transition","0/114","74/18842",0,0,-0.672458616237011,1,1,1,"",0
"GO:1902751","positive regulation of cell cycle G2/M phase transition","0/114","26/18842",0,0,-0.398090415813405,1,1,1,"",0
"GO:1902774","late endosome to lysosome transport","0/114","22/18842",0,0,-0.366151005389014,1,1,1,"",0
"GO:1902775","mitochondrial large ribosomal subunit assembly","0/114","16/18842",0,0,-0.312204863557539,1,1,1,"",0
"GO:1902808","positive regulation of cell cycle G1/S phase transition","0/114","64/18842",0,0,-0.62520727046574,1,1,1,"",0
"GO:1902850","microtubule cytoskeleton organization involved in mitosis","0/114","160/18842",0,0,-0.991076110041332,1,1,1,"",0
"GO:1902882","regulation of response to oxidative stress","0/114","29/18842",0,0,-0.420463858404088,1,1,1,"",0
"GO:1902894","negative regulation of miRNA transcription","0/114","27/18842",0,0,-0.405684552256011,1,1,1,"",0
"GO:1902902","negative regulation of autophagosome assembly","0/114","11/18842",0,0,-0.258832228173978,1,1,1,"",0
"GO:1902914","regulation of protein polyubiquitination","0/114","27/18842",0,0,-0.405684552256011,1,1,1,"",0
"GO:1902916","positive regulation of protein polyubiquitination","0/114","15/18842",0,0,-0.302283031058143,1,1,1,"",0
"GO:1902931","negative regulation of alcohol biosynthetic process","0/114","17/18842",0,0,-0.321821954707169,1,1,1,"",0
"GO:1902932","positive regulation of alcohol biosynthetic process","0/114","31/18842",0,0,-0.434744008401426,1,1,1,"",0
"GO:1902946","protein localization to early endosome","0/114","13/18842",0,0,-0.281395241154067,1,1,1,"",0
"GO:1902950","regulation of dendritic spine maintenance","0/114","15/18842",0,0,-0.302283031058143,1,1,1,"",0
"GO:1902953","positive regulation of ER to Golgi vesicle-mediated transport","0/114","13/18842",0,0,-0.281395241154067,1,1,1,"",0
"GO:1902965","regulation of protein localization to early endosome","0/114","10/18842",0,0,-0.246780294040919,1,1,1,"",0
"GO:1902966","positive regulation of protein localization to early endosome","0/114","10/18842",0,0,-0.246780294040919,1,1,1,"",0
"GO:1902969","mitotic DNA replication","0/114","16/18842",0,0,-0.312204863557539,1,1,1,"",0
"GO:1902991","regulation of amyloid precursor protein catabolic process","0/114","59/18842",0,0,-0.600208617717198,1,1,1,"",0
"GO:1902992","negative regulation of amyloid precursor protein catabolic process","0/114","33/18842",0,0,-0.448572677074785,1,1,1,"",0
"GO:1902993","positive regulation of amyloid precursor protein catabolic process","0/114","26/18842",0,0,-0.398090415813405,1,1,1,"",0
"GO:1903008","organelle disassembly","0/114","76/18842",0,0,-0.681521624211709,1,1,1,"",0
"GO:1903020","positive regulation of glycoprotein metabolic process","0/114","19/18842",0,0,-0.340244473235715,1,1,1,"",0
"GO:1903027","regulation of opsonization","0/114","18/18842",0,0,-0.331160855290318,1,1,1,"",0
"GO:1903028","positive regulation of opsonization","0/114","16/18842",0,0,-0.312204863557539,1,1,1,"",0
"GO:1903044","protein localization to membrane raft","0/114","11/18842",0,0,-0.258832228173978,1,1,1,"",0
"GO:1903054","negative regulation of extracellular matrix organization","0/114","27/18842",0,0,-0.405684552256011,1,1,1,"",0
"GO:1903055","positive regulation of extracellular matrix organization","0/114","31/18842",0,0,-0.434744008401426,1,1,1,"",0
"GO:1903059","regulation of protein lipidation","0/114","10/18842",0,0,-0.246780294040919,1,1,1,"",0
"GO:1903078","positive regulation of protein localization to plasma membrane","0/114","64/18842",0,0,-0.62520727046574,1,1,1,"",0
"GO:1903083","protein localization to condensed chromosome","0/114","16/18842",0,0,-0.312204863557539,1,1,1,"",0
"GO:1903140","regulation of establishment of endothelial barrier","0/114","17/18842",0,0,-0.321821954707169,1,1,1,"",0
"GO:1903146","regulation of autophagy of mitochondrion","0/114","51/18842",0,0,-0.557916032797441,1,1,1,"",0
"GO:1903169","regulation of calcium ion transmembrane transport","0/114","136/18842",0,0,-0.91314067675481,1,1,1,"",0
"GO:1903170","negative regulation of calcium ion transmembrane transport","0/114","39/18842",0,0,-0.48772771009869,1,1,1,"",0
"GO:1903232","melanosome assembly","0/114","19/18842",0,0,-0.340244473235715,1,1,1,"",0
"GO:1903236","regulation of leukocyte tethering or rolling","0/114","15/18842",0,0,-0.302283031058143,1,1,1,"",0
"GO:1903238","positive regulation of leukocyte tethering or rolling","0/114","10/18842",0,0,-0.246780294040919,1,1,1,"",0
"GO:1903241","U2-type prespliceosome assembly","0/114","25/18842",0,0,-0.390349396257243,1,1,1,"",0
"GO:1903242","regulation of cardiac muscle hypertrophy in response to stress","0/114","19/18842",0,0,-0.340244473235715,1,1,1,"",0
"GO:1903243","negative regulation of cardiac muscle hypertrophy in response to stress","0/114","10/18842",0,0,-0.246780294040919,1,1,1,"",0
"GO:1903244","positive regulation of cardiac muscle hypertrophy in response to stress","0/114","10/18842",0,0,-0.246780294040919,1,1,1,"",0
"GO:1903251","multi-ciliated epithelial cell differentiation","0/114","13/18842",0,0,-0.281395241154067,1,1,1,"",0
"GO:1903265","positive regulation of tumor necrosis factor-mediated signaling pathway","0/114","17/18842",0,0,-0.321821954707169,1,1,1,"",0
"GO:1903276","regulation of sodium ion export across plasma membrane","0/114","11/18842",0,0,-0.258832228173978,1,1,1,"",0
"GO:1903278","positive regulation of sodium ion export across plasma membrane","0/114","11/18842",0,0,-0.258832228173978,1,1,1,"",0
"GO:1903306","negative regulation of regulated secretory pathway","0/114","20/18842",0,0,-0.349092737116259,1,1,1,"",0
"GO:1903312","negative regulation of mRNA metabolic process","0/114","119/18842",0,0,-0.853777021702798,1,1,1,"",0
"GO:1903317","regulation of protein maturation","0/114","54/18842",0,0,-0.57413669406689,1,1,1,"",0
"GO:1903318","negative regulation of protein maturation","0/114","22/18842",0,0,-0.366151005389014,1,1,1,"",0
"GO:1903319","positive regulation of protein maturation","0/114","26/18842",0,0,-0.398090415813405,1,1,1,"",0
"GO:1903321","negative regulation of protein modification by small protein conjugation or removal","0/114","81/18842",0,0,-0.703676775873013,1,1,1,"",0
"GO:1903332","regulation of protein folding","0/114","12/18842",0,0,-0.270348623779636,1,1,1,"",0
"GO:1903348","positive regulation of bicellular tight junction assembly","0/114","10/18842",0,0,-0.246780294040919,1,1,1,"",0
"GO:1903350","response to dopamine","0/114","51/18842",0,0,-0.557916032797441,1,1,1,"",0
"GO:1903351","cellular response to dopamine","0/114","51/18842",0,0,-0.557916032797441,1,1,1,"",0
"GO:1903358","regulation of Golgi organization","0/114","16/18842",0,0,-0.312204863557539,1,1,1,"",0
"GO:1903365","regulation of fear response","0/114","12/18842",0,0,-0.270348623779636,1,1,1,"",0
"GO:1903376","regulation of oxidative stress-induced neuron intrinsic apoptotic signaling pathway","0/114","22/18842",0,0,-0.366151005389014,1,1,1,"",0
"GO:1903377","negative regulation of oxidative stress-induced neuron intrinsic apoptotic signaling pathway","0/114","15/18842",0,0,-0.302283031058143,1,1,1,"",0
"GO:1903405","protein localization to nuclear body","0/114","12/18842",0,0,-0.270348623779636,1,1,1,"",0
"GO:1903426","regulation of reactive oxygen species biosynthetic process","0/114","49/18842",0,0,-0.546837996215799,1,1,1,"",0
"GO:1903427","negative regulation of reactive oxygen species biosynthetic process","0/114","22/18842",0,0,-0.366151005389014,1,1,1,"",0
"GO:1903428","positive regulation of reactive oxygen species biosynthetic process","0/114","19/18842",0,0,-0.340244473235715,1,1,1,"",0
"GO:1903429","regulation of cell maturation","0/114","17/18842",0,0,-0.321821954707169,1,1,1,"",0
"GO:1903432","regulation of TORC1 signaling","0/114","101/18842",0,0,-0.786181837877346,1,1,1,"",0
"GO:1903441","protein localization to ciliary membrane","0/114","19/18842",0,0,-0.340244473235715,1,1,1,"",0
"GO:1903490","positive regulation of mitotic cytokinesis","0/114","13/18842",0,0,-0.281395241154067,1,1,1,"",0
"GO:1903504","regulation of mitotic spindle checkpoint","0/114","32/18842",0,0,-0.441712095184957,1,1,1,"",0
"GO:1903513","endoplasmic reticulum to cytosol transport","0/114","30/18842",0,0,-0.427663161774826,1,1,1,"",0
"GO:1903514","release of sequestered calcium ion into cytosol by endoplasmic reticulum","0/114","43/18842",0,0,-0.51218346509735,1,1,1,"",0
"GO:1903523","negative regulation of blood circulation","0/114","24/18842",0,0,-0.382452574606899,1,1,1,"",0
"GO:1903540","establishment of protein localization to postsynaptic membrane","0/114","15/18842",0,0,-0.302283031058143,1,1,1,"",0
"GO:1903541","regulation of exosomal secretion","0/114","17/18842",0,0,-0.321821954707169,1,1,1,"",0
"GO:1903543","positive regulation of exosomal secretion","0/114","15/18842",0,0,-0.302283031058143,1,1,1,"",0
"GO:1903555","regulation of tumor necrosis factor superfamily cytokine production","0/114","196/18842",0,0,-1.09797865108037,1,1,1,"",0
"GO:1903556","negative regulation of tumor necrosis factor superfamily cytokine production","0/114","76/18842",0,0,-0.681521624211709,1,1,1,"",0
"GO:1903557","positive regulation of tumor necrosis factor superfamily cytokine production","0/114","120/18842",0,0,-0.857379712007657,1,1,1,"",0
"GO:1903564","regulation of protein localization to cilium","0/114","13/18842",0,0,-0.281395241154067,1,1,1,"",0
"GO:1903573","negative regulation of response to endoplasmic reticulum stress","0/114","50/18842",0,0,-0.55240449061185,1,1,1,"",0
"GO:1903580","positive regulation of ATP metabolic process","0/114","36/18842",0,0,-0.468556249314519,1,1,1,"",0
"GO:1903587","regulation of blood vessel endothelial cell proliferation involved in sprouting angiogenesis","0/114","49/18842",0,0,-0.546837996215799,1,1,1,"",0
"GO:1903588","negative regulation of blood vessel endothelial cell proliferation involved in sprouting angiogenesis","0/114","26/18842",0,0,-0.398090415813405,1,1,1,"",0
"GO:1903589","positive regulation of blood vessel endothelial cell proliferation involved in sprouting angiogenesis","0/114","23/18842",0,0,-0.37439009208877,1,1,1,"",0
"GO:1903596","regulation of gap junction assembly","0/114","10/18842",0,0,-0.246780294040919,1,1,1,"",0
"GO:1903599","positive regulation of autophagy of mitochondrion","0/114","26/18842",0,0,-0.398090415813405,1,1,1,"",0
"GO:1903689","regulation of wound healing, spreading of epidermal cells","0/114","11/18842",0,0,-0.258832228173978,1,1,1,"",0
"GO:1903715","regulation of aerobic respiration","0/114","29/18842",0,0,-0.420463858404088,1,1,1,"",0
"GO:1903725","regulation of phospholipid metabolic process","0/114","38/18842",0,0,-0.481421384106586,1,1,1,"",0
"GO:1903727","positive regulation of phospholipid metabolic process","0/114","19/18842",0,0,-0.340244473235715,1,1,1,"",0
"GO:1903729","regulation of plasma membrane organization","0/114","16/18842",0,0,-0.312204863557539,1,1,1,"",0
"GO:1903747","regulation of protein localization to mitochondrion","0/114","48/18842",0,0,-0.541214853935104,1,1,1,"",0
"GO:1903749","positive regulation of protein localization to mitochondrion","0/114","34/18842",0,0,-0.455330613621119,1,1,1,"",0
"GO:1903779","regulation of cardiac conduction","0/114","29/18842",0,0,-0.420463858404088,1,1,1,"",0
"GO:1903789","regulation of amino acid transmembrane transport","0/114","14/18842",0,0,-0.292025397077866,1,1,1,"",0
"GO:1903798","regulation of miRNA processing","0/114","13/18842",0,0,-0.281395241154067,1,1,1,"",0
"GO:1903826","L-arginine transmembrane transport","0/114","14/18842",0,0,-0.292025397077866,1,1,1,"",0
"GO:1903844","regulation of cellular response to transforming growth factor beta stimulus","0/114","167/18842",0,0,-1.01271357240029,1,1,1,"",0
"GO:1903845","negative regulation of cellular response to transforming growth factor beta stimulus","0/114","14/18842",0,0,-0.292025397077866,1,1,1,"",0
"GO:1903846","positive regulation of cellular response to transforming growth factor beta stimulus","0/114","31/18842",0,0,-0.434744008401426,1,1,1,"",0
"GO:1903894","regulation of IRE1-mediated unfolded protein response","0/114","16/18842",0,0,-0.312204863557539,1,1,1,"",0
"GO:1903897","regulation of PERK-mediated unfolded protein response","0/114","16/18842",0,0,-0.312204863557539,1,1,1,"",0
"GO:1903898","negative regulation of PERK-mediated unfolded protein response","0/114","12/18842",0,0,-0.270348623779636,1,1,1,"",0
"GO:1903900","regulation of viral life cycle","0/114","110/18842",0,0,-0.820659437364772,1,1,1,"",0
"GO:1903902","positive regulation of viral life cycle","0/114","22/18842",0,0,-0.366151005389014,1,1,1,"",0
"GO:1903909","regulation of receptor clustering","0/114","16/18842",0,0,-0.312204863557539,1,1,1,"",0
"GO:1903911","positive regulation of receptor clustering","0/114","12/18842",0,0,-0.270348623779636,1,1,1,"",0
"GO:1903939","regulation of TORC2 signaling","0/114","12/18842",0,0,-0.270348623779636,1,1,1,"",0
"GO:1903963","arachidonate transport","0/114","27/18842",0,0,-0.405684552256011,1,1,1,"",0
"GO:1903975","regulation of glial cell migration","0/114","16/18842",0,0,-0.312204863557539,1,1,1,"",0
"GO:1903977","positive regulation of glial cell migration","0/114","10/18842",0,0,-0.246780294040919,1,1,1,"",0
"GO:1903978","regulation of microglial cell activation","0/114","18/18842",0,0,-0.331160855290318,1,1,1,"",0
"GO:1903998","regulation of eating behavior","0/114","16/18842",0,0,-0.312204863557539,1,1,1,"",0
"GO:1904019","epithelial cell apoptotic process","0/114","46/18842",0,0,-0.529791392159388,1,1,1,"",0
"GO:1904035","regulation of epithelial cell apoptotic process","0/114","36/18842",0,0,-0.468556249314519,1,1,1,"",0
"GO:1904036","negative regulation of epithelial cell apoptotic process","0/114","18/18842",0,0,-0.331160855290318,1,1,1,"",0
"GO:1904037","positive regulation of epithelial cell apoptotic process","0/114","15/18842",0,0,-0.302283031058143,1,1,1,"",0
"GO:1904046","negative regulation of vascular endothelial growth factor production","0/114","28/18842",0,0,-0.413139905591141,1,1,1,"",0
"GO:1904152","regulation of retrograde protein transport, ER to cytosol","0/114","14/18842",0,0,-0.292025397077866,1,1,1,"",0
"GO:1904177","regulation of adipose tissue development","0/114","26/18842",0,0,-0.398090415813405,1,1,1,"",0
"GO:1904178","negative regulation of adipose tissue development","0/114","12/18842",0,0,-0.270348623779636,1,1,1,"",0
"GO:1904179","positive regulation of adipose tissue development","0/114","13/18842",0,0,-0.281395241154067,1,1,1,"",0
"GO:1904181","positive regulation of membrane depolarization","0/114","15/18842",0,0,-0.302283031058143,1,1,1,"",0
"GO:1904262","negative regulation of TORC1 signaling","0/114","51/18842",0,0,-0.557916032797441,1,1,1,"",0
"GO:1904263","positive regulation of TORC1 signaling","0/114","55/18842",0,0,-0.579443809151722,1,1,1,"",0
"GO:1904292","regulation of ERAD pathway","0/114","26/18842",0,0,-0.398090415813405,1,1,1,"",0
"GO:1904294","positive regulation of ERAD pathway","0/114","19/18842",0,0,-0.340244473235715,1,1,1,"",0
"GO:1904321","response to forskolin","0/114","16/18842",0,0,-0.312204863557539,1,1,1,"",0
"GO:1904322","cellular response to forskolin","0/114","14/18842",0,0,-0.292025397077866,1,1,1,"",0
"GO:1904350","regulation of protein catabolic process in the vacuole","0/114","14/18842",0,0,-0.292025397077866,1,1,1,"",0
"GO:1904353","regulation of telomere capping","0/114","14/18842",0,0,-0.292025397077866,1,1,1,"",0
"GO:1904356","regulation of telomere maintenance via telomere lengthening","0/114","54/18842",0,0,-0.57413669406689,1,1,1,"",0
"GO:1904357","negative regulation of telomere maintenance via telomere lengthening","0/114","30/18842",0,0,-0.427663161774826,1,1,1,"",0
"GO:1904358","positive regulation of telomere maintenance via telomere lengthening","0/114","26/18842",0,0,-0.398090415813405,1,1,1,"",0
"GO:1904377","positive regulation of protein localization to cell periphery","0/114","76/18842",0,0,-0.681521624211709,1,1,1,"",0
"GO:1904380","endoplasmic reticulum mannose trimming","0/114","15/18842",0,0,-0.302283031058143,1,1,1,"",0
"GO:1904385","cellular response to angiotensin","0/114","34/18842",0,0,-0.455330613621119,1,1,1,"",0
"GO:1904427","positive regulation of calcium ion transmembrane transport","0/114","55/18842",0,0,-0.579443809151722,1,1,1,"",0
"GO:1904464","regulation of matrix metallopeptidase secretion","0/114","12/18842",0,0,-0.270348623779636,1,1,1,"",0
"GO:1904478","regulation of intestinal absorption","0/114","11/18842",0,0,-0.258832228173978,1,1,1,"",0
"GO:1904491","protein localization to ciliary transition zone","0/114","22/18842",0,0,-0.366151005389014,1,1,1,"",0
"GO:1904505","regulation of telomere maintenance in response to DNA damage","0/114","16/18842",0,0,-0.312204863557539,1,1,1,"",0
"GO:1904507","positive regulation of telomere maintenance in response to DNA damage","0/114","12/18842",0,0,-0.270348623779636,1,1,1,"",0
"GO:1904580","regulation of intracellular mRNA localization","0/114","10/18842",0,0,-0.246780294040919,1,1,1,"",0
"GO:1904587","response to glycoprotein","0/114","10/18842",0,0,-0.246780294040919,1,1,1,"",0
"GO:1904627","response to phorbol 13-acetate 12-myristate","0/114","13/18842",0,0,-0.281395241154067,1,1,1,"",0
"GO:1904628","cellular response to phorbol 13-acetate 12-myristate","0/114","11/18842",0,0,-0.258832228173978,1,1,1,"",0
"GO:1904645","response to amyloid-beta","0/114","57/18842",0,0,-0.58991647916762,1,1,1,"",0
"GO:1904646","cellular response to amyloid-beta","0/114","46/18842",0,0,-0.529791392159388,1,1,1,"",0
"GO:1904666","regulation of ubiquitin protein ligase activity","0/114","10/18842",0,0,-0.246780294040919,1,1,1,"",0
"GO:1904669","ATP export","0/114","10/18842",0,0,-0.246780294040919,1,1,1,"",0
"GO:1904688","regulation of cytoplasmic translational initiation","0/114","13/18842",0,0,-0.281395241154067,1,1,1,"",0
"GO:1904706","negative regulation of vascular associated smooth muscle cell proliferation","0/114","40/18842",0,0,-0.493954187592607,1,1,1,"",0
"GO:1904738","vascular associated smooth muscle cell migration","0/114","50/18842",0,0,-0.55240449061185,1,1,1,"",0
"GO:1904749","regulation of protein localization to nucleolus","0/114","12/18842",0,0,-0.270348623779636,1,1,1,"",0
"GO:1904752","regulation of vascular associated smooth muscle cell migration","0/114","49/18842",0,0,-0.546837996215799,1,1,1,"",0
"GO:1904753","negative regulation of vascular associated smooth muscle cell migration","0/114","24/18842",0,0,-0.382452574606899,1,1,1,"",0
"GO:1904754","positive regulation of vascular associated smooth muscle cell migration","0/114","26/18842",0,0,-0.398090415813405,1,1,1,"",0
"GO:1904779","regulation of protein localization to centrosome","0/114","12/18842",0,0,-0.270348623779636,1,1,1,"",0
"GO:1904847","regulation of cell chemotaxis to fibroblast growth factor","0/114","10/18842",0,0,-0.246780294040919,1,1,1,"",0
"GO:1904861","excitatory synapse assembly","0/114","42/18842",0,0,-0.506179346375384,1,1,1,"",0
"GO:1904862","inhibitory synapse assembly","0/114","29/18842",0,0,-0.420463858404088,1,1,1,"",0
"GO:1904867","protein localization to Cajal body","0/114","12/18842",0,0,-0.270348623779636,1,1,1,"",0
"GO:1904869","regulation of protein localization to Cajal body","0/114","10/18842",0,0,-0.246780294040919,1,1,1,"",0
"GO:1904871","positive regulation of protein localization to Cajal body","0/114","10/18842",0,0,-0.246780294040919,1,1,1,"",0
"GO:1904872","regulation of telomerase RNA localization to Cajal body","0/114","12/18842",0,0,-0.270348623779636,1,1,1,"",0
"GO:1904888","cranial skeletal system development","0/114","33/18842",0,0,-0.448572677074785,1,1,1,"",0
"GO:1904889","regulation of excitatory synapse assembly","0/114","21/18842",0,0,-0.357723111916923,1,1,1,"",0
"GO:1904893","negative regulation of receptor signaling pathway via STAT","0/114","39/18842",0,0,-0.48772771009869,1,1,1,"",0
"GO:1904896","ESCRT complex disassembly","0/114","10/18842",0,0,-0.246780294040919,1,1,1,"",0
"GO:1904903","ESCRT III complex disassembly","0/114","10/18842",0,0,-0.246780294040919,1,1,1,"",0
"GO:1904948","midbrain dopaminergic neuron differentiation","0/114","17/18842",0,0,-0.321821954707169,1,1,1,"",0
"GO:1904996","positive regulation of leukocyte adhesion to vascular endothelial cell","0/114","25/18842",0,0,-0.390349396257243,1,1,1,"",0
"GO:1905063","regulation of vascular associated smooth muscle cell differentiation","0/114","20/18842",0,0,-0.349092737116259,1,1,1,"",0
"GO:1905064","negative regulation of vascular associated smooth muscle cell differentiation","0/114","11/18842",0,0,-0.258832228173978,1,1,1,"",0
"GO:1905065","positive regulation of vascular associated smooth muscle cell differentiation","0/114","10/18842",0,0,-0.246780294040919,1,1,1,"",0
"GO:1905089","regulation of type 2 mitophagy","0/114","12/18842",0,0,-0.270348623779636,1,1,1,"",0
"GO:1905091","positive regulation of type 2 mitophagy","0/114","10/18842",0,0,-0.246780294040919,1,1,1,"",0
"GO:1905144","response to acetylcholine","0/114","49/18842",0,0,-0.546837996215799,1,1,1,"",0
"GO:1905145","cellular response to acetylcholine","0/114","46/18842",0,0,-0.529791392159388,1,1,1,"",0
"GO:1905146","lysosomal protein catabolic process","0/114","21/18842",0,0,-0.357723111916923,1,1,1,"",0
"GO:1905153","regulation of membrane invagination","0/114","14/18842",0,0,-0.292025397077866,1,1,1,"",0
"GO:1905155","positive regulation of membrane invagination","0/114","12/18842",0,0,-0.270348623779636,1,1,1,"",0
"GO:1905165","regulation of lysosomal protein catabolic process","0/114","12/18842",0,0,-0.270348623779636,1,1,1,"",0
"GO:1905168","positive regulation of double-strand break repair via homologous recombination","0/114","43/18842",0,0,-0.51218346509735,1,1,1,"",0
"GO:1905203","regulation of connective tissue replacement","0/114","14/18842",0,0,-0.292025397077866,1,1,1,"",0
"GO:1905205","positive regulation of connective tissue replacement","0/114","12/18842",0,0,-0.270348623779636,1,1,1,"",0
"GO:1905209","positive regulation of cardiocyte differentiation","0/114","18/18842",0,0,-0.331160855290318,1,1,1,"",0
"GO:1905244","regulation of modification of synaptic structure","0/114","19/18842",0,0,-0.340244473235715,1,1,1,"",0
"GO:1905268","negative regulation of chromatin organization","0/114","13/18842",0,0,-0.281395241154067,1,1,1,"",0
"GO:1905288","vascular associated smooth muscle cell apoptotic process","0/114","16/18842",0,0,-0.312204863557539,1,1,1,"",0
"GO:1905314","semi-lunar valve development","0/114","48/18842",0,0,-0.541214853935104,1,1,1,"",0
"GO:1905380","regulation of snRNA transcription by RNA polymerase II","0/114","10/18842",0,0,-0.246780294040919,1,1,1,"",0
"GO:1905383","protein localization to presynapse","0/114","12/18842",0,0,-0.270348623779636,1,1,1,"",0
"GO:1905459","regulation of vascular associated smooth muscle cell apoptotic process","0/114","16/18842",0,0,-0.312204863557539,1,1,1,"",0
"GO:1905477","positive regulation of protein localization to membrane","0/114","86/18842",0,0,-0.725166634587036,1,1,1,"",0
"GO:1905508","protein localization to microtubule organizing center","0/114","36/18842",0,0,-0.468556249314519,1,1,1,"",0
"GO:1905515","non-motile cilium assembly","0/114","46/18842",0,0,-0.529791392159388,1,1,1,"",0
"GO:1905517","macrophage migration","0/114","53/18842",0,0,-0.568780634921216,1,1,1,"",0
"GO:1905521","regulation of macrophage migration","0/114","42/18842",0,0,-0.506179346375384,1,1,1,"",0
"GO:1905522","negative regulation of macrophage migration","0/114","10/18842",0,0,-0.246780294040919,1,1,1,"",0
"GO:1905523","positive regulation of macrophage migration","0/114","27/18842",0,0,-0.405684552256011,1,1,1,"",0
"GO:1905563","negative regulation of vascular endothelial cell proliferation","0/114","25/18842",0,0,-0.390349396257243,1,1,1,"",0
"GO:1905606","regulation of presynapse assembly","0/114","32/18842",0,0,-0.441712095184957,1,1,1,"",0
"GO:1905664","regulation of calcium ion import across plasma membrane","0/114","16/18842",0,0,-0.312204863557539,1,1,1,"",0
"GO:1905665","positive regulation of calcium ion import across plasma membrane","0/114","10/18842",0,0,-0.246780294040919,1,1,1,"",0
"GO:1905666","regulation of protein localization to endosome","0/114","14/18842",0,0,-0.292025397077866,1,1,1,"",0
"GO:1905668","positive regulation of protein localization to endosome","0/114","13/18842",0,0,-0.281395241154067,1,1,1,"",0
"GO:1905671","regulation of lysosome organization","0/114","11/18842",0,0,-0.258832228173978,1,1,1,"",0
"GO:1905699","regulation of xenobiotic detoxification by transmembrane export across the plasma membrane","0/114","14/18842",0,0,-0.292025397077866,1,1,1,"",0
"GO:1905700","negative regulation of xenobiotic detoxification by transmembrane export across the plasma membrane","0/114","13/18842",0,0,-0.281395241154067,1,1,1,"",0
"GO:1905709","negative regulation of membrane permeability","0/114","19/18842",0,0,-0.340244473235715,1,1,1,"",0
"GO:1905710","positive regulation of membrane permeability","0/114","39/18842",0,0,-0.48772771009869,1,1,1,"",0
"GO:1905806","regulation of synapse pruning","0/114","10/18842",0,0,-0.246780294040919,1,1,1,"",0
"GO:1905809","negative regulation of synapse organization","0/114","14/18842",0,0,-0.292025397077866,1,1,1,"",0
"GO:1905818","regulation of chromosome separation","0/114","82/18842",0,0,-0.70802600524063,1,1,1,"",0
"GO:1905819","negative regulation of chromosome separation","0/114","60/18842",0,0,-0.605289872062366,1,1,1,"",0
"GO:1905820","positive regulation of chromosome separation","0/114","31/18842",0,0,-0.434744008401426,1,1,1,"",0
"GO:1905874","regulation of postsynaptic density organization","0/114","21/18842",0,0,-0.357723111916923,1,1,1,"",0
"GO:1905897","regulation of response to endoplasmic reticulum stress","0/114","94/18842",0,0,-0.758307156216897,1,1,1,"",0
"GO:1905898","positive regulation of response to endoplasmic reticulum stress","0/114","41/18842",0,0,-0.500103799131059,1,1,1,"",0
"GO:1905906","regulation of amyloid fibril formation","0/114","18/18842",0,0,-0.331160855290318,1,1,1,"",0
"GO:1905907","negative regulation of amyloid fibril formation","0/114","14/18842",0,0,-0.292025397077866,1,1,1,"",0
"GO:1905939","regulation of gonad development","0/114","11/18842",0,0,-0.258832228173978,1,1,1,"",0
"GO:1905953","negative regulation of lipid localization","0/114","68/18842",0,0,-0.644517553192246,1,1,1,"",0
"GO:1990000","amyloid fibril formation","0/114","45/18842",0,0,-0.523987209834246,1,1,1,"",0
"GO:1990034","calcium ion export across plasma membrane","0/114","13/18842",0,0,-0.281395241154067,1,1,1,"",0
"GO:1990089","response to nerve growth factor","0/114","50/18842",0,0,-0.55240449061185,1,1,1,"",0
"GO:1990090","cellular response to nerve growth factor stimulus","0/114","47/18842",0,0,-0.535533279253734,1,1,1,"",0
"GO:1990116","ribosome-associated ubiquitin-dependent protein catabolic process","0/114","18/18842",0,0,-0.331160855290318,1,1,1,"",0
"GO:1990169","stress response to copper ion","0/114","16/18842",0,0,-0.312204863557539,1,1,1,"",0
"GO:1990173","protein localization to nucleoplasm","0/114","14/18842",0,0,-0.292025397077866,1,1,1,"",0
"GO:1990182","exosomal secretion","0/114","20/18842",0,0,-0.349092737116259,1,1,1,"",0
"GO:1990253","cellular response to leucine starvation","0/114","12/18842",0,0,-0.270348623779636,1,1,1,"",0
"GO:1990314","cellular response to insulin-like growth factor stimulus","0/114","11/18842",0,0,-0.258832228173978,1,1,1,"",0
"GO:1990403","embryonic brain development","0/114","11/18842",0,0,-0.258832228173978,1,1,1,"",0
"GO:1990481","mRNA pseudouridine synthesis","0/114","11/18842",0,0,-0.258832228173978,1,1,1,"",0
"GO:1990504","dense core granule exocytosis","0/114","12/18842",0,0,-0.270348623779636,1,1,1,"",0
"GO:1990535","neuron projection maintenance","0/114","13/18842",0,0,-0.281395241154067,1,1,1,"",0
"GO:1990542","mitochondrial transmembrane transport","0/114","25/18842",0,0,-0.390349396257243,1,1,1,"",0
"GO:1990573","potassium ion import across plasma membrane","0/114","53/18842",0,0,-0.568780634921216,1,1,1,"",0
"GO:1990700","nucleolar chromatin organization","0/114","10/18842",0,0,-0.246780294040919,1,1,1,"",0
"GO:1990709","presynaptic active zone organization","0/114","10/18842",0,0,-0.246780294040919,1,1,1,"",0
"GO:1990748","cellular detoxification","0/114","123/18842",0,0,-0.868100354723783,1,1,1,"",0
"GO:1990773","matrix metallopeptidase secretion","0/114","12/18842",0,0,-0.270348623779636,1,1,1,"",0
"GO:1990776","response to angiotensin","0/114","40/18842",0,0,-0.493954187592607,1,1,1,"",0
"GO:1990806","ligand-gated ion channel signaling pathway","0/114","35/18842",0,0,-0.461990409406869,1,1,1,"",0
"GO:1990822","basic amino acid transmembrane transport","0/114","20/18842",0,0,-0.349092737116259,1,1,1,"",0
"GO:1990840","response to lectin","0/114","21/18842",0,0,-0.357723111916923,1,1,1,"",0
"GO:1990849","vacuolar localization","0/114","82/18842",0,0,-0.70802600524063,1,1,1,"",0
"GO:1990858","cellular response to lectin","0/114","21/18842",0,0,-0.357723111916923,1,1,1,"",0
"GO:1990928","response to amino acid starvation","0/114","56/18842",0,0,-0.584703313002456,1,1,1,"",0
"GO:1990961","xenobiotic detoxification by transmembrane export across the plasma membrane","0/114","27/18842",0,0,-0.405684552256011,1,1,1,"",0
"GO:2000001","regulation of DNA damage checkpoint","0/114","23/18842",0,0,-0.37439009208877,1,1,1,"",0
"GO:2000010","positive regulation of protein localization to cell surface","0/114","17/18842",0,0,-0.321821954707169,1,1,1,"",0
"GO:2000035","regulation of stem cell division","0/114","11/18842",0,0,-0.258832228173978,1,1,1,"",0
"GO:2000042","negative regulation of double-strand break repair via homologous recombination","0/114","25/18842",0,0,-0.390349396257243,1,1,1,"",0
"GO:2000048","negative regulation of cell-cell adhesion mediated by cadherin","0/114","11/18842",0,0,-0.258832228173978,1,1,1,"",0
"GO:2000050","regulation of non-canonical Wnt signaling pathway","0/114","21/18842",0,0,-0.357723111916923,1,1,1,"",0
"GO:2000052","positive regulation of non-canonical Wnt signaling pathway","0/114","12/18842",0,0,-0.270348623779636,1,1,1,"",0
"GO:2000059","negative regulation of ubiquitin-dependent protein catabolic process","0/114","57/18842",0,0,-0.58991647916762,1,1,1,"",0
"GO:2000095","regulation of Wnt signaling pathway, planar cell polarity pathway","0/114","10/18842",0,0,-0.246780294040919,1,1,1,"",0
"GO:2000104","negative regulation of DNA-templated DNA replication","0/114","15/18842",0,0,-0.302283031058143,1,1,1,"",0
"GO:2000105","positive regulation of DNA-templated DNA replication","0/114","11/18842",0,0,-0.258832228173978,1,1,1,"",0
"GO:2000106","regulation of leukocyte apoptotic process","0/114","66/18842",0,0,-0.634934798111144,1,1,1,"",0
"GO:2000107","negative regulation of leukocyte apoptotic process","0/114","36/18842",0,0,-0.468556249314519,1,1,1,"",0
"GO:2000108","positive regulation of leukocyte apoptotic process","0/114","24/18842",0,0,-0.382452574606899,1,1,1,"",0
"GO:2000109","regulation of macrophage apoptotic process","0/114","10/18842",0,0,-0.246780294040919,1,1,1,"",0
"GO:2000114","regulation of establishment of cell polarity","0/114","21/18842",0,0,-0.357723111916923,1,1,1,"",0
"GO:2000142","regulation of DNA-templated transcription initiation","0/114","88/18842",0,0,-0.733589455705578,1,1,1,"",0
"GO:2000143","negative regulation of DNA-templated transcription initiation","0/114","14/18842",0,0,-0.292025397077866,1,1,1,"",0
"GO:2000144","positive regulation of DNA-templated transcription initiation","0/114","71/18842",0,0,-0.658634035666553,1,1,1,"",0
"GO:2000155","positive regulation of cilium-dependent cell motility","0/114","15/18842",0,0,-0.302283031058143,1,1,1,"",0
"GO:2000177","regulation of neural precursor cell proliferation","0/114","58/18842",0,0,-0.595084525543044,1,1,1,"",0
"GO:2000178","negative regulation of neural precursor cell proliferation","0/114","17/18842",0,0,-0.321821954707169,1,1,1,"",0
"GO:2000179","positive regulation of neural precursor cell proliferation","0/114","33/18842",0,0,-0.448572677074785,1,1,1,"",0
"GO:2000197","regulation of ribonucleoprotein complex localization","0/114","10/18842",0,0,-0.246780294040919,1,1,1,"",0
"GO:2000209","regulation of anoikis","0/114","24/18842",0,0,-0.382452574606899,1,1,1,"",0
"GO:2000232","regulation of rRNA processing","0/114","18/18842",0,0,-0.331160855290318,1,1,1,"",0
"GO:2000234","positive regulation of rRNA processing","0/114","13/18842",0,0,-0.281395241154067,1,1,1,"",0
"GO:2000241","regulation of reproductive process","0/114","148/18842",0,0,-0.952880498043025,1,1,1,"",0
"GO:2000242","negative regulation of reproductive process","0/114","47/18842",0,0,-0.535533279253734,1,1,1,"",0
"GO:2000243","positive regulation of reproductive process","0/114","69/18842",0,0,-0.64925664824146,1,1,1,"",0
"GO:2000252","negative regulation of feeding behavior","0/114","11/18842",0,0,-0.258832228173978,1,1,1,"",0
"GO:2000253","positive regulation of feeding behavior","0/114","12/18842",0,0,-0.270348623779636,1,1,1,"",0
"GO:2000269","regulation of fibroblast apoptotic process","0/114","11/18842",0,0,-0.258832228173978,1,1,1,"",0
"GO:2000278","regulation of DNA biosynthetic process","0/114","81/18842",0,0,-0.703676775873013,1,1,1,"",0
"GO:2000279","negative regulation of DNA biosynthetic process","0/114","29/18842",0,0,-0.420463858404088,1,1,1,"",0
"GO:2000291","regulation of myoblast proliferation","0/114","18/18842",0,0,-0.331160855290318,1,1,1,"",0
"GO:2000300","regulation of synaptic vesicle exocytosis","0/114","48/18842",0,0,-0.541214853935104,1,1,1,"",0
"GO:2000303","regulation of ceramide biosynthetic process","0/114","14/18842",0,0,-0.292025397077866,1,1,1,"",0
"GO:2000311","regulation of AMPA receptor activity","0/114","10/18842",0,0,-0.246780294040919,1,1,1,"",0
"GO:2000316","regulation of T-helper 17 type immune response","0/114","36/18842",0,0,-0.468556249314519,1,1,1,"",0
"GO:2000317","negative regulation of T-helper 17 type immune response","0/114","15/18842",0,0,-0.302283031058143,1,1,1,"",0
"GO:2000318","positive regulation of T-helper 17 type immune response","0/114","18/18842",0,0,-0.331160855290318,1,1,1,"",0
"GO:2000319","regulation of T-helper 17 cell differentiation","0/114","28/18842",0,0,-0.413139905591141,1,1,1,"",0
"GO:2000320","negative regulation of T-helper 17 cell differentiation","0/114","14/18842",0,0,-0.292025397077866,1,1,1,"",0
"GO:2000321","positive regulation of T-helper 17 cell differentiation","0/114","12/18842",0,0,-0.270348623779636,1,1,1,"",0
"GO:2000328","regulation of T-helper 17 cell lineage commitment","0/114","15/18842",0,0,-0.302283031058143,1,1,1,"",0
"GO:2000344","positive regulation of acrosome reaction","0/114","10/18842",0,0,-0.246780294040919,1,1,1,"",0
"GO:2000345","regulation of hepatocyte proliferation","0/114","10/18842",0,0,-0.246780294040919,1,1,1,"",0
"GO:2000353","positive regulation of endothelial cell apoptotic process","0/114","27/18842",0,0,-0.405684552256011,1,1,1,"",0
"GO:2000369","regulation of clathrin-dependent endocytosis","0/114","16/18842",0,0,-0.312204863557539,1,1,1,"",0
"GO:2000377","regulation of reactive oxygen species metabolic process","0/114","139/18842",0,0,-0.923231179901389,1,1,1,"",0
"GO:2000378","negative regulation of reactive oxygen species metabolic process","0/114","41/18842",0,0,-0.500103799131059,1,1,1,"",0
"GO:2000379","positive regulation of reactive oxygen species metabolic process","0/114","70/18842",0,0,-0.653961900602345,1,1,1,"",0
"GO:2000392","regulation of lamellipodium morphogenesis","0/114","11/18842",0,0,-0.258832228173978,1,1,1,"",0
"GO:2000403","positive regulation of lymphocyte migration","0/114","39/18842",0,0,-0.48772771009869,1,1,1,"",0
"GO:2000404","regulation of T cell migration","0/114","44/18842",0,0,-0.518118638610383,1,1,1,"",0
"GO:2000406","positive regulation of T cell migration","0/114","32/18842",0,0,-0.441712095184957,1,1,1,"",0
"GO:2000425","regulation of apoptotic cell clearance","0/114","10/18842",0,0,-0.246780294040919,1,1,1,"",0
"GO:2000434","regulation of protein neddylation","0/114","17/18842",0,0,-0.321821954707169,1,1,1,"",0
"GO:2000463","positive regulation of excitatory postsynaptic potential","0/114","32/18842",0,0,-0.441712095184957,1,1,1,"",0
"GO:2000508","regulation of dendritic cell chemotaxis","0/114","11/18842",0,0,-0.258832228173978,1,1,1,"",0
"GO:2000516","positive regulation of CD4-positive, alpha-beta T cell activation","0/114","39/18842",0,0,-0.48772771009869,1,1,1,"",0
"GO:2000551","regulation of T-helper 2 cell cytokine production","0/114","12/18842",0,0,-0.270348623779636,1,1,1,"",0
"GO:2000573","positive regulation of DNA biosynthetic process","0/114","44/18842",0,0,-0.518118638610383,1,1,1,"",0
"GO:2000622","regulation of nuclear-transcribed mRNA catabolic process, nonsense-mediated decay","0/114","16/18842",0,0,-0.312204863557539,1,1,1,"",0
"GO:2000629","negative regulation of miRNA metabolic process","0/114","29/18842",0,0,-0.420463858404088,1,1,1,"",0
"GO:2000637","positive regulation of miRNA-mediated gene silencing","0/114","11/18842",0,0,-0.258832228173978,1,1,1,"",0
"GO:2000641","regulation of early endosome to late endosome transport","0/114","19/18842",0,0,-0.340244473235715,1,1,1,"",0
"GO:2000644","regulation of receptor catabolic process","0/114","14/18842",0,0,-0.292025397077866,1,1,1,"",0
"GO:2000659","regulation of interleukin-1-mediated signaling pathway","0/114","16/18842",0,0,-0.312204863557539,1,1,1,"",0
"GO:2000660","negative regulation of interleukin-1-mediated signaling pathway","0/114","14/18842",0,0,-0.292025397077866,1,1,1,"",0
"GO:2000668","regulation of dendritic cell apoptotic process","0/114","10/18842",0,0,-0.246780294040919,1,1,1,"",0
"GO:2000674","regulation of type B pancreatic cell apoptotic process","0/114","10/18842",0,0,-0.246780294040919,1,1,1,"",0
"GO:2000677","regulation of transcription regulatory region DNA binding","0/114","17/18842",0,0,-0.321821954707169,1,1,1,"",0
"GO:2000679","positive regulation of transcription regulatory region DNA binding","0/114","10/18842",0,0,-0.246780294040919,1,1,1,"",0
"GO:2000696","regulation of epithelial cell differentiation involved in kidney development","0/114","13/18842",0,0,-0.281395241154067,1,1,1,"",0
"GO:2000727","positive regulation of cardiac muscle cell differentiation","0/114","11/18842",0,0,-0.258832228173978,1,1,1,"",0
"GO:2000739","regulation of mesenchymal stem cell differentiation","0/114","11/18842",0,0,-0.258832228173978,1,1,1,"",0
"GO:2000765","regulation of cytoplasmic translation","0/114","42/18842",0,0,-0.506179346375384,1,1,1,"",0
"GO:2000766","negative regulation of cytoplasmic translation","0/114","11/18842",0,0,-0.258832228173978,1,1,1,"",0
"GO:2000767","positive regulation of cytoplasmic translation","0/114","18/18842",0,0,-0.331160855290318,1,1,1,"",0
"GO:2000774","positive regulation of cellular senescence","0/114","19/18842",0,0,-0.340244473235715,1,1,1,"",0
"GO:2000780","negative regulation of double-strand break repair","0/114","38/18842",0,0,-0.481421384106586,1,1,1,"",0
"GO:2000785","regulation of autophagosome assembly","0/114","45/18842",0,0,-0.523987209834246,1,1,1,"",0
"GO:2000786","positive regulation of autophagosome assembly","0/114","21/18842",0,0,-0.357723111916923,1,1,1,"",0
"GO:2000810","regulation of bicellular tight junction assembly","0/114","25/18842",0,0,-0.390349396257243,1,1,1,"",0
"GO:2000811","negative regulation of anoikis","0/114","18/18842",0,0,-0.331160855290318,1,1,1,"",0
"GO:2000816","negative regulation of mitotic sister chromatid separation","0/114","58/18842",0,0,-0.595084525543044,1,1,1,"",0
"GO:2000819","regulation of nucleotide-excision repair","0/114","30/18842",0,0,-0.427663161774826,1,1,1,"",0
"GO:2000822","regulation of behavioral fear response","0/114","11/18842",0,0,-0.258832228173978,1,1,1,"",0
"GO:2000831","regulation of steroid hormone secretion","0/114","21/18842",0,0,-0.357723111916923,1,1,1,"",0
"GO:2000833","positive regulation of steroid hormone secretion","0/114","13/18842",0,0,-0.281395241154067,1,1,1,"",0
"GO:2000846","regulation of corticosteroid hormone secretion","0/114","16/18842",0,0,-0.312204863557539,1,1,1,"",0
"GO:2000849","regulation of glucocorticoid secretion","0/114","10/18842",0,0,-0.246780294040919,1,1,1,"",0
"GO:2001014","regulation of skeletal muscle cell differentiation","0/114","22/18842",0,0,-0.366151005389014,1,1,1,"",0
"GO:2001023","regulation of response to drug","0/114","19/18842",0,0,-0.340244473235715,1,1,1,"",0
"GO:2001024","negative regulation of response to drug","0/114","14/18842",0,0,-0.292025397077866,1,1,1,"",0
"GO:2001026","regulation of endothelial cell chemotaxis","0/114","24/18842",0,0,-0.382452574606899,1,1,1,"",0
"GO:2001028","positive regulation of endothelial cell chemotaxis","0/114","15/18842",0,0,-0.302283031058143,1,1,1,"",0
"GO:2001032","regulation of double-strand break repair via nonhomologous end joining","0/114","27/18842",0,0,-0.405684552256011,1,1,1,"",0
"GO:2001034","positive regulation of double-strand break repair via nonhomologous end joining","0/114","17/18842",0,0,-0.321821954707169,1,1,1,"",0
"GO:2001044","regulation of integrin-mediated signaling pathway","0/114","23/18842",0,0,-0.37439009208877,1,1,1,"",0
"GO:2001046","positive regulation of integrin-mediated signaling pathway","0/114","13/18842",0,0,-0.281395241154067,1,1,1,"",0
"GO:2001135","regulation of endocytic recycling","0/114","23/18842",0,0,-0.37439009208877,1,1,1,"",0
"GO:2001138","regulation of phospholipid transport","0/114","15/18842",0,0,-0.302283031058143,1,1,1,"",0
"GO:2001140","positive regulation of phospholipid transport","0/114","15/18842",0,0,-0.302283031058143,1,1,1,"",0
"GO:2001169","regulation of ATP biosynthetic process","0/114","21/18842",0,0,-0.357723111916923,1,1,1,"",0
"GO:2001171","positive regulation of ATP biosynthetic process","0/114","14/18842",0,0,-0.292025397077866,1,1,1,"",0
"GO:2001185","regulation of CD8-positive, alpha-beta T cell activation","0/114","20/18842",0,0,-0.349092737116259,1,1,1,"",0
"GO:2001198","regulation of dendritic cell differentiation","0/114","13/18842",0,0,-0.281395241154067,1,1,1,"",0
"GO:2001212","regulation of vasculogenesis","0/114","20/18842",0,0,-0.349092737116259,1,1,1,"",0
"GO:2001214","positive regulation of vasculogenesis","0/114","13/18842",0,0,-0.281395241154067,1,1,1,"",0
"GO:2001222","regulation of neuron migration","0/114","37/18842",0,0,-0.475032029412254,1,1,1,"",0
"GO:2001224","positive regulation of neuron migration","0/114","16/18842",0,0,-0.312204863557539,1,1,1,"",0
"GO:2001242","regulation of intrinsic apoptotic signaling pathway","0/114","167/18842",0,0,-1.01271357240029,1,1,1,"",0
"GO:2001243","negative regulation of intrinsic apoptotic signaling pathway","0/114","102/18842",0,0,-0.790085320276098,1,1,1,"",0
"GO:2001244","positive regulation of intrinsic apoptotic signaling pathway","0/114","54/18842",0,0,-0.57413669406689,1,1,1,"",0
"GO:2001251","negative regulation of chromosome organization","0/114","105/18842",0,0,-0.801684194210287,1,1,1,"",0
"GO:2001256","regulation of store-operated calcium entry","0/114","12/18842",0,0,-0.270348623779636,1,1,1,"",0
