"p_val","avg_log2FC","pct.1","pct.2","p_val_adj","cluster","gene"
0,4.27910527312569,0.892,0.093,0,"Epithelial","SMIM22"
0,3.70127281311446,0.945,0.166,0,"Epithelial","ELF3"
0,4.03576980351768,0.893,0.115,0,"Epithelial","CLDN7"
0,3.967611824028,0.883,0.129,0,"Epithelial","EPCAM"
0,3.53104837255077,0.989,0.238,0,"Epithelial","KRT18"
0,3.47247437287814,0.972,0.236,0,"Epithelial","CLDN3"
0,2.84413799715801,0.934,0.198,0,"Epithelial","CST3"
0,4.15090411411393,0.824,0.098,0,"Epithelial","S100A14"
0,4.04709860826205,0.849,0.123,0,"Epithelial","C19orf33"
0,3.21512180995665,0.93,0.217,0,"Epithelial","C15orf48"
0,3.7976689176779,0.843,0.139,0,"Epithelial","TSPAN8"
0,3.3382331559859,0.956,0.253,0,"Epithelial","CLDN4"
0,4.22336972015144,0.754,0.065,0,"Epithelial","FAM3D"
0,3.22262004238181,0.978,0.306,0,"Epithelial","LGALS4"
0,3.33666991156908,0.92,0.255,0,"Epithelial","KRT19"
0,3.18771225566788,0.967,0.311,0,"Epithelial","PIGR"
0,3.27341723406572,0.907,0.252,0,"Epithelial","FXYD3"
0,4.52103060669663,0.692,0.054,0,"Epithelial","C10orf99"
0,4.53739676046226,0.689,0.06,0,"Epithelial","TMEM54"
0,2.79858187550844,0.951,0.335,0,"Epithelial","LGALS3"
0,2.8497664167789,0.781,0.17,0,"Epithelial","IER3"
0,2.8040927113519,0.887,0.278,0,"Epithelial","AGR2"
0,3.10343909195203,0.781,0.181,0,"Epithelial","CD24"
0,3.53938110311492,0.783,0.183,0,"Epithelial","IFI27"
0,2.93222863035403,0.992,0.407,0,"Epithelial","KRT8"
0,3.26469862731903,0.758,0.175,0,"Epithelial","CKB"
0,2.78632537307414,0.737,0.161,0,"Epithelial","RRBP1"
0,2.21748032159221,0.826,0.301,0,"Epithelial","ITM2C"
0,2.11084999855642,0.863,0.341,0,"Epithelial","NDUFB7"
0,2.17389855280277,0.92,0.415,0,"Epithelial","CHCHD10"
0,2.0352159996241,0.913,0.418,0,"Epithelial","TXN"
0,1.9480792595321,0.919,0.452,0,"Epithelial","ATP5I"
0,1.90192183210508,0.911,0.463,0,"Epithelial","UQCRQ"
0,1.66160170272944,0.873,0.465,0,"Epithelial","NDUFA1"
0,1.68703999577714,0.885,0.487,0,"Epithelial","ATP5G3"
0,1.48384568115073,0.927,0.547,0,"Epithelial","JUN"
0,1.8401026430372,0.974,0.599,0,"Epithelial","COX5B"
0,2.58200574121925,0.852,0.482,0,"Epithelial","FABP1"
0,1.81662263782783,0.973,0.617,0,"Epithelial","S100A10"
0,1.52148755531169,0.939,0.618,0,"Epithelial","TCEB2"
0,1.44790837954761,0.942,0.652,0,"Epithelial","ATP5D"
0,1.35343598415141,0.952,0.68,0,"Epithelial","COX6B1"
0,2.1564419831381,0.998,0.763,0,"Epithelial","PHGR1"
0,1.21021185200091,0.97,0.779,0,"Epithelial","PPDPF"
0,1.69848138556065,1,0.876,0,"Epithelial","S100A6"
0,1.37852628424772,0.985,0.915,0,"Epithelial","MT-RNR1"
0,0.676079503228354,0.995,0.998,0,"Epithelial","MT-CO3"
0,0.892334092693284,0.997,0.998,0,"Epithelial","MT-RNR2"
2.66795448754273e-322,4.12990733284347,0.677,0.089,5.15849000166387e-318,"Epithelial","SFN"
1.64128607548462e-320,2.79889015215435,0.74,0.161,3.17342662694951e-316,"Epithelial","CD9"
3.13534058850855e-319,1.9355284473594,0.814,0.344,6.06218102788128e-315,"Epithelial","ATPIF1"
5.37657255400078e-317,2.88988238101058,0.735,0.171,1.03956030331605e-312,"Epithelial","HES1"
3.75784091773512e-313,1.07786330034505,0.952,0.839,7.26578541444085e-309,"Epithelial","MT-ND5"
2.88319469501836e-310,2.02143976462681,0.798,0.323,5.574656942818e-306,"Epithelial","ANXA2"
1.92572368345795e-306,0.723728188639044,0.983,0.982,3.72338674196595e-302,"Epithelial","MT-ND1"
1.17081145142717e-304,0.6324634915606,0.994,0.997,2.26376394133443e-300,"Epithelial","MT-CO2"
1.02801946713638e-295,4.15437614073555,0.645,0.083,1.98767563970819e-291,"Epithelial","TSPAN1"
1.47166900402952e-294,1.5655875533437,0.847,0.5,2.84547201929107e-290,"Epithelial","PRDX5"
4.83493826037055e-294,1.31782356972183,0.894,0.589,9.34835312642646e-290,"Epithelial","NDUFA13"
7.31492753232629e-292,0.62323493984878,0.992,0.995,1.41434123837529e-287,"Epithelial","MT-ND4"
8.97854154963781e-292,4.6430158687501,0.617,0.037,1.73600100862247e-287,"Epithelial","CDC42EP5"
1.12213315416841e-290,1.29907855410405,0.902,0.613,2.16964445358462e-286,"Epithelial","UQCR11.1"
2.5350347985263e-289,3.99438084007987,0.63,0.054,4.9014897829506e-285,"Epithelial","LGALS3BP"
8.15778463190503e-289,0.623121001480617,0.992,0.991,1.57730765857884e-284,"Epithelial","TMSB10"
1.43478984014598e-288,4.62221675650102,0.616,0.04,2.77416615592226e-284,"Epithelial","AMN"
2.27378926525247e-288,1.28656780331305,0.896,0.621,4.39637154436566e-284,"Epithelial","COX6C"
2.79892198287315e-287,4.39017347894559,0.62,0.053,5.41171565388524e-283,"Epithelial","MISP"
9.50999279657708e-287,0.589379238941243,0.992,0.995,1.83875710721818e-282,"Epithelial","MT-CO1"
1.34036299377711e-286,4.07604812926273,0.625,0.055,2.59159184846805e-282,"Epithelial","TPM1"
3.79320947477681e-285,3.0934456917892,0.665,0.117,7.33417051948095e-281,"Epithelial","TMEM141"
1.03075241784969e-282,3.31780643219438,0.659,0.111,1.99295979991237e-278,"Epithelial","PHLDA2"
2.97570789273637e-280,3.96438458004996,0.632,0.09,5.75353121060576e-276,"Epithelial","CA2"
2.86087324079435e-277,1.2104508742845,0.897,0.639,5.53149841107588e-273,"Epithelial","COX8A"
4.33756668477711e-277,1.24831225753425,0.89,0.636,8.38668518501654e-273,"Epithelial","COX7B"
6.08971227128823e-277,1.72335611193195,0.799,0.391,1.17744586765358e-272,"Epithelial","COX5A"
4.04256243077497e-276,4.40330136783615,0.608,0.057,7.81629445990341e-272,"Epithelial","SELENBP1"
4.98711722740619e-272,1.58969743051549,0.817,0.45,9.64259115918988e-268,"Epithelial","USMG5"
8.33108501034976e-269,4.34875909648194,0.601,0.059,1.61081528675113e-264,"Epithelial","PRSS3"
1.01743279341863e-268,2.81277661206189,0.67,0.142,1.96720630607493e-264,"Epithelial","SPINT2"
4.10181614529549e-267,1.87040809387033,0.776,0.381,7.93086151692882e-263,"Epithelial","BSG"
8.92829050830317e-264,0.780271892193118,0.984,0.916,1.72628496978042e-259,"Epithelial","MYL6"
3.44348201020143e-263,4.21240301976394,0.592,0.052,6.65797246672447e-259,"Epithelial","S100A16"
1.08759976683106e-262,0.619804185928115,0.991,0.966,2.10287414916786e-258,"Epithelial","SERF2"
1.12779176138331e-258,1.94881049382259,0.74,0.278,2.18058537063462e-254,"Epithelial","TSPO"
1.21838228489992e-258,0.791254073859267,0.961,0.898,2.35574214785399e-254,"Epithelial","COX4I1"
8.54036372910519e-257,1.3411955294835,0.857,0.582,1.65127932702249e-252,"Epithelial","COX6A1"
1.3145732017733e-256,1.03644479524917,0.934,0.725,2.54172728562868e-252,"Epithelial","EDF1"
7.16960270697168e-253,1.07183960271944,0.918,0.776,1.38624268339298e-248,"Epithelial","NEAT1"
1.59884502023676e-252,3.69575393538766,0.594,0.064,3.09136684662777e-248,"Epithelial","KLF4"
8.95079718017751e-252,0.58327273649696,0.989,0.994,1.73063663478732e-247,"Epithelial","MT-ATP6"
1.76713356680945e-249,1.39383082288323,0.869,0.463,3.41675275142607e-245,"Epithelial","FOS"
9.69263297341814e-249,2.36210640298375,0.689,0.236,1.8740705854104e-244,"Epithelial","CYSTM1"
1.1658116300373e-246,3.94231910547415,0.589,0.08,2.25409678667713e-242,"Epithelial","MT1G"
8.35545936694424e-246,2.1043605397796,0.697,0.243,1.61552806859867e-241,"Epithelial","ROMO1"
7.06294018681402e-245,1.63215474251733,0.775,0.39,1.36561948512049e-240,"Epithelial","ATP5J"
4.20487560241558e-243,2.30999581736805,0.671,0.206,8.13012697727053e-239,"Epithelial","CYC1"
9.78320384797515e-243,1.39893498899601,0.842,0.493,1.891582464006e-238,"Epithelial","CD63"
2.65288620236208e-242,3.35421058326555,0.605,0.102,5.12935547226708e-238,"Epithelial","MT1E"
4.89440834640211e-241,2.50497554895246,0.719,0.301,9.46333853776848e-237,"Epithelial","TFF3"
2.23099119910347e-240,2.344931764451,0.689,0.268,4.31362148346656e-236,"Epithelial","SRI"
1.09954792760963e-239,1.08562991300983,0.886,0.697,2.12597591803322e-235,"Epithelial","COX7A2"
1.22734139965061e-239,3.27500375594017,0.598,0.097,2.37306459622446e-235,"Epithelial","GPX2"
3.10732311953829e-237,1.92988792096674,0.729,0.229,6.00800925162728e-233,"Epithelial","HSPA1B"
4.91102749402463e-234,1.14539584860573,0.892,0.684,9.49547165969662e-230,"Epithelial","ALDOA"
2.16516360627498e-233,4.42993877527172,0.55,0.05,4.18634383273267e-229,"Epithelial","CEACAM5"
4.02720600785182e-232,2.85394861519859,0.621,0.159,7.7866028161815e-228,"Epithelial","ETHE1"
1.83428144821562e-231,2.40418587327113,0.658,0.179,3.54658318012491e-227,"Epithelial","ATF3"
1.06847998847963e-229,0.584881767644128,0.984,0.988,2.06590605772536e-225,"Epithelial","MT-CYB"
3.56647996228156e-229,1.72293991456267,0.731,0.324,6.8957890070714e-225,"Epithelial","AURKAIP1"
1.35381412359518e-228,3.05241951857252,0.587,0.104,2.61759960797128e-224,"Epithelial","CD151"
4.73999636906845e-228,4.10381356957896,0.547,0.056,9.16478297959385e-224,"Epithelial","MUC13"
7.3562459809791e-227,4.20144961925384,0.538,0.043,1.42233016042231e-222,"Epithelial","AGR3"
9.4812189177518e-227,4.59248566735007,0.528,0.032,1.83319367774731e-222,"Epithelial","SLC44A4"
2.99139336694658e-226,4.23966605458392,0.55,0.068,5.7838590749912e-222,"Epithelial","KRT20"
1.01516223372734e-225,2.56816313385205,0.621,0.155,1.96281617891182e-221,"Epithelial","UQCRC1"
1.80116835192859e-225,1.76212188584916,0.749,0.367,3.48255900845392e-221,"Epithelial","HSPB1"
8.86562542653126e-225,2.39900201460762,0.648,0.199,1.71416867621982e-220,"Epithelial","H2AFJ"
9.25398022280412e-225,1.71947058985352,0.722,0.325,1.78925707607918e-220,"Epithelial","NDUFS6"
5.26693943367118e-222,3.5417160037304,0.556,0.074,1.01836273950032e-217,"Epithelial","STARD10"
1.59361454387926e-220,2.8679581882419,0.594,0.113,3.08125372059056e-216,"Epithelial","RHOB"
2.55429799678024e-219,1.54087758631059,0.759,0.394,4.9387351767746e-215,"Epithelial","LAMTOR4"
1.68871868834179e-218,4.90105616757253,0.513,0.03,3.26513758390886e-214,"Epithelial","PCK1"
1.07161422698901e-216,2.10284652438074,0.689,0.258,2.07196610788324e-212,"Epithelial","AREG"
1.59533372849175e-215,3.10430946807291,0.581,0.128,3.08457776403879e-211,"Epithelial","MUC12"
1.8494764900791e-213,4.10353499047459,0.529,0.056,3.57596279356794e-209,"Epithelial","SPINK1"
1.05122014714582e-212,3.20216521642717,0.566,0.111,2.03253415450644e-208,"Epithelial","AGPAT2"
1.17257152916849e-211,3.87469568002507,0.536,0.07,2.26716705164727e-207,"Epithelial","ADIRF"
2.33413512131202e-208,1.86730211769126,0.676,0.254,4.51305025705678e-204,"Epithelial","DSTN"
1.75230174221077e-207,1.64613985988117,0.704,0.277,3.38807541856452e-203,"Epithelial","FKBP2"
2.35895954061542e-207,3.50383817540298,0.539,0.077,4.56104827177992e-203,"Epithelial","ID1"
2.23667401002758e-202,1.53809596627331,0.745,0.422,4.32460919838833e-198,"Epithelial","BLOC1S1.1"
8.21695559429364e-201,2.10531122223147,0.631,0.206,1.58874836415668e-196,"Epithelial","ALKBH7"
7.52197909620122e-200,0.557723588706231,0.984,0.988,1.45437465825051e-195,"Epithelial","MT-ND2"
8.45182351960484e-200,2.2198438350906,0.617,0.2,1.6341600775156e-195,"Epithelial","ACTN4"
1.87498986313449e-198,2.16098485545251,0.616,0.2,3.62529290037054e-194,"Epithelial","ACADVL"
7.11547002152648e-198,0.514466385470961,0.992,0.959,1.37577612866215e-193,"Epithelial","GAPDH"
3.97188033432081e-197,3.96483657008158,0.5,0.05,7.67963062640928e-193,"Epithelial","CES2"
1.21591733919248e-195,2.55323627485512,0.579,0.127,2.35097617532866e-191,"Epithelial","EGR1"
1.00733399428769e-193,4.11645208197974,0.493,0.047,1.94768027795526e-189,"Epithelial","ARL14"
2.10428343642148e-193,4.13208347852884,0.492,0.048,4.06863202432093e-189,"Epithelial","CDHR5"
8.20480208646723e-190,1.36996775374074,0.746,0.432,1.58639848341844e-185,"Epithelial","UQCR10"
1.1328857125324e-189,1.72086788150455,0.69,0.345,2.19043452518139e-185,"Epithelial","MT-ND4L"
6.43403965676338e-189,1.98147012874005,0.642,0.274,1.2440215676352e-184,"Epithelial","CLTB"
7.75479429456823e-189,1.38342357769685,0.763,0.322,1.49938947685477e-184,"Epithelial","LMNA"
1.31894494984833e-188,4.1878240068797,0.485,0.049,2.55018006053175e-184,"Epithelial","SDCBP2"
1.36002795746829e-188,1.18896334855532,0.786,0.508,2.62961405576494e-184,"Epithelial","C14orf2"
2.16499334525623e-188,0.59656723807985,0.98,0.922,4.18601463305292e-184,"Epithelial","ACTG1"
3.67322279137158e-188,3.01592130910667,0.524,0.095,7.10217626711695e-184,"Epithelial","CISD3"
3.53531632505518e-186,2.56317135679223,0.556,0.138,6.83553411449419e-182,"Epithelial","TXNDC17"
1.69684730296045e-181,4.18946514908908,0.465,0.037,3.28085426027402e-177,"Epithelial","CAMK2N1"
2.11388357083496e-180,3.16100049417563,0.508,0.083,4.0871938842094e-176,"Epithelial","ATP1B1"
4.52522673476132e-179,1.55909588643048,0.685,0.324,8.74952589166101e-175,"Epithelial","NDUFB10"
3.70405500389592e-178,4.57177715374063,0.467,0.051,7.16179035003276e-174,"Epithelial","CA1"
3.90076865437296e-178,2.63798529109617,0.536,0.121,7.54213619323011e-174,"Epithelial","MPST"
6.99648778192576e-177,4.04604509255164,0.462,0.039,1.35277091263535e-172,"Epithelial","MGST1"
1.1573271071144e-176,3.17283087214965,0.52,0.111,2.23769196160569e-172,"Epithelial","PLA2G2A"
2.42793448918525e-176,4.36695280024268,0.453,0.032,4.69441133483969e-172,"Epithelial","TST"
6.88395525378302e-171,4.75773291085928,0.446,0.036,1.33101274831895e-166,"Epithelial","PRAP1"
1.27086493830871e-170,2.07786826037894,0.583,0.207,2.45721735821989e-166,"Epithelial","ETFB"
1.57300678010722e-170,1.9932523950135,0.604,0.227,3.04140860933731e-166,"Epithelial","ATP5G1"
5.32046611464519e-170,2.60724897615777,0.526,0.111,1.02871212326665e-165,"Epithelial","TSC22D1"
5.43817310968726e-170,1.46136018442905,0.711,0.387,1.05147077075803e-165,"Epithelial","CTSD"
2.7589302102062e-169,1.27843043895207,0.73,0.45,5.33439156143369e-165,"Epithelial","ATP5B"
3.21134701238996e-169,0.585805543067229,0.972,0.974,6.20913944845599e-165,"Epithelial","MT-ND3"
6.28913082567356e-169,1.8237555737113,0.62,0.261,1.21600344514398e-164,"Epithelial","MRPL41"
1.11305395090318e-168,0.591167504731048,0.974,0.899,2.15208981407129e-164,"Epithelial","RPS26"
1.74457100266046e-167,3.98302892980305,0.444,0.037,3.37312803364399e-163,"Epithelial","ST14"
9.86875644173077e-166,1.64473997655118,0.66,0.319,1.90812405800864e-161,"Epithelial","MTATP6P1"
7.6862424606191e-165,3.4209199109279,0.475,0.074,1.4861349797607e-160,"Epithelial","NUPR1"
1.49788603399609e-164,4.99736728663784,0.418,0.016,2.89616264673144e-160,"Epithelial","RND3"
8.4758495818647e-164,1.57257375888129,0.651,0.311,1.63880551665354e-159,"Epithelial","NDUFS7"
6.82336123288077e-163,2.65779363473478,0.504,0.099,1.3192968943775e-158,"Epithelial","PDLIM1"
1.88593816334033e-162,1.04474427194394,0.805,0.548,3.64646143881852e-158,"Epithelial","GSTP1"
2.43667981348328e-162,1.29255904149442,0.73,0.462,4.71132041936991e-158,"Epithelial","CSTB"
3.72068705391885e-162,4.40642739159312,0.428,0.031,7.19394841875211e-158,"Epithelial","GPA33"
4.76632337474609e-162,3.74629435675348,0.442,0.039,9.21568624507156e-158,"Epithelial","DSP"
1.58907741054467e-161,1.60230679624928,0.639,0.295,3.07248117328812e-157,"Epithelial","NDUFB1"
6.04937872349369e-161,2.86453348410978,0.489,0.089,1.1696473761875e-156,"Epithelial","FCGRT"
3.93262890451396e-160,3.79744185275207,0.438,0.043,7.60373798687774e-156,"Epithelial","KLF5"
2.76697450833128e-159,3.21292701876517,0.498,0.122,5.34994521185853e-155,"Epithelial","RN7SK"
1.43137300451289e-158,4.25342308917272,0.425,0.035,2.76755970422567e-154,"Epithelial","HSD11B2"
6.98462348612097e-158,2.12444060462871,0.548,0.175,1.35047695104149e-153,"Epithelial","NDUFB3"
1.43648326293839e-157,1.30176417665952,0.717,0.427,2.77744038889138e-153,"Epithelial","RAC1"
3.00700352953345e-157,2.83935194768373,0.475,0.073,5.81404132435292e-153,"Epithelial","MARCKS"
1.79998703899566e-156,2.95735891521132,0.47,0.084,3.48027493989812e-152,"Epithelial","BLVRB"
6.18751534945694e-154,4.1523536773199,0.415,0.031,1.1963560928175e-149,"Epithelial","SERINC2"
7.25668979942818e-153,4.34383351356822,0.41,0.028,1.40308097271944e-148,"Epithelial","VSIG2"
2.700856591036e-151,3.67399768935904,0.479,0.117,5.22210621876811e-147,"Epithelial","GUCA2A"
8.41026988843252e-150,1.29955464439078,0.681,0.396,1.62612568292843e-145,"Epithelial","ATP5J2"
2.33849699767868e-149,2.17212586455178,0.531,0.165,4.52148394501173e-145,"Epithelial","STRA13"
7.44828357734848e-148,3.87242763639884,0.431,0.064,1.44012562968033e-143,"Epithelial","S100P"
5.61346923884914e-146,3.95614336264443,0.44,0.081,1.08536427733148e-141,"Epithelial","SLC26A3"
1.21782820218521e-144,2.28237541802573,0.51,0.151,2.35467082892511e-140,"Epithelial","MRPL12"
1.50598945274402e-144,4.14827583489185,0.402,0.033,2.91183060688057e-140,"Epithelial","PKIB"
1.99889502825073e-144,3.59469382254609,0.416,0.05,3.86486353712279e-140,"Epithelial","GIPC1"
5.38820051649479e-141,4.31734269977552,0.388,0.029,1.04180856986427e-136,"Epithelial","PKP3"
1.96406318110898e-140,4.0670219750179,0.39,0.029,3.79751616067421e-136,"Epithelial","CDX1"
1.61823708998868e-139,2.58987641046685,0.466,0.112,3.12886141349312e-135,"Epithelial","MVP"
6.46809835980263e-139,3.63226921769974,0.404,0.046,1.25060681786784e-134,"Epithelial","SPINT1"
1.17968264767476e-138,2.14048796863878,0.505,0.159,2.28091639927915e-134,"Epithelial","FAM162A"
4.35279463635729e-138,0.883089857569937,0.817,0.625,8.41612842939682e-134,"Epithelial","UBL5"
2.18980909299278e-136,1.7625409609788,0.56,0.219,4.23399588130154e-132,"Epithelial","TIMM13"
8.16114147555927e-135,4.75724916045444,0.368,0.022,1.57795670429938e-130,"Epithelial","AOC1"
2.32892565252461e-134,4.21581716959223,0.388,0.04,4.50297774915633e-130,"Epithelial","WFDC2"
1.26929202202777e-133,1.02016270361411,0.778,0.432,2.45417612459069e-129,"Epithelial","HSPA1A"
2.64760094236723e-133,3.39265715111106,0.404,0.056,5.11913642206704e-129,"Epithelial","CDH17"
3.36465541761751e-133,4.02236375226115,0.382,0.036,6.50556124996346e-129,"Epithelial","MYH14"
1.17197578419141e-132,1.80551175573521,0.547,0.225,2.26601517873409e-128,"Epithelial","C19orf70"
4.49765226588147e-132,2.53169340943125,0.473,0.14,8.69621065608183e-128,"Epithelial","HIGD1A"
5.07562100367844e-132,1.595309033486,0.576,0.263,9.81371321061227e-128,"Epithelial","NDUFA3"
8.21064045751745e-132,1.30534230220074,0.639,0.356,1.587527332461e-127,"Epithelial","MINOS1"
9.64053005144739e-132,1.35802412664938,0.628,0.34,1.86399648544735e-127,"Epithelial","NDUFB9"
1.47030659411498e-130,1.09159707869286,0.712,0.456,2.84283779972131e-126,"Epithelial","NDUFB2"
6.2067851543491e-130,1.69514165325615,0.577,0.243,1.2000819095934e-125,"Epithelial","FABP5"
1.10332110088577e-129,4.01804532284049,0.373,0.031,2.13327134856263e-125,"Epithelial","PRAC1"
1.22097452007461e-129,4.09515556351827,0.371,0.032,2.36075423456425e-125,"Epithelial","SLC22A18"
1.45269410705617e-128,4.66085633019704,0.36,0.026,2.80878405599311e-124,"Epithelial","MALL"
3.03631401143575e-128,1.03034765274237,0.721,0.462,5.87071314111101e-124,"Epithelial","RPS27L"
5.55041571806556e-128,0.944770592003394,0.806,0.63,1.07317287908798e-123,"Epithelial","KLF6"
3.4640348613503e-127,0.900826199976804,0.781,0.574,6.6977114044208e-123,"Epithelial","POLR2L"
2.31680359170318e-126,4.46057752847114,0.372,0.043,4.47953974455809e-122,"Epithelial","CEACAM7"
2.0410665882874e-124,3.12707001347876,0.399,0.067,3.94640224845369e-120,"Epithelial","LDLR"
3.28234959507967e-124,3.4300662773284,0.403,0.076,6.34642294208655e-120,"Epithelial","FCGBP"
5.36078734735323e-124,1.91035168532672,0.515,0.203,1.03650823361075e-119,"Epithelial","MGST3"
8.33192379883909e-124,3.95460249752773,0.379,0.051,1.61097746650554e-119,"Epithelial","SLC26A2"
1.01194298619623e-123,1.30580390492943,0.622,0.331,1.95659176381041e-119,"Epithelial","P4HB"
1.42800540480968e-123,4.32193464987047,0.367,0.042,2.76104845019952e-119,"Epithelial","CEACAM1"
2.56910988861049e-123,2.63768284431415,0.427,0.091,4.96737396962839e-119,"Epithelial","COMTD1"
2.61519672749006e-123,3.60132539624216,0.378,0.048,5.05648287260203e-119,"Epithelial","MUC1"
2.82899315997724e-123,3.52056167203343,0.369,0.035,5.46985827481599e-119,"Epithelial","TMEM176B"
3.58074631886437e-123,4.97111045103946,0.34,0.015,6.92337300752426e-119,"Epithelial","CA12"
7.11838736195287e-123,1.82899502950401,0.523,0.213,1.37634019643359e-118,"Epithelial","CHMP2A"
9.31444689067705e-123,3.86354046867669,0.374,0.046,1.80094830631241e-118,"Epithelial","SEPP1"
1.20999757766626e-122,4.70219132802936,0.345,0.021,2.33953031641771e-118,"Epithelial","LMO7"
2.29015429969013e-122,4.44563718415705,0.351,0.027,4.42801333845086e-118,"Epithelial","GPRC5A"
3.50392450689492e-122,1.06722158149315,0.687,0.429,6.77483803408133e-118,"Epithelial","HSP90B1"
4.38049147145324e-121,3.7235705224051,0.362,0.036,8.46968026005484e-117,"Epithelial","RBM47"
5.56673031717832e-121,0.535815914846069,0.963,0.892,1.07632730682643e-116,"Epithelial","UBB"
9.75111291010762e-121,1.00776307288159,0.741,0.499,1.88537768116931e-116,"Epithelial","IER2"
2.32202062969404e-120,4.63785044121112,0.339,0.019,4.48962688751342e-116,"Epithelial","HMGCS2"
6.63778577192313e-118,5.22831952119509,0.326,0.013,1.28341587900134e-113,"Epithelial","PRSS8"
6.0055412744364e-117,2.97179923432981,0.389,0.071,1.16117140541228e-112,"Epithelial","ASL"
1.19851743331553e-116,3.75888698896532,0.348,0.029,2.31733345731558e-112,"Epithelial","TMEM176A"
1.19656961891682e-115,3.55744801243938,0.363,0.048,2.31356735817567e-111,"Epithelial","ASS1"
1.04843744790011e-114,1.79146585695723,0.517,0.23,2.02715380551485e-110,"Epithelial","UGP2"
2.43971425099104e-113,4.76190439459733,0.326,0.02,4.71718750429118e-109,"Epithelial","CLDN23"
5.36214420968565e-113,4.06191935476198,0.335,0.028,1.03677058294272e-108,"Epithelial","PPP1R1B"
1.09559159593249e-112,4.14609801985551,0.331,0.025,2.11832635073547e-108,"Epithelial","JUP"
1.26126644043635e-111,3.77491130772904,0.344,0.039,2.43865866258369e-107,"Epithelial","CYP3A5"
7.43632960759331e-111,0.8942908147822,0.756,0.554,1.43781432962817e-106,"Epithelial","TUBB4B"
2.72220501786895e-110,4.70039022620206,0.317,0.018,5.26338340204962e-106,"Epithelial","DSC2"
1.03943828564192e-109,3.0991994976976,0.371,0.067,2.00975392528864e-105,"Epithelial","SPATS2L"
5.47803545202866e-108,4.49466981069589,0.316,0.021,1.05917815464974e-103,"Epithelial","MAL2"
1.23493757157496e-107,2.20780322615696,0.413,0.096,2.38775179464019e-103,"Epithelial","GRN"
4.92307097348102e-107,4.35465681231527,0.314,0.021,9.51875772722556e-103,"Epithelial","GOLM1"
5.24018586219689e-107,0.874158769812164,0.744,0.55,1.01318993645577e-102,"Epithelial","DBI"
5.19499760775409e-106,4.47650437202878,0.313,0.022,1.00445278745925e-101,"Epithelial","TMPRSS2"
7.14472442483564e-105,2.67451120084479,0.374,0.075,1.38143246754197e-100,"Epithelial","LIMA1"
1.94683906325702e-104,3.27518386547649,0.341,0.047,3.76421332880745e-100,"Epithelial","ACADS"
1.87654387748333e-103,1.71796482880539,0.485,0.199,3.62829758711402e-99,"Epithelial","TUBA1C"
1.20227678298986e-102,1.45874581301074,0.533,0.251,2.3246021599109e-98,"Epithelial","PHPT1"
1.5388911719921e-102,1.44533190460383,0.53,0.251,2.97544608104673e-98,"Epithelial","AP2S1"
2.94628970542678e-102,3.39435609741866,0.332,0.044,5.69665114544268e-98,"Epithelial","LLGL2"
7.22438815401113e-102,3.51772393051329,0.324,0.036,1.39683544957805e-97,"Epithelial","RP11-357H14.17"
6.93324738004904e-101,1.3128925204121,0.558,0.293,1.34054338093248e-96,"Epithelial","PRDX2"
1.294716786744e-100,3.88414269902147,0.314,0.032,2.50333490716952e-96,"Epithelial","MUC5B"
4.16449496675751e-100,2.4975138841339,0.384,0.097,8.05205101822565e-96,"Epithelial","NAPRT1"
4.26575943069079e-100,4.51789889677429,0.296,0.019,8.24784585924064e-96,"Epithelial","DSG2"
1.01015512853861e-99,2.49253870159611,0.39,0.103,1.9531349410294e-95,"Epithelial","MXD1"
2.20782046842339e-99,1.9256911830262,0.436,0.157,4.26882087569662e-95,"Epithelial","ECHS1"
4.02760570822476e-99,2.61146438234157,0.367,0.078,7.78737563685258e-95,"Epithelial","ISOC2"
8.92630133743002e-99,3.68919039207391,0.326,0.046,1.72590036359209e-94,"Epithelial","TFF1"
5.23294867979509e-98,2.43727842264713,0.379,0.095,1.01179062723838e-93,"Epithelial","PNKD"
1.14750096658698e-97,3.81085355239226,0.307,0.031,2.21869311889593e-93,"Epithelial","MAPK3"
7.8516193698821e-97,1.05878390556338,0.651,0.407,1.5181106051667e-92,"Epithelial","S100A11"
1.19780220716535e-96,3.3544034202925,0.316,0.038,2.3159505675542e-92,"Epithelial","ALDH2"
1.35530948202347e-96,1.7533518842609,0.456,0.174,2.62049088349237e-92,"Epithelial","PHB"
1.676947883295e-96,2.57295253213643,0.368,0.079,3.24237873235089e-92,"Epithelial","SOX4"
9.07792042623738e-96,4.70899145979905,0.29,0.022,1.755215914413e-91,"Epithelial","MS4A12"
1.12326263391563e-95,0.688670414230732,0.804,0.667,2.17182830267587e-91,"Epithelial","CYCS"
1.20737669321138e-95,4.08865293210697,0.298,0.028,2.3344628363242e-91,"Epithelial","PLS1"
3.81236412233988e-95,1.41552844772133,0.521,0.251,7.37120603054415e-91,"Epithelial","MRPL23"
1.26859594772957e-94,3.06470643176752,0.332,0.056,2.45283026493513e-90,"Epithelial","FAM46A"
1.50053651398815e-93,0.668743423875414,0.825,0.664,2.90128734979609e-89,"Epithelial","TPI1"
5.38613429488675e-93,4.81828795756156,0.274,0.013,1.04140906591635e-88,"Epithelial","PDE4C"
6.14877118139956e-93,2.03362722305701,0.488,0.243,1.1888649079236e-88,"Epithelial","PLAC8"
1.19480972459656e-92,4.15459430981855,0.284,0.022,2.31016460250744e-88,"Epithelial","RAB25"
1.54021157110165e-92,4.09906491289294,0.284,0.021,2.97799907272503e-88,"Epithelial","CDH1"
1.89321938320465e-92,2.96402025434261,0.325,0.054,3.6605396774262e-88,"Epithelial","TSPAN3"
2.61281427237407e-92,3.82014811127981,0.307,0.043,5.05187639563526e-88,"Epithelial","EMP1"
2.8510168398346e-92,3.95699052376418,0.288,0.025,5.51244105982019e-88,"Epithelial","STAP2"
3.73970505850808e-92,1.65611305392949,0.46,0.198,7.23071973062537e-88,"Epithelial","SLIRP"
4.85093203281805e-92,4.48929961334522,0.278,0.018,9.3792770854537e-88,"Epithelial","LAMB3"
2.1992759854512e-91,1.6702934177879,0.456,0.191,4.25230011786989e-87,"Epithelial","COX6A1P2"
2.38534540098499e-91,3.41528585439432,0.318,0.052,4.61206533280447e-87,"Epithelial","GDF15"
9.49614944930023e-91,4.34509311767965,0.277,0.019,1.8360804960222e-86,"Epithelial","RNASE1"
1.07112855837978e-90,4.45701676055575,0.273,0.015,2.07102706762731e-86,"Epithelial","TCEA3"
4.95413581803285e-90,4.45271106760497,0.276,0.019,9.57882160416651e-86,"Epithelial","EDN1"
5.92762671130778e-90,4.62938149652812,0.269,0.013,1.14610662463136e-85,"Epithelial","LIPH"
1.58722676930228e-89,4.68906158463206,0.27,0.016,3.06890295844596e-85,"Epithelial","DST"
2.40111570552332e-89,3.39856134085616,0.298,0.036,4.64255721662934e-85,"Epithelial","MGLL"
5.8429795458443e-89,4.12089668884845,0.278,0.022,1.129740095189e-84,"Epithelial","ABCC3"
7.90702373708209e-89,2.9677465287191,0.315,0.052,1.52882303956482e-84,"Epithelial","ETS2"
1.16550898947433e-88,1.04456868320244,0.587,0.359,2.25351163114862e-84,"Epithelial","NDUFB4"
1.8013017789434e-88,3.62835128484546,0.29,0.033,3.48281698958706e-84,"Epithelial","FLNB"
4.89390821153511e-88,4.32114929052083,0.27,0.019,9.46237152700314e-84,"Epithelial","EPS8L3"
5.35236861545247e-88,4.47618419767526,0.267,0.016,1.03488047179773e-83,"Epithelial","CCDC64B"
8.91403040430743e-88,2.98962720630084,0.313,0.053,1.72352777867284e-83,"Epithelial","RASSF7"
6.31373757482959e-87,5.08293869642067,0.257,0.01,1.2207611600933e-82,"Epithelial","ATP8B1"
8.16498098229732e-87,3.9412148059146,0.274,0.023,1.57869907292719e-82,"Epithelial","FHL2"
9.86088333439655e-87,1.86893328890958,0.418,0.158,1.90660179270557e-82,"Epithelial","CHMP4B"
1.75082593236077e-86,2.37634148055527,0.354,0.094,3.38522194021956e-82,"Epithelial","SQRDL"
2.77847477455318e-86,2.98444465768457,0.316,0.058,5.37218097659857e-82,"Epithelial","GSN"
3.26921290124196e-86,3.72483139182049,0.278,0.026,6.32102314455134e-82,"Epithelial","RP11-467L13.7"
1.97016912225185e-85,1.10838063855636,0.563,0.336,3.80932199787396e-81,"Epithelial","NDUFB8.1"
2.1002546707286e-85,4.09182345685226,0.3,0.049,4.06084240585376e-81,"Epithelial","GUCA2B"
2.45117753839242e-85,2.48825329985442,0.338,0.084,4.73935177048175e-81,"Epithelial","FAM195A"
3.3531515675524e-85,0.823960862831062,0.696,0.466,6.48331855586256e-81,"Epithelial","DNAJB1"
3.82804163381529e-85,4.63954884817896,0.263,0.019,7.40151849898187e-81,"Epithelial","CDA"
3.96514762116351e-85,1.09780935810838,0.574,0.367,7.66661292551965e-81,"Epithelial","DDT"
1.64995338133053e-84,0.843293452174395,0.749,0.66,3.19018486280258e-80,"Epithelial","MYL12B"
1.93604047258556e-84,4.29737517906359,0.262,0.019,3.74333425374419e-80,"Epithelial","PPP1R14D"
1.95208134250077e-84,3.4210622704679,0.289,0.039,3.77434927572523e-80,"Epithelial","RARRES2"
5.59214297789561e-84,4.49766173943441,0.257,0.015,1.08124084477612e-79,"Epithelial","EPS8"
9.75957407240924e-84,1.0651244835543,0.574,0.357,1.88701364690033e-79,"Epithelial","GNG5"
1.09687869080232e-83,3.69256419710698,0.275,0.029,2.12081494866629e-79,"Epithelial","MUC4"
1.72288911954425e-83,3.26190615635592,0.289,0.041,3.3312061126388e-79,"Epithelial","UGDH"
1.85197346055064e-83,4.4327754953667,0.258,0.017,3.58079068597466e-79,"Epithelial","SLPI"
4.02378826640395e-83,4.5769314523295,0.255,0.015,7.77999461309203e-79,"Epithelial","C2orf82"
6.05210950904603e-83,2.90118463258731,0.299,0.047,1.17017537357405e-78,"Epithelial","APP"
1.04726781846114e-82,4.11743474606147,0.266,0.025,2.02489232699461e-78,"Epithelial","TRIM31"
9.28591056059198e-82,4.10791448182138,0.26,0.022,1.79543080689046e-77,"Epithelial","SULT1A1"
2.00664097541092e-81,1.19119581735728,0.534,0.307,3.87984032595701e-77,"Epithelial","SEPW1"
3.57701316046352e-81,1.97249006794323,0.412,0.169,6.91615494575622e-77,"Epithelial","FDPS"
6.88785239096192e-81,0.65296678527422,0.78,0.64,1.33176625979249e-76,"Epithelial","CLIC1"
8.25888500381294e-81,1.35961813351134,0.492,0.258,1.59685541548723e-76,"Epithelial","NDUFS8"
1.08517149364552e-80,1.30511486557274,0.49,0.252,2.09817908296361e-76,"Epithelial","ZNHIT1"
5.39192785126146e-80,1.42667038627464,0.483,0.25,1.0425292500414e-75,"Epithelial","VMP1"
1.25625701021811e-79,0.816745569880605,0.645,0.469,2.42897292925671e-75,"Epithelial","SEC61G"
1.31709521213718e-79,3.13897642887096,0.284,0.044,2.54660359266723e-75,"Epithelial","LSR"
1.7962017975858e-79,1.17156754137482,0.521,0.301,3.47295617563214e-75,"Epithelial","ATP5H"
1.97394863385662e-79,1.48965787017229,0.521,0.319,3.81662968356178e-75,"Epithelial","RHOC"
2.14320322573011e-79,2.96443716607957,0.299,0.058,4.14388343694917e-75,"Epithelial","SSFA2"
2.53956943115722e-79,1.65483302216475,0.414,0.162,4.91025749514248e-75,"Epithelial","NBL1"
3.4732427353271e-79,2.80091715322409,0.289,0.043,6.71551482875495e-75,"Epithelial","LGALS2"
8.24811486598244e-79,1.31917394281797,0.538,0.342,1.5947730093377e-74,"Epithelial","PRR13"
1.71197574844582e-78,1.54835498353533,0.464,0.238,3.31010510961999e-74,"Epithelial","C4orf48"
2.14620435105739e-78,0.855882663120558,0.681,0.51,4.14968611276947e-74,"Epithelial","HSPA5"
4.78482368194638e-78,1.82429122785821,0.384,0.138,9.25145658904332e-74,"Epithelial","NDUFC1"
1.70926290751284e-77,3.70095155804281,0.257,0.026,3.30485983167608e-73,"Epithelial","ABHD11"
2.86941738118828e-77,3.80526462350367,0.259,0.029,5.54801850652753e-73,"Epithelial","C8orf4"
4.44496074402144e-77,3.61390936858682,0.256,0.024,8.59433159856545e-73,"Epithelial","HBEGF"
1.27311688684199e-76,0.643303672452316,0.762,0.663,2.46157150070899e-72,"Epithelial","UQCRH"
1.55941120352972e-76,2.02935112926089,0.362,0.121,3.01512156202471e-72,"Epithelial","FBXW5"
2.10037252116825e-76,3.92436809540249,0.279,0.05,4.06107026967881e-72,"Epithelial","CA4"
2.46747781829961e-76,2.86575293475489,0.29,0.052,4.7708683616823e-72,"Epithelial","CXCL3"
6.40121312250495e-76,0.864100102815582,0.633,0.449,1.23767455723633e-71,"Epithelial","PRELID1"
1.37339773834124e-75,1.62004024279949,0.405,0.165,2.65546452708279e-71,"Epithelial","NANS"
2.20947838959305e-75,3.84940228749367,0.259,0.032,4.27202646627816e-71,"Epithelial","CEACAM6"
2.01078816604763e-74,3.34225493051435,0.256,0.029,3.88785891905309e-70,"Epithelial","IGFBP2"
6.96982589435067e-74,3.00320003107738,0.273,0.043,1.3476158366727e-69,"Epithelial","INF2"
7.09783516518696e-74,1.11689046039126,0.526,0.313,1.3723664291889e-69,"Epithelial","NDUFA2"
1.59041850760444e-73,2.27374197660376,0.425,0.202,3.07507418445319e-69,"Epithelial","ZG16"
2.02121154955643e-72,1.31241148171407,0.472,0.244,3.90801253106736e-68,"Epithelial","RAB11FIP1"
2.50296116000108e-72,2.41590418986076,0.309,0.072,4.83947540286209e-68,"Epithelial","PLAUR"
4.07461852398291e-72,2.5452425989395,0.284,0.055,7.87827491612095e-68,"Epithelial","TRIB1"
4.47210297145178e-72,0.739378709196609,0.732,0.648,8.64681109530202e-68,"Epithelial","SLC25A5"
1.12415725530398e-71,1.79386947599323,0.367,0.132,2.17355805313025e-67,"Epithelial","SUCLG1"
7.027840907585e-71,1.05150361450953,0.544,0.36,1.35883303948156e-66,"Epithelial","VDAC2"
1.64735639596208e-70,2.30117496369133,0.309,0.082,3.18516359159267e-66,"Epithelial","SPTBN1"
4.2523386469693e-70,2.04658475264357,0.358,0.134,8.22189677391515e-66,"Epithelial","CFDP1"
1.97901747865343e-69,2.5632766710122,0.287,0.064,3.82643029497641e-65,"Epithelial","CTNNA1"
3.63583188239846e-69,1.15541355390795,0.447,0.217,7.02988094461741e-65,"Epithelial","VIMP"
3.97395616176658e-69,1.3169949026434,0.478,0.259,7.68364423877569e-65,"Epithelial","ID3"
4.71773322160005e-69,0.819755307499038,0.61,0.437,9.12173718396371e-65,"Epithelial","NDUFA11"
3.22366053018681e-68,2.53971645125318,0.283,0.063,6.2329476351162e-64,"Epithelial","ANXA4"
3.28153005716459e-68,2.99362857681317,0.269,0.053,6.34483836552773e-64,"Epithelial","MDK"
5.10634450819596e-68,2.72020904910215,0.27,0.053,9.8731171065969e-64,"Epithelial","GMDS"
6.32385488459072e-68,2.15569054600841,0.314,0.088,1.22271734193562e-63,"Epithelial","PFKL"
3.68102524120006e-67,2.08806949496183,0.338,0.117,7.11726230386032e-63,"Epithelial","DDAH2"
6.85831331905019e-67,0.502424416166676,0.871,0.8,1.32605488023835e-62,"Epithelial","SAT1"
1.15055955631555e-66,1.59736763402413,0.435,0.222,2.22460690213612e-62,"Epithelial","RP1-313I6.12"
1.14821033562347e-64,1.6434671055616,0.366,0.149,2.22006468392798e-60,"Epithelial","PLEKHJ1"
2.28309760063128e-64,2.2739129281189,0.301,0.09,4.41436921082058e-60,"Epithelial","ACAA1"
4.19590796855144e-63,0.846361480360668,0.595,0.442,8.1127880571942e-59,"Epithelial","TMEM59"
4.65706976788909e-63,2.35945678104019,0.278,0.068,9.00444439621356e-59,"Epithelial","QTRT1"
4.98427693244346e-63,1.56472980048255,0.407,0.197,9.63709944887944e-59,"Epithelial","POLD4"
5.05993223955695e-63,1.63080090597223,0.367,0.155,9.78337898518336e-59,"Epithelial","NDUFV1"
2.75462415269028e-62,0.726658938888829,0.618,0.452,5.32606579922665e-58,"Epithelial","COPE"
3.22974230681796e-62,1.98938317816939,0.306,0.097,6.24470675023253e-58,"Epithelial","COA3"
5.2473022268254e-62,2.05615481107905,0.308,0.098,1.01456588555669e-57,"Epithelial","CHP1"
9.40758933776762e-62,2.56332457028149,0.264,0.059,1.81895739845737e-57,"Epithelial","PLEC"
1.34452546074836e-61,2.34937987377473,0.292,0.088,2.59963997835695e-57,"Epithelial","TDP2"
1.49565485811204e-61,1.12498432605999,0.472,0.291,2.89184866815963e-57,"Epithelial","SCP2"
2.00849053260966e-61,2.08178932577537,0.332,0.125,3.88341644480078e-57,"Epithelial","MT1X"
3.31669347458634e-61,1.01718595911231,0.567,0.425,6.4128268331127e-57,"Epithelial","VAMP8"
3.50430668958641e-61,1.22316023491637,0.538,0.389,6.77557698431532e-57,"Epithelial","PRDX6"
3.87556578866056e-61,1.07930986266424,0.466,0.277,7.49340645237519e-57,"Epithelial","CLTA"
1.88325985630195e-60,1.74431947803409,0.36,0.154,3.64128293215982e-56,"Epithelial","ZFAND2A"
4.59887618801292e-60,1.10722341851769,0.477,0.292,8.89192710952298e-56,"Epithelial","ANXA11"
1.28710802491445e-58,0.940827916217869,0.537,0.343,2.4886233661721e-54,"Epithelial","EIF5A"
1.61111437801992e-58,0.944055130087422,0.535,0.358,3.11508964990152e-54,"Epithelial","CAST"
3.9111252595471e-58,1.29316609485949,0.493,0.3,7.56216068933432e-54,"Epithelial","MT2A"
2.84965915695541e-57,1.64244243872231,0.341,0.141,5.50981597997329e-53,"Epithelial","TIMM8B"
4.41819903089687e-57,0.880731339717729,0.574,0.43,8.54258782623909e-53,"Epithelial","HN1"
5.74688082457871e-57,2.23485704882554,0.276,0.081,1.11115940743229e-52,"Epithelial","ACAA2"
2.22834873955388e-56,1.73195386582371,0.338,0.141,4.30851228792742e-52,"Epithelial","CD59"
4.38838901754499e-56,1.47152793046582,0.374,0.172,8.48495016542325e-52,"Epithelial","MIDN"
1.02645651872849e-54,1.53146070688239,0.357,0.164,1.98465367896154e-50,"Epithelial","MAP2K2"
1.40302965609642e-54,1.32448433457789,0.431,0.251,2.71275784006242e-50,"Epithelial","DDIT3"
1.48899786062092e-54,0.892255809359028,0.536,0.38,2.87897736351054e-50,"Epithelial","SCAND1"
4.74773462196135e-54,0.996648783890563,0.467,0.291,9.17974489156228e-50,"Epithelial","ATP5C1"
6.41114729723111e-54,0.987399785098603,0.475,0.305,1.23959532991964e-49,"Epithelial","FIS1"
6.44737843196385e-53,1.15657175914764,0.455,0.294,1.24660061982021e-48,"Epithelial","TSTD1"
3.69465807547467e-52,0.989712364942106,0.451,0.259,7.14362138893027e-48,"Epithelial","SDF2L1"
4.71904824647384e-52,1.04467933581715,0.449,0.278,9.12427978455718e-48,"Epithelial","NDUFA6"
1.28837924482796e-51,1.89158752914474,0.289,0.103,2.49108126987486e-47,"Epithelial","CTSA"
5.76386272711143e-51,1.68465743921351,0.306,0.12,1.114442858287e-46,"Epithelial","APLP2"
4.2008598405204e-50,0.776962401703063,0.546,0.395,8.12236250164619e-46,"Epithelial","MZT2B"
6.00391007920664e-50,0.576006382333702,0.672,0.582,1.1608560138146e-45,"Epithelial","TMBIM6"
8.11192394403353e-50,0.514722784743685,0.721,0.607,1.56844049457888e-45,"Epithelial","CALR"
8.56236700533408e-50,0.977687307802471,0.473,0.307,1.65553366048134e-45,"Epithelial","ATP1A1"
8.88101203186681e-50,0.673315487056415,0.631,0.52,1.71714367636145e-45,"Epithelial","SQSTM1"
4.63914430490949e-49,2.05195262415001,0.258,0.083,8.96978551354249e-45,"Epithelial","SERPINB6"
4.81709439332351e-49,1.35798703979984,0.338,0.153,9.313852009491e-45,"Epithelial","TPD52"
9.69085940334946e-49,1.7242437324094,0.313,0.136,1.87372766563762e-44,"Epithelial","SLC20A1"
9.81182131685874e-49,1.2368250044892,0.409,0.247,1.89711565161464e-44,"Epithelial","EIF6"
1.3123948026591e-48,1.92891042266357,0.261,0.08,2.53751535094137e-44,"Epithelial","CD320"
2.82174296464743e-48,1.4998037447918,0.323,0.143,5.4558400221458e-44,"Epithelial","SUCLG2"
7.15490969619415e-48,0.503303690659713,0.735,0.661,1.38340178975914e-43,"Epithelial","NDUFS5"
3.16685789650238e-47,1.76967439752568,0.287,0.113,6.12311974288736e-43,"Epithelial","RIOK3"
2.36804524286065e-46,1.82411792523912,0.263,0.088,4.57861547707106e-42,"Epithelial","LGALS9"
6.41729814927633e-46,1.35349136056065,0.346,0.174,1.24078459716258e-41,"Epithelial","NT5C"
9.98217939130868e-46,1.25890538419213,0.385,0.216,1.93005438530953e-41,"Epithelial","CDKN1A"
1.3657907894125e-45,1.4901522097121,0.313,0.14,2.64075649132906e-41,"Epithelial","TM9SF3"
1.50823545404931e-45,1.95348484962231,0.269,0.1,2.91617325040434e-41,"Epithelial","UPP1"
7.45824226035404e-45,1.05696941547201,0.427,0.251,1.44205114103945e-40,"Epithelial","NR4A1"
1.43294951534372e-44,1.50375938552837,0.306,0.134,2.77060788791709e-40,"Epithelial","HDLBP"
1.84805252178881e-44,0.841807216578459,0.479,0.343,3.57320955087867e-40,"Epithelial","SHFM1"
9.70408761929292e-44,2.12268680803665,0.317,0.162,1.87628534119029e-39,"Epithelial","LCN2"
1.40922438010681e-42,0.50358955157761,0.697,0.604,2.72473533893652e-38,"Epithelial","DYNLL1"
1.5343639120001e-42,1.58592308444346,0.285,0.122,2.96669262385219e-38,"Epithelial","ETFA"
1.973710999602e-42,1.21950148867997,0.356,0.199,3.81617021773047e-38,"Epithelial","RAB11A"
2.01846012606412e-42,1.37827740603486,0.29,0.119,3.90269265374498e-38,"Epithelial","PDIA4"
2.99356996667024e-41,1.05071411958,0.39,0.238,5.7880675305569e-37,"Epithelial","ECH1"
3.47065868954103e-41,1.15766372403436,0.37,0.216,6.71051857622759e-37,"Epithelial","SERPINB1"
7.47073147451687e-41,1.43746411664507,0.308,0.145,1.44446593059784e-36,"Epithelial","PYCARD"
7.66315689782778e-41,0.643135232325183,0.61,0.454,1.481671386195e-36,"Epithelial","FOSB"
1.07147187896049e-40,0.653011736877688,0.551,0.439,2.07169087797011e-36,"Epithelial","ATP5O"
1.6118552992666e-40,1.72168835926779,0.256,0.098,3.11652222113198e-36,"Epithelial","NDUFS2"
4.14495204960592e-39,0.903673213260934,0.44,0.305,8.01426478791305e-35,"Epithelial","COX17"
6.23841062726554e-39,1.44035644681259,0.301,0.148,1.20619669478179e-34,"Epithelial","EFHD2"
8.78579715790894e-39,1.74461328672065,0.251,0.1,1.69873388048169e-34,"Epithelial","DNM2"
2.96024946083341e-38,1.42805163639678,0.306,0.157,5.72364233252141e-34,"Epithelial","MTND1P23"
1.90528000591291e-37,1.25491492985205,0.327,0.173,3.68385889143262e-33,"Epithelial","DNPH1"
2.45843283216587e-37,0.871611905938179,0.445,0.322,4.75337988099271e-33,"Epithelial","VPS28"
8.30960494954662e-37,1.18809695073895,0.343,0.196,1.60666211699484e-32,"Epithelial","NAA38"
8.62703295780789e-37,1.38672382568078,0.291,0.138,1.66803682239215e-32,"Epithelial","AHNAK"
1.4767269187121e-36,0.512210795596687,0.599,0.514,2.85525149732985e-32,"Epithelial","NDUFB11"
4.97723539281169e-36,1.48412490042156,0.27,0.123,9.62348463200141e-32,"Epithelial","BAD"
5.7362222176974e-36,1.46019526137912,0.275,0.128,1.10909856579179e-31,"Epithelial","CAPNS1"
7.34883775290268e-36,1.13866750406134,0.331,0.179,1.42089777952373e-31,"Epithelial","CORO1B"
8.42140661633358e-36,1.05514730960217,0.356,0.213,1.6282789692681e-31,"Epithelial","BAG1"
5.20511153957997e-35,1.17610457895354,0.326,0.179,1.00640831617779e-30,"Epithelial","MLEC"
1.17843392431407e-34,0.550957106743306,0.619,0.512,2.27850199266126e-30,"Epithelial","NFKBIA"
2.36800827076911e-34,0.951730439870996,0.362,0.219,4.57854399153208e-30,"Epithelial","KDELR2"
4.18300416921816e-34,1.34028754281069,0.278,0.135,8.08783856118331e-30,"Epithelial","HEBP2"
1.64705878702288e-33,1.3752199843201,0.273,0.135,3.18458816470874e-29,"Epithelial","NDUFS3"
7.09764164050339e-33,1.219970070153,0.299,0.159,1.37232901119133e-28,"Epithelial","MRPL14"
4.22741816602012e-32,1.01869426726285,0.345,0.214,8.1737130239999e-28,"Epithelial","HSBP1"
1.18471911741858e-31,0.956562202570412,0.362,0.225,2.29065441352882e-27,"Epithelial","MRPL52"
1.35331881413755e-31,0.767516614523698,0.431,0.31,2.61664192713496e-27,"Epithelial","YWHAE"
3.95175259825646e-31,0.662133348349788,0.526,0.4,7.64071364872886e-27,"Epithelial","DUSP1"
1.27803653619028e-30,1.34904659413618,0.282,0.155,2.4710836427239e-26,"Epithelial","GSDMD"
1.9150705581562e-30,0.551380683112003,0.505,0.404,3.70278892419501e-26,"Epithelial","RABAC1"
2.19744158193458e-29,0.812828025837173,0.403,0.28,4.2487532986705e-25,"Epithelial","PTP4A1"
3.47501582106007e-29,0.559094135513498,0.529,0.43,6.71894309001964e-25,"Epithelial","C11orf31"
4.38538096334898e-29,0.952240223333556,0.344,0.22,8.47913409263526e-25,"Epithelial","ATP5F1"
8.40385698354473e-29,1.12623975156869,0.28,0.152,1.62488574776837e-24,"Epithelial","KDELR1"
8.6180865386858e-29,0.737816019767162,0.428,0.32,1.6663070322549e-24,"Epithelial","TUFM"
1.31269591370435e-28,0.667439159842736,0.468,0.367,2.53809754914736e-24,"Epithelial","ARL6IP4"
2.77852464558008e-28,1.10595236808362,0.281,0.15,5.37227740222908e-24,"Epithelial","ATOX1"
5.40619671687157e-28,0.579895698441101,0.508,0.411,1.04528813520712e-23,"Epithelial","PKM"
1.31344675521376e-27,0.751394941594978,0.45,0.357,2.5395493012058e-23,"Epithelial","MIF"
1.34784550742403e-27,0.82327553756135,0.414,0.307,2.60605928860436e-23,"Epithelial","GADD45GIP1"
2.09966843998906e-27,0.861898286478328,0.377,0.265,4.05970892871885e-23,"Epithelial","WDR1"
3.40597899467188e-27,1.08777087463202,0.295,0.172,6.58546038619808e-23,"Epithelial","MRPS34"
1.26480404646258e-26,1.19162654204972,0.279,0.163,2.4454986238354e-22,"Epithelial","LRP10"
1.55646669452773e-26,0.513576728630963,0.579,0.528,3.00942835386936e-22,"Epithelial","CIB1"
4.79548479660165e-26,0.944358974688232,0.328,0.215,9.27206985422928e-22,"Epithelial","GNB2"
5.72130652544849e-26,0.802086366359462,0.369,0.265,1.10621461669547e-21,"Epithelial","MDH2"
9.32302136186387e-26,0.94884915925385,0.313,0.191,1.80260618031638e-21,"Epithelial","PERP"
1.38848002483718e-25,1.11011053365541,0.277,0.159,2.68462612802268e-21,"Epithelial","LAMTOR2"
1.9323476771399e-25,0.743867475054014,0.413,0.309,3.73619423374999e-21,"Epithelial","IFRD1"
1.92265674287266e-24,0.648378740102824,0.363,0.238,3.71745681234429e-20,"Epithelial","PSAP"
3.08169020178828e-24,0.572817160914843,0.506,0.427,5.95844800515765e-20,"Epithelial","C12orf57"
6.10328855590635e-24,0.780713845437178,0.375,0.272,1.18007084228449e-19,"Epithelial","ARF4"
1.17285139127271e-23,0.631918550565306,0.438,0.355,2.26770816502579e-19,"Epithelial","ATP5A1"
7.44165923911342e-23,1.16241724061448,0.26,0.152,1.43884481388258e-18,"Epithelial","SPAG9"
8.65191714175297e-23,1.12520382649754,0.306,0.203,1.67284817935794e-18,"Epithelial","HEXIM1"
4.53705559419085e-22,0.702458055154032,0.382,0.294,8.77239699136802e-18,"Epithelial","UQCRFS1"
5.68759139869858e-20,0.74905223962308,0.348,0.266,1.09969579693837e-15,"Epithelial","MPC2"
8.2092688410147e-20,0.730335336833238,0.355,0.262,1.58726213041019e-15,"Epithelial","HNRNPAB"
1.12980236888539e-19,0.922924195408634,0.276,0.177,2.18447288023991e-15,"Epithelial","MRPL27"
2.52686696646298e-19,1.04861854465979,0.257,0.162,4.88569727965616e-15,"Epithelial","NCOA7"
6.42067682514968e-19,0.78944363893957,0.314,0.224,1.24143786414269e-14,"Epithelial","TMEM219"
8.78665987628394e-19,0.697061791832562,0.365,0.284,1.6989006870795e-14,"Epithelial","RTN4"
9.32187811496179e-19,0.64391117541234,0.392,0.319,1.80238513352786e-14,"Epithelial","KTN1"
7.34690223123106e-18,0.664926705286156,0.349,0.252,1.42052354640853e-13,"Epithelial","MARCKSL1"
2.01261662104488e-17,0.894964409823009,0.265,0.173,3.89139423679028e-13,"Epithelial","ATP6V0D1"
4.61081134708183e-17,0.592269976592834,0.401,0.326,8.91500373958273e-13,"Epithelial","AES"
2.41845917622439e-16,0.692035114310699,0.307,0.221,4.67609081722986e-12,"Epithelial","NDUFAB1"
2.50059106618651e-16,0.572807694701952,0.375,0.304,4.83489282647162e-12,"Epithelial","GHITM"
2.7655343855883e-16,0.66387507290448,0.324,0.241,5.34716073453498e-12,"Epithelial","TMED9"
2.80151667203558e-16,0.706230366925611,0.255,0.154,5.41673248538079e-12,"Epithelial","SMIM14"
3.12110919877408e-16,0.87388196109871,0.25,0.164,6.03466463582968e-12,"Epithelial","SDF4"
3.20856757939096e-16,0.517902852360491,0.417,0.36,6.20376541475242e-12,"Epithelial","CD164"
6.27379287345896e-16,0.532873948856733,0.378,0.299,1.21303785208329e-11,"Epithelial","CTSS"
1.74101207232654e-15,0.761970830189384,0.266,0.181,3.36624684184337e-11,"Epithelial","RAB1A"
2.71269138517204e-15,0.607577908281486,0.301,0.211,5.24498879323015e-11,"Epithelial","CANX"
1.02699189421666e-14,0.788545453874092,0.261,0.182,1.9856888274679e-10,"Epithelial","DNAJC15"
1.54121726197341e-14,0.67085976102167,0.385,0.321,2.9799435760256e-10,"Epithelial","HIST1H4C"
5.05279726292113e-14,0.786490033184148,0.267,0.195,9.769583507858e-10,"Epithelial","MIEN1"
7.19527609875457e-14,0.713009143059483,0.255,0.175,1.3912066336942e-09,"Epithelial","GADD45A"
1.75865881996948e-13,0.642883645223832,0.313,0.246,3.40036682841099e-09,"Epithelial","HADHA"
9.07420450350877e-13,0.879336191092754,0.253,0.181,1.75449744075342e-08,"Epithelial","TLE4"
1.00727378483146e-11,0.661479823680733,0.301,0.239,1.94756386297163e-07,"Epithelial","PET100"
2.65775114347543e-11,0.532038337680495,0.286,0.215,5.13876183590974e-07,"Epithelial","SYNGR2"
2.35868596809382e-10,0.588051168474896,0.278,0.221,4.56051931930939e-06,"Epithelial","RAB2A"
7.74058676422974e-10,0.618232854833293,0.294,0.245,1.49664245086382e-05,"Epithelial","POLR2J"
7.87901056254374e-10,0.545487233222606,0.341,0.297,1.52340669226783e-05,"Epithelial","C19orf60"
1.24616498066068e-09,0.645654250112749,0.289,0.244,2.40945999010742e-05,"Epithelial","HSD17B11"
1.37937522113039e-09,0.660174288991135,0.27,0.214,2.66702199005561e-05,"Epithelial","TMEM160"
1.87826187207339e-09,0.579038402678838,0.292,0.238,3.6316193296539e-05,"Epithelial","TOP1"
3.22473598913977e-09,0.561717537860872,0.319,0.287,6.23502703500174e-05,"Epithelial","OCIAD2"
4.90073210944456e-09,0.510383441474265,0.3,0.247,9.47556553361105e-05,"Epithelial","TKT"
6.27492424285259e-09,0.551432496978698,0.263,0.206,0.000121325660235555,"Epithelial","TECR"
1.13716300881165e-08,0.550393314577181,0.268,0.219,0.000219870467753733,"Epithelial","SBDS"
3.75357660110361e-08,0.573572855485347,0.254,0.204,0.000725754035823384,"Epithelial","PGLS"
4.40068276236728e-08,0.548553602175967,0.264,0.217,0.000850872012103713,"Epithelial","NDUFC2"
5.51884153579718e-08,0.538325743362802,0.273,0.226,0.00106706801094638,"Epithelial","ARL4A"
6.61741550038294e-07,0.530360159530442,0.255,0.21,0.0127947728699904,"Epithelial","CTNNB1"
1.62606424511771e-05,0.503153496834002,0.262,0.236,0.314399521793509,"Epithelial","TMCO1"
0,7.30185537555045,0.893,0.008,0,"Immune","SRGN"
0,7.99529193559714,0.872,0.005,0,"Immune","CD52"
0,6.08018998428464,0.868,0.025,0,"Immune","CREM"
0,6.97331141477471,0.833,0.009,0,"Immune","ARHGDIB"
0,7.77185912543892,0.813,0.004,0,"Immune","LAPTM5"
0,9.38669628360882,0.794,0.002,0,"Immune","PTPRC"
0,4.49364955514571,0.78,0.053,0,"Immune","TSC22D3"
0,7.16709067777117,0.724,0.006,0,"Immune","CORO1A"
0,6.9987369112086,0.715,0.007,0,"Immune","CD37"
0,8.6682066813421,0.697,0.003,0,"Immune","CXCR4"
0,2.6563510216368,0.907,0.227,0,"Immune","TMEM66"
0,2.8720651691774,0.819,0.14,0,"Immune","NAP1L1"
0,7.14062633595104,0.681,0.007,0,"Immune","CD7"
0,7.40174490180401,0.678,0.005,0,"Immune","RGS1"
0,6.21698058972835,0.672,0.009,0,"Immune","VIM"
0,9.45729280119226,0.655,0.001,0,"Immune","CYTIP"
0,7.83863028220283,0.656,0.004,0,"Immune","HCST"
0,5.04322310244678,0.668,0.026,0,"Immune","STK4"
0,7.6136783718799,0.639,0.004,0,"Immune","SAMSN1"
0,8.74188259475077,0.631,0.002,0,"Immune","CLEC2D"
0,8.55733377335511,0.625,0.002,0,"Immune","TRBC2"
0,3.24145082100843,0.721,0.101,0,"Immune","YPEL5"
0,8.62987009417493,0.615,0.002,0,"Immune","EVL"
0,8.07506056038657,0.619,0.006,0,"Immune","CCL5"
0,9.09382080432735,0.604,0.001,0,"Immune","LSP1"
0,2.13166052955966,0.866,0.266,0,"Immune","PNRC1"
0,9.2004402139989,0.593,0.001,0,"Immune","CD48"
0,10.0395194744797,0.591,0.001,0,"Immune","CD3E"
0,3.1644367906081,0.689,0.103,0,"Immune","COTL1"
0,8.80594612438209,0.583,0.002,0,"Immune","CD3D"
0,8.79726782781961,0.579,0.002,0,"Immune","TRAC"
0,6.0080492917825,0.578,0.009,0,"Immune","RAC2"
0,5.57312273962148,0.566,0.016,0,"Immune","S100A4"
0,8.0809132795278,0.551,0.002,0,"Immune","FYN"
0,6.37820401853458,0.557,0.009,0,"Immune","RP11-138A9.1"
0,8.23372232890437,0.55,0.003,0,"Immune","KLRB1"
0,3.70150559744954,0.601,0.055,0,"Immune","CD44"
0,3.15201998640884,0.63,0.087,0,"Immune","REL"
0,8.59919999706352,0.543,0.001,0,"Immune","WIPF1"
0,7.22810425393532,0.543,0.005,0,"Immune","ZNF331"
0,3.35934367000687,0.593,0.066,0,"Immune","ELF1"
0,7.9170225031101,0.53,0.004,0,"Immune","NKG7"
0,5.60840222303205,0.529,0.011,0,"Immune","FXYD5"
0,3.34832305565709,0.585,0.069,0,"Immune","IFITM2"
0,4.10672442523705,0.553,0.04,0,"Immune","LEPROTL1"
0,3.83993578165963,0.551,0.041,0,"Immune","STK17B"
0,3.45191360550256,0.579,0.072,0,"Immune","NR4A2"
0,8.78854834140384,0.498,0.001,0,"Immune","CLEC2B"
0,5.28253541055254,0.509,0.016,0,"Immune","CNOT6L"
0,9.72362527890036,0.492,0.001,0,"Immune","CST7"
0,3.23320610086908,0.565,0.074,0,"Immune","TNFAIP3"
0,7.4603937875111,0.493,0.003,0,"Immune","ACAP1"
0,8.45818499248708,0.49,0.003,0,"Immune","GZMA"
0,7.72600548089779,0.49,0.003,0,"Immune","SYTL3"
0,7.6958509074171,0.485,0.003,0,"Immune","LIMD2"
0,3.15379245193695,0.55,0.07,0,"Immune","DUSP2"
0,7.74755196280756,0.481,0.002,0,"Immune","AC092580.4"
0,1.96911818391267,0.631,0.152,0,"Immune","BIRC3"
0,7.66454520487197,0.482,0.003,0,"Immune","GMFG"
0,3.91379760872798,0.511,0.038,0,"Immune","IDS"
0,6.3188346743504,0.478,0.007,0,"Immune","GPSM3"
0,9.0371546283729,0.47,0.001,0,"Immune","RHOH"
0,7.09921439017479,0.472,0.003,0,"Immune","CD69"
0,5.16003339369461,0.482,0.017,0,"Immune","RGCC"
0,8.4390053618533,0.463,0.002,0,"Immune","CD53"
0,7.18366844683339,0.462,0.003,0,"Immune","LTB"
0,6.48090397660907,0.464,0.005,0,"Immune","ALOX5AP"
0,2.99842637699082,0.53,0.074,0,"Immune","PPP2R5C"
0,2.2456451259497,0.59,0.137,0,"Immune","DDX24"
0,8.61884544665761,0.451,0.001,0,"Immune","GYPC"
0,4.62742148618984,0.469,0.021,0,"Immune","FNBP1"
0,6.47098660118665,0.452,0.006,0,"Immune","GNG2"
0,8.49338339885163,0.446,0.002,0,"Immune","CD96"
0,6.44097000150584,0.448,0.006,0,"Immune","SEPT6"
0,8.90003304296269,0.429,0.001,0,"Immune","HOPX"
0,7.77563260386992,0.43,0.002,0,"Immune","GPR65"
0,7.3752663011373,0.428,0.003,0,"Immune","EVI2B"
0,10.2153025237367,0.423,0,0,"Immune","CD2"
0,7.10157488637009,0.427,0.004,0,"Immune","RORA"
0,2.60735017845822,0.501,0.083,0,"Immune","PAIP2"
0,8.69790812239607,0.416,0.001,0,"Immune","RUNX3"
0,8.38340784167676,0.412,0.001,0,"Immune","GLIPR1"
0,8.00082340649997,0.413,0.002,0,"Immune","LCP1"
0,5.80071349182076,0.419,0.009,0,"Immune","DUSP4"
0,2.83449315238387,0.471,0.068,0,"Immune","ARID4B"
0,5.7295690579216,0.413,0.01,0,"Immune","LDLRAD4"
0,7.69561022479525,0.404,0.002,0,"Immune","PTPN22"
0,7.66196185997162,0.401,0.002,0,"Immune","LCK"
0,6.61631641490348,0.403,0.005,0,"Immune","ARL4C"
0,4.42588920575989,0.417,0.021,0,"Immune","CLDND1"
0,5.73420357648584,0.404,0.009,0,"Immune","NR3C1"
0,9.15159872861447,0.396,0.001,0,"Immune","CD3G"
0,3.12330271845695,0.443,0.048,0,"Immune","LGALS1"
0,9.54023653552117,0.394,0.001,0,"Immune","TRBV28"
0,2.94901519964955,0.459,0.07,0,"Immune","RGS2"
0,5.81074289734594,0.396,0.007,0,"Immune","MSN"
0,3.04097106986839,0.445,0.059,0,"Immune","PPP1R2"
0,2.59099691500342,0.462,0.08,0,"Immune","JAK1"
0,4.94632700801521,0.395,0.013,0,"Immune","IFI16"
0,8.19512454249728,0.379,0.001,0,"Immune","LINC-PINT"
0,6.83882511585773,0.376,0.003,0,"Immune","FYB"
0,4.0867313105438,0.395,0.024,0,"Immune","RGS10"
0,7.52632867836286,0.369,0.002,0,"Immune","SH2D2A"
0,3.08217521344938,0.415,0.05,0,"Immune","TERF2IP"
0,9.77484855316933,0.365,0.001,0,"Immune","CD8A"
0,4.56671691729968,0.391,0.027,0,"Immune","HLA-DPB1"
0,8.56089589704388,0.365,0.002,0,"Immune","GZMB"
0,6.40012921947334,0.366,0.005,0,"Immune","AC016831.7"
0,5.67704770708218,0.368,0.008,0,"Immune","TNFRSF1B"
0,3.921821104249,0.395,0.036,0,"Immune","HLA-DPA1"
0,4.04083227169562,0.386,0.031,0,"Immune","PIK3R1"
0,4.16011850240088,0.376,0.023,0,"Immune","UCP2"
0,7.81846024002788,0.354,0.002,0,"Immune","FMNL1"
0,3.51338820325146,0.373,0.022,0,"Immune","TUBA1A"
0,6.60407503428377,0.352,0.004,0,"Immune","SPOCK2"
0,2.79006953183395,0.401,0.057,0,"Immune","ICAM3"
0,3.33866517157374,0.384,0.041,0,"Immune","GABARAPL1"
0,5.35802977332178,0.352,0.009,0,"Immune","LY6E"
0,9.01477822216937,0.343,0.001,0,"Immune","CD247"
0,3.13531058427664,0.386,0.044,0,"Immune","FAM49B"
0,9.32833184957095,0.342,0.001,0,"Immune","KLRD1"
0,10.8466176781948,0.334,0,0,"Immune","TIGIT"
0,9.39756474834573,0.335,0.001,0,"Immune","ENTPD1"
0,4.50332528685434,0.343,0.019,0,"Immune","ARID5B"
0,9.14939379907786,0.323,0.001,0,"Immune","SLA"
0,9.17048936012907,0.321,0.001,0,"Immune","EVI2A"
0,4.46354131563925,0.334,0.015,0,"Immune","MAP3K8"
0,7.42594424574476,0.321,0.002,0,"Immune","SLC2A3"
0,4.04638497754879,0.34,0.023,0,"Immune","PDE4D"
0,7.77060772312218,0.317,0.003,0,"Immune","GNLY"
0,8.16301971932365,0.315,0.001,0,"Immune","PCED1B-AS1"
0,5.08450490562418,0.323,0.01,0,"Immune","CBLB"
0,7.49384239678423,0.315,0.002,0,"Immune","HCLS1"
0,8.43887442564175,0.314,0.001,0,"Immune","IL7R"
0,8.88962412523963,0.313,0.001,0,"Immune","GPR183"
0,6.82855134702836,0.312,0.003,0,"Immune","TGFB1"
0,5.11712811017579,0.319,0.011,0,"Immune","ITGA1"
0,3.61341383237021,0.333,0.028,0,"Immune","CELF2"
0,8.67204440332356,0.305,0.001,0,"Immune","MIR142"
0,4.07902602066304,0.322,0.019,0,"Immune","LINC00152"
0,5.57004156366333,0.311,0.008,0,"Immune","EMP3"
0,4.49699030768819,0.32,0.018,0,"Immune","ANKRD28"
0,4.13473079545261,0.316,0.016,0,"Immune","LBH"
0,8.08647285938147,0.297,0.001,0,"Immune","ARHGAP9"
0,3.80311669012386,0.32,0.025,0,"Immune","LIMS1"
0,5.28057606576884,0.303,0.009,0,"Immune","RP11-138A9.2"
0,8.00271435604256,0.292,0.002,0,"Immune","CCL4"
0,4.3519602110039,0.304,0.016,0,"Immune","SNRPN"
0,3.50683739568451,0.312,0.025,0,"Immune","ARID5A"
0,10.6596761033486,0.286,0,0,"Immune","GZMM"
0,4.25175794343545,0.3,0.014,0,"Immune","ITM2A"
0,4.20393250164832,0.299,0.015,0,"Immune","ETS1"
0,11.5898766939485,0.281,0,0,"Immune","TRAT1"
0,3.90927896602938,0.31,0.03,0,"Immune","HLA-DQB1"
0,4.58575554385681,0.294,0.014,0,"Immune","AKNA"
0,5.65189351538185,0.286,0.007,0,"Immune","SERPINB9"
0,8.5051730093916,0.275,0.001,0,"Immune","CTSW"
0,3.84099226372965,0.293,0.02,0,"Immune","SEPT1"
0,7.46601281483273,0.272,0.002,0,"Immune","PDE4B"
0,6.93401244831561,0.27,0.002,0,"Immune","PRKCH"
0,7.10585609133169,0.27,0.003,0,"Immune","HLA-DQA1"
0,5.81926782242345,0.27,0.005,0,"Immune","LPXN"
0,6.94432781292049,0.266,0.002,0,"Immune","DOCK8"
0,5.41102948720221,0.27,0.006,0,"Immune","BST2"
0,4.94847417531224,0.27,0.011,0,"Immune","PRMT9"
0,7.44361428535149,0.26,0.002,0,"Immune","AMICA1"
0,4.36360293916741,0.275,0.019,0,"Immune","CD83"
0,10.2612760400127,0.255,0,0,"Immune","ITGA4"
0,7.10584158639642,0.256,0.002,0,"Immune","PTPN7"
0,4.2105825123159,0.27,0.017,0,"Immune","SPRY1"
0,7.56403766726147,0.255,0.002,0,"Immune","DOK2"
0,7.15181274966657,0.254,0.002,0,"Immune","RASSF5"
0,4.18420620964889,0.266,0.014,0,"Immune","GNAI2"
0,4.58363918141934,0.263,0.012,0,"Immune","SMAP2"
0,8.77009236175014,0.25,0.001,0,"Immune","CD8B"
0,5.10878477509833,0.256,0.007,0,"Immune","ELOVL5"
0,3.92616495479583,0.263,0.016,0,"Immune","CASP4"
0,3.92465909939185,0.256,0.018,0,"Immune","TMEM243"
5.6280134291314e-313,3.74278572577742,0.261,0.02,1.08817639652256e-308,"Immune","CYLD"
9.19202726403541e-311,2.32479127421174,0.526,0.11,1.77727847150125e-306,"Immune","CDC42SE2"
2.68422481278879e-306,3.61538253182204,0.262,0.021,5.18994867552713e-302,"Immune","FGFR1OP2"
9.04070825626927e-306,1.05206465091537,0.972,0.698,1.74802094134966e-301,"Immune","BTG1"
1.34115178950454e-301,3.21492066451193,0.3,0.031,2.59311698500704e-297,"Immune","PHF20"
1.31393078267844e-294,3.50759403725997,0.251,0.02,2.54048516830877e-290,"Immune","PFKFB3"
8.12287304297462e-287,1.16664565554142,0.947,0.579,1.57055750285914e-282,"Immune","PABPC1"
2.02386134779943e-285,2.43554654411774,0.438,0.08,3.91313591597019e-281,"Immune","DHX36"
3.52788466791809e-284,2.30702783179684,0.439,0.078,6.82116500541963e-280,"Immune","IL2RG"
3.559166479099e-284,2.15181989814967,0.544,0.125,6.88164838733792e-280,"Immune","RSL24D1"
2.30513461914421e-280,2.89548588678697,0.352,0.052,4.45697778611533e-276,"Immune","TANK"
6.04218004951565e-279,3.44427269211694,0.265,0.026,1.16825551257385e-274,"Immune","PDCL3"
1.16376282593618e-277,2.52495202675858,0.4,0.067,2.25013542394761e-273,"Immune","STK17A"
1.1164565013117e-276,1.32093290014883,0.917,0.432,2.15866864528618e-272,"Immune","NPM1"
3.7356670555112e-276,3.48070345607863,0.254,0.023,7.22291225183091e-272,"Immune","FAM46C"
5.05084735469204e-276,2.87790536490746,0.331,0.045,9.76581336029706e-272,"Immune","ODF2L"
5.47127975585828e-276,1.55051623163869,0.831,0.339,1.0578719407952e-271,"Immune","CCNI"
5.8974290137058e-274,2.27573639587641,0.478,0.099,1.14026789980002e-269,"Immune","SELT"
1.37814913128016e-273,2.13752317248611,0.536,0.128,2.6646513453302e-269,"Immune","SEPT7"
2.78295992636429e-272,2.48857412319248,0.4,0.068,5.38085301762536e-268,"Immune","SH3BGRL"
7.05083215524827e-271,1.47780912762579,0.85,0.383,1.36327839721725e-266,"Immune","SRSF2"
1.41318547821584e-270,3.33578799279627,0.263,0.026,2.73239412213033e-266,"Immune","MYCBP2"
1.12151063341192e-266,1.9669518907682,0.595,0.162,2.16844080970194e-262,"Immune","KMT2E"
1.5242152484772e-266,2.60984686690815,0.385,0.066,2.94707018293066e-262,"Immune","CKLF"
1.70416580100341e-266,2.73833909508398,0.336,0.049,3.2950045762401e-262,"Immune","ANXA1"
2.35327348972709e-263,1.75888018610992,0.679,0.211,4.55005429238733e-259,"Immune","PNISR"
7.23660284981314e-262,1.62462568132572,0.769,0.29,1.39919716101137e-257,"Immune","CIRBP"
1.79812633986938e-257,1.83861056395931,0.499,0.11,3.47667727813745e-253,"Immune","RARRES3"
2.36427080502443e-257,1.5979224533366,0.759,0.27,4.57131760151473e-253,"Immune","EIF3E"
4.13886459018902e-252,3.25318526553885,0.27,0.032,8.00249468513048e-248,"Immune","TSPYL2"
1.92664106338165e-247,2.57466965335121,0.345,0.056,3.72516049604841e-243,"Immune","ROCK1"
7.51449735615592e-239,2.28201722990396,0.433,0.095,1.45292806381275e-234,"Immune","EML4"
2.12827429920937e-237,2.41327269657817,0.381,0.072,4.11501835752132e-233,"Immune","CHD1"
5.54847776875676e-236,2.82888278696267,0.287,0.039,1.07279817658912e-231,"Immune","ISCA1"
2.08584542331904e-235,2.7944521395418,0.281,0.037,4.03298212598736e-231,"Immune","LPIN1"
1.69086400391848e-233,1.03374719579353,0.97,0.593,3.26928555157639e-229,"Immune","RPL4"
1.96873891335024e-233,1.74919632055827,0.699,0.252,3.80655668896269e-229,"Immune","CD74"
3.04143722269902e-229,2.86524184689256,0.268,0.034,5.88061887008855e-225,"Immune","CCNDBP1"
5.74428926736707e-229,1.96877760073063,0.499,0.125,1.11065832984542e-224,"Immune","C11orf58"
2.23482126117318e-228,2.30626459198236,0.376,0.072,4.32102690847833e-224,"Immune","EID1"
3.37658459689344e-227,2.02871726413829,0.476,0.115,6.52862631809346e-223,"Immune","C6orf48"
5.15963555469687e-224,2.58960018285691,0.311,0.049,9.97615534500639e-220,"Immune","OSTF1"
2.14873506696083e-217,2.89410916664053,0.261,0.035,4.15457925196877e-213,"Immune","CDKN1B"
4.41423577121782e-215,2.55510926743364,0.311,0.052,8.53492486364966e-211,"Immune","GTF3A"
5.62300827602146e-215,2.87433283893567,0.253,0.033,1.08720865016875e-210,"Immune","ARHGEF1"
2.58893328360384e-214,1.87304667267979,0.514,0.141,5.00570250384803e-210,"Immune","VAMP2"
2.815573684419e-214,2.1274193907893,0.398,0.086,5.44391171882414e-210,"Immune","SMCHD1"
1.65949900510329e-210,2.0666899281944,0.453,0.115,3.20864132636722e-206,"Immune","SNHG16"
3.07974388482571e-210,2.92347381606668,0.263,0.038,5.9546848013105e-206,"Immune","BCAS2"
1.20411300136243e-209,2.96582464128516,0.266,0.039,2.32815248813425e-205,"Immune","HLA-DMA"
3.16742829276056e-208,2.00169814988742,0.445,0.109,6.12422260405254e-204,"Immune","CHD2"
5.2236757157185e-206,1.8562103867439,0.537,0.159,1.00999769963417e-201,"Immune","CD99"
8.14036364754996e-206,2.97517926273767,0.257,0.037,1.57393931125379e-201,"Immune","RBPJ"
4.40024401150045e-205,2.32775478286057,0.342,0.066,8.50787179623612e-201,"Immune","PCNP"
1.86718909778443e-204,2.7794141473194,0.262,0.038,3.6102101205662e-200,"Immune","PRDM2"
1.6362098103164e-203,2.4264581555866,0.311,0.055,3.16361166824676e-199,"Immune","SS18L2"
1.43947669593257e-201,2.09947968003212,0.413,0.099,2.78322819158562e-197,"Immune","G3BP2"
7.03409024844136e-201,2.28900421794132,0.351,0.072,1.36004134953614e-196,"Immune","WHSC1L1"
3.91212346104802e-200,2.04761094520853,0.418,0.103,7.56409071193635e-196,"Immune","RPS4Y1"
2.62717795007662e-199,0.929365383507641,0.934,0.584,5.07964856647314e-195,"Immune","HLA-E"
9.51672560105488e-198,1.99330761322967,0.412,0.096,1.84005889496396e-193,"Immune","RHOG"
2.2585402268085e-197,1.55317719431991,0.636,0.217,4.36688752853424e-193,"Immune","TMSB4XP4"
3.32681366254475e-196,2.69753039538483,0.267,0.042,6.43239421653027e-192,"Immune","ORMDL1"
4.21787359099706e-194,2.36883676179897,0.322,0.062,8.15525858819282e-190,"Immune","FLJ31306"
1.34866296395949e-190,2.09733641428205,0.404,0.1,2.60763984081568e-186,"Immune","TMEM123"
8.98765173560749e-190,2.31282260532469,0.32,0.063,1.73776246307971e-185,"Immune","RNF19A"
3.79883032341964e-187,1.95453782774198,0.429,0.11,7.34503843033188e-183,"Immune","HNRNPA1P48"
1.16355524229647e-184,1.96639336023007,0.44,0.122,2.24973406098023e-180,"Immune","VPS37B"
1.15898524831149e-183,1.13119047367334,0.852,0.438,2.24089797761028e-179,"Immune","RPSAP58"
2.61469994058957e-179,2.35280333329886,0.315,0.065,5.05552233512993e-175,"Immune","PTGER4"
3.75569775542601e-177,0.821427372959732,0.956,0.659,7.26164161011619e-173,"Immune","HNRNPA1"
2.04942948014582e-175,1.65033930139404,0.53,0.174,3.96257189986194e-171,"Immune","AKAP13"
5.80772798187832e-175,2.6086296479738,0.25,0.041,1.12292420529617e-170,"Immune","ALG13"
2.40386346894421e-172,1.26743036687795,0.773,0.346,4.64787001720364e-168,"Immune","SUMO2"
1.46075361688758e-169,2.27071261561948,0.29,0.057,2.82436711825214e-165,"Immune","DPP7"
2.87046850223247e-169,2.27159638923306,0.289,0.056,5.55005084906648e-165,"Immune","HBP1"
2.92775772741885e-169,2.28701889907281,0.29,0.057,5.66081956596434e-165,"Immune","METTL9"
5.63345712639119e-168,2.2308137600081,0.295,0.059,1.08922893538774e-163,"Immune","MED10"
8.04603066958568e-168,2.26807366110515,0.287,0.056,1.55570002996439e-163,"Immune","ARPP19"
5.11890095104609e-167,1.70380476983357,0.513,0.173,9.89739498884762e-163,"Immune","LITAF"
7.20273632919058e-163,2.10669633300806,0.318,0.071,1.392649069249e-158,"Immune","MAPK1IP1L"
2.17434940925537e-159,1.94416876944888,0.361,0.091,4.20410458279525e-155,"Immune","MAF1"
4.28752203717152e-159,1.38696172008205,0.624,0.245,8.28992385887112e-155,"Immune","GPBP1"
6.37004066514159e-159,2.20090014911081,0.298,0.064,1.23164736260513e-154,"Immune","BUB3"
1.43699319461989e-158,2.16462745619509,0.298,0.064,2.77842634179755e-154,"Immune","NFKB2"
1.05738431185957e-157,1.53407294189372,0.532,0.184,2.04445256698049e-153,"Immune","RBMX"
2.49937541538922e-156,1.53113790759951,0.524,0.178,4.83254236565506e-152,"Immune","MBNL1"
4.69217315373748e-154,2.10514377210871,0.308,0.07,9.07231679275142e-150,"Immune","PRKAR1A"
2.10313437458619e-149,1.14926790906288,0.77,0.394,4.06641031326239e-145,"Immune","SRSF7"
1.46068002024661e-147,2.1965446209045,0.278,0.059,2.82422481914683e-143,"Immune","NAA50"
1.53654071906069e-147,1.88741224547221,0.339,0.086,2.97090148030385e-143,"Immune","EPC1"
5.77121917228359e-147,1.56267011706493,0.482,0.161,1.11586522696103e-142,"Immune","ANKRD12"
4.89464087505161e-146,1.92483402672621,0.379,0.109,9.46378813191229e-142,"Immune","FAM107B"
2.3398038649802e-145,2.05341436787477,0.31,0.074,4.52401077293922e-141,"Immune","ZC3HAV1"
3.00604147098597e-144,1.78922683966336,0.364,0.099,5.81218118415138e-140,"Immune","SEPT9"
4.33010113515613e-144,2.26223183055999,0.26,0.054,8.37225054482438e-140,"Immune","TIPARP"
6.67942934409081e-142,1.92418696043676,0.351,0.095,1.29146766367996e-137,"Immune","CMTM6"
9.98732615090277e-140,1.90011464276645,0.316,0.079,1.93104951127705e-135,"Immune","RNMT"
5.53297978369686e-136,1.90465375311971,0.319,0.082,1.06980164117779e-131,"Immune","WTAP"
6.81160402938594e-136,2.02201114932535,0.299,0.074,1.31702363908177e-131,"Immune","TNRC6B"
3.06946171683037e-135,1.67764574372204,0.393,0.118,5.93480422949152e-131,"Immune","ARL6IP5"
4.80703534121441e-135,1.29427170343416,0.579,0.226,9.29440283223805e-131,"Immune","N4BP2L2"
3.68668944445229e-133,1.40128529435766,0.511,0.182,7.12821404084849e-129,"Immune","UBE2B"
1.67290848376171e-132,0.568149207525095,0.993,0.799,3.23456855335326e-128,"Immune","RPS20"
1.78339646480219e-132,1.21625864099118,0.673,0.3,3.44819706469503e-128,"Immune","RPL10P3"
3.0916111884317e-132,1.4174500593526,0.512,0.186,5.9776302328327e-128,"Immune","HNRNPA0"
7.45860028846013e-132,0.609185945513524,0.991,0.763,1.44212036577377e-127,"Immune","RPS7"
1.31198721289529e-131,2.0689929922636,0.295,0.074,2.53672727613304e-127,"Immune","SKIL"
8.23868157773465e-131,2.14423998751348,0.25,0.053,1.59294908305499e-126,"Immune","CAMLG"
4.74288406751915e-130,1.27578625201094,0.616,0.25,9.17036634454827e-126,"Immune","EIF3F"
5.92642641804689e-130,1.17709841649842,0.68,0.307,1.14587454792937e-125,"Immune","RP11-51O6.1"
3.542328316298e-128,1.51757442803091,0.428,0.139,6.84909179956219e-124,"Immune","C4orf3"
1.46908434758957e-127,1.27269119345391,0.619,0.271,2.84047458606444e-123,"Immune","ARPC1B"
6.71373259161119e-127,1.68895114315666,0.359,0.105,1.29810019658802e-122,"Immune","RAP1A"
2.10271441129051e-126,0.901505842210015,0.844,0.483,4.0655983142302e-122,"Immune","UBE2Q2P6"
2.82319691721811e-126,1.9741829383506,0.278,0.068,5.45865123944123e-122,"Immune","MBP"
7.62064109330513e-126,0.780473664464979,0.897,0.605,1.47345095539055e-121,"Immune","DDX5"
7.8166821942885e-125,1.37921099946292,0.514,0.19,1.51135550226568e-120,"Immune","TRMT112"
1.50711244922708e-124,1.83882008587862,0.317,0.088,2.91400192058055e-120,"Immune","KDM6B"
6.22976135696505e-124,1.17138229289347,0.612,0.251,1.20452435836919e-119,"Immune","SNHG6"
1.26645108183512e-123,0.509053155654624,0.989,0.851,2.44868316672821e-119,"Immune","RPS25"
1.48840260536152e-123,1.85691598142806,0.303,0.079,2.8778264374665e-119,"Immune","STRAP"
2.48373598063358e-123,1.74845033608836,0.355,0.107,4.80230351855502e-119,"Immune","SLC38A1"
6.58427184958486e-123,0.637346571083971,0.982,0.704,1.27306896211723e-118,"Immune","RPL5"
4.63820731095751e-122,1.38966757067374,0.514,0.195,8.96797383573635e-118,"Immune","EIF3L"
1.2863806095396e-121,1.35107767090083,0.5,0.185,2.48721690854482e-117,"Immune","RBM8A"
2.40687157881546e-121,1.59350027901547,0.386,0.123,4.65368619763969e-117,"Immune","UBE2I"
5.18979654023466e-121,1.74817033942909,0.327,0.093,1.00344716105437e-116,"Immune","MOB1A"
1.80070712230266e-119,1.68074891732091,0.333,0.096,3.48166722097219e-115,"Immune","MATR3"
3.46693445594575e-119,1.2526467506513,0.588,0.244,6.7033177705711e-115,"Immune","EIF3H"
2.06640030755296e-118,1.74159332786553,0.327,0.095,3.99538499465365e-114,"Immune","TCEA1"
3.44560899852308e-118,1.88188003167739,0.28,0.072,6.66208499864437e-114,"Immune","USP15"
2.97071436582998e-117,1.99215939639024,0.253,0.061,5.74387622633228e-113,"Immune","RBM23"
8.08271813042157e-117,0.580455299546813,0.991,0.76,1.56279355051701e-112,"Immune","RPSA"
8.50793224512751e-117,1.94036611663508,0.259,0.063,1.64500869959541e-112,"Immune","TLN1"
1.31045862035791e-116,1.38535624690886,0.482,0.181,2.53377174246202e-112,"Immune","PAPOLA"
2.57596583586189e-116,1.73910554137801,0.304,0.084,4.98062994363896e-112,"Immune","ATRX"
3.77145228746613e-116,1.29748326627619,0.502,0.193,7.29210299781576e-112,"Immune","PRPF38B"
1.09981277236882e-115,1.31138175635854,0.512,0.2,2.12648799537511e-111,"Immune","SF1"
1.1497465707248e-115,2.02071932517187,0.258,0.064,2.2230349944964e-111,"Immune","CTSC"
2.67081637307345e-115,1.35105748026388,0.491,0.182,5.16402345733752e-111,"Immune","RPL7P9"
8.08305495831122e-115,1.86644100739042,0.282,0.074,1.56285867618948e-110,"Immune","EIF2S3"
2.45105371655707e-114,1.96493841716415,0.256,0.063,4.73911236096309e-110,"Immune","PRMT2"
7.06710774923193e-114,1.8475001956589,0.283,0.076,1.36642528331399e-109,"Immune","C9orf78"
8.48221244354829e-114,0.529515610048797,0.993,0.809,1.64003577596006e-109,"Immune","RPL7"
3.97328401675168e-113,1.77115182096299,0.294,0.081,7.68234464638938e-109,"Immune","PAK2"
3.85144010036792e-111,1.72524304704506,0.421,0.166,7.44675943406137e-107,"Immune","HLA-DRB1"
5.5467899188508e-111,1.88530462313796,0.262,0.066,1.0724718308098e-106,"Immune","CTD-2192J16.15"
2.21980222060751e-110,1.43658729103245,0.413,0.145,4.29198759354462e-106,"Immune","SCAF11"
2.28055340039902e-110,1.6792412569865,0.333,0.102,4.4094499996715e-106,"Immune","ISCU"
1.43357146869376e-109,0.728816082578414,0.888,0.571,2.77181043471938e-105,"Immune","GLTSCR2"
3.23248390802454e-109,1.17553425258067,0.596,0.267,6.25000763616544e-105,"Immune","HNRNPDL"
6.9338124864537e-109,1.86328771043232,0.268,0.071,1.34065264425582e-104,"Immune","AKIRIN1"
7.07555363178452e-107,1.5211490487087,0.353,0.114,1.36805829470554e-102,"Immune","JMJD1C"
8.64692734806549e-106,0.542256602234929,0.986,0.775,1.67188340274846e-101,"Immune","RPL6"
1.09320786664231e-105,1.31734555187812,0.454,0.166,2.11371741015291e-101,"Immune","SUMO1"
1.55214515942187e-105,1.38635260642901,0.396,0.136,3.00107266574219e-101,"Immune","PSMB9"
5.05282885097883e-105,0.833235306422536,0.826,0.518,9.76964458336757e-101,"Immune","ARPC2"
5.76282412479729e-105,1.75377624449117,0.279,0.078,1.11424204452956e-100,"Immune","MGEA5"
7.63168731198034e-105,1.37980314795066,0.414,0.15,1.4755867417714e-100,"Immune","BCLAF1"
1.677178602293e-104,1.7499800138683,0.282,0.079,3.24282482753351e-100,"Immune","RELB"
6.88666817713081e-104,1.8713672698279,0.26,0.068,1.33153729204824e-99,"Immune","DNAJB9"
4.65571450683419e-102,1.84740976595412,0.255,0.068,9.0018239989639e-98,"Immune","CD47"
5.31882202678178e-101,1.51786393565911,0.331,0.107,1.02839423887826e-96,"Immune","NKTR"
5.50430975041124e-101,0.67601497064535,0.909,0.58,1.06425829024201e-96,"Immune","RPL17"
5.58854572389614e-101,1.47227498945715,0.339,0.11,1.08054531571532e-96,"Immune","CCDC85B"
6.65829508200704e-101,1.715723746302,0.281,0.081,1.28738135410606e-96,"Immune","GRB2"
2.91112890219332e-100,1.63772892833243,0.309,0.095,5.62866773239079e-96,"Immune","TMEM230"
6.82089904448069e-100,2.10477683364992,0.361,0.144,1.31882083025034e-95,"Immune","HLA-DRA"
7.33434125921742e-99,1.25099499969271,0.485,0.197,1.41809488246969e-94,"Immune","EIF4B"
1.44873624245349e-97,1.80021701193236,0.25,0.068,2.80113152478382e-93,"Immune","ADAR"
2.21711652763142e-97,1.17832837906482,0.565,0.267,4.28679480617534e-93,"Immune","SDCBP"
1.52684683602589e-96,1.48113661422896,0.36,0.126,2.95215835745606e-92,"Immune","ATP6V1F"
3.74758722636178e-95,1.72164213304399,0.274,0.082,7.24595990217051e-91,"Immune","ETF1"
2.12303548560673e-94,0.818137396225183,0.787,0.525,4.10488911142061e-90,"Immune","ZFP36L2"
5.41964386662719e-94,0.575081729341949,0.953,0.711,1.04788814161237e-89,"Immune","NACA"
1.03554312432231e-92,1.14685327152076,0.521,0.222,2.00222263087719e-88,"Immune","UBXN1"
3.45609500455884e-92,1.17756556378177,0.485,0.208,6.68235969131451e-88,"Immune","HMGB2"
9.80752561854722e-92,1.66779650890017,0.289,0.092,1.89628507834611e-87,"Immune","CD97"
8.49193619817476e-89,1.71326104419851,0.266,0.08,1.64191586391709e-84,"Immune","TRAM1"
1.59557839664574e-86,1.48633545879516,0.306,0.103,3.08505082991455e-82,"Immune","THRAP3"
2.19661964726035e-86,1.05495989496511,0.571,0.274,4.24716408797789e-82,"Immune","DNAJB6"
3.48542718158968e-86,0.58846044494915,0.914,0.641,6.73907345560364e-82,"Immune","BTF3"
5.94222298523006e-86,0.544684384955246,0.928,0.729,1.14892881419423e-81,"Immune","EEF2"
8.16393743287332e-86,1.39481311267135,0.328,0.114,1.57849730264606e-81,"Immune","LSM8"
2.42952701863993e-85,1.49497842850603,0.283,0.091,4.69749049054031e-81,"Immune","OFD1"
1.3119904866954e-84,1.57973111683141,0.281,0.092,2.53673360602555e-80,"Immune","SYNE2"
1.34346519043659e-83,1.18406313266762,0.45,0.19,2.59758994570915e-79,"Immune","DRAP1"
1.81067323062506e-83,1.1669634963858,0.445,0.186,3.50093669141356e-79,"Immune","DDX17"
1.99554096385985e-83,1.32467310133086,0.354,0.132,3.85837845362302e-79,"Immune","BAZ1A"
4.72128238826095e-83,1.06980431109408,0.541,0.251,9.12859949770255e-79,"Immune","MORF4L1"
2.43110178107077e-82,1.56384590414222,0.264,0.083,4.70053529370034e-78,"Immune","NR1H2"
3.3869849874119e-82,1.54870757087196,0.26,0.081,6.54873547316091e-78,"Immune","FNBP4"
6.9700711967811e-82,1.15558121802313,0.454,0.19,1.34766326589763e-77,"Immune","CNBP"
7.53802124479887e-82,1.01560016278519,0.366,0.136,1.45747640768186e-77,"Immune","RNF213"
1.95026484789604e-81,1.21383322000718,0.389,0.153,3.77083708340699e-77,"Immune","RNPS1"
2.17375958363141e-81,1.01721186305217,0.592,0.289,4.20296415495132e-77,"Immune","PCBP2"
8.44184372279011e-81,1.10453730494237,0.491,0.219,1.63223048380147e-76,"Immune","RAP1B"
5.9411567251811e-80,1.40897325047321,0.315,0.111,1.14872265281377e-75,"Immune","EIF3M"
4.19061817343838e-79,1.23064662329498,0.409,0.17,8.10256023834311e-75,"Immune","NFE2L2"
5.15564144123365e-79,1.45939482078194,0.283,0.095,9.96843272662527e-75,"Immune","SNX9"
5.59180636292682e-79,1.13052884500092,0.476,0.208,1.0811757602719e-74,"Immune","BRK1"
6.15905819102014e-79,1.15627140872308,0.405,0.161,1.19085390123374e-74,"Immune","EIF3D"
6.55651124363423e-78,1.26122726126219,0.364,0.14,1.26770144895668e-73,"Immune","MRFAP1"
2.88136023454759e-77,0.567935405295045,0.476,0.201,5.57111001349776e-73,"Immune","ISG15"
3.53105679477287e-77,1.29213518913816,0.349,0.134,6.82729831269334e-73,"Immune","CCT4"
5.9223541920569e-76,1.49438067127722,0.284,0.098,1.1450871830342e-71,"Immune","RPL3P4"
2.96164776422562e-75,1.15488136038367,0.398,0.164,5.72634595213024e-71,"Immune","TAF7"
4.80154616382177e-75,1.30790568878155,0.319,0.117,9.28378950774939e-71,"Immune","UBE2N"
4.98421755560665e-75,0.830666974593538,0.763,0.489,9.63698464376545e-71,"Immune","SUB1"
1.89331137628528e-74,1.2452927275602,0.358,0.141,3.66071754604758e-70,"Immune","RSL1D1"
3.31989802119773e-74,0.934840206578797,0.61,0.311,6.41902282398582e-70,"Immune","HNRNPC"
3.92063037499303e-74,1.50544377326264,0.262,0.089,7.58053883004902e-70,"Immune","IRF2BP2"
1.22019113284258e-73,1.29683252627101,0.348,0.137,2.35923955535112e-69,"Immune","PIM3"
1.72189605408915e-73,1.13105329666467,0.411,0.172,3.32928602058137e-69,"Immune","UBE2D2"
1.36267587289886e-72,1.29191086813916,0.328,0.125,2.63473380024995e-68,"Immune","EIF1B"
2.37010702187392e-72,1.09027545456674,0.479,0.226,4.58260192679322e-68,"Immune","PPP1CB"
2.61583280390774e-72,1.13229579370996,0.447,0.202,5.05771272635561e-68,"Immune","H2AFV"
5.85695110350331e-72,1.05452199620843,0.492,0.229,1.13244149586236e-67,"Immune","ANAPC16"
4.92905884673854e-71,1.06533403901249,0.469,0.218,9.53033528016897e-67,"Immune","LDHB"
8.54699482480998e-71,1.17094763411759,0.379,0.157,1.65256144937701e-66,"Immune","PPIG"
3.24157066071383e-70,1.08630328461357,0.437,0.197,6.26757687249018e-66,"Immune","ZFP36L1"
3.28814541620857e-70,1.17370150034213,0.394,0.167,6.35762916223927e-66,"Immune","CAPZA1"
1.15162251001196e-69,1.2444608997389,0.339,0.134,2.22666212310813e-65,"Immune","EEF1G"
9.67020639723426e-69,1.63031569102112,0.274,0.103,1.86973440690524e-64,"Immune","CTD-3252C9.4"
1.29790862384172e-68,1.05326186933806,0.453,0.206,2.50950632419797e-64,"Immune","ACTR3"
1.33865497610265e-68,1.3099742680028,0.307,0.116,2.58828939629447e-64,"Immune","FOSL2"
4.37055322929697e-68,1.40855954065232,0.254,0.087,8.45046466884569e-64,"Immune","RNASEH2C"
2.61447318186786e-67,1.30794864051225,0.287,0.106,5.0550838971415e-63,"Immune","NOP58"
8.47750080280309e-67,1.12473136893039,0.372,0.155,1.63912478022198e-62,"Immune","TRAPPC1"
8.57849302158061e-67,0.783391388055463,0.696,0.415,1.65865162572261e-62,"Immune","COMMD6"
9.98038256086282e-67,1.07314124686038,0.442,0.207,1.92970696814283e-62,"Immune","CLK1"
2.66604202323686e-66,0.72488781439952,0.742,0.464,5.15479225192847e-62,"Immune","SRSF5"
3.89604194429438e-66,1.27068711349171,0.333,0.138,7.53299709929318e-62,"Immune","TMEM2"
1.64321325162948e-65,1.02091793226462,0.501,0.255,3.17715282202559e-61,"Immune","PGK1"
2.4394964753077e-65,0.819842312583715,0.691,0.399,4.71676643500744e-61,"Immune","UBE2D3"
8.63615458593488e-65,1.21567191691597,0.324,0.131,1.66980048919051e-60,"Immune","SRSF10"
9.07852869392224e-65,1.27653813728433,0.321,0.128,1.75533352296986e-60,"Immune","MRPS6"
1.04069300233553e-64,1.29223201461235,0.287,0.109,2.01217992001575e-60,"Immune","CSRNP1"
1.05345275983032e-64,0.739801443215485,0.724,0.442,2.03685091113193e-60,"Immune","ZFAS1"
2.63325081121616e-62,0.976435611150281,0.408,0.185,5.09139044348644e-58,"Immune","DDIT4"
2.99145142137346e-62,0.848809942167883,0.615,0.334,5.78397132322559e-58,"Immune","RAN"
6.2040023670622e-62,1.16901973230088,0.361,0.159,1.19954385767148e-57,"Immune","FOXP1"
2.14112717134374e-61,1.30242630920466,0.263,0.098,4.13986938579313e-57,"Immune","WAC"
3.68325401639784e-61,0.896032826751596,0.549,0.28,7.12157164070523e-57,"Immune","ATP6V0E1"
5.86009221168936e-61,1.09825443185911,0.362,0.155,1.13304882913014e-56,"Immune","RP4-706A16.3"
4.54861030446342e-60,1.29165274504957,0.284,0.111,8.79473802368003e-56,"Immune","SURF4"
8.40407297543009e-60,0.925874513440362,0.484,0.232,1.62492750979941e-55,"Immune","ENSA"
1.16993926847932e-59,0.839813458171236,0.588,0.31,2.26207757560477e-55,"Immune","ATP6V1G1"
1.7101406408848e-58,0.937219362856298,0.457,0.227,3.30655692915076e-54,"Immune","DDX3X"
3.4108886364362e-58,1.0361057788606,0.364,0.158,6.5949531785494e-54,"Immune","TMEM50A"
5.96934994590922e-58,0.711207723298821,0.723,0.46,1.15417381204155e-53,"Immune","ITM2B"
6.47315565361971e-58,1.11469863880002,0.326,0.137,1.25158464562737e-53,"Immune","NASP"
7.40148144172885e-58,1.28077593745375,0.25,0.093,1.43107643675827e-53,"Immune","CHURC1"
4.32442990783031e-57,1.27438423120832,0.257,0.097,8.36128522678991e-53,"Immune","DNAJC8"
4.98281898581516e-56,1.29780448780416,0.25,0.095,9.63428050907361e-52,"Immune","SNHG15"
9.76139828008644e-56,0.675841950287529,0.722,0.463,1.88736635745471e-51,"Immune","MCL1"
4.27883352108371e-55,1.03604321310008,0.386,0.181,8.27312461301536e-51,"Immune","SYAP1"
3.74404414912944e-54,1.13459510940837,0.352,0.164,7.23910936234177e-50,"Immune","MYADM"
5.76696519912322e-54,1.14640364628169,0.29,0.119,1.11504272125047e-49,"Immune","AC093106.7"
3.77385837364113e-53,0.758602186552054,0.611,0.353,7.29675516543512e-49,"Immune","PRRC2C"
1.02581889273845e-52,1.00873279550057,0.375,0.176,1.98342082910979e-48,"Immune","PDCD4"
3.69264855758247e-52,1.04253831266409,0.331,0.145,7.13973598608571e-48,"Immune","SNRPB2"
4.38892584234338e-52,1.04957803003894,0.3,0.127,8.48598811617093e-48,"Immune","SNHG7"
7.34143658400551e-52,0.677025703812422,0.687,0.421,1.41946676351746e-47,"Immune","FUS"
4.08467764434457e-51,1.16780440474548,0.319,0.146,7.89772422534022e-47,"Immune","TUBA4A"
8.32530482661159e-51,0.608776720951099,0.478,0.235,1.60969768822535e-46,"Immune","ISG20"
1.03951708719522e-50,0.986537270643393,0.364,0.169,2.00990628809196e-46,"Immune","BZW1"
1.84658187058951e-50,1.04268247403569,0.314,0.137,3.57036604678481e-46,"Immune","KHDRBS1"
3.54011135785519e-50,0.948710112136444,0.38,0.179,6.84480531041302e-46,"Immune","PSMA1.1"
1.89042540322643e-49,1.06406966949536,0.32,0.144,3.6551375171383e-45,"Immune","DDX18"
3.77098823956395e-49,0.899210839152374,0.437,0.219,7.29120576119689e-45,"Immune","SNX3"
3.21853179151603e-48,0.921689402295864,0.378,0.185,6.22303121889625e-44,"Immune","C9orf142"
1.6917508826002e-46,1.03050349601752,0.302,0.133,3.27100033150748e-42,"Immune","POLR2K"
2.39155757792965e-46,0.853922469625828,0.412,0.209,4.62407657692698e-42,"Immune","WSB1"
9.36057470968945e-46,1.09435420103581,0.279,0.121,1.80986712011845e-41,"Immune","PPP1CC"
1.32493022919125e-45,0.907396361794325,0.397,0.2,2.56175259814127e-41,"Immune","CSDE1"
3.67398469037151e-44,1.0716464699712,0.27,0.117,7.10364939883331e-40,"Immune","EIF4H"
4.29049023470004e-43,0.925535643224352,0.352,0.173,8.29566286879252e-39,"Immune","CACYBP"
5.12264915995022e-43,1.02594091779831,0.254,0.109,9.90464215076375e-39,"Immune","SNHG3"
4.20829977768559e-42,0.625312820046376,0.663,0.408,8.1367476201551e-38,"Immune","RSRP1"
4.72321480924723e-42,0.943029541347613,0.307,0.143,9.13233583367952e-38,"Immune","SLTM"
3.07168096051226e-41,0.758772826869786,0.478,0.266,5.93909513715045e-37,"Immune","SRRM1"
5.71416383693869e-41,0.974230348489109,0.265,0.116,1.1048335778721e-36,"Immune","TMEM14B"
8.11877187530881e-41,0.820451885979732,0.385,0.199,1.56976454209096e-36,"Immune","LUC7L3"
8.30775687058509e-41,0.759301348179657,0.433,0.23,1.60630479092763e-36,"Immune","TAF1D"
1.31916664919632e-40,0.57821374719089,0.726,0.474,2.55060871622108e-36,"Immune","RBM39"
1.78725475861391e-40,0.91140666009281,0.278,0.126,3.45565707577999e-36,"Immune","IFI27L2"
1.91963102580351e-40,0.995641907806295,0.272,0.125,3.71160658839108e-36,"Immune","KPNB1"
9.19101929442533e-40,0.936259966159307,0.3,0.143,1.77708358057714e-35,"Immune","USP16"
1.56922893507391e-39,0.706089199094998,0.587,0.345,3.0341041459654e-35,"Immune","SSR2"
2.12143428166176e-39,0.81248412487515,0.407,0.213,4.10179318359301e-35,"Immune","TOMM20"
1.90479483505695e-38,1.00187960318569,0.266,0.123,3.68292081358261e-34,"Immune","SRSF6"
6.22558471783779e-38,0.758826056918411,0.4,0.208,1.20371680519394e-33,"Immune","ABRACL"
1.77006271034082e-37,0.672670500387129,0.597,0.368,3.42241625044397e-33,"Immune","EIF5"
2.84536252527424e-37,0.650023920178372,0.496,0.293,5.50150844261775e-33,"Immune","ATP1B3"
4.88032653122794e-37,0.822715740009498,0.331,0.166,9.43611134812923e-33,"Immune","RP11-864N7.2"
5.21981156686582e-37,0.953971531154791,0.27,0.127,1.00925056645351e-32,"Immune","CSNK1D"
3.829098335115e-36,1.02963647438231,0.263,0.126,7.40356163094484e-32,"Immune","AHSA1"
5.39361363981923e-36,0.893161718867252,0.291,0.142,1.04285519725905e-31,"Immune","DUT"
9.63681748081045e-36,0.742758974409442,0.425,0.234,1.8632786599147e-31,"Immune","TAX1BP1"
2.3409110783249e-35,0.775304004514552,0.424,0.236,4.5261515699412e-31,"Immune","EIF1AX"
2.74579102766213e-35,0.89100866294274,0.304,0.152,5.30898695198474e-31,"Immune","RWDD1"
3.39132104073665e-35,1.00600089060678,0.25,0.116,6.55711923226432e-31,"Immune","ZFAND6"
8.51499228472827e-35,0.815170570022289,0.313,0.159,1.64637375825221e-30,"Immune","GCC2"
1.05564424005967e-34,0.775118734440188,0.393,0.211,2.04108813815538e-30,"Immune","PSMA2"
1.36086748187406e-34,0.639785049648504,0.611,0.386,2.63123727620349e-30,"Immune","RBM3"
3.20246259035243e-34,0.772380947050968,0.355,0.185,6.19196141844642e-30,"Immune","POLR1D"
4.77063244192327e-34,0.601080892751779,0.656,0.452,9.22401782645864e-30,"Immune","H2AFZ"
3.08125759931279e-33,0.709004759495802,0.482,0.281,5.95761156827127e-29,"Immune","PARK7"
1.22666235685888e-32,0.710675705134808,0.489,0.289,2.37175166698664e-28,"Immune","MTDH"
2.38443978159048e-32,0.707484484866327,0.441,0.253,4.6103143177052e-28,"Immune","RPL18AP3"
3.42366097269692e-32,0.90230165642873,0.304,0.16,6.6196484907095e-28,"Immune","ATP2B1"
1.11292116791697e-31,0.898299775783165,0.25,0.12,2.15183307816746e-27,"Immune","SF3B1"
1.49869166488589e-31,0.683300754241616,0.347,0.184,2.89772033405687e-27,"Immune","DDX46"
1.62136813710792e-31,0.589172784250767,0.559,0.341,3.13491529309816e-27,"Immune","SNRPB"
1.63697885252543e-31,0.780952117500272,0.343,0.184,3.16509861135792e-27,"Immune","SEP15"
2.70166557086119e-31,0.564514509802436,0.609,0.388,5.22367038126011e-27,"Immune","SERBP1"
3.75691903210773e-31,0.934483839582132,0.252,0.124,7.26400294858029e-27,"Immune","NAMPT"
5.90462917679482e-31,0.807330307537202,0.317,0.168,1.14166005133328e-26,"Immune","HSPA9"
6.27542198301048e-31,0.678952766910124,0.453,0.259,1.21335284041508e-26,"Immune","HNRNPF"
1.22797070462691e-30,0.593318277276709,0.36,0.191,2.37428135739613e-26,"Immune","HLA-F"
5.00572218911703e-30,0.898943690349729,0.261,0.13,9.67856385265778e-26,"Immune","REEP5"
1.10989507662586e-29,0.67161455069795,0.456,0.268,2.14598213065609e-25,"Immune","ARPC4"
2.4118694871493e-29,0.790377691711756,0.276,0.14,4.66334965340318e-25,"Immune","RPLP0P2"
6.17883938067189e-29,0.731323566044645,0.327,0.178,1.19467859425291e-24,"Immune","SF3B2"
7.5962696272584e-29,0.56609689616153,0.433,0.252,1.46873873243041e-24,"Immune","IRF1"
1.41400216978022e-28,0.708142966653335,0.353,0.197,2.73397319527005e-24,"Immune","CBX3"
1.41602069666203e-28,0.562821514249473,0.601,0.388,2.73787601699604e-24,"Immune","PTGES3"
1.60113084990662e-28,0.767806076180692,0.287,0.148,3.09578649829444e-24,"Immune","TOMM22"
3.30648735011482e-28,0.628694306834489,0.457,0.272,6.39309329144701e-24,"Immune","RPL22L1"
1.5889422211105e-27,0.605973490728531,0.396,0.23,3.07221978451714e-23,"Immune","STAT3"
2.86529733783735e-27,0.713523458528105,0.341,0.187,5.54005240270852e-23,"Immune","SEC11A"
3.5735390958446e-27,0.852018916153255,0.25,0.129,6.90943784181554e-23,"Immune","TRABD"
3.79494160367163e-27,0.797643456956874,0.281,0.15,7.33751959069909e-23,"Immune","TTC3"
5.29693558144793e-27,0.569214890846681,0.634,0.432,1.02416249467296e-22,"Immune","EIF4A2"
8.88725204124434e-27,0.656109040453487,0.376,0.215,1.71835018217459e-22,"Immune","YWHAQ"
1.24628590063277e-26,0.64214072268814,0.392,0.227,2.40969378887346e-22,"Immune","SEC62"
1.40803250615608e-26,0.607219231180601,0.522,0.326,2.72243085065279e-22,"Immune","NHP2L1"
1.72246930265483e-25,0.500270695926529,0.685,0.462,3.33039439668311e-21,"Immune","C19orf43"
2.35393526518932e-25,0.835571904923918,0.258,0.139,4.55133383524355e-21,"Immune","EIF4A3"
5.09317615124627e-25,0.773651954623262,0.263,0.142,9.84765608843466e-21,"Immune","IVNS1ABP"
1.10302859578992e-24,0.625448764636013,0.393,0.233,2.13270578995981e-20,"Immune","PGAM1"
4.68129466450001e-24,0.690321945092672,0.409,0.245,9.05128323381076e-20,"Immune","SPCS2"
6.01299545354448e-24,0.589560883435526,0.375,0.219,1.16261267094282e-19,"Immune","CKS2"
9.47442870233959e-24,0.643426415565326,0.316,0.18,1.83188078959736e-19,"Immune","FAM133B"
1.70015646818968e-23,0.633560681163184,0.339,0.192,3.28725253124474e-19,"Immune","GABARAPL2"
2.89710214779183e-23,0.518349677877477,0.532,0.346,5.6015470027555e-19,"Immune","RSRC2"
5.31302248116062e-23,0.632734007548141,0.371,0.223,1.02727289673241e-18,"Immune","IDI1"
6.00139741522221e-23,0.684127191447813,0.287,0.161,1.16037019023321e-18,"Immune","CCT3"
9.50809027281632e-23,0.705476594132656,0.257,0.138,1.83838925424904e-18,"Immune","RHEB"
1.79048279103705e-22,0.603352466394302,0.362,0.214,3.46189847647013e-18,"Immune","HNRNPM"
2.16511931089623e-22,0.628729332251085,0.488,0.327,4.18625818761786e-18,"Immune","FAM177A1"
2.25598853614905e-22,0.54189461215621,0.517,0.33,4.36195383464419e-18,"Immune","ERP29"
2.35439276907474e-22,0.574866623510914,0.409,0.243,4.55221841900601e-18,"Immune","UFC1"
5.13687912532487e-22,0.535858938191549,0.483,0.308,9.93215578881563e-18,"Immune","EIF3G"
5.86559165962712e-22,0.697533932415041,0.313,0.184,1.1341121473889e-17,"Immune","INSIG1"
8.35816616417491e-22,0.717899251244116,0.287,0.166,1.61605142784322e-17,"Immune","GSPT1"
1.07080689514846e-21,0.596966928882821,0.345,0.204,2.07040513176955e-17,"Immune","PNRC2"
3.42818949435321e-21,0.652168832678915,0.378,0.236,6.62840438733194e-17,"Immune","TUBB"
4.19907474993794e-21,0.713755799699496,0.271,0.157,8.11891102900501e-17,"Immune","CFLAR"
5.20440595614391e-21,0.552745700519174,0.415,0.257,1.00627189162043e-16,"Immune","DEK"
1.70528673673406e-20,0.683452420573186,0.267,0.152,3.2971719054753e-16,"Immune","CCDC107"
3.26850813476365e-20,0.559519095732449,0.416,0.267,6.31966047856552e-16,"Immune","ANP32B"
5.97480108156438e-20,0.668487906990513,0.268,0.154,1.15522778912047e-15,"Immune","ZNF207"
7.63665938275517e-20,0.516540231808826,0.416,0.263,1.47654809165571e-15,"Immune","RBM25"
9.06333274274378e-20,0.504686283724822,0.496,0.327,1.75239538580951e-15,"Immune","SFPQ"
1.07456986037758e-19,0.536684402056302,0.473,0.306,2.07768082504005e-15,"Immune","CUTA"
3.04942810952614e-19,0.524513028437706,0.366,0.224,5.89606924976879e-15,"Immune","SRSF11"
3.10919231189242e-19,0.549308003036248,0.309,0.188,6.011623335044e-15,"Immune","TYMP"
4.24476461375043e-19,0.62607954136639,0.286,0.167,8.20725238068646e-15,"Immune","OSTC"
5.8272887101553e-19,0.551679206601003,0.261,0.147,1.12670627210853e-14,"Immune","SLC3A2"
4.2092708572904e-17,0.59082880209564,0.259,0.154,8.13862520257099e-13,"Immune","HP1BP3"
1.29770935240867e-16,0.540503741443044,0.261,0.153,2.50912103288217e-12,"Immune","MPHOSPH8"
2.95191973765944e-16,0.52911704536791,0.286,0.174,5.70753681276453e-12,"Immune","XRCC6"
2.72614910315105e-15,0.564239219840319,0.283,0.176,5.27100929094256e-11,"Immune","RAD23A"
4.46742986985074e-15,0.527231440601887,0.336,0.221,8.6377756533564e-11,"Immune","ODC1"
7.11068343151771e-15,0.540209274145648,0.435,0.286,1.37485064148395e-10,"Immune","SPCS1"
2.67781167367717e-13,0.503655524720406,0.275,0.174,5.17754887105481e-09,"Immune","BAX"
4.13247162184762e-11,0.502497179824874,0.25,0.165,7.99013388084237e-07,"Immune","PCSK7"
0,8.43703435599232,0.489,0.001,0,"Other","CPA3"
0,8.14104318506751,0.489,0.003,0,"Other","TPSB2"
0,7.98576678016911,0.489,0.003,0,"Other","TPSAB1"
0,8.16563171222778,0.447,0.002,0,"Other","GATA2"
0,7.68244132440097,0.447,0.002,0,"Other","HPGDS"
0,7.9914350195301,0.404,0.001,0,"Other","SLC18A2"
0,8.05854642643366,0.404,0.001,0,"Other","MS4A2"
0,7.50740930561039,0.404,0.002,0,"Other","PTGS1"
0,7.83087733806673,0.383,0.001,0,"Other","KRT1"
0,9.16576314659935,0.362,0.001,0,"Other","RP11-354E11.2"
0,7.06306666812841,0.362,0.002,0,"Other","MAOB"
0,7.80867389087681,0.34,0.001,0,"Other","IL1RL1"
0,7.69452372761419,0.319,0.001,0,"Other","SIGLEC17P"
1.01669264446162e-313,7.17262753142548,0.404,0.004,1.96577522806654e-309,"Other","LTC4S"
2.01264187498952e-284,7.31451324843302,0.255,0.001,3.89144306529223e-280,"Other","PLAT"
1.77594334991818e-261,6.71988567733056,0.34,0.003,3.43378646706681e-257,"Other","RENBP"
5.04095640753494e-172,5.91872622798557,0.277,0.003,9.74668921396881e-168,"Other","RGS13"
2.46677146223045e-166,5.89470262769168,0.34,0.006,4.76950262222258e-162,"Other","ACSL4"
2.00900012559224e-153,6.33622605813882,0.298,0.005,3.8844017428326e-149,"Other","AKAP12"
5.27830418584458e-150,5.92197009288021,0.319,0.005,1.02056011433305e-145,"Other","ARHGEF6"
4.83835664754767e-119,5.48155103354529,0.277,0.005,9.35496257803343e-115,"Other","APOE"
3.1601134290211e-115,5.15995929090083,0.255,0.005,6.1100793150123e-111,"Other","ALOX5"
5.50869286213699e-106,5.14670887619916,0.277,0.006,1.06510576489419e-101,"Other","BTK"
4.79843041008211e-96,4.12072485969211,0.489,0.022,9.27776519789376e-92,"Other","TYROBP"
1.07661888298063e-83,4.51636993374954,0.426,0.019,2.08164261024304e-79,"Other","FCER1G"
3.86123332817861e-81,5.2097884833733,0.255,0.007,7.46569464003334e-77,"Other","SLC45A3"
1.04810020280361e-70,4.80511713367153,0.383,0.019,2.02650174212078e-66,"Other","VWA5A"
6.52955778572458e-68,3.99198813485499,0.66,0.059,1.26248999786985e-63,"Other","TUBA1A"
1.9063374522529e-62,4.13973944687967,0.362,0.019,3.68590346393098e-58,"Other","BCL2A1"
9.45612778215005e-50,4.38559103900013,0.255,0.012,1.82834230667871e-45,"Other","GRAP2"
1.38769096724886e-48,4.19576677836557,0.34,0.021,2.68310048517568e-44,"Other","GALNT6"
1.40690297167655e-47,4.07004326574211,0.277,0.014,2.72024689573661e-43,"Other","STX11"
1.51033345286788e-46,3.59443253014113,0.426,0.034,2.92022973112005e-42,"Other","BST2"
1.49862129708507e-45,3.34732332867095,0.617,0.075,2.89758427791398e-41,"Other","S100A4"
9.15364468493621e-45,3.8216941789649,0.383,0.029,1.76985719983242e-40,"Other","DUSP10"
2.63787867240311e-44,3.8575408384804,0.468,0.045,5.10033841309142e-40,"Other","CLU"
4.6564907677455e-43,3.14956081596835,0.617,0.079,9.00332489943593e-39,"Other","ANXA1"
3.04614325866336e-40,3.09596012516152,0.638,0.09,5.8897179906256e-36,"Other","LGALS1"
9.80932531169078e-40,3.48170074623836,0.426,0.04,1.89663304901541e-35,"Other","EMP3"
1.29842298375204e-39,3.77945908297195,0.277,0.017,2.51050083908457e-35,"Other","CMTM3"
1.75056170888567e-39,3.49541263814713,0.489,0.054,3.38471106413044e-35,"Other","ALOX5AP"
2.49082599776748e-36,3.72128090341375,0.34,0.028,4.81601206668343e-32,"Other","TNFAIP8"
8.75251010821019e-33,2.66960044178407,0.66,0.108,1.69229782942244e-28,"Other","STMN1"
3.09196763586187e-32,3.49831304622133,0.255,0.018,5.97831942393893e-28,"Other","LAT2"
2.32934096099926e-30,3.40756171933054,0.319,0.029,4.50378074809208e-26,"Other","LEO1"
4.88786798825984e-30,3.52258510035043,0.277,0.022,9.45069275530039e-26,"Other","BEX4"
5.14349601262849e-29,3.04904291364315,0.34,0.034,9.94494954041718e-25,"Other","SLC7A5"
1.11228787198536e-27,3.43247814406,0.298,0.028,2.15060860048368e-23,"Other","PBX1"
1.58045448393887e-27,2.97386390957859,0.468,0.068,3.05580874469581e-23,"Other","FXYD5"
1.73054246135242e-27,3.09897615051195,0.468,0.068,3.34600384902491e-23,"Other","NSMCE1"
2.06942830639396e-27,4.03344188679954,0.277,0.025,4.00123963041273e-23,"Other","WASH6P"
2.77393254654764e-27,3.03833526301214,0.34,0.036,5.36339857874987e-23,"Other","SLC2A3"
2.81295217852836e-27,3.35362370726068,0.319,0.032,5.43884303718458e-23,"Other","PRNP"
3.81169180794434e-27,2.96269806126968,0.383,0.046,7.36990611066038e-23,"Other","CD83"
4.60851103917471e-27,3.28694711112077,0.489,0.081,8.9105560942443e-23,"Other","VIM"
1.5158574494478e-26,2.78316376571735,0.468,0.068,2.93091037850731e-22,"Other","DUSP6"
5.25007063961647e-26,3.21644936521936,0.255,0.022,1.01510115816984e-21,"Other","MSRA"
7.50831992748917e-25,2.68975830864906,0.468,0.073,1.45173365798003e-20,"Other","SAMSN1"
1.57947892831994e-24,2.7634119266546,0.34,0.039,3.05392250790661e-20,"Other","CTNNBL1"
1.93632147379829e-24,3.01120501416611,0.447,0.071,3.743877569589e-20,"Other","RAC2"
1.96069996484552e-23,2.86692283966306,0.362,0.046,3.79101338202882e-19,"Other","BNIP3L"
5.30034477728407e-23,2.82160745769556,0.553,0.114,1.02482166268788e-18,"Other","CD44"
5.84755565164516e-23,2.6554955969472,0.468,0.079,1.13062488524559e-18,"Other","RGS1"
1.40658961863597e-21,2.77220278228038,0.34,0.045,2.71964102763265e-17,"Other","ITM2A"
1.45043612782374e-21,3.0387134799218,0.319,0.04,2.80441825314719e-17,"Other","TWISTNB"
1.99164114743061e-21,3.09482060313573,0.277,0.031,3.85083815855708e-17,"Other","OAZ2"
2.33249778737269e-21,3.30788073537031,0.277,0.031,4.5098844718851e-17,"Other","LINC00998.1"
5.40581709888239e-21,2.76165539911993,0.383,0.057,1.04521473606891e-16,"Other","LINC01420"
1.6230272570749e-20,2.32347950308382,0.553,0.111,3.13812320155432e-16,"Other","RGS2"
3.69557033728464e-20,2.21925392979849,0.489,0.089,7.14538524713985e-16,"Other","TERF2IP"
3.84657853570427e-20,2.84861532104644,0.34,0.047,7.43735959878422e-16,"Other","CD82"
5.39646693404888e-20,2.34415548184526,0.532,0.108,1.04340688169835e-15,"Other","SEPT2"
1.70722377796848e-19,2.79472429913923,0.277,0.033,3.30091717470207e-15,"Other","NXT1"
2.16073925242839e-19,2.31564012004075,0.511,0.105,4.1777893445703e-15,"Other","SRGN"
3.41881066399207e-19,2.45897888346823,0.468,0.092,6.61027041882867e-15,"Other","LAPTM5"
9.2187252871945e-19,3.0034541914167,0.255,0.03,1.78244053427906e-14,"Other","GCSH"
2.87952731353112e-18,2.46490744534582,0.383,0.064,5.56756606071242e-14,"Other","RGS10"
7.9191442208831e-18,1.7015891640803,0.766,0.214,1.53116653510775e-13,"Other","NAP1L1"
8.58640912402115e-18,2.12313178900953,0.447,0.085,1.66018220412949e-13,"Other","CD37"
1.04109276691967e-17,1.8782705453514,0.638,0.154,2.01295286483917e-13,"Other","C6orf48"
1.15598837338418e-17,2.62740916443213,0.298,0.042,2.23510351993832e-13,"Other","DYNLT3"
2.18880998350869e-17,2.87549786403691,0.277,0.037,4.23206410311405e-13,"Other","ELL2"
2.59339295442356e-17,2.70974247577695,0.255,0.031,5.01432527737794e-13,"Other","MAGED2"
3.14869393318648e-17,2.18530974381807,0.489,0.1,6.08799971981605e-13,"Other","CKLF"
1.2112494574635e-16,2.24748347554145,0.34,0.055,2.34195082600569e-12,"Other","GMFG"
1.54819362029641e-16,2.51447334029464,0.298,0.043,2.99343236484311e-12,"Other","BLOC1S2"
1.67206523257173e-16,2.97634357600964,0.255,0.034,3.23293812717743e-12,"Other","ARHGAP18"
3.27822145694773e-16,2.39493051445836,0.319,0.05,6.33844118700844e-12,"Other","ANKRD28"
3.77923254241746e-16,3.16382119484103,0.319,0.054,7.30714612076415e-12,"Other","CD69"
3.83800773896276e-16,2.01391187290583,0.489,0.104,7.42078796328449e-12,"Other","EID1"
6.07569041825272e-16,2.72132702372887,0.255,0.034,1.17473474236916e-11,"Other","ELOVL5"
6.37583382099752e-16,2.37292308022894,0.447,0.101,1.23276746928987e-11,"Other","TIMP1"
7.0053543573883e-16,2.36461688360936,0.362,0.064,1.35448526500103e-11,"Other","PLIN2"
1.39813334313989e-15,2.05063624818465,0.468,0.098,2.70329081896098e-11,"Other","LSM2"
2.47213742102944e-15,1.7987463767723,0.617,0.163,4.77987770356042e-11,"Other","MRFAP1"
3.16460404953943e-15,2.32249288891717,0.319,0.052,6.11876192978449e-11,"Other","HSPB11"
8.24356633990053e-15,1.66451215970034,0.468,0.101,1.59389355181977e-10,"Other","CD52"
3.71934442739675e-14,1.87433502132242,0.574,0.155,7.19135245037161e-10,"Other","KHDRBS1"
4.99042011200087e-14,2.16206609268719,0.362,0.07,9.64897728655368e-10,"Other","RANBP2"
5.03799828148678e-14,1.65690760551626,0.66,0.202,9.7409696772547e-10,"Other","SEC11A"
8.45576800373335e-14,1.83002972982187,0.638,0.214,1.63492274352184e-09,"Other","LAPTM4A"
1.14851411673804e-13,1.46284624546534,0.83,0.322,2.22065204471301e-09,"Other","EIF3E"
2.22926935684608e-13,1.96635961679074,0.468,0.112,4.31029230146189e-09,"Other","KDM6B"
3.43294068290384e-13,2.09765776372438,0.383,0.081,6.63759081039457e-09,"Other","HIF1A"
1.60700513820082e-12,2.25462838534826,0.319,0.063,3.10714443471128e-08,"Other","RHBDD2"
1.95541164110658e-12,1.98900463700183,0.468,0.128,3.78078840807957e-08,"Other","NR4A2"
2.33934886339084e-12,1.96482682979215,0.383,0.084,4.52313102736619e-08,"Other","LMO4"
3.21559991055102e-12,2.35942705748215,0.298,0.057,6.21736242705039e-08,"Other","LIMS1"
4.44587672349282e-12,1.34181350323371,0.745,0.25,8.59610264487336e-08,"Other","TUBB"
7.36929634908842e-12,1.52224650415845,0.681,0.218,1.42485344909624e-07,"Other","CNBP"
1.65300245336927e-11,2.1088159689538,0.34,0.074,3.19608024358948e-07,"Other","KLF10"
3.10300588677393e-11,1.58917880230714,0.489,0.134,5.99966188207739e-07,"Other","CCDC85B"
3.23493565996751e-11,2.01261483324029,0.34,0.076,6.25474809854719e-07,"Other","TIPARP"
3.48788104437112e-11,2.11054386839971,0.277,0.052,6.74381799929155e-07,"Other","CD53"
5.49400231550347e-11,2.28995735046015,0.255,0.047,1.0622653477026e-06,"Other","RHOBTB3"
6.94415115064466e-11,1.73341160603855,0.511,0.156,1.34265162497715e-06,"Other","CCT2"
7.71521949659278e-11,2.34341827082546,0.255,0.048,1.49173768966621e-06,"Other","CUEDC2"
1.5057860630634e-10,2.32669183408873,0.255,0.049,2.91143735293307e-06,"Other","GPR65"
1.89357504794419e-10,1.83563673817695,0.574,0.231,3.66122735520009e-06,"Other","GLUL"
1.90613103930166e-10,1.56489030463413,0.511,0.147,3.68550436448975e-06,"Other","PSMC5"
2.20923976760372e-10,1.58515553071561,0.511,0.15,4.27156509066179e-06,"Other","ATP6V1F"
2.3775113962023e-10,1.3239377603569,0.553,0.166,4.59691828455714e-06,"Other","COTL1"
2.93702718017595e-10,2.20783779772798,0.255,0.05,5.67874205287019e-06,"Other","ZNHIT3"
3.34305931877789e-10,1.85753588183911,0.34,0.079,6.46380519285705e-06,"Other","SUPT4H1"
3.56546481699338e-10,1.09242423095326,0.936,0.487,6.89382622365671e-06,"Other","SRSF3"
3.67325193142799e-10,1.75912526353736,0.362,0.089,7.10223260941601e-06,"Other","IDS"
4.18867342238825e-10,1.72341598995581,0.383,0.1,8.09880006218769e-06,"Other","ARHGDIB"
5.06093792943425e-10,1.72440885724691,0.298,0.064,9.78532348656113e-06,"Other","ZNF331"
5.20563026275933e-10,1.52739516708457,0.468,0.129,1.00650861130452e-05,"Other","ESD"
5.42895154717507e-10,1.84810438435954,0.298,0.064,1.0496877816463e-05,"Other","PHLDA1"
8.04452742903224e-10,1.23282924800897,0.83,0.392,1.55540937840338e-05,"Other","SUMO2"
8.89865123861891e-10,2.10837458522039,0.255,0.051,1.72055421698697e-05,"Other","UBE2V2"
1.07147118690523e-09,2.14579084903317,0.277,0.06,2.07168953988126e-05,"Other","TRMT10C"
1.07224069491441e-09,1.93903267147604,0.34,0.084,2.07317738361702e-05,"Other","XRN2"
1.13783098498249e-09,1.53033515970467,0.532,0.172,2.19999620946365e-05,"Other","SEPT7"
1.19026265256367e-09,1.83662307813018,0.319,0.074,2.30137283873185e-05,"Other","C10orf32"
1.212616751058e-09,1.72804332239108,0.362,0.09,2.34459448817063e-05,"Other","ZNF428"
1.46743834467145e-09,1.81592414137814,0.362,0.091,2.83729203942225e-05,"Other","TBCB"
1.97293628385517e-09,1.19322766808332,0.809,0.341,3.81467230483398e-05,"Other","CIRBP"
2.00627829888618e-09,1.89808927582024,0.277,0.061,3.87913909089644e-05,"Other","UCP2"
2.40198031226052e-09,1.78610052992493,0.383,0.104,4.64422893375571e-05,"Other","SH3BGRL"
2.42671530302726e-09,1.54245370791875,0.468,0.14,4.6920540384032e-05,"Other","SELT"
2.74716624130592e-09,1.7220233669892,0.426,0.122,5.311645927565e-05,"Other","MATR3"
2.78733928423719e-09,1.41055586184917,0.532,0.164,5.38932050607261e-05,"Other","SNRPB2"
3.06237699711223e-09,1.55939990352543,0.489,0.15,5.9211059239165e-05,"Other","RHEB"
3.57544440748429e-09,1.37693925049144,0.553,0.178,6.91312176187087e-05,"Other","CAPZA2"
3.86693826146887e-09,1.28463468756834,0.723,0.282,7.47672512855005e-05,"Other","MORF4L1"
4.16445504649458e-09,1.48917494129854,0.426,0.121,8.05197383239726e-05,"Other","CTD-3252C9.4"
4.46565226137353e-09,1.85988872240595,0.277,0.062,8.63433864736572e-05,"Other","BCAS2"
4.61803986266117e-09,1.78870465238164,0.34,0.087,8.92898007445538e-05,"Other","ANP32A"
4.83846988039276e-09,1.95709180499779,0.277,0.062,9.3551815137394e-05,"Other","EMC4"
4.9767057429616e-09,1.94509730032158,0.277,0.062,9.62246055401626e-05,"Other","YWHAG"
5.24975146394518e-09,1.47050589144706,0.553,0.2,0.00010150394455538,"Other","PTMS"
6.37946950420576e-09,1.95993581866189,0.277,0.063,0.000123347042863818,"Other","ALG13"
6.76459027913549e-09,2.08576853046264,0.255,0.055,0.000130793353047085,"Other","RCN2"
7.16396897705521e-09,1.41926029253011,0.596,0.218,0.000138515340171362,"Other","DRAP1"
9.70838185771596e-09,1.76986855661494,0.34,0.091,0.000187711563218938,"Other","MAPRE1"
1.02354055411052e-08,1.86130078264465,0.34,0.092,0.00019790156613727,"Other","RPAIN"
1.05959158306311e-08,1.55768792697616,0.468,0.15,0.000204872032585253,"Other","CCT8"
1.105075399831e-08,1.52052890742158,0.511,0.171,0.000213666328557324,"Other","RSL24D1"
1.1467817261433e-08,1.58768490493796,0.383,0.106,0.000221730246749808,"Other","MAPK6"
1.21212024794633e-08,1.86840418190602,0.255,0.055,0.000234363449940423,"Other","FXR1"
1.22564512866564e-08,1.98553832925727,0.277,0.065,0.000236978485627502,"Other","NFKB1"
1.60169430639896e-08,1.40071571200229,0.489,0.156,0.000309687594142239,"Other","CCT4"
1.93508197433125e-08,1.74775027426099,0.277,0.064,0.000374148099736947,"Other","DPM1"
2.01518732305306e-08,1.74003450050311,0.277,0.065,0.000389636468912308,"Other","PFKP"
2.13632639865572e-08,2.03318578799281,0.277,0.067,0.000413058709180083,"Other","BHLHE40"
2.51234278629279e-08,1.87736442547394,0.255,0.058,0.00048576147772971,"Other","NIFK"
2.53718781981165e-08,1.51099140737511,0.489,0.166,0.000490565264960582,"Other","C11orf58"
2.6964057394847e-08,1.88000875756669,0.34,0.096,0.000521350049729366,"Other","PRKAR1A"
2.88905251750949e-08,1.45375802681019,0.404,0.117,0.000558598304260459,"Other","HSD17B12"
3.12942374962342e-08,1.18929199733331,0.617,0.244,0.000605074081989688,"Other","LDHB"
4.32135349599941e-08,1.93927389248294,0.277,0.069,0.000835533698451486,"Other","SRP19"
4.49523706143935e-08,1.61855924914306,0.362,0.105,0.000869154085829299,"Other","HMG20B"
5.4532875086234e-08,1.50101352799182,0.404,0.125,0.00105439313979233,"Other","PRMT1"
5.50636827552647e-08,1.49438975642342,0.404,0.124,0.00106465630607304,"Other","ILF2"
5.79361590250031e-08,1.58343281440829,0.362,0.104,0.00112019563474844,"Other","EIF2A"
6.31196435657005e-08,1.7490421700307,0.255,0.059,0.00122041830834282,"Other","NUDT5"
6.43311745710307e-08,1.25285140750453,0.553,0.2,0.00124384326033088,"Other","PSMA1.1"
7.31635928428507e-08,1.53513080685092,0.362,0.104,0.00141461806761652,"Other","SVIP"
7.57421038954007e-08,1.46571313456018,0.383,0.118,0.00146447357881757,"Other","CREM"
8.37017406572089e-08,1.59193701802608,0.34,0.096,0.00161837315560713,"Other","PCNP"
8.44939354377635e-08,1.35307767444707,0.553,0.218,0.00163369024168916,"Other","RBM8A"
8.9188021706986e-08,1.95419052435863,0.319,0.087,0.00172445039970457,"Other","SYPL1"
9.48582539316415e-08,1.30620972281734,0.532,0.189,0.00183408433976829,"Other","BZW1"
1.00357632159234e-07,1.39094317625618,0.426,0.132,0.00194041481779878,"Other","EIF3M"
1.19466732985188e-07,1.59638221759319,0.362,0.107,0.0023098892822686,"Other","FLOT1"
1.24153201089715e-07,1.65384110760876,0.255,0.06,0.00240050214306964,"Other","CDC5L"
1.34681990686729e-07,1.65472243906569,0.319,0.088,0.00260407628992791,"Other","KPNA2"
1.35460774693541e-07,1.54654719472074,0.298,0.077,0.00261913407869962,"Other","OSTF1"
1.35960828486939e-07,1.60449307317271,0.319,0.089,0.00262880261879496,"Other","DNAJB9"
1.36605027949803e-07,1.44338520571028,0.489,0.184,0.00264125821540945,"Other","MYADM"
1.4125053882933e-07,1.42189451634777,0.34,0.097,0.00273107916826509,"Other","LEPROTL1"
1.41781491425312e-07,1.72340444935753,0.277,0.071,0.00274134513670841,"Other","NARF"
1.49288354128426e-07,1.18036870540695,0.553,0.197,0.00288649032707311,"Other","MRPL18"
1.50375930954661e-07,1.59431204977602,0.34,0.097,0.00290751862500836,"Other","RTFDC1"
1.54369942070052e-07,1.41839801425624,0.404,0.124,0.00298474282992446,"Other","CNIH1"
1.59647309366873e-07,1.79347277837635,0.255,0.063,0.00308678072660848,"Other","MAPK1"
1.68400518390187e-07,1.49617371900241,0.34,0.095,0.00325602402307427,"Other","SSB"
1.69790254335882e-07,1.07422383413468,0.745,0.342,0.00328289456758429,"Other","HNRNPC"
1.78562494778842e-07,1.57586527033805,0.34,0.096,0.00345250583654891,"Other","EIF2S3"
1.81705226206401e-07,1.16650484540307,0.596,0.22,0.00351327054870076,"Other","CSDE1"
2.11757225995941e-07,1.68881535760312,0.298,0.08,0.00409432596463152,"Other","GTF3A"
3.02237093650455e-07,1.66632788831055,0.298,0.083,0.00584375420573154,"Other","PARP1"
3.09629996368265e-07,1.30819602135411,0.511,0.19,0.00598669597978041,"Other","TCP1"
3.35519707402867e-07,1.59987272338457,0.34,0.103,0.00648727354263443,"Other","STRAP"
3.68831421953678e-07,1.75028564885217,0.277,0.074,0.00713135554347437,"Other","ANXA5"
4.36333088182254e-07,1.66148340449468,0.277,0.073,0.00843650026000389,"Other","BTG3"
4.46244953920607e-07,1.60988569357743,0.277,0.075,0.00862814618405494,"Other","HCST"
4.56749511032703e-07,1.37614650494335,0.404,0.133,0.00883125179581731,"Other","EIF4H"
4.92455761592858e-07,1.60239271885047,0.277,0.073,0.00952163215039791,"Other","LSM6"
5.55030668966058e-07,1.5638782936263,0.277,0.073,0.0107315179844587,"Other","ZNF511"
5.5651280795929e-07,1.39891695077392,0.34,0.1,0.0107601751418929,"Other","CISD2"
6.22257290900963e-07,1.47798235914887,0.298,0.082,0.0120313447195701,"Other","FAM49B"
6.47462103837316e-07,1.86424383478393,0.319,0.096,0.0125186797776945,"Other","DCTN3"
6.91972667839537e-07,1.79481027639488,0.277,0.078,0.0133792915326774,"Other","POLR2G"
7.16884706851695e-07,1.55103731025044,0.362,0.114,0.0138609658069775,"Other","DNAJC8"
8.78498124771917e-07,1.26982833009988,0.489,0.181,0.016985761242465,"Other","VAMP2"
9.60581565609502e-07,1.32515781366472,0.383,0.125,0.0185728445710597,"Other","IFITM2"
9.63404843866835e-07,1.22292741418284,0.574,0.235,0.0186274326561653,"Other","CKS2"
9.81301316899077e-07,1.02283935558287,0.681,0.29,0.0189734609622436,"Other","SNHG6"
9.99450805593296e-07,1.66788442872366,0.255,0.068,0.0193243813261464,"Other","UBE3A"
1.11091482403912e-06,1.09328324741545,0.617,0.268,0.0214795381227964,"Other","PSMA4"
1.26205565769672e-06,0.626516465189886,0.894,0.783,0.024401846141566,"Other","HSP90AB1"
1.40346302799832e-06,1.49597270639387,0.298,0.086,0.0271359576463475,"Other","MRPL42"
1.42844464513871e-06,1.0273752698145,0.83,0.474,0.0276189772137569,"Other","PRDX1"
1.49027848712589e-06,1.2486462483769,0.489,0.178,0.028814534548579,"Other","NDUFB5"
1.69569237926275e-06,1.29557683053517,0.468,0.181,0.0327862121530453,"Other","FOXP1"
1.73124857427167e-06,1.48876735565729,0.319,0.098,0.0334736911835427,"Other","SKIL"
1.9730940040573e-06,1.4104406238884,0.34,0.109,0.0381497725684478,"Other","HNRNPH3"
1.97326352621314e-06,1.54448347129065,0.255,0.069,0.0381530502793311,"Other","MEA1"
2.3673381190837e-06,1.76959516933301,0.277,0.081,0.0457724825324834,"Other","ARPP19"
2.46781156045257e-06,1.41608146926357,0.319,0.097,0.0477151365213504,"Other","COPS6"
2.48738931414416e-06,1.64064615543124,0.298,0.091,0.0480936723889774,"Other","NCOA4"
2.59773775301337e-06,1.32807165976056,0.511,0.236,0.0502272594545135,"Other","CAPG"
2.59951395464571e-06,0.912627523071877,0.681,0.301,0.0502616023130749,"Other","TMEM66"
2.91944394917949e-06,1.67753145222387,0.277,0.081,0.0564474487573854,"Other","RP11-773D16.1"
3.02073254481054e-06,1.23666276873666,0.553,0.227,0.0584058637539118,"Other","EIF4B"
3.25448349741288e-06,1.14118363972083,0.574,0.244,0.062925438422478,"Other","SEC62"
3.27919320560584e-06,1.29221790801708,0.34,0.108,0.063403200630389,"Other","NGFRAP1"
3.50935012358741e-06,1.57102799716532,0.319,0.107,0.0678532846395626,"Other","IRF2BP2"
3.55453371455118e-06,1.19308262322553,0.404,0.138,0.0687269093708471,"Other","SRSF6"
3.71733447593294e-06,1.10727617107852,0.447,0.159,0.0718746620921634,"Other","MAP2K3"
4.52992529658072e-06,1.08525683190774,0.553,0.225,0.0875861056093883,"Other","TRMT112"
4.84624894415145e-06,1.43254040628426,0.319,0.104,0.0937022233351682,"Other","PYURF"
4.87805653548421e-06,1.29047503776361,0.319,0.098,0.0943172231135872,"Other","ASAH1"
5.25152644002064e-06,1.41102321882588,0.362,0.13,0.101538263717799,"Other","RHOG"
5.29797822092448e-06,1.19608086835485,0.362,0.118,0.102436408901575,"Other","MOB1A"
5.39724599623683e-06,1.32637778517514,0.447,0.173,0.104355751337239,"Other","CCT3"
5.93590529933208e-06,1.35794511794549,0.319,0.102,0.114770728962586,"Other","MMADHC"
6.01945482817556e-06,1.30951637241369,0.383,0.138,0.116386159102774,"Other","UBE2N"
6.68815041394835e-06,1.44410567109444,0.298,0.094,0.129315388253691,"Other","RPA3"
7.40614477068517e-06,1.5888334859299,0.298,0.1,0.143197809141198,"Other","NONO"
7.7671562125767e-06,1.51303360978644,0.298,0.097,0.150177965370171,"Other","STIP1"
7.96298134472604e-06,1.37976224518395,0.362,0.129,0.153964244300278,"Other","PAIP2"
8.66398547289046e-06,1.24713895395462,0.426,0.153,0.167518159118337,"Other","SFT2D1"
8.70319499124915e-06,0.643439299834926,1,0.734,0.168276275155802,"Other","RPL5"
9.71977210761984e-06,1.02208055733509,0.574,0.242,0.18793179370083,"Other","SNX3"
9.97485818306256e-06,1.27760324880337,0.319,0.104,0.192863882969515,"Other","PAK2"
1.01254371896112e-05,0.927281266655468,0.745,0.363,0.195775328061133,"Other","RAN"
1.01639143963927e-05,1.24921262230862,0.383,0.137,0.196519284854253,"Other","LINC00657"
1.03062644933697e-05,1.65566829752609,0.255,0.077,0.199271623979304,"Other","SMARCA5"
1.07565853875358e-05,1.78065776545985,0.255,0.079,0.207978578468005,"Other","PHIP"
1.15336510340986e-05,1.37237585277178,0.298,0.096,0.223003142744297,"Other","CHORDC1"
1.24592623831418e-05,0.823574164753312,0.745,0.493,0.240899838178048,"Other","HSPD1"
1.3362078669127e-05,1.35466654906095,0.362,0.137,0.258355791067571,"Other","RPS4Y1"
1.38453398516988e-05,1.41229102236492,0.277,0.087,0.267699646032596,"Other","BZW2"
1.42063246022393e-05,1.42498604841656,0.277,0.087,0.274679286184296,"Other","RAB5A"
1.44565530448153e-05,1.15820326917345,0.383,0.137,0.279517453121505,"Other","LSM8"
1.50870343362536e-05,1.57692052296319,0.277,0.089,0.291707808891464,"Other","HAX1"
1.8711400603645e-05,1.41649512801323,0.277,0.089,0.361784930671476,"Other","EPB41L4A-AS1"
1.92430418061987e-05,1.33571168526486,0.298,0.099,0.372064213322851,"Other","APEX1"
2.3339179052393e-05,1.04216150134351,0.468,0.187,0.451263026978019,"Other","EIF3D"
2.47767208237625e-05,0.88283399598292,0.66,0.365,0.479057897127448,"Other","HSPH1"
2.48853061987197e-05,1.30310631697219,0.362,0.135,0.481157395352246,"Other","CCT6A"
2.58374250844599e-05,1.35168698797339,0.277,0.089,0.499566614008031,"Other","RABGGTB"
2.85953112818981e-05,0.830810853873837,0.745,0.339,0.5528903436355,"Other","ATP6V1G1"
2.9103409786952e-05,1.65459061970761,0.255,0.081,0.562714428230716,"Other","HDAC2"
2.938710455187e-05,1.30388107084443,0.298,0.1,0.568199666510406,"Other","PPP2CA"
2.98722899166098e-05,1.30777709129305,0.319,0.113,0.577580725537651,"Other","AP3S1"
3.16302368800405e-05,1.44303304053572,0.255,0.082,0.611570630075583,"Other","DPP7"
3.16384167098801e-05,1.19722957289286,0.34,0.123,0.611728787085532,"Other","CMTM6"
3.32382375347159e-05,1.10725493195485,0.574,0.291,0.642661322733732,"Other","RPL22L1"
3.41062006400419e-05,1.20869109444968,0.298,0.098,0.659443389375211,"Other","AZIN1"
3.42592854082452e-05,1.28490194924842,0.383,0.151,0.662403283368422,"Other","POLR2K"
3.43370771407844e-05,0.643528026272759,0.894,0.592,0.663907386517066,"Other","HMGB1"
3.7664361426129e-05,1.36833615739641,0.298,0.102,0.728240428174204,"Other","MRPS35"
4.11522405945142e-05,1.8120441061718,0.255,0.082,0.795678571894933,"Other","ACOT7"
4.79658422810104e-05,1.28826609751331,0.277,0.091,0.927419560503336,"Other","SRP72"
4.97576106239884e-05,1.02311514287332,0.404,0.154,0.962063401414815,"Other","PSMA3"
5.01746988433762e-05,1.32936467614649,0.255,0.082,0.970127802136679,"Other","YTHDF2"
5.03537956583519e-05,1.05162438328125,0.511,0.232,0.973590639054234,"Other","YWHAQ"
5.10215667173003e-05,1.03471660276631,0.468,0.194,0.986501992479001,"Other","BANF1"
5.73777403018147e-05,1.40646730935203,0.319,0.12,1,"Other","C7orf73"
5.77974405843451e-05,1.0185018224659,0.447,0.187,1,"Other","SNRPD3"
5.9637561662578e-05,1.30156344564711,0.298,0.104,1,"Other","UFD1L"
6.07465977148118e-05,0.78198965135203,0.787,0.526,1,"Other","DNAJA1"
7.08320635580835e-05,0.962044526938428,0.426,0.168,1,"Other","RWDD1"
7.1449315390599e-05,1.13720745628713,0.383,0.151,1,"Other","EIF4A3"
7.65187073607885e-05,1.00043329767955,0.383,0.147,1,"Other","EIF1B"
8.0261764114633e-05,1.31368050989877,0.362,0.148,1,"Other","ARL6IP5"
8.38108421361993e-05,1.00525888998438,0.553,0.299,1,"Other","SDCBP"
8.60076528045944e-05,1.12639237893997,0.426,0.178,1,"Other","RNPS1"
8.85794377302892e-05,1.22303706879581,0.34,0.13,1,"Other","PSMB5"
8.91436009875391e-05,1.29623042218327,0.255,0.085,1,"Other","VPS35"
9.15039815695622e-05,1.33635714111233,0.34,0.134,1,"Other","XRCC5"
9.49238422534431e-05,0.805989370510108,0.745,0.392,1,"Other","CCNI"
9.97921013025161e-05,1.09028201018248,0.34,0.134,1,"Other","TSC22D3"
0.000102001183283752,1.65233959514324,0.255,0.089,1,"Other","BUB3"
0.000103627350948743,1.18465386520975,0.426,0.183,1,"Other","HSPA9"
0.000103696690688997,1.21961209696015,0.362,0.146,1,"Other","PRDX3"
0.000108831806033683,1.16690157111959,0.319,0.118,1,"Other","TMEM230"
0.000109082146472406,1.22838940462331,0.298,0.108,1,"Other","TMEM179B"
0.000109359693276118,1.26734352691628,0.298,0.11,1,"Other","ANXA7"
0.000111852828784451,1.06783274307541,0.383,0.157,1,"Other","NASP"
0.00012385856825258,0.898953708755709,0.468,0.196,1,"Other","SSBP1"
0.000130077280383661,1.19149697060453,0.298,0.108,1,"Other","PSMG2"
0.000137136803768625,1.10856259797763,0.319,0.12,1,"Other","TCEA1"
0.000148415292163778,1.0107485873916,0.511,0.233,1,"Other","ACTR3"
0.000152214041487326,0.974174455137994,0.553,0.244,1,"Other","CSNK2B"
0.000164099291384088,0.809393587201522,0.447,0.191,1,"Other","HPGD"
0.000164281547781194,0.899257715913684,0.511,0.24,1,"Other","FBL"
0.000176134662610124,1.16586050875791,0.298,0.111,1,"Other","HMGN3"
0.000177235308304166,1.21557310882908,0.255,0.089,1,"Other","PAG1"
0.000177443753764073,1.30127494911832,0.277,0.103,1,"Other","DHRS7"
0.000179750865474845,1.17429323857087,0.255,0.087,1,"Other","GNAQ"
0.000185670615358948,1.12119951090382,0.383,0.163,1,"Other","TOMM22"
0.000187539057693905,0.941882800822762,0.532,0.254,1,"Other","ERH"
0.000190482065306679,1.19544536168638,0.426,0.179,1,"Other","TRAPPC1"
0.000195999196284698,1.24006435551542,0.277,0.1,1,"Other","TRAM1"
0.00020081915944585,1.27750359407197,0.255,0.088,1,"Other","TARS"
0.000204985449275562,1.01536874574634,0.489,0.237,1,"Other","SNRPD1"
0.000216979848359429,1.09996311177421,0.362,0.151,1,"Other","UBE2I"
0.000235863546025853,1.15450696442671,0.277,0.099,1,"Other","SRSF1"
0.000238344798066973,0.918861849124216,0.553,0.274,1,"Other","C14orf166"
0.000244756822384484,0.908159224342232,0.596,0.302,1,"Other","HNRNPDL"
0.000257531916772641,1.22047072478829,0.34,0.147,1,"Other","REL"
0.000272255213963511,1.31779388806287,0.383,0.172,1,"Other","NME1"
0.000287416270362196,1.06654343739257,0.426,0.196,1,"Other","NFE2L2"
0.000314464215324884,0.556184204303764,0.915,0.619,1,"Other","PABPC1"
0.000326935779356057,1.26211739985825,0.298,0.123,1,"Other","DUSP2"
0.000328560883326048,0.538664655198304,0.957,0.737,1,"Other","NACA"
0.000328682112356698,1.0478864076845,0.319,0.126,1,"Other","PRPF40A"
0.000328966969670476,1.0695177599662,0.362,0.152,1,"Other","SNHG16"
0.000344544993902756,1.05948452104649,0.34,0.143,1,"Other","NOL7"
0.000358087004552838,1.27552074022164,0.277,0.105,1,"Other","RNASEH2C"
0.00038351583501485,1.16246549905228,0.277,0.105,1,"Other","DHX15"
0.000395583394749442,1.19886347758214,0.277,0.108,1,"Other","ATRX"
0.000406369523866797,0.956219107805998,0.447,0.207,1,"Other","NUDC"
0.000411006444441757,0.853567877673459,0.447,0.197,1,"Other","SUMO1"
0.000413354751581625,0.823950852085099,0.574,0.281,1,"Other","EIF3H"
0.000432573099055868,0.846227234339745,0.702,0.41,1,"Other","PTGES3"
0.000434202420324028,1.34805579175768,0.319,0.131,1,"Other","TMEM167A"
0.000442962177553634,0.670769056440998,0.766,0.397,1,"Other","PEBP1"
0.000471816952419611,0.972278587317087,0.34,0.14,1,"Other","KPNB1"
0.00049694894488642,1.08983754260582,0.34,0.145,1,"Other","HNRNPA1P48"
0.000512512107758765,1.11294054789613,0.319,0.127,1,"Other","ISCU"
0.000513251280413955,1.14326279722308,0.319,0.132,1,"Other","HNRNPR"
0.000548986301919973,0.771314533128884,0.66,0.406,1,"Other","NR4A1"
0.00055353911861381,1.25982557784225,0.319,0.141,1,"Other","CCT5"
0.000563432304658398,0.778961057003387,0.681,0.413,1,"Other","GPX1"
0.000588560816505292,1.58055302234542,0.255,0.1,1,"Other","MAGOH"
0.000617866830308199,1.10062620757194,0.255,0.097,1,"Other","STK17B"
0.000685665636330608,1.113123522476,0.277,0.112,1,"Other","SREK1"
0.00070831060289069,1.14064498368075,0.255,0.098,1,"Other","C9orf78"
0.000786795748118861,1.3116860763048,0.277,0.112,1,"Other","IK"
0.000835874181569016,0.864221963081362,0.362,0.159,1,"Other","SLC3A2"
0.000843435753160558,0.83353284758272,0.404,0.181,1,"Other","CNPY2"
0.000854241603250117,0.807928132807737,0.489,0.23,1,"Other","PSMA2"
0.000876935261215274,0.869852506669605,0.34,0.14,1,"Other","TFG"
0.000889658436174501,1.09347278962446,0.255,0.102,1,"Other","PPP1R2"
0.000893766054547534,0.923045016832876,0.532,0.29,1,"Other","EIF3F"
0.000899662507001246,0.758083529860251,0.532,0.26,1,"Other","SYF2"
0.000919363520187828,1.08649412125063,0.34,0.155,1,"Other","EIF5AL1"
0.000934016083246865,1.55478123456581,0.277,0.113,1,"Other","PRDX4"
0.000957068836365177,1.14905443843432,0.34,0.149,1,"Other","MRPS6"
0.000959473528597386,0.974314484723078,0.277,0.108,1,"Other","PSMC1"
0.00103179837544419,1.10585265668388,0.255,0.099,1,"Other","PPP2R2A"
0.00107195487622464,0.977129470785893,0.426,0.213,1,"Other","CBX3"
0.00107914124884117,0.806438704386422,0.447,0.214,1,"Other","KRT10"
0.00108086808720214,1.04249167461192,0.255,0.099,1,"Other","EAPP"
0.0011124169059801,0.916848801164538,0.319,0.132,1,"Other","TNFSF10"
0.00112087260704243,1.43648753909815,0.255,0.103,1,"Other","MGMT"
0.00117766671648846,0.782397794049276,0.426,0.205,1,"Other","BIRC3"
0.00118644593683803,0.703448314093195,0.511,0.252,1,"Other","DDX3X"
0.00120263510663455,0.651847022226469,0.809,0.436,1,"Other","HNRNPK"
0.00123581420004745,0.872952093396138,0.319,0.134,1,"Other","ZRANB2"
0.00125873961550276,0.960999767142661,0.319,0.134,1,"Other","RAB13"
0.00136946357344463,0.500935978742637,0.83,0.636,1,"Other","DDX5"
0.00146417489465844,0.828412899910495,0.468,0.23,1,"Other","WSB1"
0.00150655547353692,1.06708854509567,0.298,0.128,1,"Other","TNFAIP3"
0.00151485731272293,0.729163031709712,0.553,0.307,1,"Other","DNAJB6"
0.00153789995907447,0.870962083309068,0.447,0.23,1,"Other","EIF3L"
0.00177511729302944,1.06676867474779,0.255,0.105,1,"Other","SRA1"
0.00199968225186517,0.813556467355778,0.511,0.254,1,"Other","PPP1CB"
0.00201678070486342,0.991252169127784,0.255,0.104,1,"Other","PPP1R11"
0.00202170796739402,1.16657779734776,0.255,0.105,1,"Other","THOC7"
0.00207450371104876,1.40524049675765,0.255,0.11,1,"Other","SARS"
0.00209071663482323,1.18233203367421,0.298,0.143,1,"Other","THBS1"
0.00218166401873604,0.889165967111323,0.574,0.324,1,"Other","CUTA"
0.00224015872603069,0.96562806321418,0.34,0.152,1,"Other","PSMA5"
0.0023866113181876,0.803524384812645,0.511,0.259,1,"Other","ENSA"
0.00252385613389318,0.584849782839661,0.362,0.166,1,"Other","HES4"
0.00257599033263517,0.786833559025124,0.574,0.301,1,"Other","SPCS1"
0.00260988115562726,0.599219302856811,0.787,0.488,1,"Other","HMGN1"
0.00264248402831364,0.789818097444305,0.426,0.214,1,"Other","DDX17"
0.00271460832120741,0.663170032739969,0.532,0.278,1,"Other","PSMB6"
0.00279943171870252,0.801924878141841,0.404,0.192,1,"Other","GSTO1"
0.00281874237325829,0.879170627935614,0.298,0.13,1,"Other","CCT7"
0.00287322105148987,0.76713314753905,0.532,0.303,1,"Other","PARK7"
0.00289084759232126,1.04902741994956,0.277,0.12,1,"Other","CLCN3"
0.00294003459785016,0.715246574383594,0.426,0.203,1,"Other","POLR1D"
0.00298730285875277,0.847929328757859,0.383,0.183,1,"Other","TMEM14C"
0.00298810030568517,0.847442408238711,0.404,0.209,1,"Other","DDIT4"
0.00306076147865948,0.674398710210695,0.596,0.314,1,"Other","HNRNPU"
0.00307437213023946,0.736261215217232,0.383,0.183,1,"Other","RP11-864N7.2"
0.00320488246694814,1.02274382987208,0.404,0.209,1,"Other","MRPL51"
0.0032259161618143,0.768683477418786,0.511,0.258,1,"Other","DAD1"
0.00325080744704902,0.530801981625397,0.745,0.485,1,"Other","NPM1"
0.00332336137740525,0.696609925694781,0.447,0.229,1,"Other","HNRNPM"
0.003535927938213,1.12644698333833,0.277,0.124,1,"Other","SAT2"
0.00360763740760038,0.644482802079229,0.638,0.37,1,"Other","SNHG8"
0.00366622157467633,0.786138335111954,0.447,0.237,1,"Other","BRK1"
0.00371827066044088,0.969782276787843,0.277,0.124,1,"Other","TXNL1"
0.00414039589000235,0.674291952793954,0.745,0.445,1,"Other","COMMD6"
0.00433910560558666,0.818361195268121,0.34,0.166,1,"Other","ZNF207"
0.00446749887731712,0.770592440248715,0.34,0.159,1,"Other","PFDN2"
0.00449660781165879,0.511954694391159,0.915,0.691,1,"Other","HNRNPA1"
0.00455186015371127,0.925387255127244,0.255,0.112,1,"Other","SYNCRIP"
0.00459366221599311,0.871927965466179,0.277,0.124,1,"Other","ELF1"
0.00486626339258639,0.883989473797631,0.255,0.111,1,"Other","MAT2A"
0.00495049365759824,0.690969943502181,0.34,0.156,1,"Other","ITGB1"
0.0050701507284105,0.617416973712924,0.489,0.265,1,"Other","N4BP2L2"
0.00547576631581993,0.829490115271762,0.255,0.11,1,"Other","COPZ1"
0.00552547713134787,0.718069937295714,0.383,0.194,1,"Other","SF3B2"
0.00561369431264793,1.12662430911158,0.298,0.144,1,"Other","REEP5"
0.00573533874954955,0.785722057173876,0.426,0.224,1,"Other","SNRPE"
0.00577828793395038,0.805899333300353,0.468,0.254,1,"Other","EIF2S2"
0.00611454905895029,0.659926645510569,0.574,0.317,1,"Other","SNRPF"
0.00621659812444319,0.679805554079271,0.66,0.415,1,"Other","HNRNPA3"
0.00682219950980235,0.695307288739461,0.34,0.165,1,"Other","RSL1D1"
0.00702017434207393,0.621767452744999,0.66,0.488,1,"Other","ITM2B"
0.00703366968951318,0.696283039696135,0.255,0.11,1,"Other","PDCD10"
0.00731895159229647,0.676695086587707,0.553,0.309,1,"Other","ATP6V0E1"
0.00731933020871604,0.653493952611721,0.383,0.192,1,"Other","MRPS21"
0.00757699927899124,0.664610127292409,0.34,0.169,1,"Other","YPEL5"
0.00769993259116283,0.821994271165192,0.362,0.185,1,"Other","XRCC6"
0.00810450391779566,0.775282850845584,0.404,0.214,1,"Other","PAPOLA"
0.00877692288977174,0.632859274215434,0.404,0.201,1,"Other","CD99"
0.00920460366993168,0.846612258783777,0.277,0.134,1,"Other","SF3B1"
0.0093417114724368,1.03209246593043,0.277,0.134,1,"Other","C8orf59"
0.00982206231817616,0.803386185044107,0.277,0.134,1,"Other","HSD17B10"
