"Epithelial","Immune","Other","sample"
0.707315558896686,0.292684441103314,0,"MSCCR_reGRID_1_Biopsy_3"
0.914869329481792,0.0771599816203736,0.0079706888978337,"MSCCR_reGRID_1_Biopsy_2"
0.885537963727171,0.087141665619001,0.0273203706538281,"MSCCR_reGRID_1_Biopsy_1"
0.804711981348706,0.160175922875217,0.035112095776077,"MSCCR_reGRID_3_Biopsy_6"
0.912914525541604,0.0870854744583952,0,"MSCCR_reGRID_3_Biopsy_5"
0.881393407554377,0.110433460526572,0.008173131919051,"MSCCR_reGRID_3_Biopsy_4"
0.784395315288562,0.21061329869453,0.00499138601690824,"MSCCR_reGRID_4_Biopsy_9"
0.776282159825648,0.223717840174352,0,"MSCCR_reGRID_4_Biopsy_7"
0.788065376263185,0.211934623736814,0,"MSCCR_reGRID_4_Biopsy_8"
0.774901641293392,0.223970376959884,0.00112798174672407,"MSCCR_reGRID_5_Biopsy_10"
0.837026951536376,0.162973048463623,0,"MSCCR_reGRID_5_Biopsy_11"
0.770487102880332,0.199892069917871,0.029620827201797,"MSCCR_reGRID_5_Biopsy_12"
0.909013978376397,0.065635310080541,0.0253507115430613,"MSCCR_reGRID_6_Biopsy_13"
0.901063780708919,0.09454938077557,0.00438683851551069,"MSCCR_reGRID_6_Biopsy_14"
0.844248960322938,0.155209215976892,0.000541823700169974,"MSCCR_reGRID_7_Biopsy_16"
0.835959638589052,0.154440156753945,0.00960020465700195,"MSCCR_reGRID_7_Biopsy_15"
0.821678903965655,0.168014038970617,0.0103070570637277,"MSCCR_reGRID_9_Biopsy_17"
0.926131669664498,0.0562620815736586,0.0176062487618434,"MSCCR_reGRID_10_Biopsy_18"
0.896528076122268,0.0848605725470466,0.018611351330685,"MSCCR_reGRID_10_Biopsy_20"
0.948092839023235,0.0519071609767651,0,"MSCCR_reGRID_10_Biopsy_19"
0.861760358098917,0.131586523335121,0.00665311856596151,"MSCCR_reGRID_11_Biopsy_21"
0.790894470092549,0.187728074567909,0.0213774553395429,"MSCCR_reGRID_12_Biopsy_22"
0.906400825484991,0.0935991745150084,0,"MSCCR_reGRID_12_Biopsy_23"
0.882243524562909,0.113057828536844,0.00469864690024757,"MSCCR_reGRID_12_Biopsy_24"
0.895459317298509,0.104540682701491,0,"MSCCR_reGRID_13_Biopsy_25"
0.892212951170175,0.107787048829825,0,"MSCCR_reGRID_13_Biopsy_26"
0.931672549589324,0.0683274504106767,0,"MSCCR_reGRID_13_Biopsy_27"
0.988992607558631,0.0110073924413694,0,"MSCCR_reGRID_14_Biopsy_28"
0.907217558791623,0.0927824412083772,0,"MSCCR_reGRID_14_Biopsy_29"
0.927996700014032,0.0720032999859681,0,"MSCCR_reGRID_14_Biopsy_30"
0.781291602422351,0.201430776650909,0.0172776209267395,"MSCCR_reGRID_15_Biopsy_32"
0.891115926390768,0.108884073609232,0,"MSCCR_reGRID_15_Biopsy_31"
0.863855411667723,0.134542909807882,0.00160167852439452,"MSCCR_reGRID_15_Biopsy_33"
0.797949736869089,0.198679892448234,0.00337037068267698,"MSCCR_reGRID_16_Biopsy_34"
0.887296412514404,0.112703587485596,0,"MSCCR_reGRID_16_Biopsy_35"
0.952428820680622,0.0475711793193786,0,"MSCCR_reGRID_16_Biopsy_36"
0.770375528991643,0.229624471008357,0,"MSCCR_reGRID_17_Biopsy_38"
0.854690657459159,0.145309342540841,0,"MSCCR_reGRID_17_Biopsy_37"
0.864911041257199,0.135088958742801,0,"MSCCR_reGRID_17_Biopsy_39"
0.915313257241792,0.0666962336172766,0.0179905091409308,"MSCCR_reGRID_18_Biopsy_40"
0.920101510700531,0.0640828256936928,0.0158156636057759,"MSCCR_reGRID_18_Biopsy_41"
0.913291718959667,0.070809767308835,0.0158985137314976,"MSCCR_reGRID_18_Biopsy_42"
0.806839887684662,0.183478171116086,0.0096819411992527,"MSCCR_reGRID_19_Biopsy_43"
0.90466494546863,0.0897579165307312,0.00557713800063897,"MSCCR_reGRID_19_Biopsy_44"
0.947813707245929,0.0521862927540711,0,"MSCCR_reGRID_19_Biopsy_45"
0.763844000722473,0.228158158073168,0.00799784120435987,"MSCCR_reGRID_20_Biopsy_46"
0.844088653652283,0.137591740619379,0.0183196057283381,"MSCCR_reGRID_20_Biopsy_47"
0.81645078942882,0.168350584805738,0.0151986257654416,"MSCCR_reGRID_20_Biopsy_48"
0.704100761346733,0.295899238653267,0,"MSCCR_reGRID_22_Biopsy_49"
0.789048321135327,0.210951678864673,0,"MSCCR_reGRID_22_Biopsy_50"
0.803152842473258,0.196847157526743,0,"MSCCR_reGRID_22_Biopsy_51"
0.799407006789806,0.198912446045099,0.00168054716509447,"MSCCR_reGRID_24_Biopsy_53"
0.823317370752625,0.176682629247375,0,"MSCCR_reGRID_24_Biopsy_52"
0.836759269440615,0.161295987553087,0.00194474300629766,"MSCCR_reGRID_25_Biopsy_54"
0.863604596196709,0.13639540380329,0,"MSCCR_reGRID_25_Biopsy_56"
0.825744654355329,0.174255345644671,0,"MSCCR_reGRID_25_Biopsy_55"
0.770586540595536,0.20927559185636,0.0201378675481041,"MSCCR_reGRID_27_Biopsy_57"
0.897961712259034,0.0954310980835796,0.00660718965738571,"MSCCR_reGRID_27_Biopsy_58"
0.888281138201741,0.101176205151789,0.0105426566464694,"MSCCR_reGRID_27_Biopsy_59"
0.758867003633587,0.202340181968074,0.0387928143983384,"MSCCR_reGRID_28_Biopsy_60"
0.83336183755496,0.126481281941633,0.0401568805034059,"MSCCR_reGRID_28_Biopsy_61"
0.823645066340424,0.156133906001802,0.020221027657774,"MSCCR_reGRID_29_Biopsy_62"
0.846746894697717,0.153253105302283,0,"MSCCR_reGRID_29_Biopsy_63"
0.927920319270143,0.0720796807298575,0,"MSCCR_reGRID_29_Biopsy_64"
0.763812663234163,0.224033883860101,0.0121534529057354,"MSCCR_reGRID_31_Biopsy_65"
0.843648103810424,0.150238726358155,0.0061131698314203,"MSCCR_reGRID_31_Biopsy_66"
0.783109919430197,0.201955154530617,0.0149349260391857,"MSCCR_reGRID_32_Biopsy_67"
0.84332964237336,0.143124860369551,0.0135454972570889,"MSCCR_reGRID_32_Biopsy_68"
0.781239389240645,0.218760610759355,0,"MSCCR_reGRID_33_Biopsy_69"
0.871984721989374,0.120535940256042,0.00747933775458387,"MSCCR_reGRID_33_Biopsy_70"
0.756646423707317,0.232074708160678,0.0112788681320043,"MSCCR_reGRID_34_Biopsy_72"
0.786637077907791,0.172061689438136,0.0413012326540722,"MSCCR_reGRID_34_Biopsy_71"
0.856260415893135,0.143739584106864,0,"MSCCR_reGRID_35_Biopsy_73"
0.897359209937618,0.102640790062382,0,"MSCCR_reGRID_35_Biopsy_74"
0.86876419774142,0.13123580225858,0,"MSCCR_reGRID_35_Biopsy_75"
0.857830605727032,0.142169394272968,0,"MSCCR_reGRID_36_Biopsy_76"
0.918247713907933,0.0817522860920669,0,"MSCCR_reGRID_36_Biopsy_77"
0.811190734757995,0.176780108946202,0.0120291562958031,"MSCCR_reGRID_37_Biopsy_78"
0.826734812095098,0.163956955100165,0.00930823280473614,"MSCCR_reGRID_37_Biopsy_80"
0.827911529174301,0.164920577372493,0.00716789345320556,"MSCCR_reGRID_37_Biopsy_79"
0.826697439612207,0.173302560387793,0,"MSCCR_reGRID_38_Biopsy_81"
0.871999396167163,0.128000603832837,0,"MSCCR_reGRID_39_Biopsy_84"
0.876038450991461,0.123961549008539,0,"MSCCR_reGRID_39_Biopsy_82"
0.859081733747735,0.140918266252264,0,"MSCCR_reGRID_39_Biopsy_83"
0.876708912624244,0.0994705659964857,0.0238205213792696,"MSCCR_reGRID_41_Biopsy_85"
0.874249777841801,0.125750222158199,0,"MSCCR_reGRID_42_Biopsy_88"
0.849333710937875,0.150666289062124,0,"MSCCR_reGRID_42_Biopsy_86"
0.597248983109693,0.402751016890307,0,"MSCCR_reGRID_42_Biopsy_87"
0.79530162582024,0.170085991557606,0.0346123826221547,"MSCCR_reGRID_43_Biopsy_90"
0.901541507759242,0.0927701772373879,0.0056883150033693,"MSCCR_reGRID_43_Biopsy_89"
0.874734962735864,0.108140233665816,0.0171248035983197,"MSCCR_reGRID_43_Biopsy_91"
0.795638190310831,0.166583242790936,0.0377785668982325,"MSCCR_reGRID_47_Biopsy_93"
0.891831135915947,0.105694312045445,0.00247455203860791,"MSCCR_reGRID_47_Biopsy_92"
0.787396669630379,0.212603330369621,0,"MSCCR_reGRID_48_Biopsy_94"
0.800378806819297,0.199621193180703,0,"MSCCR_reGRID_48_Biopsy_95"
0.723819104183875,0.276180895816125,0,"MSCCR_reGRID_48_Biopsy_96"
0.726089398865894,0.273910601134106,0,"MSCCR_reGRID_50_Biopsy_97"
0.887970674575623,0.112029325424377,0,"MSCCR_reGRID_50_Biopsy_98"
0.862009568566793,0.1006926820028,0.0372977494304071,"MSCCR_reGRID_51_Biopsy_99"
0.896363688579436,0.0840373529666181,0.0195989584539465,"MSCCR_reGRID_51_Biopsy_100"
0.899665076789378,0.0893317117481672,0.0110032114624545,"MSCCR_reGRID_51_Biopsy_101"
0.722680394794432,0.277319605205568,0,"MSCCR_reGRID_52_Biopsy_102"
0.937317217247124,0.0312275078182729,0.0314552749346033,"MSCCR_reGRID_52_Biopsy_103"
0.911400652604754,0.0885993473952461,0,"MSCCR_reGRID_53_Biopsy_104"
0.905333050338372,0.0942794105782225,0.000387539083405941,"MSCCR_reGRID_53_Biopsy_105"
0.775477099950415,0.19796444711517,0.0265584529344144,"MSCCR_reGRID_54_Biopsy_108"
0.80416660211405,0.163906609817792,0.031926788068158,"MSCCR_reGRID_54_Biopsy_107"
0.888636845049766,0.106378639864842,0.0049845150853921,"MSCCR_reGRID_54_Biopsy_106"
0.887147539128411,0.112852460871589,0,"MSCCR_reGRID_55_Biopsy_109"
0.702870961552359,0.297129038447641,0,"MSCCR_reGRID_55_Biopsy_110"
0.840853612864096,0.141786561945679,0.0173598251902248,"MSCCR_reGRID_55_Biopsy_111"
0.826099067098003,0.172930527753923,0.000970405148073783,"MSCCR_reGRID_56_Biopsy_112"
0.855538527970628,0.123090699534928,0.021370772494444,"MSCCR_reGRID_56_Biopsy_113"
0.847706379672632,0.141626407335473,0.0106672129918947,"MSCCR_reGRID_56_Biopsy_114"
0.804250522645614,0.179248565967782,0.0165009113866047,"MSCCR_reGRID_57_Biopsy_115"
0.762174337211135,0.237825662788865,0,"MSCCR_reGRID_57_Biopsy_116"
0.758103064196947,0.239380951006448,0.00251598479660425,"MSCCR_reGRID_58_Biopsy_117"
0.838695734485826,0.149911165829694,0.0113930996844799,"MSCCR_reGRID_58_Biopsy_118"
0.782998517962038,0.19270933354616,0.0242921484918021,"MSCCR_reGRID_59_Biopsy_120"
0.914601107127131,0.0840387642197011,0.00136012865316737,"MSCCR_reGRID_59_Biopsy_119"
0.88612454358209,0.0979325053482297,0.0159429510696794,"MSCCR_reGRID_59_Biopsy_121"
0.810070196795642,0.149418708986213,0.0405110942181451,"MSCCR_reGRID_63_Biopsy_122"
0.796440609104049,0.169595858703017,0.0339635321929339,"MSCCR_reGRID_63_Biopsy_123"
0.885214396619997,0.114785603380003,0,"MSCCR_reGRID_64_Biopsy_124"
0.889948925445099,0.110051074554901,0,"MSCCR_reGRID_64_Biopsy_125"
0.828544657808489,0.166559679394455,0.00489566279705644,"MSCCR_reGRID_64_Biopsy_126"
0.837917927514241,0.143506300164919,0.0185757723208401,"MSCCR_reGRID_65_Biopsy_127"
0.824808045033736,0.162273175660952,0.0129187793053117,"MSCCR_reGRID_65_Biopsy_128"
0.760574084336129,0.239425915663871,0,"MSCCR_reGRID_65_Biopsy_129"
0.788067169222831,0.17250147563465,0.0394313551425184,"MSCCR_reGRID_66_Biopsy_130"
0.807324537619944,0.153549461596917,0.0391260007831382,"MSCCR_reGRID_68_Biopsy_131"
0.872504915615431,0.116473551613706,0.0110215327708635,"MSCCR_reGRID_68_Biopsy_132"
0.870788683540522,0.1203639591398,0.00884735731967756,"MSCCR_reGRID_68_Biopsy_133"
0.776291565465154,0.183649134839,0.0400592996958452,"MSCCR_reGRID_69_Biopsy_134"
0.862352756035155,0.137647243964845,0,"MSCCR_reGRID_69_Biopsy_135"
0.865416015380205,0.120830666441023,0.0137533181787727,"MSCCR_reGRID_69_Biopsy_136"
0.856472386450747,0.128048711365717,0.0154789021835365,"MSCCR_reGRID_70_Biopsy_137"
0.790233426589958,0.180332230721472,0.0294343426885699,"MSCCR_reGRID_71_Biopsy_140"
0.85424487492943,0.14575512507057,0,"MSCCR_reGRID_71_Biopsy_138"
0.870719797129337,0.121716278863671,0.00756392400699124,"MSCCR_reGRID_71_Biopsy_139"
0.704888366452508,0.295111633547491,0,"MSCCR_reGRID_72_Biopsy_141"
0.860430345590961,0.139569654409039,0,"MSCCR_reGRID_72_Biopsy_142"
0.737621830636503,0.262378169363496,0,"MSCCR_reGRID_72_Biopsy_143"
0.801142257074142,0.195545809823334,0.00331193310252365,"MSCCR_reGRID_73_Biopsy_145"
0.884561460253879,0.115438539746121,0,"MSCCR_reGRID_73_Biopsy_144"
0.878670581867048,0.111741408748982,0.00958800938396953,"MSCCR_reGRID_75_Biopsy_146"
0.816304962389846,0.174425354977618,0.00926968263253536,"MSCCR_reGRID_75_Biopsy_147"
0.888900238204224,0.108099374527091,0.00300038726868479,"MSCCR_reGRID_77_Biopsy_148"
0.870852467552698,0.120857565169799,0.00828996727750275,"MSCCR_reGRID_77_Biopsy_149"
0.79879009005488,0.177229067437653,0.0239808425074666,"MSCCR_reGRID_78_Biopsy_151"
0.80864037666577,0.143357308923396,0.0480023144108336,"MSCCR_reGRID_78_Biopsy_150"
0.84366058382521,0.15633941617479,0,"MSCCR_reGRID_79_Biopsy_153"
0.780139313715873,0.198138448800529,0.021722237483598,"MSCCR_reGRID_79_Biopsy_152"
0.874972019524251,0.125027980475749,0,"MSCCR_reGRID_80_Biopsy_156"
0.715160078317766,0.284839921682233,0,"MSCCR_reGRID_80_Biopsy_154"
0.904487339783027,0.0955126602169731,0,"MSCCR_reGRID_80_Biopsy_155"
0.885182516932626,0.114817483067374,0,"MSCCR_reGRID_81_Biopsy_157"
0.874844458442502,0.125155541557498,0,"MSCCR_reGRID_81_Biopsy_159"
0.85865754825062,0.137114286216457,0.00422816553292304,"MSCCR_reGRID_81_Biopsy_158"
0.809899803092886,0.190100196907113,0,"MSCCR_reGRID_82_Biopsy_160"
0.806824833609901,0.193175166390099,0,"MSCCR_reGRID_82_Biopsy_161"
0.763256295854797,0.23470931520071,0.0020343889444922,"MSCCR_reGRID_84_Biopsy_162"
0.826916195847063,0.146145662588834,0.0269381415641028,"MSCCR_reGRID_84_Biopsy_163"
0.773657549115751,0.196519166838904,0.0298232840453452,"MSCCR_reGRID_85_Biopsy_164"
0.919483387452093,0.0805166125479068,0,"MSCCR_reGRID_85_Biopsy_165"
0.850594631026382,0.149405368973618,0,"MSCCR_reGRID_85_Biopsy_166"
0.725774174413336,0.274225825586664,0,"MSCCR_reGRID_86_Biopsy_167"
0.840485191928148,0.159514808071852,0,"MSCCR_reGRID_86_Biopsy_169"
0.766905297193404,0.233094702806596,0,"MSCCR_reGRID_86_Biopsy_168"
0.89199339724252,0.0842487313938356,0.0237578713636446,"MSCCR_reGRID_87_Biopsy_171"
0.837164693647035,0.144139155827951,0.0186961505250136,"MSCCR_reGRID_87_Biopsy_170"
0.777945056363382,0.207006679087699,0.0150482645489191,"MSCCR_reGRID_88_Biopsy_172"
0.915819173922208,0.084180826077792,0,"MSCCR_reGRID_88_Biopsy_173"
0.948984902538957,0.0510150974610435,0,"MSCCR_reGRID_88_Biopsy_174"
0.881376202293791,0.108745730358087,0.00987806734812113,"MSCCR_reGRID_89_Biopsy_175"
0.759568750131513,0.194394549856252,0.0460367000122348,"MSCCR_reGRID_90_Biopsy_176"
0.755268091535539,0.225868575460248,0.0188633330042127,"MSCCR_reGRID_90_Biopsy_177"
0.861657391454958,0.101575122396011,0.0367674861490309,"MSCCR_reGRID_91_Biopsy_178"
0.805907575253959,0.177311442359201,0.0167809823868397,"MSCCR_reGRID_91_Biopsy_179"
0.778441479137701,0.147763702641415,0.0737948182208833,"MSCCR_reGRID_91_Biopsy_180"
0.958451443517232,0.0415485564827682,0,"MSCCR_reGRID_92_Biopsy_183"
0.906984468942449,0.0930155310575509,0,"MSCCR_reGRID_92_Biopsy_182"
0.897730981189896,0.102269018810104,0,"MSCCR_reGRID_92_Biopsy_181"
0.776343459044282,0.202951740427172,0.0207048005285461,"MSCCR_reGRID_93_Biopsy_184"
0.805904925426993,0.194095074573007,0,"MSCCR_reGRID_93_Biopsy_186"
0.804771893396836,0.195228106603164,0,"MSCCR_reGRID_93_Biopsy_185"
0.880978683865069,0.113083708228999,0.00593760790593156,"MSCCR_reGRID_94_Biopsy_187"
0.875195104008845,0.124804895991155,0,"MSCCR_reGRID_95_Biopsy_188"
0.894360724029301,0.103913343677877,0.00172593229282159,"MSCCR_reGRID_95_Biopsy_189"
0.785168372006358,0.17223831262772,0.0425933153659219,"MSCCR_reGRID_96_Biopsy_191"
0.841001478802392,0.142879865590676,0.016118655606932,"MSCCR_reGRID_96_Biopsy_192"
0.815977992669711,0.17078512053498,0.0132368867953085,"MSCCR_reGRID_96_Biopsy_190"
0.880752311009132,0.116146395999928,0.00310129299094064,"MSCCR_reGRID_97_Biopsy_195"
0.864902476425736,0.128607315647773,0.00649020792649113,"MSCCR_reGRID_97_Biopsy_194"
0.922590320678854,0.075345591979695,0.00206408734145069,"MSCCR_reGRID_97_Biopsy_193"
0.829059428562047,0.170940571437953,0,"MSCCR_reGRID_98_Biopsy_196"
0.901269373852576,0.0987306261474233,0,"MSCCR_reGRID_98_Biopsy_197"
0.869877578043349,0.125901711384389,0.0042207105722617,"MSCCR_reGRID_98_Biopsy_198"
0.636608151745113,0.363391848254887,0,"MSCCR_reGRID_99_Biopsy_199"
0.76432714030932,0.184651488739814,0.0510213709508665,"MSCCR_reGRID_99_Biopsy_200"
0.906178090347897,0.0794857332456356,0.0143361764064676,"MSCCR_reGRID_100_Biopsy_201"
0.892253008559806,0.104280620164769,0.00346637127542426,"MSCCR_reGRID_100_Biopsy_202"
0.775459082492376,0.211569491448553,0.0129714260590713,"MSCCR_reGRID_101_Biopsy_203"
0.884880663409052,0.0947443468685703,0.0203749897223778,"MSCCR_reGRID_101_Biopsy_204"
0.779785612075547,0.182028490351426,0.038185897573027,"MSCCR_reGRID_102_Biopsy_205"
0.851784508619775,0.135786505292408,0.0124289860878177,"MSCCR_reGRID_102_Biopsy_206"
0.851796250335644,0.113116519547604,0.0350872301167521,"MSCCR_reGRID_102_Biopsy_207"
0.776322573076273,0.190653351278095,0.0330240756456328,"MSCCR_reGRID_103_Biopsy_208"
0.86665797556301,0.117360609733201,0.0159814147037891,"MSCCR_reGRID_103_Biopsy_210"
0.813832709329231,0.160378954191523,0.0257883364792457,"MSCCR_reGRID_103_Biopsy_209"
0.937279734414231,0.0446997548044789,0.01802051078129,"MSCCR_reGRID_105_Biopsy_211"
0.754229079682173,0.245770920317827,0,"MSCCR_reGRID_106_Biopsy_212"
0.860320434099127,0.129410290654271,0.0102692752466019,"MSCCR_reGRID_106_Biopsy_213"
0.764339938768266,0.235660061231734,0,"MSCCR_reGRID_107_Biopsy_215"
0.905129320443422,0.0948706795565782,0,"MSCCR_reGRID_107_Biopsy_216"
0.815563953839662,0.184436046160338,0,"MSCCR_reGRID_107_Biopsy_214"
0.811411223012074,0.15351364981465,0.0350751271732755,"MSCCR_reGRID_109_Biopsy_217"
0.8347994072604,0.165200592739599,0,"MSCCR_reGRID_109_Biopsy_218"
0.786209022360182,0.213790977639818,0,"MSCCR_reGRID_109_Biopsy_219"
0.83326603546576,0.16673396453424,0,"MSCCR_reGRID_110_Biopsy_221"
0.857649414491215,0.142350585508785,0,"MSCCR_reGRID_110_Biopsy_222"
0.84560678903358,0.15439321096642,0,"MSCCR_reGRID_110_Biopsy_220"
0.82038424005095,0.164765558825946,0.014850201123104,"MSCCR_reGRID_111_Biopsy_225"
0.909260494599683,0.0907395054003172,0,"MSCCR_reGRID_111_Biopsy_224"
0.817116666869392,0.172598515146568,0.0102848179840397,"MSCCR_reGRID_111_Biopsy_223"
0.773778799681272,0.18618144774262,0.0400397525761078,"MSCCR_reGRID_112_Biopsy_228"
0.820976696677313,0.179023303322687,0,"MSCCR_reGRID_112_Biopsy_226"
0.822108441130837,0.157827071581253,0.0200644872879097,"MSCCR_reGRID_112_Biopsy_227"
0.75029784846884,0.249702151531159,0,"MSCCR_reGRID_113_Biopsy_231"
0.849660247753946,0.139336942424791,0.0110028098212633,"MSCCR_reGRID_113_Biopsy_229"
0.871543717179743,0.118666396491948,0.00978988632830813,"MSCCR_reGRID_113_Biopsy_230"
0.666033669105159,0.333966330894841,0,"MSCCR_reGRID_115_Biopsy_234"
0.889198862106553,0.066936500685619,0.0438646372078279,"MSCCR_reGRID_115_Biopsy_233"
0.683830461720883,0.316169538279117,0,"MSCCR_reGRID_115_Biopsy_232"
0.774905638435626,0.204203628627518,0.0208907329368553,"MSCCR_reGRID_116_Biopsy_235"
0.821142189925571,0.178427774055414,0.000430036019015256,"MSCCR_reGRID_116_Biopsy_236"
0.810581664782873,0.189418335217127,0,"MSCCR_reGRID_116_Biopsy_237"
0.833398003352508,0.159565114694296,0.00703688195319596,"MSCCR_reGRID_117_Biopsy_238"
0.92775857480342,0.0722414251965798,0,"MSCCR_reGRID_117_Biopsy_239"
0.899085813144214,0.100914186855785,0,"MSCCR_reGRID_117_Biopsy_240"
0.79359649693893,0.181389670486519,0.0250138325745504,"MSCCR_reGRID_118_Biopsy_241"
0.898177718297534,0.0994363475304388,0.00238593417202682,"MSCCR_reGRID_118_Biopsy_242"
0.93745821121294,0.0625417887870598,0,"MSCCR_reGRID_118_Biopsy_243"
0.751559972692658,0.203642582145989,0.0447974451613529,"MSCCR_reGRID_119_Biopsy_244"
0.846482176082097,0.139667030969794,0.0138507929481091,"MSCCR_reGRID_122_Biopsy_245"
0.924724441234668,0.0752755587653323,0,"MSCCR_reGRID_122_Biopsy_246"
0.755856434956417,0.219030887947535,0.0251126770960488,"MSCCR_reGRID_123_Biopsy_247"
0.837662923484426,0.153567637964997,0.00876943855057655,"MSCCR_reGRID_123_Biopsy_248"
0.85924620843138,0.10847386924688,0.0322799223217394,"MSCCR_reGRID_123_Biopsy_249"
0.771677693948664,0.226742085205711,0.00158022084562531,"MSCCR_reGRID_125_Biopsy_250"
0.870305922529078,0.129694077470921,0,"MSCCR_reGRID_126_Biopsy_251"
0.779881103474036,0.212083065051169,0.00803583147479492,"MSCCR_reGRID_127_Biopsy_252"
0.788486887910782,0.20823693308536,0.00327617900385779,"MSCCR_reGRID_127_Biopsy_254"
0.784218781879857,0.205297372396099,0.0104838457240444,"MSCCR_reGRID_127_Biopsy_253"
0.781086081311737,0.196321337474623,0.0225925812136393,"MSCCR_reGRID_128_Biopsy_256"
0.787234532580838,0.180212899656076,0.0325525677630853,"MSCCR_reGRID_128_Biopsy_255"
0.75945326913298,0.211892617323901,0.0286541135431194,"MSCCR_reGRID_129_Biopsy_257"
0.910517109681935,0.0781027341654306,0.0113801561526348,"MSCCR_reGRID_129_Biopsy_258"
0.916514696643221,0.072580853830393,0.0109044495263854,"MSCCR_reGRID_129_Biopsy_259"
0.75682368487882,0.242135227797947,0.00104108732323238,"MSCCR_reGRID_130_Biopsy_260"
0.876320922966679,0.0951582848444025,0.0285207921889189,"MSCCR_reGRID_130_Biopsy_261"
0.863964974723636,0.12140874003958,0.0146262852367836,"MSCCR_reGRID_130_Biopsy_262"
0.879205266096768,0.120794733903232,0,"MSCCR_reGRID_131_Biopsy_263"
0.785342018177854,0.185016363292467,0.0296416185296785,"MSCCR_reGRID_131_Biopsy_264"
0.800902115860511,0.199097884139488,0,"MSCCR_reGRID_132_Biopsy_265"
0.908601276924762,0.0913987230752381,0,"MSCCR_reGRID_132_Biopsy_266"
0.89247811437647,0.10752188562353,0,"MSCCR_reGRID_132_Biopsy_267"
0.794218996533949,0.167796613870002,0.0379843895960488,"MSCCR_reGRID_133_Biopsy_269"
0.865065243160719,0.120746924628031,0.0141878322112499,"MSCCR_reGRID_133_Biopsy_268"
0.780408065538557,0.215480217798208,0.00411171666323518,"MSCCR_reGRID_134_Biopsy_270"
0.771497853812087,0.228502146187913,0,"MSCCR_reGRID_134_Biopsy_271"
0.857207954083903,0.115092718261534,0.0276993276545623,"MSCCR_reGRID_136_Biopsy_274"
0.850926785537064,0.133790645665283,0.015282568797653,"MSCCR_reGRID_136_Biopsy_273"
0.865260603619366,0.11288249324018,0.0218569031404536,"MSCCR_reGRID_136_Biopsy_272"
0.807965051172777,0.176607169332324,0.0154277794948989,"MSCCR_reGRID_137_Biopsy_275"
0.808885925188138,0.185508750021256,0.00560532479060627,"MSCCR_reGRID_138_Biopsy_278"
0.922032089625569,0.077967910374431,0,"MSCCR_reGRID_138_Biopsy_276"
0.887933425022291,0.112066574977709,0,"MSCCR_reGRID_138_Biopsy_277"
0.806951311072727,0.185425677822422,0.00762301110485036,"MSCCR_reGRID_139_Biopsy_279"
0.879757920025008,0.117512971981441,0.00272910799355131,"MSCCR_reGRID_139_Biopsy_281"
0.898317279444293,0.101682720555707,0,"MSCCR_reGRID_139_Biopsy_280"
0.853216820803347,0.146783179196653,0,"MSCCR_reGRID_141_Biopsy_282"
0.841393910165375,0.149204932526223,0.00940115730840196,"MSCCR_reGRID_141_Biopsy_283"
0.784165271768467,0.175864008174194,0.0399707200573395,"MSCCR_reGRID_143_Biopsy_284"
0.834742424787477,0.165257575212523,0,"MSCCR_reGRID_143_Biopsy_286"
0.799636263094347,0.18810997219803,0.0122537647076226,"MSCCR_reGRID_143_Biopsy_285"
0.804858554196905,0.192576288948923,0.00256515685417258,"MSCCR_reGRID_145_Biopsy_288"
0.755695340712273,0.197304022923007,0.0470006363647202,"MSCCR_reGRID_145_Biopsy_289"
0.79915795449082,0.167547702891587,0.033294342617592,"MSCCR_reGRID_145_Biopsy_287"
0.727088920493947,0.272911079506053,0,"MSCCR_reGRID_146_Biopsy_290"
0.841515023875189,0.158484976124811,0,"MSCCR_reGRID_146_Biopsy_291"
0.904044826293965,0.0959551737060343,0,"MSCCR_reGRID_146_Biopsy_292"
0.805728785832833,0.194271214167167,0,"MSCCR_reGRID_147_Biopsy_293"
0.887140007811203,0.112859992188798,0,"MSCCR_reGRID_147_Biopsy_295"
0.808552924608225,0.191447075391776,0,"MSCCR_reGRID_147_Biopsy_294"
0.784519038013765,0.215480961986235,0,"MSCCR_reGRID_151_Biopsy_296"
0.864424656140611,0.120976784819503,0.0145985590398858,"MSCCR_reGRID_151_Biopsy_297"
0.868205398026005,0.131794601973995,0,"MSCCR_reGRID_151_Biopsy_298"
0.743167467039338,0.223335390135849,0.0334971428248127,"MSCCR_reGRID_153_Biopsy_299"
0.859169023903736,0.116333949029792,0.0244970270664715,"MSCCR_reGRID_153_Biopsy_300"
0.875357886653057,0.0996223103485748,0.0250198029983681,"MSCCR_reGRID_153_Biopsy_301"
0.835786311364627,0.14621064861961,0.0180030400157632,"MSCCR_reGRID_154_Biopsy_302"
0.823551841755015,0.134107631991051,0.0423405262539337,"MSCCR_reGRID_154_Biopsy_304"
0.833145371467583,0.14152648394293,0.0253281445894865,"MSCCR_reGRID_154_Biopsy_303"
0.885304580585678,0.0854292824042791,0.0292661370100432,"MSCCR_reGRID_155_Biopsy_305"
0.813848569581181,0.181702480616593,0.00444894980222577,"MSCCR_reGRID_157_Biopsy_308"
0.82060833563767,0.138285117051354,0.0411065473109765,"MSCCR_reGRID_157_Biopsy_307"
0.871274373388387,0.119463628291109,0.00926199832050401,"MSCCR_reGRID_157_Biopsy_306"
0.860509783064824,0.139490216935175,0,"MSCCR_reGRID_158_Biopsy_309"
0.865787145133363,0.13247401553083,0.00173883933580654,"MSCCR_reGRID_158_Biopsy_310"
0.813302143241585,0.186697856758415,0,"MSCCR_reGRID_158_Biopsy_311"
0.93561057441727,0.045853633359731,0.0185357922229988,"MSCCR_reGRID_159_Biopsy_314"
0.810807330417446,0.163350573265895,0.0258420963166586,"MSCCR_reGRID_159_Biopsy_312"
0.882608086536347,0.0815800188454014,0.0358118946182517,"MSCCR_reGRID_159_Biopsy_313"
0.889469697030383,0.110530302969617,0,"MSCCR_reGRID_160_Biopsy_315"
0.815628496825125,0.149113745117676,0.0352577580571987,"MSCCR_reGRID_160_Biopsy_316"
0.722732045659533,0.277267954340467,0,"MSCCR_reGRID_163_Biopsy_317"
0.817969959400651,0.173300028104961,0.00873001249438821,"MSCCR_reGRID_163_Biopsy_318"
0.786439036544389,0.161324824287143,0.0522361391684685,"MSCCR_reGRID_165_Biopsy_320"
0.936376447622826,0.063623552377174,0,"MSCCR_reGRID_165_Biopsy_319"
0.778981839839458,0.157365020638744,0.0636531395217982,"MSCCR_reGRID_166_Biopsy_321"
0.927863122541508,0.0711099652803333,0.00102691217815809,"MSCCR_reGRID_166_Biopsy_322"
0.877928323241375,0.111657626035368,0.0104140507232566,"MSCCR_reGRID_166_Biopsy_323"
0.93964543284143,0.0603545671585702,0,"MSCCR_reGRID_169_Biopsy_324"
0.908670311970566,0.0913296880294343,0,"MSCCR_reGRID_169_Biopsy_325"
0.737802570066841,0.262197429933159,0,"MSCCR_reGRID_169_Biopsy_326"
0.78247892660497,0.192019376979254,0.0255016964157754,"MSCCR_reGRID_170_Biopsy_327"
0.768484654605974,0.222743696820718,0.00877164857330764,"MSCCR_reGRID_170_Biopsy_328"
0.838896862972687,0.161103137027313,0,"MSCCR_reGRID_172_Biopsy_330"
0.837776260713068,0.162223739286932,0,"MSCCR_reGRID_172_Biopsy_329"
0.709022647997749,0.290977352002251,0,"MSCCR_reGRID_174_Biopsy_331"
0.860981145626541,0.135557839911116,0.0034610144623427,"MSCCR_reGRID_174_Biopsy_332"
0.864477989499925,0.12395826457,0.0115637459300747,"MSCCR_reGRID_174_Biopsy_333"
0.705854982248084,0.263673058238598,0.0304719595133179,"MSCCR_reGRID_175_Biopsy_334"
0.862699220352474,0.135632972582818,0.0016678070647077,"MSCCR_reGRID_175_Biopsy_335"
0.796381711533677,0.182187794268328,0.0214304941979949,"MSCCR_reGRID_175_Biopsy_336"
0.781644652983038,0.193176486970074,0.0251788600468883,"MSCCR_reGRID_176_Biopsy_337"
0.768566340098293,0.231433659901706,0,"MSCCR_reGRID_176_Biopsy_338"
0.763493775561814,0.236506224438186,0,"MSCCR_reGRID_177_Biopsy_339"
0.880249763428168,0.108674470910312,0.0110757656615204,"MSCCR_reGRID_177_Biopsy_341"
0.885075205944001,0.112928098397545,0.00199669565845384,"MSCCR_reGRID_177_Biopsy_340"
0.773266482792399,0.219561214903262,0.00717230230433924,"MSCCR_reGRID_178_Biopsy_342"
0.84617520955538,0.12336045653768,0.0304643339069393,"MSCCR_reGRID_178_Biopsy_343"
0.801371702219414,0.198628297780586,0,"MSCCR_reGRID_180_Biopsy_344"
0.867385420664811,0.132614579335189,0,"MSCCR_reGRID_180_Biopsy_345"
0.880288512883733,0.119711487116267,0,"MSCCR_reGRID_180_Biopsy_346"
0.793774613329652,0.203442254759539,0.00278313191080931,"MSCCR_reGRID_182_Biopsy_347"
0.865012505801618,0.134987494198382,0,"MSCCR_reGRID_182_Biopsy_348"
0.864000003271713,0.135999996728287,0,"MSCCR_reGRID_182_Biopsy_349"
0.845208162112624,0.1393903811775,0.0154014567098748,"MSCCR_reGRID_183_Biopsy_350"
0.792493454994846,0.207506545005154,0,"MSCCR_reGRID_184_Biopsy_351"
0.771840683262222,0.228159316737778,0,"MSCCR_reGRID_185_Biopsy_353"
0.896632057751526,0.103367942248474,0,"MSCCR_reGRID_185_Biopsy_352"
0.815711346665421,0.184288653334579,0,"MSCCR_reGRID_185_Biopsy_354"
0.817117825398077,0.182882174601923,0,"MSCCR_reGRID_187_Biopsy_355"
0.880911553586042,0.119088446413958,0,"MSCCR_reGRID_187_Biopsy_356"
0.813915932384674,0.156005235456481,0.0300788321588457,"MSCCR_reGRID_188_Biopsy_357"
0.688515510661269,0.304484569759097,0.00699991957963442,"MSCCR_reGRID_188_Biopsy_358"
0.80522090229178,0.157113813070334,0.0376652846378852,"MSCCR_reGRID_188_Biopsy_359"
0.892845486823315,0.107154513176685,0,"MSCCR_reGRID_189_Biopsy_360"
0.858726065843055,0.141273934156945,0,"MSCCR_reGRID_189_Biopsy_361"
0.81113097863243,0.18886902136757,0,"MSCCR_reGRID_190_Biopsy_362"
0.841529645745075,0.133077262676184,0.0253930915787409,"MSCCR_reGRID_190_Biopsy_363"
0.872565224245608,0.127434775754393,0,"MSCCR_reGRID_191_Biopsy_364"
0.848805254569137,0.151194745430863,0,"MSCCR_reGRID_191_Biopsy_365"
0.853304772075154,0.143636123739019,0.00305910418582722,"MSCCR_reGRID_192_Biopsy_367"
0.722202670941384,0.255838429356654,0.0219588997019612,"MSCCR_reGRID_192_Biopsy_366"
0.785739742073719,0.214260257926281,0,"MSCCR_reGRID_192_Biopsy_368"
0.751551184408621,0.243547316270649,0.00490149932072975,"MSCCR_reGRID_193_Biopsy_370"
0.86173517977452,0.13826482022548,0,"MSCCR_reGRID_193_Biopsy_369"
0.859956986854964,0.123899413238739,0.0161435999062967,"MSCCR_reGRID_193_Biopsy_371"
0.743923819226683,0.255768633270382,0.000307547502935546,"MSCCR_reGRID_194_Biopsy_373"
0.82551104735916,0.17448895264084,0,"MSCCR_reGRID_194_Biopsy_374"
0.803149173675893,0.180656230267677,0.0161945960564291,"MSCCR_reGRID_194_Biopsy_372"
0.80233667933441,0.188771386997854,0.00889193366773611,"MSCCR_reGRID_196_Biopsy_376"
0.894148929352594,0.105851070647405,0,"MSCCR_reGRID_196_Biopsy_375"
0.868838032737661,0.121191876393923,0.00997009086841616,"MSCCR_reGRID_196_Biopsy_377"
0.870240961529185,0.129759038470815,0,"MSCCR_reGRID_197_Biopsy_379"
0.794076161061936,0.171229097690919,0.0346947412471448,"MSCCR_reGRID_197_Biopsy_378"
0.89997544802892,0.10002455197108,0,"MSCCR_reGRID_197_Biopsy_380"
0.862438991836357,0.124272656294574,0.013288351869069,"MSCCR_reGRID_198_Biopsy_383"
0.908147173232739,0.0918528267672613,0,"MSCCR_reGRID_198_Biopsy_381"
0.855864401511807,0.132763888271041,0.011371710217152,"MSCCR_reGRID_198_Biopsy_382"
0.848689885085213,0.151310114914787,0,"MSCCR_reGRID_199_Biopsy_384"
0.821475699332158,0.178524300667842,0,"MSCCR_reGRID_199_Biopsy_386"
0.850206708217928,0.149793291782072,0,"MSCCR_reGRID_199_Biopsy_385"
0.818049867431964,0.178161984443381,0.00378814812465511,"MSCCR_reGRID_200_Biopsy_387"
0.772211962184389,0.227788037815611,0,"MSCCR_reGRID_200_Biopsy_388"
0.779789900666999,0.220210099333,0,"MSCCR_reGRID_200_Biopsy_389"
0.917236604531052,0.0827633954689477,0,"MSCCR_reGRID_201_Biopsy_390"
0.87955251317487,0.12044748682513,0,"MSCCR_reGRID_201_Biopsy_391"
0.710943513617552,0.266566116725857,0.0224903696565914,"MSCCR_reGRID_202_Biopsy_392"
0.84845031349283,0.139293268428681,0.01225641807849,"MSCCR_reGRID_202_Biopsy_393"
0.805220290013536,0.172874588561751,0.0219051214247123,"MSCCR_reGRID_202_Biopsy_394"
0.943746264297015,0.0562537357029846,0,"MSCCR_reGRID_203_Biopsy_396"
0.920041397509356,0.0799586024906442,0,"MSCCR_reGRID_203_Biopsy_397"
0.883370546327022,0.102361667443999,0.0142677862289791,"MSCCR_reGRID_203_Biopsy_395"
0.660679601617854,0.339320398382146,0,"MSCCR_reGRID_205_Biopsy_400"
0.915774018938148,0.0842259810618519,0,"MSCCR_reGRID_205_Biopsy_399"
0.863553770565121,0.128473280367874,0.00797294906700452,"MSCCR_reGRID_205_Biopsy_398"
0.759280978272042,0.213210940292332,0.0275080814356259,"MSCCR_reGRID_206_Biopsy_401"
0.782008754052296,0.217991245947704,0,"MSCCR_reGRID_206_Biopsy_402"
0.830084367333417,0.148849118935948,0.0210665137306346,"MSCCR_reGRID_206_Biopsy_403"
0.769188979434484,0.217862479753304,0.0129485408122116,"MSCCR_reGRID_207_Biopsy_404"
0.800026382368988,0.1849515718931,0.0150220457379117,"MSCCR_reGRID_207_Biopsy_405"
0.75957640605801,0.24042359394199,0,"MSCCR_reGRID_207_Biopsy_406"
0.804680998666156,0.159643616801829,0.0356753845320148,"MSCCR_reGRID_208_Biopsy_407"
0.839154844137353,0.160845155862647,0,"MSCCR_reGRID_209_Biopsy_408"
0.781236869755704,0.170498850126725,0.0482642801175712,"MSCCR_reGRID_210_Biopsy_409"
0.887507002999535,0.0803181776599843,0.0321748193404807,"MSCCR_reGRID_210_Biopsy_410"
0.883146564480466,0.0798138500927769,0.037039585426757,"MSCCR_reGRID_210_Biopsy_411"
0.812084118402618,0.168712070749746,0.0192038108476356,"MSCCR_reGRID_211_Biopsy_412"
0.873471701257154,0.126528298742845,0,"MSCCR_reGRID_211_Biopsy_413"
0.832769177176939,0.153139276142273,0.0140915466807883,"MSCCR_reGRID_211_Biopsy_414"
0.768645805668051,0.20345779807801,0.027896396253939,"MSCCR_reGRID_212_Biopsy_416"
0.860871005602883,0.123713409864966,0.0154155845321502,"MSCCR_reGRID_212_Biopsy_415"
0.879543803011612,0.120456196988388,0,"MSCCR_reGRID_213_Biopsy_417"
0.801978258068179,0.182337938439833,0.0156838034919876,"MSCCR_reGRID_213_Biopsy_418"
0.760461632314891,0.239538367685109,0,"MSCCR_reGRID_213_Biopsy_419"
0.601566200607761,0.386797850626963,0.0116359487652765,"MSCCR_reGRID_214_Biopsy_420"
0.875612447736656,0.124387552263344,0,"MSCCR_reGRID_214_Biopsy_421"
0.683626079190549,0.31637392080945,0,"MSCCR_reGRID_214_Biopsy_422"
0.797727180413186,0.202272819586814,0,"MSCCR_reGRID_215_Biopsy_423"
0.870750796826199,0.129249203173801,0,"MSCCR_reGRID_215_Biopsy_425"
0.823790199159999,0.176209800840001,0,"MSCCR_reGRID_216_Biopsy_426"
0.829898682399784,0.157131793031089,0.0129695245691269,"MSCCR_reGRID_217_Biopsy_427"
0.867044099355062,0.132955900644938,0,"MSCCR_reGRID_217_Biopsy_428"
0.875234280422141,0.113554019890719,0.0112116996871396,"MSCCR_reGRID_217_Biopsy_429"
0.861851144908582,0.138148855091418,0,"MSCCR_reGRID_219_Biopsy_430"
0.887662282614204,0.1009212944666,0.0114164229191948,"MSCCR_reGRID_219_Biopsy_431"
0.878918844140239,0.12105795644824,2.31994115202916e-05,"MSCCR_reGRID_219_Biopsy_432"
0.840897639063741,0.159102360936258,0,"MSCCR_reGRID_220_Biopsy_433"
0.825437663335257,0.174562336664743,0,"MSCCR_reGRID_220_Biopsy_434"
0.860646445323015,0.139353554676985,0,"MSCCR_reGRID_221_Biopsy_436"
0.848388561643454,0.151611438356546,0,"MSCCR_reGRID_221_Biopsy_435"
0.717326300964178,0.282673699035822,0,"MSCCR_reGRID_221_Biopsy_437"
0.850737868198764,0.145114180759604,0.00414795104163146,"MSCCR_reGRID_222_Biopsy_438"
0.856438354921618,0.128300081481256,0.0152615635971264,"MSCCR_reGRID_222_Biopsy_439"
0.821414932618948,0.178585067381052,0,"MSCCR_reGRID_223_Biopsy_442"
0.830786862332223,0.169213137667777,0,"MSCCR_reGRID_223_Biopsy_440"
0.823883529208082,0.176116470791917,0,"MSCCR_reGRID_223_Biopsy_441"
0.883230939214004,0.116769060785996,0,"MSCCR_reGRID_224_Biopsy_443"
0.882039871209689,0.0904076682295065,0.0275524605608046,"MSCCR_reGRID_224_Biopsy_444"
0.87599523998428,0.103366454986339,0.0206383050293809,"MSCCR_reGRID_224_Biopsy_445"
0.827106323359532,0.172893676640468,0,"MSCCR_reGRID_225_Biopsy_446"
0.863223592634241,0.136776407365759,0,"MSCCR_reGRID_225_Biopsy_447"
0.824062067838767,0.175937932161233,0,"MSCCR_reGRID_225_Biopsy_448"
0.861908938965545,0.115657290668231,0.0224337703662236,"MSCCR_reGRID_228_Biopsy_449"
0.842890594565717,0.126973210299934,0.0301361951343484,"MSCCR_reGRID_228_Biopsy_450"
0.762918224617987,0.203394846416082,0.0336869289659305,"MSCCR_reGRID_228_Biopsy_451"
0.771033520958801,0.228966479041199,0,"MSCCR_reGRID_229_Biopsy_452"
0.774654064984953,0.225345935015047,0,"MSCCR_reGRID_230_Biopsy_453"
0.756889960240324,0.243110039759676,0,"MSCCR_reGRID_230_Biopsy_454"
0.760661640143598,0.239338359856402,0,"MSCCR_reGRID_230_Biopsy_455"
0.841740598460313,0.145161338035751,0.0130980635039362,"MSCCR_reGRID_233_Biopsy_456"
0.820852292917484,0.179147707082516,0,"MSCCR_reGRID_233_Biopsy_457"
0.786514414928628,0.213485585071372,0,"MSCCR_reGRID_233_Biopsy_458"
0.893328341980695,0.0796399721993006,0.027031685820004,"MSCCR_reGRID_234_Biopsy_459"
0.859885447315068,0.0995734304166067,0.0405411222683255,"MSCCR_reGRID_234_Biopsy_460"
0.780122496627024,0.187768162767026,0.0321093406059503,"MSCCR_reGRID_235_Biopsy_463"
0.857184951597734,0.12984844253558,0.0129666058666852,"MSCCR_reGRID_235_Biopsy_462"
0.824848450580251,0.169687341103752,0.00546420831599637,"MSCCR_reGRID_235_Biopsy_461"
0.895734842643585,0.104265157356414,0,"MSCCR_reGRID_238_Biopsy_464"
0.917268569046653,0.067042848149358,0.0156885828039885,"MSCCR_reGRID_238_Biopsy_465"
0.88155352555338,0.0956681131369354,0.0227783613096844,"MSCCR_reGRID_238_Biopsy_466"
0.852366654116901,0.129953941911175,0.0176794039719231,"MSCCR_reGRID_239_Biopsy_467"
0.752492103271978,0.221817591537779,0.0256903051902427,"MSCCR_reGRID_240_Biopsy_469"
0.781619536966972,0.21687945099108,0.0015010120419483,"MSCCR_reGRID_240_Biopsy_470"
0.80370202328217,0.1853781800942,0.0109197966236298,"MSCCR_reGRID_240_Biopsy_468"
0.846302269362396,0.133509945618908,0.020187785018696,"MSCCR_reGRID_241_Biopsy_471"
0.844578156577947,0.155421843422053,0,"MSCCR_reGRID_241_Biopsy_472"
0.7249285142082,0.274882278417132,0.000189207374668321,"MSCCR_reGRID_241_Biopsy_473"
0.753736957259959,0.216439457512317,0.0298235852277239,"MSCCR_reGRID_242_Biopsy_474"
0.80939456631699,0.183394711928928,0.00721072175408055,"MSCCR_reGRID_242_Biopsy_475"
0.830890662586345,0.146118096711833,0.0229912407018225,"MSCCR_reGRID_242_Biopsy_476"
0.928731358377023,0.054727484239372,0.0165411573836053,"MSCCR_reGRID_243_Biopsy_478"
0.886253131954469,0.0809296409448143,0.0328172271007161,"MSCCR_reGRID_243_Biopsy_477"
0.927497694125523,0.0450937067895754,0.0274085990849011,"MSCCR_reGRID_243_Biopsy_479"
0.789856240599178,0.200393385255525,0.00975037414529667,"MSCCR_reGRID_245_Biopsy_480"
0.97672590924784,0.0232740907521602,0,"MSCCR_reGRID_245_Biopsy_481"
0.790568569389993,0.206038491690167,0.00339293891983927,"MSCCR_reGRID_246_Biopsy_483"
0.937559600443492,0.0624403995565078,0,"MSCCR_reGRID_246_Biopsy_482"
0.898951541794769,0.101048458205231,0,"MSCCR_reGRID_247_Biopsy_484"
0.8821865749231,0.092320478881427,0.025492946195472,"MSCCR_reGRID_247_Biopsy_485"
0.779486298191037,0.186980372393774,0.033533329415189,"MSCCR_reGRID_248_Biopsy_486"
0.953587381433701,0.0464126185662992,0,"MSCCR_reGRID_248_Biopsy_487"
0.843413699419218,0.156586300580781,0,"MSCCR_reGRID_250_Biopsy_488"
0.868778491600057,0.125168918823187,0.00605258957675647,"MSCCR_reGRID_250_Biopsy_489"
0.769575863630701,0.230424136369299,0,"MSCCR_reGRID_251_Biopsy_491"
0.818285693341685,0.181714306658315,0,"MSCCR_reGRID_251_Biopsy_492"
0.776812321496246,0.165351346429575,0.0578363320741784,"MSCCR_reGRID_251_Biopsy_490"
0.882738746805347,0.111419736708344,0.00584151648630815,"MSCCR_reGRID_252_Biopsy_494"
0.872141048884335,0.122190998181621,0.00566795293404465,"MSCCR_reGRID_252_Biopsy_493"
0.848572789563751,0.127490227671504,0.0239369827647452,"MSCCR_reGRID_252_Biopsy_495"
0.934325905817285,0.0656740941827145,0,"MSCCR_reGRID_254_Biopsy_497"
0.910094115779636,0.0899058842203638,0,"MSCCR_reGRID_254_Biopsy_496"
0.878921021552924,0.11185228569317,0.00922669275390531,"MSCCR_reGRID_254_Biopsy_498"
0.917789070388035,0.0822109296119646,0,"MSCCR_reGRID_255_Biopsy_499"
0.770757699525516,0.209051626348597,0.0201906741258867,"MSCCR_reGRID_256_Biopsy_501"
0.837761353041545,0.150234225381687,0.0120044215767683,"MSCCR_reGRID_256_Biopsy_502"
0.908475737901464,0.0915242620985364,0,"MSCCR_reGRID_256_Biopsy_500"
0.771721139488519,0.207638433296389,0.0206404272150919,"MSCCR_reGRID_257_Biopsy_503"
0.891061564435621,0.108938435564379,0,"MSCCR_reGRID_257_Biopsy_504"
0.876219217850304,0.123780782149696,0,"MSCCR_reGRID_257_Biopsy_505"
0.787673310541768,0.185468179598176,0.0268585098600558,"MSCCR_reGRID_258_Biopsy_507"
0.838608310634943,0.156684645553975,0.00470704381108111,"MSCCR_reGRID_258_Biopsy_508"
0.856045137557876,0.143954862442124,0,"MSCCR_reGRID_258_Biopsy_506"
0.910520919159497,0.0894790808405026,0,"MSCCR_reGRID_259_Biopsy_509"
0.836602062016592,0.140230889058522,0.0231670489248866,"MSCCR_reGRID_259_Biopsy_510"
0.849538886527642,0.124901260093704,0.0255598533786546,"MSCCR_reGRID_259_Biopsy_511"
0.916877129888566,0.0831228701114336,0,"MSCCR_reGRID_261_Biopsy_512"
0.86291007464828,0.137089925351719,0,"MSCCR_reGRID_261_Biopsy_513"
0.842163958826251,0.157836041173748,0,"MSCCR_reGRID_261_Biopsy_514"
0.77250096228223,0.22749903771777,0,"MSCCR_reGRID_262_Biopsy_515"
0.769677657044414,0.213448859271619,0.0168734836839666,"MSCCR_reGRID_263_Biopsy_516"
0.853994158644781,0.126601244509978,0.0194045968452402,"MSCCR_reGRID_263_Biopsy_517"
0.6612122707264,0.307325801406752,0.0314619278668481,"MSCCR_reGRID_263_Biopsy_518"
0.750235381539698,0.235750707016941,0.0140139114433606,"MSCCR_reGRID_265_Biopsy_519"
0.873522956835024,0.126477043164976,0,"MSCCR_reGRID_265_Biopsy_520"
0.853113464369749,0.120652596237651,0.0262339393925995,"MSCCR_reGRID_265_Biopsy_521"
0.823350861636279,0.151005163009235,0.0256439753544858,"MSCCR_reGRID_266_Biopsy_522"
0.770330641859974,0.187393982561918,0.042275375578107,"MSCCR_reGRID_266_Biopsy_523"
0.812762069260776,0.153357609403425,0.0338803213357993,"MSCCR_reGRID_266_Biopsy_524"
0.763893188203603,0.236106811796396,0,"MSCCR_reGRID_267_Biopsy_525"
0.798422813872979,0.171397005025814,0.0301801811012067,"MSCCR_reGRID_267_Biopsy_526"
0.53491100232851,0.46508899767149,0,"MSCCR_reGRID_267_Biopsy_527"
0.81023764765522,0.18976235234478,0,"MSCCR_reGRID_268_Biopsy_529"
0.845941148849637,0.138566271802064,0.0154925793482987,"MSCCR_reGRID_268_Biopsy_530"
0.868794961247734,0.120712410524047,0.0104926282282184,"MSCCR_reGRID_268_Biopsy_528"
0.743464696323141,0.256535303676859,0,"MSCCR_reGRID_269_Biopsy_531"
0.687181928023331,0.312818071976669,0,"MSCCR_reGRID_269_Biopsy_532"
0.779570374057501,0.181912306921677,0.0385173190208218,"MSCCR_reGRID_270_Biopsy_533"
0.886725551696505,0.104114374598073,0.00916007370542227,"MSCCR_reGRID_272_Biopsy_534"
0.830669143080949,0.141356269102543,0.0279745878165081,"MSCCR_reGRID_272_Biopsy_535"
0.885412984731915,0.110980372544036,0.00360664272404887,"MSCCR_reGRID_272_Biopsy_536"
0.867324084744678,0.121163036416882,0.0115128788384401,"MSCCR_reGRID_273_Biopsy_537"
0.865197246183139,0.114844827413139,0.0199579264037215,"MSCCR_reGRID_273_Biopsy_538"
0.827491880594203,0.161851617926871,0.0106565014789255,"MSCCR_reGRID_273_Biopsy_539"
0.761345198265708,0.224323975076752,0.0143308266575397,"MSCCR_reGRID_274_Biopsy_540"
0.800841111717971,0.190340287904724,0.00881860037730431,"MSCCR_reGRID_274_Biopsy_541"
0.809236211795505,0.177460541287322,0.0133032469171728,"MSCCR_reGRID_274_Biopsy_542"
0.863593798327316,0.129846399217025,0.00655980245565935,"MSCCR_reGRID_275_Biopsy_544"
0.86007523367281,0.13992476632719,0,"MSCCR_reGRID_275_Biopsy_545"
0.846790426601477,0.144118324982321,0.00909124841620157,"MSCCR_reGRID_275_Biopsy_543"
0.71609922688975,0.283900773110249,0,"MSCCR_reGRID_276_Biopsy_546"
0.85994897585143,0.14005102414857,0,"MSCCR_reGRID_276_Biopsy_547"
0.857859803678445,0.142140196321555,0,"MSCCR_reGRID_276_Biopsy_548"
0.870691009480331,0.129308990519669,0,"MSCCR_reGRID_277_Biopsy_551"
0.941867606759415,0.0581323932405846,0,"MSCCR_reGRID_277_Biopsy_550"
0.892723522306384,0.107276477693616,0,"MSCCR_reGRID_277_Biopsy_549"
0.849134421876518,0.150865578123482,0,"MSCCR_reGRID_278_Biopsy_553"
0.892289940683432,0.107710059316568,0,"MSCCR_reGRID_278_Biopsy_554"
0.836810170189195,0.163189829810805,0,"MSCCR_reGRID_278_Biopsy_552"
0.875209213854387,0.110458380564708,0.0143324055809049,"MSCCR_reGRID_279_Biopsy_555"
0.82202635928689,0.159826022063423,0.0181476186496863,"MSCCR_reGRID_279_Biopsy_556"
0.866771081820341,0.122237191667262,0.010991726512397,"MSCCR_reGRID_279_Biopsy_557"
0.779725123437497,0.220274876562503,0,"MSCCR_reGRID_280_Biopsy_558"
0.763347428294384,0.236652571705616,0,"MSCCR_reGRID_280_Biopsy_559"
0.844974830772483,0.146946471909766,0.00807869731775079,"MSCCR_reGRID_280_Biopsy_560"
0.805784507572607,0.179593445769454,0.0146220466579386,"MSCCR_reGRID_281_Biopsy_561"
0.616383874624714,0.383616125375286,0,"MSCCR_reGRID_281_Biopsy_562"
0.847549035132778,0.139982479376521,0.0124684854907,"MSCCR_reGRID_281_Biopsy_563"
0.804548349995509,0.172641848932636,0.0228098010718546,"MSCCR_reGRID_282_Biopsy_564"
0.788654396191579,0.211345603808421,0,"MSCCR_reGRID_282_Biopsy_565"
0.869927140900156,0.114695437831313,0.0153774212685309,"MSCCR_reGRID_282_Biopsy_566"
0.85732770205808,0.137947168271924,0.00472512966999561,"MSCCR_reGRID_283_Biopsy_567"
0.813367512905823,0.146637758194263,0.0399947288999137,"MSCCR_reGRID_283_Biopsy_568"
0.80795824318471,0.183406268227186,0.00863548858810342,"MSCCR_reGRID_283_Biopsy_569"
0.831177443138884,0.168822556861116,0,"MSCCR_reGRID_284_Biopsy_570"
0.771688605966258,0.196070486309879,0.0322409077238624,"MSCCR_reGRID_285_Biopsy_571"
0.780540080610654,0.187856079341924,0.0316038400474217,"MSCCR_reGRID_286_Biopsy_572"
0.829833250583916,0.169520516255604,0.000646233160480514,"MSCCR_reGRID_286_Biopsy_573"
0.855239526228649,0.140507239437937,0.00425323433341351,"MSCCR_reGRID_286_Biopsy_574"
0.781469548249927,0.208606430840013,0.00992402091006017,"MSCCR_reGRID_287_Biopsy_575"
0.932487950869932,0.0675120491300675,0,"MSCCR_reGRID_287_Biopsy_576"
0.808514437153812,0.191485562846188,0,"MSCCR_reGRID_289_Biopsy_578"
0.866916682340817,0.104137444381132,0.0289458732780515,"MSCCR_reGRID_289_Biopsy_577"
0.778090127756291,0.221909872243709,0,"MSCCR_reGRID_290_Biopsy_579"
0.79385109204073,0.194590248607311,0.0115586593519589,"MSCCR_reGRID_290_Biopsy_580"
0.752297698899054,0.23378545498843,0.0139168461125158,"MSCCR_reGRID_291_Biopsy_581"
0.818009894960028,0.178122290913231,0.0038678141267402,"MSCCR_reGRID_291_Biopsy_582"
0.956961334006232,0.0430386659937688,0,"MSCCR_reGRID_292_Biopsy_583"
0.897626443764712,0.102373556235288,0,"MSCCR_reGRID_292_Biopsy_585"
0.893447360024175,0.106552639975825,0,"MSCCR_reGRID_292_Biopsy_584"
0.86806778105514,0.13193221894486,0,"MSCCR_reGRID_293_Biopsy_586"
0.841292084509756,0.131656509628881,0.0270514058613622,"MSCCR_reGRID_294_Biopsy_587"
0.900900297734666,0.0851020051956477,0.0139976970696867,"MSCCR_reGRID_295_Biopsy_588"
0.909756886332386,0.0902431136676138,0,"MSCCR_reGRID_295_Biopsy_589"
0.831383420188628,0.168616579811372,0,"MSCCR_reGRID_297_Biopsy_590"
0.793354736538933,0.189464008398558,0.0171812550625092,"MSCCR_reGRID_298_Biopsy_593"
0.83888387083128,0.16111612916872,0,"MSCCR_reGRID_298_Biopsy_591"
0.834938404159196,0.165061595840804,0,"MSCCR_reGRID_298_Biopsy_592"
0.707571837335085,0.292428162664915,0,"MSCCR_reGRID_299_Biopsy_594"
0.841784086968147,0.158215913031853,0,"MSCCR_reGRID_299_Biopsy_595"
0.755126415649904,0.233249990861692,0.0116235934884034,"MSCCR_reGRID_299_Biopsy_596"
0.851175931219193,0.148824068780807,0,"MSCCR_reGRID_301_Biopsy_598"
0.916058692732026,0.0683926540591849,0.0155486532087887,"MSCCR_reGRID_301_Biopsy_599"
0.894783897818163,0.105216102181836,0,"MSCCR_reGRID_301_Biopsy_597"
0.816475659755109,0.156989106148048,0.0265352340968428,"MSCCR_reGRID_302_Biopsy_600"
0.909887651982685,0.0901123480173154,0,"MSCCR_reGRID_302_Biopsy_601"
0.897968299072453,0.0925605085675598,0.00947119235998739,"MSCCR_reGRID_302_Biopsy_602"
0.736309067320863,0.217280653470791,0.046410279208346,"MSCCR_reGRID_303_Biopsy_603"
0.878860305915358,0.0964673137948733,0.0246723802897681,"MSCCR_reGRID_303_Biopsy_604"
0.846639222554158,0.142029652248511,0.0113311251973314,"MSCCR_reGRID_303_Biopsy_605"
0.857004329828959,0.142995670171041,0,"MSCCR_reGRID_304_Biopsy_607"
0.889951390179312,0.110048609820688,0,"MSCCR_reGRID_304_Biopsy_608"
0.875814924183734,0.124185075816266,0,"MSCCR_reGRID_304_Biopsy_606"
0.80599426400686,0.189735425723091,0.00427031027004965,"MSCCR_reGRID_305_Biopsy_609"
0.828703263647539,0.155574925973119,0.0157218103793425,"MSCCR_reGRID_305_Biopsy_610"
0.848231704914096,0.145995554425359,0.00577274066054423,"MSCCR_reGRID_305_Biopsy_611"
0.820829075242824,0.179170924757176,0,"MSCCR_reGRID_306_Biopsy_612"
0.776137758948115,0.207985846954491,0.0158763940973938,"MSCCR_reGRID_307_Biopsy_614"
0.828071601280614,0.171928398719386,0,"MSCCR_reGRID_307_Biopsy_613"
0.799205291304472,0.200794708695528,0,"MSCCR_reGRID_310_Biopsy_615"
0.767000806851974,0.232999193148025,0,"MSCCR_reGRID_311_Biopsy_616"
0.900466399634661,0.0726268107606647,0.0269067896046749,"MSCCR_reGRID_311_Biopsy_617"
0.722707384446059,0.277292615553941,0,"MSCCR_reGRID_312_Biopsy_618"
0.805152357620231,0.17934560059856,0.0155020417812088,"MSCCR_reGRID_312_Biopsy_619"
0.78287043376424,0.181852611312011,0.035276954923749,"MSCCR_reGRID_312_Biopsy_620"
0.83321275036909,0.154069903524086,0.0127173461068235,"MSCCR_reGRID_314_Biopsy_623"
0.853806477558514,0.137211727879449,0.00898179456203774,"MSCCR_reGRID_314_Biopsy_621"
0.857768923511074,0.136737560838377,0.00549351565054934,"MSCCR_reGRID_314_Biopsy_622"
0.778502444961792,0.221497555038208,0,"MSCCR_reGRID_315_Biopsy_624"
0.916636574596776,0.0833634254032234,0,"MSCCR_reGRID_315_Biopsy_625"
0.8380050625524,0.133255837175365,0.028739100272235,"MSCCR_reGRID_316_Biopsy_628"
0.829167684080536,0.156052188533531,0.0147801273859336,"MSCCR_reGRID_316_Biopsy_626"
0.843764660721953,0.123810682459094,0.0324246568189523,"MSCCR_reGRID_316_Biopsy_627"
0.877701580770687,0.122298419229312,0,"MSCCR_reGRID_317_Biopsy_629"
0.859812543634054,0.140187456365945,0,"MSCCR_reGRID_317_Biopsy_630"
0.843917045851171,0.156082954148829,0,"MSCCR_reGRID_317_Biopsy_631"
0.804699458404748,0.195300541595252,0,"MSCCR_reGRID_318_Biopsy_632"
0.851317920327283,0.148682079672717,0,"MSCCR_reGRID_320_Biopsy_633"
0.81905394458372,0.180602973354664,0.000343082061615707,"MSCCR_reGRID_320_Biopsy_634"
0.853819382820557,0.146180617179442,0,"MSCCR_reGRID_320_Biopsy_635"
0.840621460397543,0.159378539602457,0,"MSCCR_reGRID_321_Biopsy_637"
0.873596870868317,0.126403129131683,0,"MSCCR_reGRID_321_Biopsy_636"
0.77969284337702,0.18167700576879,0.0386301508541901,"MSCCR_reGRID_323_Biopsy_638"
0.838635396501324,0.13831148098862,0.023053122510056,"MSCCR_reGRID_324_Biopsy_640"
0.824131299508208,0.154594527240858,0.0212741732509339,"MSCCR_reGRID_324_Biopsy_639"
0.776663822318666,0.193990368290887,0.0293458093904472,"MSCCR_reGRID_327_Biopsy_641"
0.876895464427566,0.123104535572434,0,"MSCCR_reGRID_327_Biopsy_642"
0.781625754656942,0.217223637503066,0.00115060783999116,"MSCCR_reGRID_328_Biopsy_643"
0.754967189053933,0.218646432036871,0.0263863789091961,"MSCCR_reGRID_328_Biopsy_644"
0.777312083495375,0.220708203316657,0.00197971318796847,"MSCCR_reGRID_328_Biopsy_645"
0.817671131226413,0.182328868773587,0,"MSCCR_reGRID_329_Biopsy_646"
0.904238835229407,0.0957611647705929,0,"MSCCR_reGRID_330_Biopsy_649"
0.849625817033397,0.150374182966602,0,"MSCCR_reGRID_330_Biopsy_647"
0.906100239451897,0.0938997605481033,0,"MSCCR_reGRID_330_Biopsy_648"
0.769128634096469,0.230871365903531,0,"MSCCR_reGRID_333_Biopsy_652"
0.785365534611419,0.214634465388581,0,"MSCCR_reGRID_333_Biopsy_651"
0.854721272155713,0.118145051049314,0.027133676794973,"MSCCR_reGRID_333_Biopsy_650"
0.723360466889844,0.276639533110156,0,"MSCCR_reGRID_336_Biopsy_653"
0.80385407928457,0.167010923024979,0.0291349976904509,"MSCCR_reGRID_336_Biopsy_654"
0.785910737728544,0.169441821045534,0.044647441225922,"MSCCR_reGRID_337_Biopsy_656"
0.831475433024571,0.168524566975429,0,"MSCCR_reGRID_337_Biopsy_655"
0.881929656060498,0.118070343939502,0,"MSCCR_reGRID_337_Biopsy_657"
0.814503671579883,0.175997311088686,0.00949901733143066,"MSCCR_reGRID_338_Biopsy_658"
0.824646367987263,0.175353632012737,0,"MSCCR_reGRID_338_Biopsy_659"
0.801771285475709,0.156311788134027,0.041916926390263,"MSCCR_reGRID_339_Biopsy_660"
0.898929837385342,0.101070162614658,0,"MSCCR_reGRID_339_Biopsy_661"
0.822539269742852,0.177460730257148,0,"MSCCR_reGRID_339_Biopsy_662"
0.765165184797011,0.225283643129012,0.00955117207397699,"MSCCR_reGRID_340_Biopsy_663"
0.81713835972591,0.153614374426603,0.0292472658474864,"MSCCR_reGRID_340_Biopsy_664"
0.717379979694864,0.282620020305136,0,"MSCCR_reGRID_341_Biopsy_667"
0.87587460679007,0.122543855681131,0.00158153752879919,"MSCCR_reGRID_341_Biopsy_665"
0.802097388931502,0.1593554211008,0.038547189967698,"MSCCR_reGRID_341_Biopsy_666"
0.787133793586014,0.212866206413986,0,"MSCCR_reGRID_342_Biopsy_668"
0.850150323835726,0.14461255796819,0.00523711819608341,"MSCCR_reGRID_342_Biopsy_669"
0.770024760289704,0.200417619613104,0.0295576200971919,"MSCCR_reGRID_343_Biopsy_671"
0.829296096791032,0.151752536093601,0.0189513671153678,"MSCCR_reGRID_343_Biopsy_670"
0.753819082935248,0.233218506702661,0.0129624103620901,"MSCCR_reGRID_344_Biopsy_672"
0.846576924792339,0.143317314487714,0.0101057607199465,"MSCCR_reGRID_344_Biopsy_673"
0.796133817190634,0.203866182809366,0,"MSCCR_reGRID_344_Biopsy_674"
0.818363172509281,0.148960118139064,0.0326767093516543,"MSCCR_reGRID_345_Biopsy_676"
0.825104514490472,0.165475313610027,0.00942017189950084,"MSCCR_reGRID_345_Biopsy_675"
0.80208691421233,0.19791308578767,0,"MSCCR_reGRID_346_Biopsy_677"
0.863009759597537,0.136990240402463,0,"MSCCR_reGRID_346_Biopsy_678"
0.85290945971067,0.14709054028933,0,"MSCCR_reGRID_346_Biopsy_679"
0.809738325067656,0.176362220394231,0.0138994545381134,"MSCCR_reGRID_347_Biopsy_680"
0.876467056851565,0.123532943148436,0,"MSCCR_reGRID_347_Biopsy_681"
0.891461024861266,0.108538975138734,0,"MSCCR_reGRID_347_Biopsy_682"
0.796288359438111,0.193463739459954,0.0102479011019342,"MSCCR_reGRID_348_Biopsy_683"
0.830519544055032,0.169480455944968,0,"MSCCR_reGRID_348_Biopsy_684"
0.856235910770469,0.13899888612768,0.00476520310185102,"MSCCR_reGRID_348_Biopsy_685"
0.823404085677658,0.156137184224577,0.0204587300977653,"MSCCR_reGRID_351_Biopsy_686"
0.856857518104374,0.138158761222152,0.00498372067347319,"MSCCR_reGRID_351_Biopsy_687"
0.819615797858961,0.167406807289099,0.0129773948519399,"MSCCR_reGRID_351_Biopsy_688"
0.822402861416827,0.177597138583173,0,"MSCCR_reGRID_352_Biopsy_689"
0.823270398105043,0.176729601894957,0,"MSCCR_reGRID_353_Biopsy_690"
0.834381360698588,0.165618639301412,0,"MSCCR_reGRID_353_Biopsy_691"
0.770836704692164,0.229163295307835,0,"MSCCR_reGRID_354_Biopsy_693"
0.795344614260401,0.204655385739599,0,"MSCCR_reGRID_354_Biopsy_692"
0.811814609319141,0.154553110583331,0.0336322800975274,"MSCCR_reGRID_355_Biopsy_694"
0.769840553206339,0.163582714322536,0.0665767324711254,"MSCCR_reGRID_355_Biopsy_695"
0.834706627285846,0.138473995943345,0.0268193767708088,"MSCCR_reGRID_355_Biopsy_696"
0.809960522466745,0.153313202891997,0.0367262746412579,"MSCCR_reGRID_358_Biopsy_697"
0.880807589070132,0.0946251802094039,0.0245672307204637,"MSCCR_reGRID_358_Biopsy_698"
0.863205421156642,0.133405643020512,0.00338893582284572,"MSCCR_reGRID_359_Biopsy_699"
0.685948098978944,0.31205760255591,0.00199429846514593,"MSCCR_reGRID_359_Biopsy_700"
0.859971707173711,0.140028292826289,0,"MSCCR_reGRID_359_Biopsy_701"
0.662404456672172,0.337595543327828,0,"MSCCR_reGRID_361_Biopsy_704"
0.803679105305675,0.196320894694325,0,"MSCCR_reGRID_361_Biopsy_702"
0.875090514601546,0.124909485398454,0,"MSCCR_reGRID_361_Biopsy_703"
0.932494978831767,0.0603847064073034,0.00712031476092989,"MSCCR_reGRID_362_Biopsy_705"
0.867977857768789,0.132022142231211,0,"MSCCR_reGRID_362_Biopsy_706"
0.808525859039712,0.191474140960288,0,"MSCCR_reGRID_362_Biopsy_707"
0.911088975824138,0.0889110241758621,0,"MSCCR_reGRID_363_Biopsy_709"
0.899938664843661,0.100061335156338,0,"MSCCR_reGRID_363_Biopsy_708"
0.828543564136816,0.149830452165159,0.021625983698025,"MSCCR_reGRID_363_Biopsy_710"
0.722333150494046,0.277666849505954,0,"MSCCR_reGRID_364_Biopsy_711"
0.835956592003716,0.162566305196385,0.00147710279989866,"MSCCR_reGRID_364_Biopsy_712"
0.871461976732936,0.128487823624173,5.01996428906581e-05,"MSCCR_reGRID_364_Biopsy_713"
0.800436919800992,0.170349639278957,0.0292134409200507,"MSCCR_reGRID_365_Biopsy_714"
0.845776126905986,0.114674741346578,0.0395491317474354,"MSCCR_reGRID_365_Biopsy_715"
0.841816452113525,0.155897363444617,0.00228618444185902,"MSCCR_reGRID_366_Biopsy_716"
0.809191505668996,0.152195009704526,0.0386134846264782,"MSCCR_reGRID_366_Biopsy_718"
0.802051333736539,0.145897869177799,0.0520507970856616,"MSCCR_reGRID_366_Biopsy_717"
0.757124960919815,0.242875039080185,0,"MSCCR_reGRID_367_Biopsy_721"
0.899497248025913,0.100502751974087,0,"MSCCR_reGRID_367_Biopsy_720"
0.917376083204374,0.0826239167956256,0,"MSCCR_reGRID_367_Biopsy_719"
0.886583759910988,0.113416240089012,0,"MSCCR_reGRID_368_Biopsy_722"
0.84901283325778,0.15098716674222,0,"MSCCR_reGRID_368_Biopsy_723"
0.829756528721953,0.160338142314724,0.00990532896332275,"MSCCR_reGRID_368_Biopsy_724"
0.771158275583281,0.210286255467342,0.0185554689493768,"MSCCR_reGRID_369_Biopsy_725"
0.87564265711659,0.12435734288341,0,"MSCCR_reGRID_370_Biopsy_727"
0.671779539883003,0.328220460116997,0,"MSCCR_reGRID_370_Biopsy_728"
0.883484764456067,0.116515235543933,0,"MSCCR_reGRID_370_Biopsy_726"
0.84495221158898,0.15504778841102,0,"MSCCR_reGRID_371_Biopsy_729"
0.890201726614796,0.109798273385204,0,"MSCCR_reGRID_371_Biopsy_730"
0.850036125031215,0.149963874968785,0,"MSCCR_reGRID_371_Biopsy_731"
0.913144011898055,0.0868559881019446,0,"MSCCR_reGRID_372_Biopsy_732"
0.881592786387333,0.118407213612667,0,"MSCCR_reGRID_372_Biopsy_733"
0.869123690743387,0.127321226858006,0.00355508239860702,"MSCCR_reGRID_372_Biopsy_734"
0.772752166853397,0.21474087035411,0.0125069627924931,"MSCCR_reGRID_373_Biopsy_737"
0.922361137234006,0.0776388627659938,0,"MSCCR_reGRID_373_Biopsy_736"
0.872520607840583,0.127479392159417,0,"MSCCR_reGRID_373_Biopsy_735"
0.714392425043811,0.285607574956189,0,"MSCCR_reGRID_374_Biopsy_738"
0.798586971925653,0.19314477346213,0.00826825461221725,"MSCCR_reGRID_375_Biopsy_739"
0.862884256322756,0.137115743677244,0,"MSCCR_reGRID_375_Biopsy_740"
0.794773341495484,0.174280377585608,0.0309462809189071,"MSCCR_reGRID_376_Biopsy_742"
0.85329412183955,0.140541866211544,0.00616401194890626,"MSCCR_reGRID_376_Biopsy_743"
0.836480549744357,0.163519450255643,0,"MSCCR_reGRID_376_Biopsy_741"
0.780539379069219,0.21946062093078,0,"MSCCR_reGRID_377_Biopsy_744"
0.847839760470573,0.152160239529427,0,"MSCCR_reGRID_377_Biopsy_746"
0.863820036355183,0.136179963644817,0,"MSCCR_reGRID_377_Biopsy_745"
0.827362975652535,0.158784401732308,0.0138526226151573,"MSCCR_reGRID_378_Biopsy_748"
0.909898974580969,0.0765928126913489,0.013508212727682,"MSCCR_reGRID_378_Biopsy_749"
0.934682988545385,0.0653170114546144,0,"MSCCR_reGRID_378_Biopsy_747"
0.868777773798684,0.107866714251185,0.0233555119501304,"MSCCR_reGRID_379_Biopsy_750"
0.836583528452724,0.155405132796017,0.00801133875125937,"MSCCR_reGRID_379_Biopsy_751"
0.803332998660002,0.181100448078763,0.0155665532612354,"MSCCR_reGRID_379_Biopsy_752"
0.818701622969999,0.153446393479953,0.0278519835500489,"MSCCR_reGRID_380_Biopsy_753"
0.889948282615292,0.110051717384708,0,"MSCCR_reGRID_380_Biopsy_754"
0.857434374415685,0.142565625584315,0,"MSCCR_reGRID_380_Biopsy_755"
0.74001242639475,0.259987573605249,0,"MSCCR_reGRID_381_Biopsy_756"
0.809471519724641,0.160200742786869,0.0303277374884895,"MSCCR_reGRID_381_Biopsy_758"
0.835154432029859,0.164558177557972,0.000287390412168742,"MSCCR_reGRID_381_Biopsy_757"
0.867141979471003,0.114422464095091,0.0184355564339053,"MSCCR_reGRID_382_Biopsy_761"
0.787478107158521,0.172692609284006,0.039829283557473,"MSCCR_reGRID_382_Biopsy_759"
0.870919632228429,0.113225750146103,0.0158546176254688,"MSCCR_reGRID_382_Biopsy_760"
0.807515987933546,0.173383794433384,0.0191002176330702,"MSCCR_reGRID_383_Biopsy_762"
0.821856438034261,0.174111369561113,0.00403219240462538,"MSCCR_reGRID_383_Biopsy_763"
0.818083631622538,0.177134088689473,0.0047822796879885,"MSCCR_reGRID_383_Biopsy_764"
0.770822653099866,0.229177346900134,0,"MSCCR_reGRID_384_Biopsy_765"
0.747368667545282,0.252631332454718,0,"MSCCR_reGRID_384_Biopsy_766"
0.751092498056298,0.248907501943702,0,"MSCCR_reGRID_384_Biopsy_767"
0.891450256591204,0.103102308028711,0.00544743538008463,"MSCCR_reGRID_385_Biopsy_768"
0.851332026799942,0.132572576791482,0.0160953964085759,"MSCCR_reGRID_385_Biopsy_769"
0.865111960544588,0.12518000951149,0.00970802994392206,"MSCCR_reGRID_385_Biopsy_770"
0.882449504062846,0.117550495937154,0,"MSCCR_reGRID_386_Biopsy_772"
0.864863350644329,0.135136649355671,0,"MSCCR_reGRID_386_Biopsy_771"
0.801958130832443,0.169642008085154,0.0283998610824033,"MSCCR_reGRID_387_Biopsy_773"
0.779837876869566,0.184383111397511,0.0357790117329226,"MSCCR_reGRID_387_Biopsy_774"
0.851325216456839,0.14867478354316,0,"MSCCR_reGRID_387_Biopsy_775"
0.783320678108034,0.216679321891966,0,"MSCCR_reGRID_388_Biopsy_776"
0.81191798537985,0.181149803069159,0.00693221155099077,"MSCCR_reGRID_388_Biopsy_777"
0.781968443098261,0.196176045109365,0.0218555117923737,"MSCCR_reGRID_388_Biopsy_778"
0.875411824376065,0.102287547271412,0.0223006283525223,"MSCCR_reGRID_389_Biopsy_780"
0.74605093057526,0.227082708920696,0.026866360504044,"MSCCR_reGRID_389_Biopsy_779"
0.662719295552293,0.337280704447707,0,"MSCCR_reGRID_390_Biopsy_781"
0.808915565957237,0.160179457865767,0.0309049761769958,"MSCCR_reGRID_390_Biopsy_782"
0.850999049454847,0.136226186821837,0.0127747637233152,"MSCCR_reGRID_390_Biopsy_783"
0.871336503618675,0.128663496381325,0,"MSCCR_reGRID_391_Biopsy_784"
0.851576404529353,0.141389745560932,0.00703384990971434,"MSCCR_reGRID_391_Biopsy_785"
0.759280998136062,0.240719001863938,0,"MSCCR_reGRID_392_Biopsy_787"
0.676170696863942,0.323829303136058,0,"MSCCR_reGRID_392_Biopsy_786"
0.760971013607267,0.239028986392733,0,"MSCCR_reGRID_393_Biopsy_789"
0.785246779250705,0.214753220749295,0,"MSCCR_reGRID_393_Biopsy_790"
0.777001410327546,0.222998589672454,0,"MSCCR_reGRID_393_Biopsy_788"
0.760088060704267,0.196129582881632,0.0437823564141003,"MSCCR_reGRID_395_Biopsy_791"
0.790225344967421,0.152983712237662,0.0567909427949169,"MSCCR_reGRID_395_Biopsy_792"
0.764957668485972,0.196065862456396,0.0389764690576318,"MSCCR_reGRID_395_Biopsy_793"
0.875142519310008,0.102071531927242,0.0227859487627501,"MSCCR_reGRID_397_Biopsy_796"
0.863714110958858,0.110748226799032,0.02553766224211,"MSCCR_reGRID_397_Biopsy_794"
0.782262619461018,0.217737380538981,0,"MSCCR_reGRID_397_Biopsy_795"
0.775712267237259,0.213695165255613,0.0105925675071282,"MSCCR_reGRID_398_Biopsy_798"
0.844519861820139,0.140578959080686,0.0149011790991741,"MSCCR_reGRID_398_Biopsy_799"
0.878753525388393,0.121246474611608,0,"MSCCR_reGRID_398_Biopsy_797"
0.907541476105795,0.0906034009876292,0.00185512290657519,"MSCCR_reGRID_399_Biopsy_800"
0.888797088639952,0.0917756967350906,0.0194272146249573,"MSCCR_reGRID_399_Biopsy_801"
0.812968250571065,0.129636699602679,0.0573950498262562,"MSCCR_reGRID_399_Biopsy_802"
0.741956793854141,0.22976868802205,0.0282745181238082,"MSCCR_reGRID_401_Biopsy_803"
0.857965339809289,0.125939957470337,0.0160947027203747,"MSCCR_reGRID_401_Biopsy_804"
0.84510547588881,0.135161774541986,0.019732749569204,"MSCCR_reGRID_401_Biopsy_805"
0.784981554831844,0.173629524274039,0.0413889208941167,"MSCCR_reGRID_402_Biopsy_806"
0.855345499827563,0.132474275125486,0.0121802250469512,"MSCCR_reGRID_402_Biopsy_807"
0.800498524374142,0.137238607456206,0.0622628681696525,"MSCCR_reGRID_402_Biopsy_808"
0.783727701494101,0.216272298505899,0,"MSCCR_reGRID_403_Biopsy_809"
0.845237725733803,0.154762274266197,0,"MSCCR_reGRID_403_Biopsy_811"
0.889632108223952,0.110367891776047,0,"MSCCR_reGRID_403_Biopsy_810"
0.732335316050562,0.267664683949438,0,"MSCCR_reGRID_405_Biopsy_813"
0.807229427435359,0.192770572564641,0,"MSCCR_reGRID_405_Biopsy_814"
0.833426608470097,0.166573391529903,0,"MSCCR_reGRID_405_Biopsy_812"
0.785487964137738,0.190992539489443,0.023519496372819,"MSCCR_reGRID_406_Biopsy_816"
0.897366573678882,0.102633426321118,0,"MSCCR_reGRID_406_Biopsy_817"
0.751058611010729,0.2367278660266,0.0122135229626714,"MSCCR_reGRID_406_Biopsy_815"
0.807555835670154,0.192444164329845,0,"MSCCR_reGRID_407_Biopsy_818"
0.855653619400232,0.144346380599768,0,"MSCCR_reGRID_407_Biopsy_819"
0.805350220708304,0.194649779291696,0,"MSCCR_reGRID_407_Biopsy_820"
0.854131560236937,0.145868439763063,0,"MSCCR_reGRID_408_Biopsy_821"
0.903193003903557,0.0968069960964432,0,"MSCCR_reGRID_408_Biopsy_822"
0.872598882407287,0.127401117592713,0,"MSCCR_reGRID_408_Biopsy_823"
0.994979294995478,0.00502070500452201,0,"MSCCR_reGRID_409_Biopsy_824"
0.918456747900408,0.0815432520995912,0,"MSCCR_reGRID_410_Biopsy_825"
0.861088110905079,0.138911889094921,0,"MSCCR_reGRID_410_Biopsy_826"
0.817943359468236,0.182056640531764,0,"MSCCR_reGRID_410_Biopsy_827"
0.652964037179813,0.347035962820186,0,"MSCCR_reGRID_411_Biopsy_828"
0.841159649242678,0.153741784405586,0.00509856635173678,"MSCCR_reGRID_411_Biopsy_829"
0.859890467596261,0.136220335967913,0.00388919643582564,"MSCCR_reGRID_411_Biopsy_830"
0.895488557877047,0.0965199696688672,0.00799147245408627,"MSCCR_reGRID_412_Biopsy_831"
0.911292390987959,0.0877454950493412,0.000962113962699629,"MSCCR_reGRID_412_Biopsy_832"
0.93095519413342,0.06904480586658,0,"MSCCR_reGRID_412_Biopsy_833"
0.766325077052917,0.223782866619578,0.00989205632750523,"MSCCR_reGRID_413_Biopsy_834"
0.881151074853846,0.103226154282074,0.0156227708640796,"MSCCR_reGRID_413_Biopsy_835"
0.857828965949729,0.130117470339471,0.0120535637108,"MSCCR_reGRID_413_Biopsy_836"
0.855386364341264,0.12993904043751,0.0146745952212258,"MSCCR_reGRID_414_Biopsy_837"
0.733683675721755,0.266316324278245,0,"MSCCR_reGRID_414_Biopsy_838"
0.87688927251712,0.115995555758971,0.00711517172390874,"MSCCR_reGRID_416_Biopsy_840"
0.891092912811284,0.108907087188715,0,"MSCCR_reGRID_416_Biopsy_841"
0.871232044728102,0.0952536646300163,0.0335142906418808,"MSCCR_reGRID_416_Biopsy_839"
0.647755585785529,0.352244414214471,0,"MSCCR_reGRID_418_Biopsy_842"
0.806657220681279,0.19334277931872,0,"MSCCR_reGRID_418_Biopsy_843"
0.812458835230394,0.178151106532733,0.00939005823687272,"MSCCR_reGRID_418_Biopsy_844"
0.750598747148948,0.249401252851051,0,"MSCCR_reGRID_419_Biopsy_846"
0.914081169740661,0.0859188302593386,0,"MSCCR_reGRID_419_Biopsy_847"
0.907778127850849,0.0922218721491508,0,"MSCCR_reGRID_419_Biopsy_845"
0.764865330548102,0.18685521484144,0.0482794546104576,"MSCCR_reGRID_420_Biopsy_848"
0.895012585121947,0.104987414878053,0,"MSCCR_reGRID_420_Biopsy_849"
0.815392235803545,0.160979432436924,0.0236283317595307,"MSCCR_reGRID_420_Biopsy_850"
0.867949253520711,0.132050746479289,0,"MSCCR_reGRID_422_Biopsy_852"
0.808115151904633,0.146173706407796,0.0457111416875702,"MSCCR_reGRID_422_Biopsy_851"
0.866360155401454,0.133639844598546,0,"MSCCR_reGRID_424_Biopsy_853"
0.859127504066797,0.140872495933203,0,"MSCCR_reGRID_424_Biopsy_854"
0.799683213373001,0.178544580542803,0.0217722060841968,"MSCCR_reGRID_424_Biopsy_855"
0.848305194194267,0.128404545203944,0.0232902606017886,"MSCCR_reGRID_425_Biopsy_857"
0.803564640175564,0.163246060592096,0.0331892992323399,"MSCCR_reGRID_425_Biopsy_858"
0.841843605568521,0.111571947393427,0.0465844470380515,"MSCCR_reGRID_425_Biopsy_856"
0.767585293573838,0.195561607337542,0.0368530990886189,"MSCCR_reGRID_427_Biopsy_859"
0.691520017890375,0.308479982109625,0,"MSCCR_reGRID_428_Biopsy_860"
0.859597764144189,0.125469842217638,0.0149323936381732,"MSCCR_reGRID_428_Biopsy_861"
0.800220064383824,0.184289706525771,0.0154902290904045,"MSCCR_reGRID_428_Biopsy_862"
0.797951973212775,0.187154695167726,0.0148933316194991,"MSCCR_reGRID_429_Biopsy_863"
0.9188841851528,0.0811158148472,0,"MSCCR_reGRID_429_Biopsy_864"
0.936622025875573,0.0633779741244276,0,"MSCCR_reGRID_429_Biopsy_865"
0.911215572464267,0.0860200807886404,0.00276434674709236,"MSCCR_reGRID_430_Biopsy_867"
0.930418119245183,0.0695818807548169,0,"MSCCR_reGRID_430_Biopsy_866"
0.929457865481741,0.0636781686433958,0.00686396587486227,"MSCCR_reGRID_431_Biopsy_868"
0.934984626442171,0.0458475492773796,0.0191678242804496,"MSCCR_reGRID_431_Biopsy_869"
0.817824626769374,0.179635790951367,0.00253958227925899,"MSCCR_reGRID_431_Biopsy_870"
0.72284615569953,0.27715384430047,0,"MSCCR_reGRID_432_Biopsy_873"
0.845162105827567,0.127413638464871,0.0274242557075621,"MSCCR_reGRID_432_Biopsy_871"
0.791219901524456,0.181591567343208,0.027188531132336,"MSCCR_reGRID_432_Biopsy_872"
0.723955968433356,0.276044031566644,0,"MSCCR_reGRID_433_Biopsy_875"
0.894580045959931,0.105419954040069,0,"MSCCR_reGRID_433_Biopsy_876"
0.869634788625001,0.103471173556323,0.0268940378186756,"MSCCR_reGRID_433_Biopsy_874"
0.849983967957475,0.150016032042525,0,"MSCCR_reGRID_434_Biopsy_877"
0.869634102465368,0.130365897534632,0,"MSCCR_reGRID_434_Biopsy_878"
0.900195462870274,0.0998045371297256,0,"MSCCR_reGRID_434_Biopsy_879"
0.893479007935458,0.102932691918884,0.00358830014565725,"MSCCR_reGRID_436_Biopsy_880"
0.914028768928604,0.0798055447994255,0.00616568627197078,"MSCCR_reGRID_436_Biopsy_881"
0.814202714085643,0.15861795600821,0.0271793299061469,"MSCCR_reGRID_436_Biopsy_882"
0.873579794844069,0.126420205155931,0,"MSCCR_reGRID_437_Biopsy_883"
0.845569131052845,0.154430868947155,0,"MSCCR_reGRID_437_Biopsy_884"
0.869822389077195,0.1192093578499,0.0109682530729053,"MSCCR_reGRID_438_Biopsy_885"
0.941312817186538,0.0586871828134619,0,"MSCCR_reGRID_438_Biopsy_886"
0.81143211940851,0.146754043384017,0.0418138372074727,"MSCCR_reGRID_438_Biopsy_887"
0.891205526929981,0.108794473070019,0,"MSCCR_reGRID_439_Biopsy_888"
0.944829332289417,0.055170667710583,0,"MSCCR_reGRID_439_Biopsy_889"
0.788637924127739,0.182494470947817,0.0288676049244438,"MSCCR_reGRID_439_Biopsy_890"
0.770574507208108,0.212786030038942,0.0166394627529495,"MSCCR_reGRID_440_Biopsy_891"
0.735255808600194,0.255039029722098,0.00970516167770724,"MSCCR_reGRID_440_Biopsy_892"
0.841505338787721,0.158494661212279,0,"MSCCR_reGRID_441_Biopsy_893"
0.932274275116429,0.0677257248835701,0,"MSCCR_reGRID_441_Biopsy_894"
0.825865880450676,0.159907037633926,0.0142270819153985,"MSCCR_reGRID_442_Biopsy_897"
0.887202256712647,0.0868259991218492,0.0259717441655034,"MSCCR_reGRID_442_Biopsy_895"
0.89410494660831,0.0891850905607355,0.0167099628309543,"MSCCR_reGRID_442_Biopsy_896"
0.857099592159596,0.142900407840404,0,"MSCCR_reGRID_443_Biopsy_898"
0.825473628494316,0.174526371505684,0,"MSCCR_reGRID_443_Biopsy_899"
0.804123658727469,0.195876341272531,0,"MSCCR_reGRID_443_Biopsy_900"
0.897739620953966,0.102260379046035,0,"MSCCR_reGRID_444_Biopsy_901"
0.945983985459323,0.0540160145406766,0,"MSCCR_reGRID_444_Biopsy_902"
0.925826428731793,0.0741735712682074,0,"MSCCR_reGRID_444_Biopsy_903"
0.79419221075367,0.185781291414942,0.0200264978313872,"MSCCR_reGRID_445_Biopsy_904"
0.892316249457319,0.0906139325262039,0.0170698180164766,"MSCCR_reGRID_445_Biopsy_905"
0.781727080860039,0.218272919139961,0,"MSCCR_reGRID_446_Biopsy_906"
0.89691977627337,0.10308022372663,0,"MSCCR_reGRID_446_Biopsy_907"
0.910809259241863,0.0891907407581363,0,"MSCCR_reGRID_446_Biopsy_908"
0.904242065138188,0.0943891714786253,0.00136876338318592,"MSCCR_reGRID_447_Biopsy_909"
0.907030731866996,0.0929692681330034,0,"MSCCR_reGRID_447_Biopsy_910"
0.875398790289906,0.118696915272835,0.00590429443725926,"MSCCR_reGRID_447_Biopsy_911"
0.773554137148038,0.21489099802031,0.0115548648316522,"MSCCR_reGRID_448_Biopsy_913"
0.765738381118263,0.198811495485599,0.0354501233961381,"MSCCR_reGRID_448_Biopsy_912"
0.74514800819371,0.25485199180629,0,"MSCCR_reGRID_450_Biopsy_914"
0.772913855767793,0.227086144232207,0,"MSCCR_reGRID_450_Biopsy_915"
0.779117180235529,0.217348714681824,0.00353410508264668,"MSCCR_reGRID_450_Biopsy_916"
0.823477626157984,0.176522373842015,0,"MSCCR_reGRID_452_Biopsy_918"
0.877333312167681,0.122666687832319,0,"MSCCR_reGRID_452_Biopsy_917"
0.800652888754238,0.181419301239439,0.0179278100063225,"MSCCR_reGRID_453_Biopsy_919"
0.757112272880856,0.212282014217064,0.0306057129020798,"MSCCR_reGRID_454_Biopsy_921"
0.840550283633802,0.149180564752856,0.0102691516133412,"MSCCR_reGRID_454_Biopsy_922"
0.813933996314727,0.163717592209328,0.0223484114759447,"MSCCR_reGRID_454_Biopsy_920"
0.799315105731748,0.183032081561016,0.0176528127072351,"MSCCR_reGRID_455_Biopsy_923"
0.864088832458165,0.135911167541835,0,"MSCCR_reGRID_455_Biopsy_924"
0.762593053604286,0.237406946395714,0,"MSCCR_reGRID_457_Biopsy_925"
0.861079451928428,0.138920548071572,0,"MSCCR_reGRID_457_Biopsy_926"
0.902169376753655,0.0730815445005417,0.024749078745803,"MSCCR_reGRID_457_Biopsy_927"
0.686154939739301,0.313845060260699,0,"MSCCR_reGRID_458_Biopsy_928"
0.84319710645849,0.140545649022493,0.0162572445190166,"MSCCR_reGRID_458_Biopsy_929"
0.869634952347772,0.11677194485759,0.0135931027946375,"MSCCR_reGRID_459_Biopsy_930"
0.913896648793668,0.0710133377432779,0.0150900134630538,"MSCCR_reGRID_459_Biopsy_931"
0.902824227906004,0.0849255645745277,0.0122502075194679,"MSCCR_reGRID_459_Biopsy_932"
0.761191606808399,0.186362776935895,0.0524456162557065,"MSCCR_reGRID_460_Biopsy_933"
0.924755589999361,0.0710238867357501,0.00422052326488842,"MSCCR_reGRID_460_Biopsy_934"
0.819278376920979,0.119120628014411,0.0616009950646096,"MSCCR_reGRID_460_Biopsy_935"
0.831569938843383,0.168430061156617,0,"MSCCR_reGRID_461_Biopsy_936"
0.886456974877949,0.113543025122051,0,"MSCCR_reGRID_463_Biopsy_938"
0.803407616208751,0.154404057739377,0.0421883260518716,"MSCCR_reGRID_463_Biopsy_937"
0.809182245150592,0.190817754849408,0,"MSCCR_reGRID_464_Biopsy_939"
0.778725167928531,0.221274832071468,0,"MSCCR_reGRID_464_Biopsy_940"
0.814913323283035,0.185086676716965,0,"MSCCR_reGRID_464_Biopsy_941"
0.929209981838923,0.0707900181610772,0,"MSCCR_reGRID_467_Biopsy_942"
0.923016258953629,0.076983741046371,0,"MSCCR_reGRID_467_Biopsy_943"
0.861020428453758,0.129438533813942,0.00954103773229997,"MSCCR_reGRID_468_Biopsy_944"
0.945562203212393,0.0544377967876064,0,"MSCCR_reGRID_468_Biopsy_945"
0.874603922420459,0.125396077579541,0,"MSCCR_reGRID_468_Biopsy_946"
0.860300707135185,0.115858479036067,0.0238408138287485,"MSCCR_reGRID_469_Biopsy_947"
0.865467881397811,0.128844570679672,0.00568754792251758,"MSCCR_reGRID_469_Biopsy_949"
0.8798889259065,0.1201110740935,0,"MSCCR_reGRID_469_Biopsy_948"
0.76932851922062,0.222417790848916,0.00825368993046344,"MSCCR_reGRID_470_Biopsy_950"
0.845157243304884,0.154842756695116,0,"MSCCR_reGRID_471_Biopsy_951"
0.869349439626848,0.130650560373152,0,"MSCCR_reGRID_471_Biopsy_952"
0.815624137307791,0.167303478704237,0.0170723839879725,"MSCCR_reGRID_472_Biopsy_955"
0.865517278874829,0.134482721125171,0,"MSCCR_reGRID_472_Biopsy_956"
0.857744307002699,0.142255692997301,0,"MSCCR_reGRID_472_Biopsy_953"
0.813887099906187,0.175506242467584,0.0106066576262286,"MSCCR_reGRID_472_Biopsy_954"
0.818745566916908,0.164638318305069,0.0166161147780222,"MSCCR_reGRID_474_Biopsy_957"
0.811012539159155,0.188987460840846,0,"MSCCR_reGRID_474_Biopsy_958"
0.795451591702496,0.204548408297503,0,"MSCCR_reGRID_475_Biopsy_960"
0.64342886281177,0.35657113718823,0,"MSCCR_reGRID_475_Biopsy_959"
0.858374913481528,0.141625086518472,0,"MSCCR_reGRID_476_Biopsy_961"
0.845421768336845,0.154578231663155,0,"MSCCR_reGRID_476_Biopsy_962"
0.781734702830318,0.196707782494474,0.0215575146752087,"MSCCR_reGRID_476_Biopsy_963"
0.616381523426927,0.383618476573073,0,"MSCCR_reGRID_477_Biopsy_964"
0.878059024735209,0.121940975264792,0,"MSCCR_reGRID_477_Biopsy_965"
0.84913050957362,0.122672971540269,0.0281965188861106,"MSCCR_reGRID_477_Biopsy_966"
0.793407400829482,0.181133706909424,0.0254588922610939,"MSCCR_reGRID_478_Biopsy_968"
0.922911612725288,0.0770883872747121,0,"MSCCR_reGRID_478_Biopsy_967"
0.778795827243553,0.200323099206868,0.0208810735495789,"MSCCR_reGRID_480_Biopsy_970"
0.813701229669903,0.186298770330097,0,"MSCCR_reGRID_480_Biopsy_969"
0.852960138956157,0.147039861043842,0,"MSCCR_reGRID_480_Biopsy_971"
0.941428589860586,0.0585714101394138,0,"MSCCR_reGRID_481_Biopsy_972"
0.960775649635569,0.0392243503644312,0,"MSCCR_reGRID_481_Biopsy_973"
0.77205997433748,0.211450336655016,0.0164896890075039,"MSCCR_reGRID_482_Biopsy_975"
0.869027799123958,0.130972200876042,0,"MSCCR_reGRID_482_Biopsy_976"
0.808434296650255,0.184205073988401,0.00736062936134319,"MSCCR_reGRID_482_Biopsy_974"
0.640214353216151,0.359785646783849,0,"MSCCR_reGRID_483_Biopsy_979"
0.851081697091048,0.131710417441351,0.0172078854676013,"MSCCR_reGRID_483_Biopsy_978"
0.93698300482252,0.0630169951774808,0,"MSCCR_reGRID_483_Biopsy_977"
0.877255540615528,0.122744459384471,0,"MSCCR_reGRID_484_Biopsy_980"
0.740168418001628,0.259831581998372,0,"MSCCR_reGRID_484_Biopsy_981"
0.830611193084921,0.160278739720266,0.00911006719481289,"MSCCR_reGRID_486_Biopsy_982"
0.873864664108773,0.121548002743622,0.0045873331476054,"MSCCR_reGRID_486_Biopsy_983"
0.915854545199319,0.0809575965361677,0.0031878582645134,"MSCCR_reGRID_487_Biopsy_984"
0.951121110109952,0.036037990731974,0.0128408991580737,"MSCCR_reGRID_487_Biopsy_985"
0.830148019795347,0.131393340144705,0.0384586400599478,"MSCCR_reGRID_487_Biopsy_986"
0.896471848010274,0.103528151989726,0,"MSCCR_reGRID_488_Biopsy_987"
0.877273141423565,0.122726858576434,0,"MSCCR_reGRID_488_Biopsy_988"
0.955993964329863,0.0440060356701366,0,"MSCCR_reGRID_489_Biopsy_991"
0.967230717469701,0.0327692825302992,0,"MSCCR_reGRID_489_Biopsy_989"
0.858997906844141,0.131140283966261,0.00986180918959789,"MSCCR_reGRID_489_Biopsy_990"
0.945198591410646,0.0548014085893543,0,"MSCCR_reGRID_490_Biopsy_992"
0.69883663529027,0.30116336470973,0,"MSCCR_reGRID_490_Biopsy_993"
0.682628953858091,0.317371046141909,0,"MSCCR_reGRID_491_Biopsy_994"
0.811014739771268,0.173353824119353,0.0156314361093784,"MSCCR_reGRID_491_Biopsy_995"
0.78957081868393,0.180994778931972,0.0294344023840975,"MSCCR_reGRID_491_Biopsy_996"
0.771647298119614,0.222812785639275,0.00553991624111133,"MSCCR_reGRID_492_Biopsy_997"
0.84652217276578,0.15347782723422,0,"MSCCR_reGRID_492_Biopsy_998"
0.881765751332665,0.118234248667335,0,"MSCCR_reGRID_492_Biopsy_999"
0.782626908624087,0.17635840188655,0.0410146894893632,"MSCCR_reGRID_493_Biopsy_1000"
0.816908054277476,0.164560306351924,0.0185316393706006,"MSCCR_reGRID_493_Biopsy_1001"
0.813980811328563,0.150953520356972,0.0350656683144649,"MSCCR_reGRID_493_Biopsy_1002"
0.885591101028816,0.112373130371114,0.00203576860006971,"MSCCR_reGRID_495_Biopsy_1004"
0.837893605717664,0.117884834251451,0.0442215600308843,"MSCCR_reGRID_495_Biopsy_1003"
0.833431959121724,0.166568040878276,0,"MSCCR_reGRID_496_Biopsy_1005"
0.628075630539322,0.371924369460678,0,"MSCCR_reGRID_496_Biopsy_1006"
0.851745613639717,0.134131159955674,0.0141232264046085,"MSCCR_reGRID_496_Biopsy_1007"
0.78991406286837,0.191065072052231,0.0190208650793986,"MSCCR_reGRID_497_Biopsy_1008"
0.810895973066756,0.18540445716438,0.00369956976886443,"MSCCR_reGRID_497_Biopsy_1009"
0.893345184889816,0.0871792010419541,0.0194756140682295,"MSCCR_reGRID_497_Biopsy_1010"
0.872415161685587,0.127584838314413,0,"MSCCR_reGRID_498_Biopsy_1011"
0.86378836139054,0.13095498572705,0.0052566528824094,"MSCCR_reGRID_498_Biopsy_1013"
0.81515428246677,0.177472077545396,0.00737363998783402,"MSCCR_reGRID_498_Biopsy_1012"
0.856202773527018,0.113182358500149,0.0306148679728319,"MSCCR_reGRID_500_Biopsy_1014"
0.849479899107583,0.150520100892417,0,"MSCCR_reGRID_500_Biopsy_1015"
0.841716635981748,0.155425809252938,0.00285755476531435,"MSCCR_reGRID_501_Biopsy_1016"
0.907841357231837,0.0921586427681627,0,"MSCCR_reGRID_502_Biopsy_1017"
0.853741693601352,0.146258306398648,0,"MSCCR_reGRID_502_Biopsy_1019"
0.8631332539547,0.1368667460453,0,"MSCCR_reGRID_502_Biopsy_1018"
0.717017290166286,0.276855518361401,0.00612719147231289,"MSCCR_reGRID_503_Biopsy_1021"
0.804784626674902,0.144497805198418,0.0507175681266801,"MSCCR_reGRID_503_Biopsy_1020"
0.894991888413544,0.105008111586456,0,"MSCCR_reGRID_504_Biopsy_1022"
0.891955125506803,0.108044874493196,0,"MSCCR_reGRID_505_Biopsy_1023"
0.877374560418521,0.113859986983422,0.00876545259805717,"MSCCR_reGRID_505_Biopsy_1024"
0.824068813957064,0.1455576053863,0.0303735806566346,"MSCCR_reGRID_505_Biopsy_1025"
0.778469789624072,0.197513056059036,0.0240171543168918,"MSCCR_reGRID_507_Biopsy_1026"
0.84668101971639,0.141212858930637,0.0121061213529725,"MSCCR_reGRID_507_Biopsy_1027"
0.865986075412336,0.111354875617836,0.022659048969827,"MSCCR_reGRID_507_Biopsy_1028"
0.792377175902288,0.179880952327552,0.0277418717701595,"MSCCR_reGRID_508_Biopsy_1031"
0.860188774036604,0.139811225963397,0,"MSCCR_reGRID_508_Biopsy_1029"
0.859249728778356,0.122647853908293,0.018102417313351,"MSCCR_reGRID_508_Biopsy_1030"
0.911276845323166,0.0887231546768334,0,"MSCCR_reGRID_509_Biopsy_1033"
0.803190459652837,0.175651079540035,0.0211584608071279,"MSCCR_reGRID_509_Biopsy_1032"
0.913291745983635,0.0867082540163653,0,"MSCCR_reGRID_510_Biopsy_1034"
0.850682018369909,0.149317981630091,0,"MSCCR_reGRID_510_Biopsy_1035"
0.866658245592503,0.127371928318995,0.00596982608850127,"MSCCR_reGRID_510_Biopsy_1036"
0.861907983157512,0.138092016842488,0,"MSCCR_reGRID_513_Biopsy_1037"
0.797737282678051,0.184275570254276,0.0179871470676733,"MSCCR_reGRID_513_Biopsy_1038"
0.752438278122512,0.233255391192176,0.014306330685312,"MSCCR_reGRID_514_Biopsy_1040"
0.819472943820869,0.150696621936282,0.0298304342428489,"MSCCR_reGRID_514_Biopsy_1039"
0.932212716598181,0.0677872834018196,0,"MSCCR_reGRID_515_Biopsy_1041"
0.826033563743178,0.173966436256822,0,"MSCCR_reGRID_515_Biopsy_1042"
0.80408371987978,0.19591628012022,0,"MSCCR_reGRID_516_Biopsy_1043"
0.918512257532492,0.0814877424675077,0,"MSCCR_reGRID_516_Biopsy_1044"
0.811675874695335,0.188324125304665,0,"MSCCR_reGRID_519_Biopsy_1045"
0.815275129917015,0.166887936515084,0.0178369335679012,"MSCCR_reGRID_520_Biopsy_1047"
0.821203566917813,0.178796433082187,0,"MSCCR_reGRID_520_Biopsy_1046"
0.726663400589812,0.23627859572082,0.0370580036893681,"MSCCR_reGRID_522_Biopsy_1048"
0.804607667901984,0.165753444082019,0.0296388880159963,"MSCCR_reGRID_522_Biopsy_1049"
0.772726183393118,0.223987799004435,0.00328601760244668,"MSCCR_reGRID_523_Biopsy_1050"
0.881407554071289,0.11859244592871,0,"MSCCR_reGRID_523_Biopsy_1051"
0.959041515777392,0.0409584842226076,0,"MSCCR_reGRID_524_Biopsy_1053"
0.839371817717062,0.153672283047371,0.0069558992355665,"MSCCR_reGRID_524_Biopsy_1052"
0.803018762277234,0.164025846335607,0.0329553913871583,"MSCCR_reGRID_525_Biopsy_1054"
0.855421534770137,0.108821859368194,0.0357566058616688,"MSCCR_reGRID_525_Biopsy_1055"
0.918530483277557,0.0592879504484051,0.0221815662740379,"MSCCR_reGRID_528_Biopsy_1056"
0.811752037806458,0.144485368463426,0.0437625937301158,"MSCCR_reGRID_530_Biopsy_1057"
0.861201252707976,0.115531741817283,0.0232670054747406,"MSCCR_reGRID_530_Biopsy_1058"
0.848215222556798,0.151784777443202,0,"MSCCR_reGRID_531_Biopsy_1059"
0.785429021371376,0.200922572729631,0.0136484058989925,"MSCCR_reGRID_531_Biopsy_1060"
0.888428071020985,0.0893644118686558,0.0222075171103595,"MSCCR_reGRID_532_Biopsy_1061"
0.87132582855252,0.122399730591443,0.00627444085603657,"MSCCR_reGRID_532_Biopsy_1062"
0.787838641864663,0.16888364378379,0.0432777143515469,"MSCCR_reGRID_533_Biopsy_1063"
0.840560404391235,0.124903437379024,0.0345361582297417,"MSCCR_reGRID_533_Biopsy_1064"
0.950956268702045,0.0490437312979549,0,"MSCCR_reGRID_535_Biopsy_1065"
0.998274424759524,0.00172557524047567,0,"MSCCR_reGRID_535_Biopsy_1066"
0.818363394833235,0.181636605166765,0,"MSCCR_reGRID_536_Biopsy_1067"
0.819928108884428,0.175406233936804,0.00466565717876721,"MSCCR_reGRID_536_Biopsy_1068"
0.773749435691735,0.220306700852001,0.00594386345626402,"MSCCR_reGRID_538_Biopsy_1069"
0.814416745941048,0.185486106459178,9.71475997736393e-05,"MSCCR_reGRID_538_Biopsy_1070"
0.788791671925031,0.182219355020842,0.0289889730541269,"MSCCR_reGRID_539_Biopsy_1071"
0.827446388550747,0.156284021298138,0.0162695901511145,"MSCCR_reGRID_539_Biopsy_1072"
0.824155222702649,0.169330587400289,0.00651418989706198,"MSCCR_reGRID_540_Biopsy_1073"
0.856999662763245,0.143000337236755,0,"MSCCR_reGRID_541_Biopsy_1075"
0.777674744327955,0.202312913920595,0.0200123417514497,"MSCCR_reGRID_541_Biopsy_1074"
0.796667814337472,0.203011958401965,0.000320227260562134,"MSCCR_reGRID_542_Biopsy_1076"
0.869133800603195,0.130866199396805,0,"MSCCR_reGRID_542_Biopsy_1077"
0.844940547277594,0.151655013913162,0.00340443880924313,"MSCCR_reGRID_544_Biopsy_1078"
0.817306590539292,0.161389464173458,0.02130394528725,"MSCCR_reGRID_544_Biopsy_1079"
0.792257995889739,0.207742004110261,0,"MSCCR_reGRID_545_Biopsy_1080"
0.902169341503657,0.0978306584963433,0,"MSCCR_reGRID_545_Biopsy_1081"
0.698683261634828,0.301316738365172,0,"MSCCR_reGRID_546_Biopsy_1082"
0.89288396176303,0.107116038236969,0,"MSCCR_reGRID_546_Biopsy_1083"
0.803847293394479,0.156709365939921,0.0394433406656006,"MSCCR_reGRID_547_Biopsy_1084"
0.825625088219738,0.15577038888644,0.018604522893821,"MSCCR_reGRID_547_Biopsy_1085"
0.965941339025659,0.0340586609743404,0,"MSCCR_reGRID_548_Biopsy_1086"
0.860278701824337,0.133669201233697,0.00605209694196629,"MSCCR_reGRID_548_Biopsy_1087"
0.908990156653385,0.0811352571218906,0.00987458622472381,"MSCCR_reGRID_550_Biopsy_1088"
0.878906542962142,0.104720146501242,0.0163733105366156,"MSCCR_reGRID_551_Biopsy_1089"
0.868563046958552,0.107876868455765,0.0235600845856829,"MSCCR_reGRID_551_Biopsy_1090"
0.810236307702736,0.165680880022323,0.0240828122749403,"MSCCR_reGRID_552_Biopsy_1093"
0.80621558705044,0.19378441294956,0,"MSCCR_reGRID_552_Biopsy_1092"
0.827184260605811,0.172815739394189,0,"MSCCR_reGRID_552_Biopsy_1091"
0.784538873891291,0.198946836570858,0.0165142895378504,"MSCCR_reGRID_553_Biopsy_1094"
0.818736581199889,0.153380082979024,0.0278833358210877,"MSCCR_reGRID_553_Biopsy_1095"
0.775800008169319,0.190997646079444,0.0332023457512364,"MSCCR_reGRID_555_Biopsy_1097"
0.827845305856251,0.127314447162627,0.0448402469811218,"MSCCR_reGRID_555_Biopsy_1096"
0.835999452462533,0.157103417963803,0.00689712957366395,"MSCCR_reGRID_558_Biopsy_1099"
0.771134071906859,0.216772863776832,0.0120930643163092,"MSCCR_reGRID_558_Biopsy_1098"
0.763745969531524,0.229945624410744,0.00630840605773197,"MSCCR_reGRID_559_Biopsy_1100"
0.866591199996357,0.121817445567779,0.0115913544358638,"MSCCR_reGRID_559_Biopsy_1101"
0.809572896752197,0.178443948816007,0.0119831544317968,"MSCCR_reGRID_560_Biopsy_1102"
0.822225661102656,0.161102413908103,0.0166719249892412,"MSCCR_reGRID_560_Biopsy_1103"
0.657405322490787,0.342594677509213,0,"MSCCR_reGRID_561_Biopsy_1104"
0.847430517032371,0.114642611971713,0.0379268709959162,"MSCCR_reGRID_561_Biopsy_1105"
0.756830000480591,0.243169999519409,0,"MSCCR_reGRID_564_Biopsy_1107"
0.772884468257497,0.200044246104828,0.0270712856376747,"MSCCR_reGRID_564_Biopsy_1106"
0.752122510027003,0.247877489972997,0,"MSCCR_reGRID_566_Biopsy_1108"
0.903486136886008,0.0896204926276674,0.00689337048632477,"MSCCR_reGRID_566_Biopsy_1109"
0.834126405863743,0.138201345150218,0.0276722489860388,"MSCCR_reGRID_567_Biopsy_1110"
0.771186903025568,0.209086818374533,0.0197262785998991,"MSCCR_reGRID_569_Biopsy_1112"
0.738587591612497,0.261412408387503,0,"MSCCR_reGRID_569_Biopsy_1111"
0.759181469663835,0.240818530336165,0,"MSCCR_reGRID_569_Biopsy_1113"
0.79927508900057,0.196399745897313,0.00432516510211689,"MSCCR_reGRID_570_Biopsy_1114"
0.833930237275302,0.160002447480664,0.00606731524403348,"MSCCR_reGRID_570_Biopsy_1115"
0.760677931154918,0.239322068845082,0,"MSCCR_reGRID_573_Biopsy_1116"
0.828178886653069,0.171821113346931,0,"MSCCR_reGRID_573_Biopsy_1117"
0.816915418818651,0.141783126664891,0.0413014545164578,"MSCCR_reGRID_574_Biopsy_1118"
0.789514698313619,0.180667824599436,0.0298174770869451,"MSCCR_reGRID_574_Biopsy_1119"
0.61578614601628,0.38421385398372,0,"MSCCR_reGRID_575_Biopsy_1120"
0.86775389541855,0.114273162646099,0.0179729419353507,"MSCCR_reGRID_575_Biopsy_1121"
0.90172025368755,0.0942049086751233,0.00407483763732652,"MSCCR_reGRID_575_Biopsy_1122"
0.859326785362144,0.123186411911882,0.0174868027259734,"MSCCR_reGRID_576_Biopsy_1124"
0.851019087010943,0.125373697118329,0.0236072158707286,"MSCCR_reGRID_576_Biopsy_1123"
0.719276860849647,0.280723139150353,0,"MSCCR_reGRID_577_Biopsy_1125"
0.828727153612197,0.171272846387803,0,"MSCCR_reGRID_577_Biopsy_1126"
0.772718650938018,0.183860665442045,0.0434206836199376,"MSCCR_reGRID_578_Biopsy_1127"
0.890339516627613,0.107639279248586,0.00202120412380036,"MSCCR_reGRID_578_Biopsy_1128"
0.841267885499336,0.119010168605538,0.0397219458951258,"MSCCR_reGRID_578_Biopsy_1129"
0.831002671588824,0.143447513023296,0.0255498153878792,"MSCCR_reGRID_580_Biopsy_1131"
0.918199244081205,0.0796930298897764,0.00210772602901821,"MSCCR_reGRID_580_Biopsy_1130"
0.780951244196081,0.182131011156631,0.0369177446472879,"MSCCR_reGRID_581_Biopsy_1132"
0.781817431287364,0.180722744105609,0.0374598246070272,"MSCCR_reGRID_581_Biopsy_1133"
0.850525025963843,0.128589949345263,0.0208850246908937,"MSCCR_reGRID_582_Biopsy_1135"
0.807461328825944,0.164322901299219,0.028215769874837,"MSCCR_reGRID_582_Biopsy_1134"
0.788593736892087,0.190147736240484,0.0212585268674288,"MSCCR_reGRID_583_Biopsy_1136"
0.867476294456717,0.115818094323571,0.016705611219711,"MSCCR_reGRID_584_Biopsy_1137"
0.789301484820023,0.151639244832786,0.0590592703471915,"MSCCR_reGRID_584_Biopsy_1138"
0.810805182281403,0.189194817718598,0,"MSCCR_reGRID_585_Biopsy_1139"
0.793572581538692,0.183312346980628,0.0231150714806798,"MSCCR_reGRID_585_Biopsy_1140"
0.832939750013399,0.166833501303582,0.000226748683018752,"MSCCR_reGRID_585_Biopsy_1141"
0.912311341654648,0.0841951955250639,0.00349346282028795,"MSCCR_reGRID_586_Biopsy_1142"
0.861742556202494,0.117316307034054,0.0209411367634512,"MSCCR_reGRID_586_Biopsy_1143"
0.755714796452989,0.244285203547011,0,"MSCCR_reGRID_587_Biopsy_1144"
0.907012004982386,0.0929879950176134,0,"MSCCR_reGRID_587_Biopsy_1145"
0.769142418946891,0.230857581053109,0,"MSCCR_reGRID_587_Biopsy_1146"
0.861558250566475,0.138441749433525,0,"MSCCR_reGRID_588_Biopsy_1148"
0.760229784505882,0.239770215494118,0,"MSCCR_reGRID_588_Biopsy_1147"
0.753201348670738,0.246798651329261,0,"MSCCR_reGRID_589_Biopsy_1149"
0.694710833202317,0.305289166797682,0,"MSCCR_reGRID_589_Biopsy_1150"
0.740836795566235,0.241192047443197,0.0179711569905674,"MSCCR_reGRID_590_Biopsy_1151"
0.884756684614101,0.10993338940155,0.00530992598434954,"MSCCR_reGRID_590_Biopsy_1152"
0.899533864911872,0.100466135088128,0,"MSCCR_reGRID_591_Biopsy_1154"
0.919879092577396,0.0778376905291475,0.0022832168934569,"MSCCR_reGRID_591_Biopsy_1153"
0.844608600752733,0.12736896203483,0.0280224372124364,"MSCCR_reGRID_592_Biopsy_1155"
0.848490670582608,0.132884878419902,0.0186244509974893,"MSCCR_reGRID_592_Biopsy_1156"
0.814646804366367,0.185353195633633,0,"MSCCR_reGRID_593_Biopsy_1158"
0.816893527910856,0.166471780609559,0.0166346914795847,"MSCCR_reGRID_593_Biopsy_1157"
0.761761152905112,0.238238847094888,0,"MSCCR_reGRID_594_Biopsy_1159"
0.851526490601294,0.126678241627618,0.0217952677710872,"MSCCR_reGRID_594_Biopsy_1160"
0.799453513673526,0.157754827634579,0.0427916586918949,"MSCCR_reGRID_595_Biopsy_1161"
0.841336775540903,0.125192237286624,0.0334709871724723,"MSCCR_reGRID_595_Biopsy_1162"
0.830241180904724,0.169758819095276,0,"MSCCR_reGRID_596_Biopsy_1163"
0.873015588904807,0.0956876402502654,0.0312967708449276,"MSCCR_reGRID_598_Biopsy_1164"
0.8126068825879,0.135114157437566,0.0522789599745337,"MSCCR_reGRID_598_Biopsy_1165"
0.804203583892881,0.17266414952039,0.0231322665867296,"MSCCR_reGRID_600_Biopsy_1166"
0.835619263784131,0.135396968935114,0.0289837672807541,"MSCCR_reGRID_600_Biopsy_1167"
0.546288187242295,0.453711812757705,0,"MSCCR_reGRID_601_Biopsy_1168"
0.808298889057652,0.164611519586637,0.0270895913557111,"MSCCR_reGRID_601_Biopsy_1169"
0.76364263873202,0.23635736126798,0,"MSCCR_reGRID_602_Biopsy_1170"
0.861515924814289,0.111013181257488,0.0274708939282229,"MSCCR_reGRID_602_Biopsy_1171"
0.657542908645213,0.342457091354787,0,"MSCCR_reGRID_603_Biopsy_1173"
0.763810545536762,0.205223031518992,0.030966422944246,"MSCCR_reGRID_603_Biopsy_1172"
0.759473487377797,0.230345315244956,0.0101811973772465,"MSCCR_reGRID_604_Biopsy_1174"
0.922214475357417,0.0777855246425824,0,"MSCCR_reGRID_604_Biopsy_1175"
0.872218684811557,0.113003728901002,0.01477758628744,"MSCCR_reGRID_604_Biopsy_1176"
0.755415100405107,0.234516772137123,0.0100681274577695,"MSCCR_reGRID_605_Biopsy_1177"
0.843672927238345,0.13511690484468,0.0212101679169742,"MSCCR_reGRID_605_Biopsy_1178"
0.805604331974594,0.194395668025406,0,"MSCCR_reGRID_605_Biopsy_1179"
0.761497188491119,0.2138693542134,0.0246334572954803,"MSCCR_reGRID_606_Biopsy_1180"
0.899060704260744,0.100939295739256,0,"MSCCR_reGRID_606_Biopsy_1181"
0.857291340857559,0.14270865914244,0,"MSCCR_reGRID_607_Biopsy_1182"
0.934584182046015,0.0654158179539847,0,"MSCCR_reGRID_608_Biopsy_1183"
0.888119255589388,0.111880744410612,0,"MSCCR_reGRID_608_Biopsy_1184"
0.865551453280565,0.131402469131498,0.00304607758793651,"MSCCR_reGRID_609_Biopsy_1185"
0.880899806374944,0.0835956109772086,0.0355045826478476,"MSCCR_reGRID_609_Biopsy_1186"
0.837094799430918,0.156001189670841,0.006904010898241,"MSCCR_reGRID_610_Biopsy_1187"
0.820356446146369,0.158213114834763,0.0214304390188668,"MSCCR_reGRID_610_Biopsy_1188"
0.831832360561492,0.147756261640488,0.0204113777980203,"MSCCR_reGRID_611_Biopsy_1189"
0.887055845182881,0.112944154817119,0,"MSCCR_reGRID_611_Biopsy_1190"
0.67348758513605,0.32651241486395,0,"MSCCR_reGRID_612_Biopsy_1191"
0.760921981158982,0.239078018841018,0,"MSCCR_reGRID_612_Biopsy_1192"
0.837395789144893,0.162604210855107,0,"MSCCR_reGRID_612_Biopsy_1193"
0.807785829878116,0.192214170121884,0,"MSCCR_reGRID_613_Biopsy_1194"
0.858176306824086,0.139689106669639,0.00213458650627441,"MSCCR_reGRID_613_Biopsy_1195"
0.853378018444874,0.146621981555126,0,"MSCCR_reGRID_614_Biopsy_1196"
0.860737106165549,0.139262893834451,0,"MSCCR_reGRID_615_Biopsy_1197"
0.910513674623418,0.0853277537025944,0.00415857167398759,"MSCCR_reGRID_616_Biopsy_1198"
0.795029006264471,0.160364904554188,0.0446060891813411,"MSCCR_reGRID_616_Biopsy_1199"
0.821119012262734,0.178880987737266,0,"MSCCR_reGRID_617_Biopsy_1201"
0.695217659625522,0.304782340374478,0,"MSCCR_reGRID_617_Biopsy_1200"
0.822267884620393,0.163861174368427,0.0138709410111797,"MSCCR_reGRID_618_Biopsy_1202"
0.819212652477614,0.138110965074209,0.0426763824481766,"MSCCR_reGRID_618_Biopsy_1203"
0.680538913599386,0.319461086400614,0,"MSCCR_reGRID_619_Biopsy_1204"
0.931848664309376,0.0681513356906241,0,"MSCCR_reGRID_620_Biopsy_1206"
0.878379761568621,0.113190589246276,0.00842964918510269,"MSCCR_reGRID_620_Biopsy_1205"
0.851774611294287,0.132249613155813,0.0159757755498997,"MSCCR_reGRID_621_Biopsy_1207"
0.846008749567167,0.144683162085005,0.00930808834782793,"MSCCR_reGRID_621_Biopsy_1208"
0.873503159066606,0.126496840933394,0,"MSCCR_reGRID_622_Biopsy_1209"
0.80110369497052,0.165906811805121,0.032989493224358,"MSCCR_reGRID_623_Biopsy_1211"
0.798819996638599,0.161665766115629,0.0395142372457709,"MSCCR_reGRID_623_Biopsy_1210"
0.893603864356192,0.103735551709616,0.00266058393419233,"MSCCR_reGRID_624_Biopsy_1212"
0.775587048894103,0.204106976809321,0.0203059742965759,"MSCCR_reGRID_625_Biopsy_1214"
0.785587391601939,0.196002605585465,0.0184100028125952,"MSCCR_reGRID_625_Biopsy_1213"
0.785000917169427,0.190045116574195,0.0249539662563779,"MSCCR_reGRID_627_Biopsy_1216"
0.830371755228333,0.169628244771667,0,"MSCCR_reGRID_627_Biopsy_1215"
0.828598845920455,0.15291517321771,0.0184859808618348,"MSCCR_reGRID_627_Biopsy_1217"
0.619333919079645,0.380666080920355,0,"MSCCR_reGRID_628_Biopsy_1218"
0.897412548054097,0.101244775871276,0.00134267607462712,"MSCCR_reGRID_628_Biopsy_1219"
0.808768060018298,0.184565127205241,0.00666681277646075,"MSCCR_reGRID_629_Biopsy_1221"
0.873830330153118,0.126169669846882,0,"MSCCR_reGRID_629_Biopsy_1220"
0.673206571014449,0.326793428985551,0,"MSCCR_reGRID_631_Biopsy_1223"
0.821049578305264,0.139598024188224,0.0393523975065113,"MSCCR_reGRID_631_Biopsy_1222"
0.802148424123254,0.194798010565522,0.00305356531122358,"MSCCR_reGRID_632_Biopsy_1224"
0.77966282109624,0.193381116866638,0.026956062037122,"MSCCR_reGRID_633_Biopsy_1225"
0.795970246501709,0.190178053575653,0.0138516999226379,"MSCCR_reGRID_633_Biopsy_1226"
0.884076007731523,0.0908028834572266,0.0251211088112498,"MSCCR_reGRID_633_Biopsy_1227"
0.868921646578973,0.112646308681982,0.0184320447390447,"MSCCR_reGRID_634_Biopsy_1228"
0.882119162807325,0.0898756620029646,0.0280051751897097,"MSCCR_reGRID_634_Biopsy_1229"
0.82807821839966,0.17192178160034,0,"MSCCR_reGRID_635_Biopsy_1230"
0.867384717240465,0.122124193260029,0.0104910894995063,"MSCCR_reGRID_636_Biopsy_1231"
0.907468942201467,0.0925310577985324,0,"MSCCR_reGRID_636_Biopsy_1232"
0.78444788711722,0.188044713959373,0.0275073989234068,"MSCCR_reGRID_637_Biopsy_1233"
0.803777406117686,0.196222593882313,0,"MSCCR_reGRID_637_Biopsy_1234"
0.836124225093352,0.136170156202089,0.027705618704559,"MSCCR_reGRID_638_Biopsy_1236"
0.882277567406408,0.107968365193492,0.0097540674000991,"MSCCR_reGRID_638_Biopsy_1235"
0.881570251384288,0.118429748615712,0,"MSCCR_reGRID_639_Biopsy_1237"
0.789668268530958,0.20471089831313,0.0056208331559115,"MSCCR_reGRID_641_Biopsy_1238"
0.872341693794268,0.120087267114533,0.00757103909119894,"MSCCR_reGRID_641_Biopsy_1239"
0.827422655395302,0.150662536571531,0.0219148080331669,"MSCCR_reGRID_643_Biopsy_1240"
0.719062740903053,0.280937259096947,0,"MSCCR_reGRID_644_Biopsy_1241"
0.888525117978581,0.106125649133174,0.00534923288824496,"MSCCR_reGRID_644_Biopsy_1242"
0.737517592134342,0.262318486943432,0.000163920922225502,"MSCCR_reGRID_645_Biopsy_1244"
0.760477959129727,0.235666758750771,0.00385528211950159,"MSCCR_reGRID_645_Biopsy_1243"
0.85102063835103,0.148979361648969,0,"MSCCR_reGRID_646_Biopsy_1245"
0.86350834560462,0.13649165439538,0,"MSCCR_reGRID_646_Biopsy_1246"
0.927095177474769,0.0729048225252311,0,"MSCCR_reGRID_647_Biopsy_1247"
0.804044913798571,0.184655102307585,0.0112999838938436,"MSCCR_reGRID_647_Biopsy_1248"
0.955746903268558,0.0442530967314416,0,"MSCCR_reGRID_648_Biopsy_1249"
0.90342759527207,0.0941423480464819,0.00243005668144847,"MSCCR_reGRID_648_Biopsy_1250"
0.949487202826441,0.0505127971735588,0,"MSCCR_reGRID_649_Biopsy_1251"
0.88980772138433,0.081788974213615,0.0284033044020541,"MSCCR_reGRID_649_Biopsy_1252"
0.644293181797286,0.355706818202713,0,"MSCCR_reGRID_650_Biopsy_1253"
0.828133972602852,0.171866027397148,0,"MSCCR_reGRID_650_Biopsy_1254"
0.802894507567915,0.193018531584984,0.00408696084710125,"MSCCR_reGRID_651_Biopsy_1256"
0.824042858217928,0.175957141782072,0,"MSCCR_reGRID_651_Biopsy_1255"
0.752713562311958,0.222571303162412,0.0247151345256304,"MSCCR_reGRID_652_Biopsy_1257"
0.845586062377331,0.137104429409663,0.0173095082130057,"MSCCR_reGRID_652_Biopsy_1258"
0.931098319282755,0.0689016807172448,0,"MSCCR_reGRID_653_Biopsy_1259"
0.781582641089285,0.185195923492423,0.0332214354182918,"MSCCR_reGRID_654_Biopsy_1261"
0.780145208535528,0.179168542801562,0.0406862486629098,"MSCCR_reGRID_654_Biopsy_1262"
0.803041217042429,0.153199619125158,0.0437591638324132,"MSCCR_reGRID_654_Biopsy_1260"
0.782783807820286,0.217216192179714,0,"MSCCR_reGRID_655_Biopsy_1263"
0.738473518037949,0.251750389078014,0.00977609288403619,"MSCCR_reGRID_655_Biopsy_1264"
0.931814063898284,0.0681859361017156,0,"MSCCR_reGRID_656_Biopsy_1265"
0.77679368587823,0.22320631412177,0,"MSCCR_reGRID_656_Biopsy_1266"
0.776057650538396,0.188383210783741,0.0355591386778629,"MSCCR_reGRID_657_Biopsy_1267"
0.840154164487352,0.111252079429529,0.0485937560831186,"MSCCR_reGRID_657_Biopsy_1268"
0.793042931106136,0.180005298207775,0.0269517706860895,"MSCCR_reGRID_658_Biopsy_1270"
0.922267661992993,0.0674867677782779,0.0102455702287289,"MSCCR_reGRID_658_Biopsy_1269"
0.776974210473846,0.180314704657051,0.0427110848691035,"MSCCR_reGRID_659_Biopsy_1271"
0.867638296349755,0.115081704490395,0.01727999915985,"MSCCR_reGRID_659_Biopsy_1272"
0.78443362434981,0.21556637565019,0,"MSCCR_reGRID_660_Biopsy_1273"
0.856597981953704,0.143402018046296,0,"MSCCR_reGRID_660_Biopsy_1274"
0.714494960589593,0.285505039410407,0,"MSCCR_reGRID_661_Biopsy_1276"
0.831130037871644,0.155389240763048,0.013480721365308,"MSCCR_reGRID_661_Biopsy_1275"
0.820388396590871,0.179318795830939,0.000292807578189169,"MSCCR_reGRID_662_Biopsy_1277"
0.793506818790318,0.197432749950943,0.00906043125873945,"MSCCR_reGRID_662_Biopsy_1278"
0.850719603184145,0.13541875948349,0.0138616373323649,"MSCCR_reGRID_664_Biopsy_1279"
0.786854547915571,0.165492631157743,0.047652820926686,"MSCCR_reGRID_664_Biopsy_1280"
0.820416361257979,0.17417553598392,0.005408102758102,"MSCCR_reGRID_665_Biopsy_1282"
0.80785535207545,0.156868232888418,0.0352764150361323,"MSCCR_reGRID_665_Biopsy_1281"
0.891592640315059,0.108407359684941,0,"MSCCR_reGRID_666_Biopsy_1284"
0.852665333068679,0.147334666931321,0,"MSCCR_reGRID_666_Biopsy_1283"
0.842868927022046,0.157131072977954,0,"MSCCR_reGRID_667_Biopsy_1285"
0.861423650940748,0.133779459227224,0.00479688983202775,"MSCCR_reGRID_667_Biopsy_1286"
0.897763310617579,0.0944849044883166,0.00775178489410455,"MSCCR_reGRID_668_Biopsy_1287"
0.832066527518965,0.137991784880844,0.0299416876001902,"MSCCR_reGRID_668_Biopsy_1288"
0.867730648104051,0.132269351895949,0,"MSCCR_reGRID_670_Biopsy_1289"
0.800549120179052,0.166734826771634,0.0327160530493141,"MSCCR_reGRID_670_Biopsy_1290"
0.803430272341061,0.193551100020024,0.00301862763891414,"MSCCR_reGRID_671_Biopsy_1292"
0.810765419983036,0.178576258754262,0.0106583212627025,"MSCCR_reGRID_671_Biopsy_1291"
0.881405390499639,0.118594609500361,0,"MSCCR_reGRID_672_Biopsy_1293"
0.792633888083839,0.173909464684393,0.0334566472317678,"MSCCR_reGRID_672_Biopsy_1294"
0.845027137495305,0.154972862504695,0,"MSCCR_reGRID_673_Biopsy_1295"
0.84075142439963,0.120916746268591,0.0383318293317791,"MSCCR_reGRID_673_Biopsy_1296"
0.806778242069602,0.152289518668003,0.0409322392623955,"MSCCR_reGRID_674_Biopsy_1297"
0.803423483979416,0.172616416001377,0.0239601000192068,"MSCCR_reGRID_674_Biopsy_1298"
0.712908249495865,0.287091750504135,0,"MSCCR_reGRID_675_Biopsy_1299"
0.811231874535739,0.151684405302625,0.0370837201616354,"MSCCR_reGRID_675_Biopsy_1300"
0.867789293973648,0.115122604215544,0.0170881018108068,"MSCCR_reGRID_676_Biopsy_1301"
0.85272714042497,0.101802778550726,0.0454700810243038,"MSCCR_reGRID_676_Biopsy_1302"
0.746458171853499,0.243832257545327,0.00970957060117356,"MSCCR_reGRID_678_Biopsy_1305"
0.792469685855584,0.18197359340498,0.0255567207394364,"MSCCR_reGRID_678_Biopsy_1304"
0.814565788020741,0.185434211979259,0,"MSCCR_reGRID_678_Biopsy_1303"
0.829857358881529,0.17014264111847,0,"MSCCR_reGRID_680_Biopsy_1308"
0.913289285572372,0.086710714427628,0,"MSCCR_reGRID_680_Biopsy_1307"
0.834938069417805,0.165061930582195,0,"MSCCR_reGRID_680_Biopsy_1306"
0.785470157583586,0.211976452246624,0.00255339016979028,"MSCCR_reGRID_681_Biopsy_1309"
0.792480846445694,0.199535173630043,0.00798397992426253,"MSCCR_reGRID_681_Biopsy_1310"
0.811038481569209,0.179803791201651,0.00915772722913938,"MSCCR_reGRID_682_Biopsy_1311"
0.894711326253783,0.105288673746216,0,"MSCCR_reGRID_682_Biopsy_1312"
0.838691485438387,0.144240927720081,0.017067586841532,"MSCCR_reGRID_684_Biopsy_1313"
0.845447592026352,0.145520525121781,0.00903188285186673,"MSCCR_reGRID_684_Biopsy_1314"
0.711359168796031,0.288640831203969,0,"MSCCR_reGRID_686_Biopsy_1315"
0.780717359464851,0.183939847364567,0.0353427931705811,"MSCCR_reGRID_686_Biopsy_1316"
0.824309936288698,0.175690063711302,0,"MSCCR_reGRID_688_Biopsy_1317"
0.930973474937065,0.0683163672725154,0.000710157790419164,"MSCCR_reGRID_688_Biopsy_1318"
0.854844830536363,0.0986292216674427,0.0465259477961941,"MSCCR_reGRID_689_Biopsy_1319"
0.840438906546095,0.124421778042025,0.0351393154118792,"MSCCR_reGRID_689_Biopsy_1320"
0.78915806054705,0.17363058361662,0.0372113558363301,"MSCCR_reGRID_691_Biopsy_1322"
0.853166971960765,0.146211831235394,0.00062119680384054,"MSCCR_reGRID_691_Biopsy_1321"
0.881169498989278,0.118830501010722,0,"MSCCR_reGRID_692_Biopsy_1323"
0.852893794723323,0.134724432434464,0.0123817728422134,"MSCCR_reGRID_692_Biopsy_1324"
0.844961528537001,0.148412357743338,0.00662611371966049,"MSCCR_reGRID_693_Biopsy_1325"
0.808350622980547,0.146477774666837,0.0451716023526161,"MSCCR_reGRID_693_Biopsy_1326"
0.748916293667028,0.205670461494578,0.0454132448383944,"MSCCR_reGRID_694_Biopsy_1328"
0.869675646706677,0.090123236880397,0.0402011164129255,"MSCCR_reGRID_694_Biopsy_1329"
0.77237820674537,0.22762179325463,0,"MSCCR_reGRID_694_Biopsy_1327"
0.704214800955625,0.295785199044375,0,"MSCCR_reGRID_695_Biopsy_1331"
0.798987300065638,0.186430922075821,0.0145817778585415,"MSCCR_reGRID_695_Biopsy_1330"
0.859878466253796,0.115182854837628,0.0249386789085754,"MSCCR_reGRID_696_Biopsy_1332"
0.796385781452373,0.176800736783849,0.026813481763778,"MSCCR_reGRID_696_Biopsy_1333"
0.862639838622951,0.137360161377049,0,"MSCCR_reGRID_697_Biopsy_1334"
0.639364159948168,0.344610174167194,0.0160256658846378,"MSCCR_reGRID_697_Biopsy_1335"
0.722893328732351,0.27710667126765,0,"MSCCR_reGRID_698_Biopsy_1337"
0.815437220350554,0.157735429245522,0.0268273504039235,"MSCCR_reGRID_698_Biopsy_1336"
0.834121815237103,0.165878184762897,0,"MSCCR_reGRID_700_Biopsy_1338"
0.817628060136779,0.149530002383747,0.0328419374794739,"MSCCR_reGRID_701_Biopsy_1339"
0.85864647496015,0.115887244197241,0.0254662808426088,"MSCCR_reGRID_702_Biopsy_1342"
0.947762804657168,0.0408498181445469,0.0113873771982846,"MSCCR_reGRID_702_Biopsy_1341"
0.923274281012207,0.0635412904168587,0.0131844285709345,"MSCCR_reGRID_703_Biopsy_1343"
0.886845547088798,0.113154452911202,0,"MSCCR_reGRID_704_Biopsy_1344"
0.902831965275443,0.0890868830535518,0.00808115167100476,"MSCCR_reGRID_704_Biopsy_1345"
0.860965518194549,0.139034481805451,0,"MSCCR_reGRID_705_Biopsy_1346"
0.834304669658065,0.165695330341934,0,"MSCCR_reGRID_705_Biopsy_1347"
0.763925564399158,0.197439255788562,0.0386351798122805,"MSCCR_reGRID_706_Biopsy_1348"
0.805269847075371,0.19473015292463,0,"MSCCR_reGRID_706_Biopsy_1349"
0.763728733807742,0.236271266192258,0,"MSCCR_reGRID_706_Biopsy_1350"
0.797002919980574,0.202997080019425,0,"MSCCR_reGRID_707_Biopsy_1351"
0.796680443581213,0.17120054038197,0.0321190160368161,"MSCCR_reGRID_707_Biopsy_1352"
0.804182387018044,0.171290078605463,0.0245275343764929,"MSCCR_reGRID_708_Biopsy_1354"
0.813347677299315,0.126247451237961,0.0604048714627234,"MSCCR_reGRID_708_Biopsy_1353"
0.734168238935383,0.239919750277645,0.025912010786972,"MSCCR_reGRID_709_Biopsy_1355"
0.860862386414909,0.13695776899765,0.00217984458744125,"MSCCR_reGRID_709_Biopsy_1356"
0.776221772603857,0.188693984231298,0.0350842431648445,"MSCCR_reGRID_710_Biopsy_1357"
0.796641345600534,0.178991415807413,0.0243672385920536,"MSCCR_reGRID_710_Biopsy_1358"
0.787737041724513,0.199471210600882,0.012791747674604,"MSCCR_reGRID_711_Biopsy_1360"
0.864091649490258,0.0883533945138339,0.0475549559959073,"MSCCR_reGRID_711_Biopsy_1361"
0.724975288626588,0.275024711373412,0,"MSCCR_reGRID_711_Biopsy_1359"
0.724283968909642,0.22606433755161,0.0496516935387474,"MSCCR_reGRID_712_Biopsy_1362"
0.804899237268058,0.173484893671135,0.0216158690608064,"MSCCR_reGRID_712_Biopsy_1363"
0.873532498688692,0.126467501311308,0,"MSCCR_reGRID_713_Biopsy_1364"
0.843809786865461,0.156190213134539,0,"MSCCR_reGRID_713_Biopsy_1365"
0.815450216524718,0.169009343902464,0.0155404395728176,"MSCCR_reGRID_714_Biopsy_1366"
0.798269759093915,0.142128718740934,0.0596015221651511,"MSCCR_reGRID_715_Biopsy_1368"
0.824530263840521,0.14427744281912,0.031192293340358,"MSCCR_reGRID_715_Biopsy_1367"
0.793209456638771,0.179222362235639,0.0275681811255896,"MSCCR_reGRID_716_Biopsy_1369"
0.882760197267019,0.0737695591222227,0.0434702436107586,"MSCCR_reGRID_716_Biopsy_1370"
0.656216156504174,0.343783843495826,0,"MSCCR_reGRID_718_Biopsy_1371"
0.75165619032419,0.24834380967581,0,"MSCCR_reGRID_718_Biopsy_1372"
0.785810715663513,0.186341533388297,0.0278477509481898,"MSCCR_reGRID_719_Biopsy_1373"
0.876146351955538,0.102268859913162,0.0215847881312996,"MSCCR_reGRID_719_Biopsy_1374"
0.768529378132817,0.21790822789602,0.0135623939711634,"MSCCR_reGRID_720_Biopsy_1376"
0.802921694193598,0.170006035086029,0.0270722707203724,"MSCCR_reGRID_720_Biopsy_1375"
0.75138958966451,0.24861041033549,0,"MSCCR_reGRID_721_Biopsy_1377"
0.868782603839424,0.115712544633146,0.0155048515274298,"MSCCR_reGRID_721_Biopsy_1378"
0.775937726897522,0.186290040889316,0.037772232213162,"MSCCR_reGRID_722_Biopsy_1379"
0.785176966485438,0.186749066198394,0.0280739673161675,"MSCCR_reGRID_722_Biopsy_1380"
0.849212323534224,0.129082012307072,0.0217056641587042,"MSCCR_reGRID_723_Biopsy_1381"
0.780919901660357,0.188625950821763,0.0304541475178801,"MSCCR_reGRID_723_Biopsy_1382"
0.801005192567488,0.198994807432512,0,"MSCCR_reGRID_724_Biopsy_1383"
0.882866760412847,0.107622140100906,0.00951109948624718,"MSCCR_reGRID_724_Biopsy_1384"
0.802297533816388,0.197346009654902,0.000356456528709859,"MSCCR_reGRID_725_Biopsy_1385"
0.790908191051493,0.19107994041146,0.0180118685370463,"MSCCR_reGRID_725_Biopsy_1386"
0.871971963164269,0.128028036835731,0,"MSCCR_reGRID_726_Biopsy_1387"
0.835405727059853,0.134558259495093,0.0300360134450536,"MSCCR_reGRID_726_Biopsy_1388"
0.916118011977527,0.0838819880224729,0,"MSCCR_reGRID_727_Biopsy_1389"
0.789307266677678,0.210692733322322,0,"MSCCR_reGRID_727_Biopsy_1390"
0.752279009073253,0.23597748496753,0.0117435059592171,"MSCCR_reGRID_728_Biopsy_1391"
0.863529700931526,0.126833168677142,0.00963713039133141,"MSCCR_reGRID_728_Biopsy_1392"
0.83428568358235,0.131599749002399,0.0341145674152511,"MSCCR_reGRID_730_Biopsy_1394"
0.799826204031485,0.155905404274936,0.044268391693579,"MSCCR_reGRID_730_Biopsy_1393"
0.755619299236628,0.234360213160242,0.0100204876031307,"MSCCR_reGRID_731_Biopsy_1395"
0.833697525724139,0.162640345789333,0.00366212848652769,"MSCCR_reGRID_731_Biopsy_1396"
0.859637685033929,0.133440596981565,0.00692171798450536,"MSCCR_reGRID_732_Biopsy_1398"
0.746839867919219,0.244167756949683,0.00899237513109824,"MSCCR_reGRID_732_Biopsy_1397"
0.867709701532064,0.131047981113783,0.00124231735415281,"MSCCR_reGRID_733_Biopsy_1399"
0.851096552669568,0.130631275775178,0.0182721715552548,"MSCCR_reGRID_733_Biopsy_1400"
0.811123647223515,0.188876352776485,0,"MSCCR_reGRID_734_Biopsy_1401"
0.877372237403728,0.122627762596271,0,"MSCCR_reGRID_734_Biopsy_1402"
0.88890161276679,0.0773077217252289,0.0337906655079813,"MSCCR_reGRID_735_Biopsy_1404"
0.90323425927585,0.096160430903153,0.000605309820996269,"MSCCR_reGRID_735_Biopsy_1403"
0.884101785787684,0.109399812437483,0.00649840177483252,"MSCCR_reGRID_736_Biopsy_1406"
0.804753475534574,0.171769813571991,0.0234767108934344,"MSCCR_reGRID_736_Biopsy_1405"
0.795117287032388,0.165512395569544,0.0393703173980681,"MSCCR_reGRID_738_Biopsy_1407"
0.76980491649747,0.23019508350253,0,"MSCCR_reGRID_738_Biopsy_1408"
0.794395075846424,0.172090887582404,0.0335140365711725,"MSCCR_reGRID_739_Biopsy_1409"
0.818130602041237,0.150636899705022,0.0312324982537405,"MSCCR_reGRID_739_Biopsy_1410"
0.774537297960748,0.20069088833934,0.0247718136999122,"MSCCR_reGRID_741_Biopsy_1411"
0.852275143819071,0.124281216281621,0.0234436398993088,"MSCCR_reGRID_741_Biopsy_1412"
0.819856784966429,0.180143215033571,0,"MSCCR_reGRID_742_Biopsy_1413"
0.83830518637416,0.16169481362584,0,"MSCCR_reGRID_742_Biopsy_1414"
0.812430304590955,0.187569695409045,0,"MSCCR_reGRID_745_Biopsy_1415"
0.861577642197747,0.127223848018712,0.0111985097835405,"MSCCR_reGRID_745_Biopsy_1416"
0.764426297807527,0.235573702192473,0,"MSCCR_reGRID_748_Biopsy_1417"
0.809415997699795,0.144747269970786,0.0458367323294187,"MSCCR_reGRID_748_Biopsy_1418"
0.766955619704039,0.233044380295961,0,"MSCCR_reGRID_750_Biopsy_1420"
0.781306702763148,0.202579390803225,0.0161139064336266,"MSCCR_reGRID_750_Biopsy_1421"
0.774716530215267,0.217136561396859,0.00814690838787396,"MSCCR_reGRID_750_Biopsy_1419"
0.766706544966617,0.215285492301748,0.0180079627316341,"MSCCR_reGRID_751_Biopsy_1422"
0.808763505833543,0.164355750575464,0.0268807435909927,"MSCCR_reGRID_751_Biopsy_1423"
0.861776060873102,0.136484572605025,0.00173936652187245,"MSCCR_reGRID_754_Biopsy_1424"
0.791337532707404,0.182200504196204,0.026461963096392,"MSCCR_reGRID_755_Biopsy_1425"
0.827958019013043,0.143071965073352,0.0289700159136043,"MSCCR_reGRID_755_Biopsy_1426"
0.734881415214,0.265118584786,0,"MSCCR_reGRID_758_Biopsy_1427"
0.820950398319858,0.148481200809431,0.0305684008707112,"MSCCR_reGRID_758_Biopsy_1428"
0.797418581734753,0.174621288736967,0.0279601295282801,"MSCCR_reGRID_760_Biopsy_1429"
0.827807643071194,0.14274407460277,0.0294482823260356,"MSCCR_reGRID_760_Biopsy_1430"
0.768901911809177,0.208736805117557,0.0223612830732659,"MSCCR_reGRID_761_Biopsy_1431"
0.797045933255514,0.160747499818357,0.0422065669261287,"MSCCR_reGRID_761_Biopsy_1432"
0.767242367637088,0.190610988922074,0.0421466434408379,"MSCCR_reGRID_762_Biopsy_1433"
0.861801667623835,0.136775111758829,0.00142322061733535,"MSCCR_reGRID_762_Biopsy_1434"
0.862644478381281,0.11679518057397,0.0205603410447485,"MSCCR_reGRID_763_Biopsy_1435"
0.805074836589251,0.165157424114869,0.0297677392958796,"MSCCR_reGRID_763_Biopsy_1436"
0.779995057125988,0.184598155468099,0.0354067874059127,"MSCCR_reGRID_764_Biopsy_1437"
0.777041974463341,0.206117129212862,0.0168408963237972,"MSCCR_reGRID_764_Biopsy_1439"
0.788668162066454,0.171997055600135,0.0393347823334115,"MSCCR_reGRID_764_Biopsy_1438"
0.667555192944632,0.332444807055368,0,"MSCCR_reGRID_765_Biopsy_1440"
0.775166660185553,0.224833339814447,0,"MSCCR_reGRID_765_Biopsy_1441"
0.726548596616266,0.273451403383734,0,"MSCCR_reGRID_766_Biopsy_1442"
0.815859256445663,0.177693668276807,0.00644707527752997,"MSCCR_reGRID_766_Biopsy_1443"
0.769068817278803,0.202030552338894,0.0289006303823032,"MSCCR_reGRID_767_Biopsy_1444"
0.625104893643147,0.374895106356852,0,"MSCCR_reGRID_767_Biopsy_1445"
0.815200876560896,0.169390496276103,0.0154086271630004,"MSCCR_reGRID_769_Biopsy_1446"
0.750070548657507,0.221673457177286,0.0282559941652069,"MSCCR_reGRID_770_Biopsy_1447"
0.881784698608737,0.0995703105890783,0.018644990802185,"MSCCR_reGRID_770_Biopsy_1448"
0.748335555379211,0.251664444620788,0,"MSCCR_reGRID_771_Biopsy_1449"
0.865530997485411,0.112605744753465,0.0218632577611237,"MSCCR_reGRID_771_Biopsy_1450"
0.836305986880135,0.158223454776444,0.00547055834342081,"MSCCR_reGRID_773_Biopsy_1451"
0.80823065443456,0.159220446454461,0.0325488991109796,"MSCCR_reGRID_773_Biopsy_1452"
0.889768144439102,0.0626486315860322,0.0475832239748659,"MSCCR_reGRID_775_Biopsy_1453"
0.865760303719452,0.104457324045621,0.029782372234927,"MSCCR_reGRID_775_Biopsy_1454"
0.767474690420753,0.217842846060972,0.0146824635182745,"MSCCR_reGRID_776_Biopsy_1455"
0.858277225928196,0.141722774071804,0,"MSCCR_reGRID_779_Biopsy_1457"
0.837691127833751,0.133832894812518,0.0284759773537306,"MSCCR_reGRID_779_Biopsy_1456"
0.80135408269845,0.19864591730155,0,"MSCCR_reGRID_780_Biopsy_1458"
0.828266106800187,0.171733893199813,0,"MSCCR_reGRID_780_Biopsy_1459"
0.809147052276685,0.17258198545792,0.0182709622653945,"MSCCR_reGRID_781_Biopsy_1460"
0.896341882200295,0.103658117799704,0,"MSCCR_reGRID_781_Biopsy_1461"
0.789117041587344,0.191540880885126,0.01934207752753,"MSCCR_reGRID_782_Biopsy_1463"
0.872459789060286,0.11574848189145,0.0117917290482636,"MSCCR_reGRID_782_Biopsy_1462"
0.750640736479829,0.24935926352017,0,"MSCCR_reGRID_783_Biopsy_1464"
0.869147834761408,0.130852165238592,0,"MSCCR_reGRID_783_Biopsy_1465"
0.692285320285649,0.307714679714351,0,"MSCCR_reGRID_784_Biopsy_1467"
0.862585402271246,0.106750375585549,0.0306642221432046,"MSCCR_reGRID_784_Biopsy_1466"
0.798211600573779,0.201788399426221,0,"MSCCR_reGRID_785_Biopsy_1468"
0.851874958631021,0.148125041368979,0,"MSCCR_reGRID_785_Biopsy_1469"
0.74203751376899,0.217364424689306,0.0405980615417039,"MSCCR_reGRID_787_Biopsy_1470"
0.811970428574754,0.188029571425246,0,"MSCCR_reGRID_788_Biopsy_1472"
0.869115853288457,0.130884146711543,0,"MSCCR_reGRID_788_Biopsy_1471"
0.78429545773956,0.182278353430166,0.0334261888302739,"MSCCR_reGRID_789_Biopsy_1473"
0.804211518524254,0.166186674333537,0.0296018071422085,"MSCCR_reGRID_790_Biopsy_1474"
0.825007964795003,0.145604995220503,0.0293870399844946,"MSCCR_reGRID_791_Biopsy_1476"
0.780088164415591,0.219911835584409,0,"MSCCR_reGRID_791_Biopsy_1475"
0.887841514078971,0.110325328134402,0.00183315778662685,"MSCCR_reGRID_793_Biopsy_1477"
0.85038574115703,0.131608304067609,0.01800595477536,"MSCCR_reGRID_793_Biopsy_1478"
0.808207541445579,0.190442867437313,0.00134959111710831,"MSCCR_reGRID_795_Biopsy_1479"
0.822669576435689,0.150491182543653,0.0268392410206579,"MSCCR_reGRID_795_Biopsy_1480"
0.681418080941885,0.318581919058115,0,"MSCCR_reGRID_796_Biopsy_1481"
0.876966935479416,0.0911094531055816,0.0319236114150018,"MSCCR_reGRID_796_Biopsy_1482"
0.780025737566859,0.194662020482332,0.0253122419508083,"MSCCR_reGRID_797_Biopsy_1484"
0.843373425119892,0.132168485916491,0.0244580889636169,"MSCCR_reGRID_797_Biopsy_1483"
0.801707947634353,0.173036015718509,0.0252560366471367,"MSCCR_reGRID_798_Biopsy_1485"
0.919051275742099,0.0663161468160622,0.0146325774418391,"MSCCR_reGRID_798_Biopsy_1486"
0.725133816228853,0.274866183771147,0,"MSCCR_reGRID_800_Biopsy_1487"
0.809756026870519,0.175587714901888,0.0146562582275937,"MSCCR_reGRID_800_Biopsy_1488"
0.813097608024957,0.17719776768517,0.00970462428987257,"MSCCR_reGRID_801_Biopsy_1489"
0.814684282821334,0.146924067806038,0.0383916493726273,"MSCCR_reGRID_801_Biopsy_1490"
0.80352544989187,0.161846090730457,0.0346284593776729,"MSCCR_reGRID_803_Biopsy_1491"
0.871044120182622,0.103339448420338,0.0256164313970405,"MSCCR_reGRID_803_Biopsy_1492"
0.855886935832452,0.120594115404558,0.0235189487629894,"MSCCR_reGRID_804_Biopsy_1494"
0.804494125871109,0.170939109396378,0.0245667647325131,"MSCCR_reGRID_804_Biopsy_1493"
0.797897043084213,0.15489652023055,0.0472064366852365,"MSCCR_reGRID_805_Biopsy_1495"
0.852854859467723,0.11137193977642,0.0357732007558567,"MSCCR_reGRID_805_Biopsy_1496"
0.898432606355075,0.10028247490822,0.00128491873670555,"MSCCR_reGRID_806_Biopsy_1497"
0.856617680036735,0.134427342781722,0.00895497718154259,"MSCCR_reGRID_806_Biopsy_1498"
0.804756875650798,0.195243124349202,0,"MSCCR_reGRID_807_Biopsy_1499"
0.888424482722257,0.111575517277742,0,"MSCCR_reGRID_807_Biopsy_1500"
0.793699816324254,0.192451165547468,0.0138490181282777,"MSCCR_reGRID_809_Biopsy_1501"
0.816489492140565,0.183510507859434,0,"MSCCR_reGRID_809_Biopsy_1502"
0.887333068779691,0.112666931220309,0,"MSCCR_reGRID_810_Biopsy_1503"
0.865888579708526,0.125475656308877,0.0086357639825968,"MSCCR_reGRID_810_Biopsy_1504"
0.862488786171964,0.137511213828036,0,"MSCCR_reGRID_811_Biopsy_1505"
0.829090442324045,0.170909557675955,0,"MSCCR_reGRID_811_Biopsy_1506"
0.894843429467722,0.105156570532278,0,"MSCCR_reGRID_812_Biopsy_1508"
0.851597774512478,0.148402225487522,0,"MSCCR_reGRID_812_Biopsy_1507"
0.823033740666266,0.131595716373712,0.0453705429600212,"MSCCR_reGRID_813_Biopsy_1509"
0.811491710652232,0.169800533435784,0.0187077559119835,"MSCCR_reGRID_813_Biopsy_1510"
0.782299013795136,0.209707371619815,0.00799361458504921,"MSCCR_reGRID_815_Biopsy_1511"
0.876860373483919,0.10622866017164,0.0169109663444408,"MSCCR_reGRID_816_Biopsy_1512"
0.756521662784476,0.243478337215524,0,"MSCCR_reGRID_817_Biopsy_1513"
0.822833497926556,0.177166502073444,0,"MSCCR_reGRID_817_Biopsy_1514"
0.803079599361756,0.160908504936697,0.0360118957015462,"MSCCR_reGRID_818_Biopsy_1515"
0.779789073225995,0.208581965927702,0.0116289608463037,"MSCCR_reGRID_819_Biopsy_1517"
0.822420453835554,0.136068803145028,0.0415107430194173,"MSCCR_reGRID_819_Biopsy_1516"
0.798652331132544,0.201347668867456,0,"MSCCR_reGRID_820_Biopsy_1518"
0.825962386307296,0.149708983466932,0.0243286302257714,"MSCCR_reGRID_820_Biopsy_1519"
0.928366130550534,0.0716338694494661,0,"MSCCR_reGRID_821_Biopsy_1520"
0.867749218435242,0.121625957804085,0.0106248237606724,"MSCCR_reGRID_821_Biopsy_1521"
0.846141222982937,0.133082385717444,0.0207763912996182,"MSCCR_reGRID_822_Biopsy_1522"
0.780836603353505,0.211481283191891,0.00768211345460379,"MSCCR_reGRID_822_Biopsy_1523"
0.809644603603538,0.175172545348536,0.0151828510479254,"MSCCR_reGRID_823_Biopsy_1524"
0.888435076212544,0.0909932934103879,0.0205716303770683,"MSCCR_reGRID_823_Biopsy_1525"
0.748157141135479,0.251842858864521,0,"MSCCR_reGRID_824_Biopsy_1527"
0.830103215921186,0.169896784078814,0,"MSCCR_reGRID_824_Biopsy_1526"
0.647019550740832,0.352980449259168,0,"MSCCR_reGRID_825_Biopsy_1528"
0.84100523176685,0.127314738808345,0.0316800294248049,"MSCCR_reGRID_825_Biopsy_1529"
0.880666301271493,0.107741003343177,0.0115926953853295,"MSCCR_reGRID_826_Biopsy_1530"
0.899334107158894,0.0917737961844359,0.00889209665667046,"MSCCR_reGRID_826_Biopsy_1531"
0.669614706045624,0.330385293954375,0,"MSCCR_reGRID_827_Biopsy_1532"
0.817637506222712,0.151190925364596,0.0311715684126925,"MSCCR_reGRID_827_Biopsy_1533"
0.808591987875775,0.160639008605385,0.0307690035188402,"MSCCR_reGRID_828_Biopsy_1534"
0.869987454672962,0.107576659291887,0.022435886035151,"MSCCR_reGRID_828_Biopsy_1535"
0.723588054482652,0.257206248625868,0.0192056968914798,"MSCCR_reGRID_829_Biopsy_1536"
0.843293461485533,0.123437731103293,0.033268807411173,"MSCCR_reGRID_831_Biopsy_1537"
0.805280914926133,0.178845431683336,0.01587365339053,"MSCCR_reGRID_832_Biopsy_1539"
0.879035684981323,0.0881761741297992,0.0327881408888777,"MSCCR_reGRID_832_Biopsy_1538"
0.796604082829421,0.195311847538148,0.00808406963243063,"MSCCR_reGRID_832_Biopsy_1540"
0.830679013041323,0.169320986958677,0,"MSCCR_reGRID_834_Biopsy_1541"
0.868073605108016,0.131926394891984,0,"MSCCR_reGRID_834_Biopsy_1542"
0.900881156629014,0.0991188433709853,0,"MSCCR_reGRID_836_Biopsy_1543"
0.817811752149499,0.165649107086956,0.0165391407635447,"MSCCR_reGRID_836_Biopsy_1544"
0.7710806396403,0.200204978593264,0.0287143817664355,"MSCCR_reGRID_841_Biopsy_1545"
0.901958131012744,0.0864516701137477,0.0115901988735087,"MSCCR_reGRID_841_Biopsy_1546"
0.886569388747814,0.113430611252186,0,"MSCCR_reGRID_844_Biopsy_1547"
0.866748143204758,0.13039153771156,0.00286031908368112,"MSCCR_reGRID_845_Biopsy_1548"
0.870105814076182,0.121598732216192,0.00829545370762552,"MSCCR_reGRID_845_Biopsy_1549"
0.845285457797322,0.154714542202678,0,"MSCCR_reGRID_846_Biopsy_1550"
0.849431311208713,0.140853813781455,0.00971487500983226,"MSCCR_reGRID_846_Biopsy_1551"
0.756353308307548,0.243646691692452,0,"MSCCR_reGRID_847_Biopsy_1552"
0.884772328906972,0.115227671093028,0,"MSCCR_reGRID_848_Biopsy_1553"
0.889287717895946,0.110712282104055,0,"MSCCR_reGRID_848_Biopsy_1554"
0.778970485989499,0.181858568203446,0.0391709458070551,"MSCCR_reGRID_849_Biopsy_1555"
0.714333763860327,0.285666236139673,0,"MSCCR_reGRID_849_Biopsy_1556"
0.745507667143311,0.217687814147534,0.0368045187091556,"MSCCR_reGRID_850_Biopsy_1557"
0.671222878285394,0.318835659960616,0.00994146175398974,"MSCCR_reGRID_850_Biopsy_1558"
0.788483410753712,0.192128947209041,0.0193876420372467,"MSCCR_reGRID_851_Biopsy_1559"
0.907863237944185,0.0732294340726767,0.0189073279831388,"MSCCR_reGRID_851_Biopsy_1560"
0.787122282404864,0.169059248953669,0.0438184686414663,"MSCCR_reGRID_852_Biopsy_1562"
0.840906305164176,0.11925269117255,0.0398410036632732,"MSCCR_reGRID_852_Biopsy_1561"
0.76444150688236,0.228288711911426,0.00726978120621413,"MSCCR_reGRID_853_Biopsy_1564"
0.862615725588814,0.126528218722971,0.010856055688214,"MSCCR_reGRID_853_Biopsy_1563"
0.764011555665833,0.233626624019907,0.00236182031425941,"MSCCR_reGRID_854_Biopsy_1565"
0.848803603389841,0.151196396610159,0,"MSCCR_reGRID_854_Biopsy_1566"
0.72442389175811,0.27557610824189,0,"MSCCR_reGRID_855_Biopsy_1567"
0.840658354207717,0.159341645792283,0,"MSCCR_reGRID_855_Biopsy_1568"
0.776328215506321,0.182697696292751,0.0409740882009283,"MSCCR_reGRID_856_Biopsy_1570"
0.75824859166272,0.24175140833728,0,"MSCCR_reGRID_856_Biopsy_1569"
0.878103116499239,0.121896883500761,0,"MSCCR_reGRID_857_Biopsy_1571"
0.775091588050425,0.224908411949575,0,"MSCCR_reGRID_858_Biopsy_1572"
0.93215270485132,0.06784729514868,0,"MSCCR_reGRID_858_Biopsy_1573"
0.927481564527894,0.072518435472106,0,"MSCCR_reGRID_859_Biopsy_1575"
0.90877470788674,0.0912252921132595,0,"MSCCR_reGRID_859_Biopsy_1574"
0.72448252515765,0.261399316720864,0.0141181581214864,"MSCCR_reGRID_860_Biopsy_1577"
0.861554151286824,0.115165617430205,0.0232802312829714,"MSCCR_reGRID_860_Biopsy_1576"
0.874654132289854,0.125345867710146,0,"MSCCR_reGRID_865_Biopsy_1578"
0.781725415590258,0.199520104689894,0.0187544797198482,"MSCCR_reGRID_867_Biopsy_1580"
0.819113430966539,0.174397643560124,0.00648892547333668,"MSCCR_reGRID_867_Biopsy_1579"
0.733437174230635,0.226096540288249,0.0404662854811157,"MSCCR_reGRID_868_Biopsy_1581"
0.830122799600639,0.139985489290085,0.0298917111092756,"MSCCR_reGRID_868_Biopsy_1582"
0.949876243404839,0.0501237565951612,0,"MSCCR_reGRID_869_Biopsy_1584"
0.855000544826962,0.110040487525041,0.0349589676479966,"MSCCR_reGRID_869_Biopsy_1583"
0.691810095756894,0.308189904243105,0,"MSCCR_reGRID_870_Biopsy_1586"
0.830104385665241,0.139915585641723,0.0299800286930362,"MSCCR_reGRID_870_Biopsy_1585"
0.799403980655022,0.161642389402544,0.0389536299424338,"MSCCR_reGRID_871_Biopsy_1587"
0.847122001822768,0.100957222007243,0.0519207761699886,"MSCCR_reGRID_871_Biopsy_1588"
0.700590872319425,0.299409127680575,0,"MSCCR_reGRID_872_Biopsy_1589"
0.884255262107766,0.107269523568078,0.00847521432415677,"MSCCR_reGRID_872_Biopsy_1590"
0.819363198456949,0.172582794158999,0.00805400738405226,"MSCCR_reGRID_873_Biopsy_1592"
0.924165749228315,0.0758342507716845,0,"MSCCR_reGRID_873_Biopsy_1591"
0.819076814079394,0.180923185920606,0,"MSCCR_reGRID_875_Biopsy_1594"
0.895788392663331,0.10421160733667,0,"MSCCR_reGRID_875_Biopsy_1593"
0.797099194943731,0.19201172680425,0.0108890782520195,"MSCCR_reGRID_876_Biopsy_1595"
0.812303609210067,0.187696390789932,0,"MSCCR_reGRID_876_Biopsy_1596"
0.860606709155521,0.139393290844479,0,"MSCCR_reGRID_879_Biopsy_1597"
0.880991640778524,0.115997825422283,0.00301053379919258,"MSCCR_reGRID_880_Biopsy_1598"
0.847329018779383,0.152670981220617,0,"MSCCR_reGRID_884_Biopsy_1600"
0.878448633178008,0.119551081440563,0.00200028538142838,"MSCCR_reGRID_884_Biopsy_1599"
0.737817058448037,0.23430564516604,0.0278772963859236,"MSCCR_reGRID_886_Biopsy_1601"
0.849796020561748,0.150203979438252,0,"MSCCR_reGRID_886_Biopsy_1602"
0.903158522687773,0.096841477312227,0,"MSCCR_reGRID_887_Biopsy_1604"
0.85940767814982,0.14059232185018,0,"MSCCR_reGRID_887_Biopsy_1603"
0.801430848878432,0.196220078549417,0.00234907257215167,"MSCCR_reGRID_888_Biopsy_1606"
0.709246361976977,0.290753638023022,0,"MSCCR_reGRID_888_Biopsy_1605"
0.818209852929287,0.152283164955348,0.0295069821153643,"MSCCR_reGRID_889_Biopsy_1608"
0.875976368410603,0.094860545077924,0.0291630865114735,"MSCCR_reGRID_889_Biopsy_1607"
0.732909060143348,0.267090939856652,0,"MSCCR_reGRID_890_Biopsy_1609"
0.850997370728769,0.141319546184152,0.00768308308707921,"MSCCR_reGRID_890_Biopsy_1610"
0.792275707074142,0.171615738338241,0.0361085545876173,"MSCCR_reGRID_890_Biopsy_1611"
0.820813015790784,0.164510200090273,0.0146767841189421,"MSCCR_reGRID_891_Biopsy_1612"
0.887444185873519,0.109340704379471,0.00321510974700978,"MSCCR_reGRID_891_Biopsy_1613"
0.651118364304196,0.348881635695804,0,"MSCCR_reGRID_892_Biopsy_1614"
0.819270211286596,0.160496930372825,0.0202328583405788,"MSCCR_reGRID_892_Biopsy_1615"
0.796617907432573,0.203382092567427,0,"MSCCR_reGRID_895_Biopsy_1616"
0.847298655028517,0.152701344971482,0,"MSCCR_reGRID_895_Biopsy_1617"
0.826939243975636,0.164858980688232,0.00820177533613253,"MSCCR_reGRID_896_Biopsy_1619"
0.878426526173996,0.0921140447709379,0.0294594290550655,"MSCCR_reGRID_896_Biopsy_1618"
0.766700088385715,0.233299911614285,0,"MSCCR_reGRID_897_Biopsy_1620"
0.906537338144389,0.0934626618556109,0,"MSCCR_reGRID_897_Biopsy_1621"
0.760349421223268,0.189000939491176,0.0506496392855557,"MSCCR_reGRID_898_Biopsy_1623"
0.781670413513287,0.205554520277973,0.0127750662087396,"MSCCR_reGRID_898_Biopsy_1622"
0.682731740677469,0.31726825932253,0,"MSCCR_reGRID_899_Biopsy_1624"
0.869170217086307,0.12406717367411,0.00676260923958283,"MSCCR_reGRID_899_Biopsy_1625"
0.803762118672007,0.171714409495451,0.0245234718325416,"MSCCR_reGRID_901_Biopsy_1626"
0.790651000082502,0.20820845996959,0.0011405399479078,"MSCCR_reGRID_901_Biopsy_1627"
0.754566792250967,0.219622932955935,0.0258102747930969,"MSCCR_reGRID_902_Biopsy_1628"
0.8413664104291,0.1586335895709,0,"MSCCR_reGRID_902_Biopsy_1629"
0.874052131882185,0.125947868117815,0,"MSCCR_reGRID_903_Biopsy_1630"
0.853014162808392,0.146985837191608,0,"MSCCR_reGRID_903_Biopsy_1631"
0.70791650767485,0.292083492325149,0,"MSCCR_reGRID_904_Biopsy_1633"
0.835274741170784,0.145004628103125,0.0197206307260904,"MSCCR_reGRID_904_Biopsy_1632"
0.782863163791127,0.189979847075831,0.0271569891330415,"MSCCR_reGRID_905_Biopsy_1634"
0.850826044534182,0.149173955465818,0,"MSCCR_reGRID_905_Biopsy_1635"
0.811735201524605,0.180257132743959,0.00800766573143552,"MSCCR_reGRID_906_Biopsy_1637"
0.845976705854373,0.12803011233977,0.025993181805857,"MSCCR_reGRID_906_Biopsy_1636"
0.78390927004132,0.196257521906265,0.0198332080524151,"MSCCR_reGRID_907_Biopsy_1638"
0.844963730340246,0.155036269659754,0,"MSCCR_reGRID_907_Biopsy_1639"
0.891713340719416,0.107063922457895,0.0012227368226887,"MSCCR_reGRID_908_Biopsy_1641"
0.851404561907809,0.148595438092191,0,"MSCCR_reGRID_908_Biopsy_1640"
0.851623485506583,0.147810326062919,0.000566188430497161,"MSCCR_reGRID_908_Biopsy_1642"
0.785690979563985,0.214309020436014,0,"MSCCR_reGRID_909_Biopsy_1643"
0.8377710012131,0.159472809663951,0.00275618912294839,"MSCCR_reGRID_910_Biopsy_1644"
0.907943040883406,0.0920569591165941,0,"MSCCR_reGRID_910_Biopsy_1645"
0.894639809780845,0.0876852022545535,0.0176749879646013,"MSCCR_reGRID_911_Biopsy_1646"
0.772966648413766,0.205997097532092,0.0210362540541417,"MSCCR_reGRID_914_Biopsy_1648"
0.839413829786259,0.140904932080861,0.0196812381328799,"MSCCR_reGRID_914_Biopsy_1647"
0.691867729052867,0.308132270947132,0,"MSCCR_reGRID_919_Biopsy_1650"
0.790124362003653,0.199173864479734,0.0107017735166125,"MSCCR_reGRID_919_Biopsy_1651"
0.839521165360079,0.128997323326242,0.031481511313679,"MSCCR_reGRID_919_Biopsy_1649"
0.814821518110069,0.149105265606156,0.0360732162837744,"MSCCR_reGRID_922_Biopsy_1652"
0.917012300848437,0.0829876991515626,0,"MSCCR_reGRID_922_Biopsy_1653"
0.821923444570861,0.166025420665572,0.0120511347635671,"MSCCR_reGRID_922_Biopsy_1654"
0.761781608624934,0.205557680082107,0.0326607112929591,"MSCCR_reGRID_923_Biopsy_1655"
0.775643531639868,0.183822883093933,0.0405335852661987,"MSCCR_reGRID_926_Biopsy_1656"
0.825582539260828,0.156531953571915,0.0178855071672571,"MSCCR_reGRID_926_Biopsy_1657"
0.7985269708118,0.193392852815605,0.00808017637259562,"MSCCR_reGRID_928_Biopsy_1659"
0.71165803685266,0.244905807623667,0.0434361555236726,"MSCCR_reGRID_928_Biopsy_1658"
0.820796948841576,0.176504327711336,0.00269872344708855,"MSCCR_reGRID_931_Biopsy_1661"
0.845254098678461,0.150413887004707,0.00433201431683172,"MSCCR_reGRID_931_Biopsy_1660"
0.804523574998403,0.177258502023856,0.0182179229777406,"MSCCR_reGRID_932_Biopsy_1662"
0.862673728395273,0.137326271604727,0,"MSCCR_reGRID_932_Biopsy_1663"
0.853314612672771,0.139395145872535,0.0072902414546937,"MSCCR_reGRID_933_Biopsy_1665"
0.86674681631721,0.116120879387889,0.0171323042949011,"MSCCR_reGRID_933_Biopsy_1664"
0.786747619713889,0.177110757007901,0.03614162327821,"MSCCR_reGRID_934_Biopsy_1666"
0.788203142254788,0.177744333815925,0.0340525239292872,"MSCCR_reGRID_934_Biopsy_1667"
0.900783399761408,0.0949914912582976,0.00422510898029427,"MSCCR_reGRID_936_Biopsy_1668"
0.875128895314919,0.105890371196174,0.0189807334889064,"MSCCR_reGRID_936_Biopsy_1669"
0.804487705404404,0.185257931029477,0.0102543635661193,"MSCCR_reGRID_937_Biopsy_1670"
0.897431517517019,0.102568482482981,0,"MSCCR_reGRID_937_Biopsy_1671"
0.698080789289812,0.301919210710188,0,"MSCCR_reGRID_939_Biopsy_1672"
0.794251929885818,0.202255904100156,0.00349216601402552,"MSCCR_reGRID_939_Biopsy_1673"
0.845909147566856,0.146218676797365,0.00787217563577824,"MSCCR_reGRID_940_Biopsy_1674"
0.814441536053237,0.169589717859444,0.015968746087319,"MSCCR_reGRID_941_Biopsy_1675"
0.85819100862405,0.14180899137595,0,"MSCCR_reGRID_941_Biopsy_1676"
0.825657190920431,0.174342809079569,0,"MSCCR_reGRID_941_Biopsy_1677"
0.771742231416172,0.190662849532217,0.0375949190516103,"MSCCR_reGRID_942_Biopsy_1679"
0.785369040982881,0.207601168622879,0.00702979039423945,"MSCCR_reGRID_942_Biopsy_1678"
0.717037588603554,0.282962411396446,0,"MSCCR_reGRID_943_Biopsy_1680"
0.756332203352751,0.243667796647249,0,"MSCCR_reGRID_944_Biopsy_1681"
0.848445956790572,0.129186052757514,0.022367990451914,"MSCCR_reGRID_944_Biopsy_1682"
0.777833994038522,0.222166005961478,0,"MSCCR_reGRID_945_Biopsy_1683"
0.841812187600543,0.158187812399457,0,"MSCCR_reGRID_945_Biopsy_1684"
0.857692175515836,0.142307824484164,0,"MSCCR_reGRID_946_Biopsy_1685"
0.87481745315435,0.12518254684565,0,"MSCCR_reGRID_946_Biopsy_1686"
0.893991867540988,0.106008132459012,0,"MSCCR_reGRID_947_Biopsy_1687"
0.897207085254202,0.102792914745798,0,"MSCCR_reGRID_947_Biopsy_1688"
0.774464805891901,0.225535194108099,0,"MSCCR_reGRID_948_Biopsy_1689"
0.854105545236081,0.145894454763919,0,"MSCCR_reGRID_948_Biopsy_1690"
0.758874782335601,0.241125217664399,0,"MSCCR_reGRID_949_Biopsy_1691"
0.829691592856996,0.141274387094887,0.0290340200481172,"MSCCR_reGRID_949_Biopsy_1692"
0.847824948276534,0.152175051723466,0,"MSCCR_reGRID_950_Biopsy_1693"
0.915615369676338,0.0843846303236618,0,"MSCCR_reGRID_950_Biopsy_1694"
0.686611927979995,0.313388072020005,0,"MSCCR_reGRID_951_Biopsy_1695"
0.794434996268334,0.182304740275779,0.0232602634558872,"MSCCR_reGRID_951_Biopsy_1696"
0.826460859386123,0.15840890167833,0.0151302389355465,"MSCCR_reGRID_955_Biopsy_1697"
0.8144765889861,0.1855234110139,0,"MSCCR_reGRID_956_Biopsy_1698"
0.885166205580007,0.0961107693764495,0.018723025043543,"MSCCR_reGRID_956_Biopsy_1699"
0.882972050124699,0.104577770614679,0.0124501792606221,"MSCCR_reGRID_956_Biopsy_1700"
0.876302981225247,0.123697018774753,0,"MSCCR_reGRID_959_Biopsy_1701"
0.755357451784013,0.209157716496042,0.0354848317199446,"MSCCR_reGRID_961_Biopsy_1703"
0.843570653860488,0.145345716526242,0.0110836296132703,"MSCCR_reGRID_961_Biopsy_1702"
0.854981343458646,0.125867496895744,0.0191511596456103,"MSCCR_reGRID_962_Biopsy_1704"
0.793326536608409,0.183643314685786,0.0230301487058049,"MSCCR_reGRID_963_Biopsy_1706"
0.845303142056618,0.133367899449844,0.0213289584935388,"MSCCR_reGRID_963_Biopsy_1705"
0.73675426185546,0.223128554024073,0.0401171841204674,"MSCCR_reGRID_964_Biopsy_1708"
0.865810590039932,0.127309317564394,0.00688009239567355,"MSCCR_reGRID_964_Biopsy_1707"
0.714077915480609,0.285922084519391,0,"MSCCR_reGRID_966_Biopsy_1711"
0.833722646122647,0.150166492876825,0.0161108610005272,"MSCCR_reGRID_966_Biopsy_1710"
0.834572802502528,0.165427197497472,0,"MSCCR_reGRID_966_Biopsy_1709"
0.926850821940452,0.0710850168994194,0.0020641611601292,"MSCCR_reGRID_967_Biopsy_1713"
0.956072921621523,0.0321172466264062,0.0118098317520708,"MSCCR_reGRID_967_Biopsy_1712"
0.916447386407182,0.0835526135928185,0,"MSCCR_reGRID_971_Biopsy_1714"
0.860690836154247,0.130620480240591,0.00868868360516162,"MSCCR_reGRID_971_Biopsy_1715"
0.788323083292014,0.185615983716634,0.0260609329913511,"MSCCR_reGRID_982_Biopsy_1716"
0.774984422347758,0.18889077986913,0.0361247977831117,"MSCCR_reGRID_983_Biopsy_1718"
0.777772191678055,0.197899495760985,0.02432831256096,"MSCCR_reGRID_983_Biopsy_1717"
0.896476660107559,0.103523339892441,0,"MSCCR_reGRID_984_Biopsy_1719"
0.891911152737032,0.101260146164317,0.00682870109865097,"MSCCR_reGRID_984_Biopsy_1720"
0.75262986644908,0.24737013355092,0,"MSCCR_reGRID_988_Biopsy_1721"
0.821860867800246,0.178139132199754,0,"MSCCR_reGRID_988_Biopsy_1722"
0.863326783262894,0.120626621973626,0.0160465947634805,"MSCCR_reGRID_989_Biopsy_1723"
0.738581438257628,0.253054798626257,0.00836376311611525,"MSCCR_reGRID_991_Biopsy_1724"
0.742061240862511,0.257938759137489,0,"MSCCR_reGRID_991_Biopsy_1725"
0.91163960488059,0.0828547631313326,0.00550563198807741,"MSCCR_reGRID_992_Biopsy_1726"
0.908398704958187,0.0812501617362079,0.0103511333056048,"MSCCR_reGRID_992_Biopsy_1727"
0.901531533022056,0.0984684669779441,0,"MSCCR_reGRID_994_Biopsy_1729"
0.808267167294654,0.170243385534234,0.0214894471711116,"MSCCR_reGRID_994_Biopsy_1728"
0.761192143212917,0.202174102808517,0.036633753978566,"MSCCR_reGRID_999_Biopsy_1730"
0.828275912080598,0.143583483652419,0.0281406042669831,"MSCCR_reGRID_999_Biopsy_1731"
0.797509599831286,0.186108021103555,0.016382379065158,"MSCCR_reGRID_1000_Biopsy_1733"
0.75955694905673,0.221234498526876,0.0192085524163939,"MSCCR_reGRID_1000_Biopsy_1732"
0.82096602513724,0.163712450930612,0.0153215239321481,"MSCCR_reGRID_1001_Biopsy_1734"
0.8912141463136,0.108785853686399,0,"MSCCR_reGRID_1001_Biopsy_1735"
0.744847382738374,0.22519225196643,0.0299603652951958,"MSCCR_reGRID_1002_Biopsy_1736"
0.842133620750143,0.147113454450821,0.0107529247990358,"MSCCR_reGRID_1002_Biopsy_1737"
0.884171133528455,0.106483241338173,0.00934562513337167,"MSCCR_reGRID_1004_Biopsy_1739"
0.904960344403298,0.0930494352941134,0.00199022030258833,"MSCCR_reGRID_1004_Biopsy_1738"
0.772982660721002,0.208093850951498,0.0189234883274997,"MSCCR_reGRID_1008_Biopsy_1740"
0.855901615495456,0.104719178683203,0.039379205821341,"MSCCR_reGRID_1008_Biopsy_1741"
0.821895480775522,0.167482048137802,0.0106224710866766,"MSCCR_reGRID_1010_Biopsy_1742"
0.786911862059073,0.177205865330895,0.0358822726100319,"MSCCR_reGRID_1012_Biopsy_1744"
0.865146754598597,0.10618999878064,0.0286632466207637,"MSCCR_reGRID_1012_Biopsy_1743"
0.776798113132183,0.219661301264914,0.00354058560290221,"MSCCR_reGRID_1013_Biopsy_1745"
0.791786373580422,0.141355384291106,0.0668582421284716,"MSCCR_reGRID_1013_Biopsy_1746"
0.817573769024153,0.145474302340744,0.0369519286351024,"MSCCR_reGRID_1015_Biopsy_1747"
0.824030836011593,0.138781491921962,0.0371876720664452,"MSCCR_reGRID_1015_Biopsy_1748"
0.836432458389567,0.159309555375063,0.00425798623537021,"MSCCR_reGRID_1016_Biopsy_1749"
0.659876209025313,0.340123790974686,0,"MSCCR_reGRID_1017_Biopsy_1750"
0.77559040407498,0.200940986748246,0.0234686091767739,"MSCCR_reGRID_1017_Biopsy_1751"
0.912170906171811,0.0878290938281895,0,"MSCCR_reGRID_1018_Biopsy_1753"
0.832565621796479,0.156986244884991,0.0104481333185296,"MSCCR_reGRID_1018_Biopsy_1752"
0.806708006056654,0.16803391063261,0.0252580833107356,"MSCCR_reGRID_1018_Biopsy_1754"
0.766178401173914,0.211449795439872,0.0223718033862142,"MSCCR_reGRID_1019_Biopsy_1756"
0.859650895627492,0.140349104372508,0,"MSCCR_reGRID_1019_Biopsy_1755"
0.649232264252304,0.350767735747696,0,"MSCCR_reGRID_1020_Biopsy_1759"
0.861572166080978,0.138427833919022,0,"MSCCR_reGRID_1020_Biopsy_1758"
0.823662372276871,0.176050520752448,0.000287106970681017,"MSCCR_reGRID_1020_Biopsy_1757"
0.712865914524149,0.287134085475851,0,"MSCCR_reGRID_1021_Biopsy_1760"
0.831912046019741,0.127071819430969,0.0410161345492895,"MSCCR_reGRID_1022_Biopsy_1762"
0.832867878676029,0.118174152989089,0.0489579683348811,"MSCCR_reGRID_1022_Biopsy_1761"
0.874792754522176,0.121737569137645,0.00346967634017903,"MSCCR_reGRID_1024_Biopsy_1763"
0.841060604766852,0.124649393761712,0.0342900014714363,"MSCCR_reGRID_1026_Biopsy_1764"
0.824514731072168,0.142087343350618,0.0333979255772139,"MSCCR_reGRID_1026_Biopsy_1765"
0.900003160884934,0.0759976209150844,0.0239992181999815,"MSCCR_reGRID_1028_Biopsy_1767"
0.890445195933446,0.0908854667956331,0.018669337270921,"MSCCR_reGRID_1028_Biopsy_1766"
0.836999778923278,0.163000221076722,0,"MSCCR_reGRID_1029_Biopsy_1768"
0.824549749307339,0.153406348003021,0.0220439026896397,"MSCCR_reGRID_1030_Biopsy_1769"
0.765660419029787,0.195945887029919,0.0383936939402939,"MSCCR_reGRID_1031_Biopsy_1770"
0.82612097689252,0.146598395536734,0.0272806275707456,"MSCCR_reGRID_1031_Biopsy_1771"
0.830931472635547,0.155994191899272,0.0130743354651807,"MSCCR_reGRID_1032_Biopsy_1773"
0.841139243532774,0.158860756467226,0,"MSCCR_reGRID_1032_Biopsy_1772"
0.722506738515578,0.277493261484422,0,"MSCCR_reGRID_1033_Biopsy_1775"
0.821030557386461,0.175438745720897,0.00353069689264174,"MSCCR_reGRID_1033_Biopsy_1774"
0.748132656422433,0.216516336658497,0.0353510069190698,"MSCCR_reGRID_1034_Biopsy_1777"
0.874514171201096,0.101445431876686,0.0240403969222172,"MSCCR_reGRID_1034_Biopsy_1778"
0.910209645006958,0.0800494191095195,0.00974093588352298,"MSCCR_reGRID_1034_Biopsy_1776"
0.661121163834762,0.338878836165238,0,"MSCCR_reGRID_1036_Biopsy_1779"
0.839539602503552,0.149535771434257,0.0109246260621909,"MSCCR_reGRID_1036_Biopsy_1780"
0.930928766645234,0.0622136945135826,0.00685753884118323,"MSCCR_reGRID_1037_Biopsy_1781"
0.787693268237238,0.180970010622018,0.0313367211407436,"MSCCR_reGRID_1040_Biopsy_1782"
0.847279158360415,0.152720841639584,0,"MSCCR_reGRID_1040_Biopsy_1784"
0.792128802543009,0.207871197456991,0,"MSCCR_reGRID_1040_Biopsy_1783"
0.836997299110082,0.146237931419244,0.0167647694706735,"MSCCR_reGRID_1042_Biopsy_1785"
0.805867595417501,0.168065971606306,0.0260664329761926,"MSCCR_reGRID_1042_Biopsy_1786"
0.932979005717282,0.0670209942827179,0,"MSCCR_reGRID_1044_Biopsy_1787"
0.878218789639941,0.121781210360059,0,"MSCCR_reGRID_1046_Biopsy_1789"
0.879677749540092,0.120322250459908,0,"MSCCR_reGRID_1046_Biopsy_1788"
0.77034732328146,0.187237311117949,0.0424153656005899,"MSCCR_reGRID_1047_Biopsy_1791"
0.845385475101179,0.15461452489882,0,"MSCCR_reGRID_1047_Biopsy_1790"
0.833452954878712,0.133329912911268,0.0332171322100205,"MSCCR_reGRID_1047_Biopsy_1792"
0.784023078295418,0.186557140573278,0.029419781131304,"MSCCR_reGRID_1048_Biopsy_1793"
0.831878576827658,0.168121423172342,0,"MSCCR_reGRID_1048_Biopsy_1794"
0.794718544049436,0.174300801581333,0.0309806543692309,"MSCCR_reGRID_1049_Biopsy_1795"
0.895064258737542,0.0872798784553311,0.0176558628071272,"MSCCR_reGRID_1051_Biopsy_1796"
0.779719144744105,0.212946256104166,0.00733459915172857,"MSCCR_reGRID_1053_Biopsy_1798"
0.847343913214471,0.152656086785528,0,"MSCCR_reGRID_1053_Biopsy_1799"
0.84568041653276,0.15431958346724,0,"MSCCR_reGRID_1053_Biopsy_1797"
0.832890243018961,0.134774821997887,0.0323349349831527,"MSCCR_reGRID_1061_Biopsy_1800"
0.779058462021526,0.187947746320515,0.0329937916579585,"MSCCR_reGRID_1062_Biopsy_1801"
0.935118822996951,0.0648811770030481,0,"MSCCR_reGRID_1063_Biopsy_1802"
0.841414416636335,0.136276767505577,0.0223088158580877,"MSCCR_reGRID_1063_Biopsy_1803"
0.820690183393824,0.151119605700509,0.0281902109056671,"MSCCR_reGRID_1064_Biopsy_1804"
0.785763690495729,0.187976367334635,0.0262599421696353,"MSCCR_reGRID_1065_Biopsy_1805"
0.785910935118188,0.182636221910078,0.0314528429717337,"MSCCR_reGRID_1066_Biopsy_1806"
0.754422873193946,0.245577126806054,0,"MSCCR_reGRID_1066_Biopsy_1807"
0.827753409576388,0.132694540816441,0.0395520496071713,"MSCCR_reGRID_1067_Biopsy_1808"
0.773595969233391,0.180849225960673,0.0455548048059362,"MSCCR_reGRID_1067_Biopsy_1809"
0.777097868633062,0.205178826402232,0.0177233049647066,"MSCCR_reGRID_1068_Biopsy_1810"
0.770706632947214,0.206308922169155,0.0229844448836306,"MSCCR_reGRID_1069_Biopsy_1811"
0.826307679033296,0.162495460255372,0.0111968607113317,"MSCCR_reGRID_1069_Biopsy_1812"
0.775812608981381,0.201356543586793,0.0228308474318257,"MSCCR_reGRID_1070_Biopsy_1813"
0.76612980535147,0.20310233431043,0.0307678603381002,"MSCCR_reGRID_1072_Biopsy_1814"
0.785122123984687,0.146056182497407,0.0688216935179055,"MSCCR_reGRID_1072_Biopsy_1815"
0.793006336727521,0.153476434639365,0.0535172286331141,"MSCCR_reGRID_1073_Biopsy_1816"
0.812759691196783,0.171202024825787,0.0160382839774305,"MSCCR_reGRID_1073_Biopsy_1817"
0.922888515397684,0.0771114846023159,0,"MSCCR_reGRID_1074_Biopsy_1819"
0.857040529837513,0.142959470162486,0,"MSCCR_reGRID_1074_Biopsy_1818"
0.763546059960293,0.210219700245492,0.0262342397942146,"MSCCR_reGRID_1075_Biopsy_1821"
0.8237157659129,0.152069520177156,0.0242147139099436,"MSCCR_reGRID_1075_Biopsy_1820"
0.74079241881715,0.230434417905848,0.0287731632770015,"MSCCR_reGRID_1076_Biopsy_1822"
0.802609522102551,0.188510803051662,0.00887967484578639,"MSCCR_reGRID_1076_Biopsy_1823"
0.761655683383576,0.238344316616424,0,"MSCCR_reGRID_1077_Biopsy_1824"
0.896487053549492,0.0934176082731059,0.0100953381774018,"MSCCR_reGRID_1077_Biopsy_1825"
0.901687086016526,0.0853818637269056,0.0129310502565688,"MSCCR_reGRID_1077_Biopsy_1826"
0.770670746214817,0.19215724287821,0.0371720109069724,"MSCCR_reGRID_1078_Biopsy_1827"
0.819308593696272,0.154763008349534,0.0259283979541944,"MSCCR_reGRID_1078_Biopsy_1828"
0.752608605569685,0.218132212218462,0.0292591822118523,"MSCCR_reGRID_1079_Biopsy_1829"
0.609149411794745,0.372047580988525,0.01880300721673,"MSCCR_reGRID_1079_Biopsy_1830"
0.789470119558478,0.180303666210623,0.0302262142308982,"MSCCR_reGRID_1080_Biopsy_1831"
0.809123063508596,0.182246179973721,0.00863075651768302,"MSCCR_reGRID_1080_Biopsy_1832"
0.650602384491708,0.349397615508291,0,"MSCCR_reGRID_1081_Biopsy_1834"
0.777423138152873,0.19039294956362,0.032183912283507,"MSCCR_reGRID_1081_Biopsy_1833"
0.748564809718026,0.22589551437282,0.0255396759091536,"MSCCR_reGRID_1082_Biopsy_1835"
0.869815782749634,0.111514701103787,0.0186695161465783,"MSCCR_reGRID_1082_Biopsy_1836"
0.82652865114364,0.170548477302031,0.00292287155432847,"MSCCR_reGRID_1082_Biopsy_1837"
0.876326045539017,0.123673954460983,0,"MSCCR_reGRID_1083_Biopsy_1838"
0.883730095241747,0.101036736575998,0.0152331681822555,"MSCCR_reGRID_1083_Biopsy_1839"
0.674186842899599,0.313854488052487,0.0119586690479133,"MSCCR_reGRID_1084_Biopsy_1840"
0.79462941634975,0.201390928158456,0.00397965549179446,"MSCCR_reGRID_1084_Biopsy_1841"
0.742897972454735,0.225236559405645,0.0318654681396193,"MSCCR_reGRID_1085_Biopsy_1842"
0.793362665108835,0.175453836418322,0.0311834984728434,"MSCCR_reGRID_1085_Biopsy_1843"
0.881519094061683,0.118480905938316,0,"MSCCR_reGRID_1086_Biopsy_1844"
0.855680435833158,0.11560281035964,0.0287167538072022,"MSCCR_reGRID_1086_Biopsy_1845"
0.854646108997087,0.129919905168182,0.0154339858347304,"MSCCR_reGRID_1087_Biopsy_1847"
0.822909009423762,0.128662221296382,0.0484287692798554,"MSCCR_reGRID_1087_Biopsy_1846"
0.81209733557834,0.126539148036351,0.0613635163853093,"MSCCR_reGRID_1088_Biopsy_1848"
0.731919031716833,0.268080968283167,0,"MSCCR_reGRID_1088_Biopsy_1849"
0.814583744851741,0.144990116324054,0.0404261388242047,"MSCCR_reGRID_1089_Biopsy_1851"
0.833081498571315,0.117075619070442,0.0498428823582432,"MSCCR_reGRID_1089_Biopsy_1850"
0.863371494201524,0.120329979161053,0.0162985266374223,"MSCCR_reGRID_1090_Biopsy_1852"
0.819406056816251,0.156613932219356,0.0239800109643936,"MSCCR_reGRID_1090_Biopsy_1853"
0.758122633162814,0.211611651920775,0.0302657149164102,"MSCCR_reGRID_1091_Biopsy_1854"
0.826769404350416,0.171664748700923,0.00156584694866069,"MSCCR_reGRID_1091_Biopsy_1855"
0.771521733081699,0.20880861536821,0.0196696515500907,"MSCCR_reGRID_1091_Biopsy_1856"
0.842289383612651,0.12229575773501,0.0354148586523387,"MSCCR_reGRID_1092_Biopsy_1858"
0.764055444066312,0.180858541013299,0.0550860149203888,"MSCCR_reGRID_1092_Biopsy_1857"
0.853227476038001,0.122649426784014,0.0241230971779846,"MSCCR_reGRID_1093_Biopsy_1859"
0.816193957902401,0.152727399804914,0.0310786422926851,"MSCCR_reGRID_1094_Biopsy_1861"
0.783859033956128,0.176561963778181,0.0395790022656913,"MSCCR_reGRID_1094_Biopsy_1860"
0.726069911678789,0.273930088321211,0,"MSCCR_reGRID_1096_Biopsy_1863"
0.772040573793899,0.175350119180148,0.0526093070259527,"MSCCR_reGRID_1096_Biopsy_1862"
0.853535120271593,0.103708349794997,0.0427565299334097,"MSCCR_reGRID_1098_Biopsy_1865"
0.829160393730925,0.11694206320924,0.0538975430598351,"MSCCR_reGRID_1098_Biopsy_1864"
0.741177200842418,0.254631292194242,0.00419150696334025,"MSCCR_reGRID_1099_Biopsy_1866"
0.790865860504243,0.187579617399164,0.0215545220965932,"MSCCR_reGRID_1099_Biopsy_1867"
0.768439510359023,0.207393227663298,0.0241672619776778,"MSCCR_reGRID_1100_Biopsy_1868"
0.804486461404747,0.18098495123902,0.0145285873562323,"MSCCR_reGRID_1100_Biopsy_1870"
0.822360286273845,0.161928451925665,0.0157112618004897,"MSCCR_reGRID_1100_Biopsy_1869"
0.792875485805094,0.17326453438456,0.0338599798103454,"MSCCR_reGRID_1102_Biopsy_1873"
0.763571935953629,0.236428064046371,0,"MSCCR_reGRID_1102_Biopsy_1871"
0.802794771472638,0.185771128288566,0.0114341002387959,"MSCCR_reGRID_1102_Biopsy_1872"
0.708723914491874,0.291276085508126,0,"MSCCR_reGRID_1103_Biopsy_1874"
0.666310313309616,0.333689686690384,0,"MSCCR_reGRID_1104_Biopsy_1876"
0.800290170334154,0.163403067259629,0.0363067624062168,"MSCCR_reGRID_1104_Biopsy_1875"
0.886173800280956,0.100892198537613,0.0129340011814303,"MSCCR_reGRID_1105_Biopsy_1877"
0.895137460744955,0.0928424946858151,0.0120200445692304,"MSCCR_reGRID_1105_Biopsy_1878"
0.804150832812757,0.152724371736681,0.0431247954505617,"MSCCR_reGRID_1108_Biopsy_1879"
0.885164489059833,0.0866484893626373,0.0281870215775285,"MSCCR_reGRID_1108_Biopsy_1880"
0.695128562668342,0.277835624504149,0.0270358128275095,"MSCCR_reGRID_1109_Biopsy_1882"
0.851249527122807,0.116712689126329,0.0320377837508632,"MSCCR_reGRID_1109_Biopsy_1881"
0.770068800341836,0.207141369641442,0.0227898300167216,"MSCCR_reGRID_1110_Biopsy_1883"
0.769994689687216,0.189787346148452,0.0402179641643322,"MSCCR_reGRID_1111_Biopsy_1884"
0.807040718126673,0.171728298016632,0.021230983856695,"MSCCR_reGRID_1111_Biopsy_1885"
0.762505019226576,0.208437387918566,0.0290575928548581,"MSCCR_reGRID_1112_Biopsy_1886"
0.779820453249897,0.170498029469002,0.0496815172811,"MSCCR_reGRID_1112_Biopsy_1887"
0.802137852815052,0.197862147184948,0,"MSCCR_reGRID_1113_Biopsy_1889"
0.736028584435034,0.263971415564965,0,"MSCCR_reGRID_1113_Biopsy_1888"
0.628427065740273,0.371572934259726,0,"MSCCR_reGRID_1114_Biopsy_1892"
0.756330663371569,0.243669336628431,0,"MSCCR_reGRID_1114_Biopsy_1890"
0.813516684759802,0.170722236507551,0.0157610787326467,"MSCCR_reGRID_1114_Biopsy_1891"
0.687615354241777,0.312384645758223,0,"MSCCR_reGRID_1115_Biopsy_1893"
0.824529007526713,0.116329011869891,0.0591419806033956,"MSCCR_reGRID_1115_Biopsy_1894"
0.87684821077561,0.105978479985337,0.0171733092390527,"MSCCR_reGRID_1117_Biopsy_1895"
0.735923258077723,0.264076741922276,0,"MSCCR_reGRID_1117_Biopsy_1896"
0.858836619466243,0.128820319126857,0.0123430614069008,"MSCCR_reGRID_1119_Biopsy_1898"
0.820255949984166,0.141856492386132,0.0378875576297023,"MSCCR_reGRID_1119_Biopsy_1897"
0.851065067289618,0.148934932710381,0,"MSCCR_reGRID_1120_Biopsy_1899"
0.808155602293292,0.152761756637886,0.0390826410688221,"MSCCR_reGRID_1120_Biopsy_1900"
0.837161200629406,0.135583237298766,0.0272555620718271,"MSCCR_reGRID_1122_Biopsy_1902"
0.895611065844509,0.104388934155491,0,"MSCCR_reGRID_1122_Biopsy_1901"
0.891726495130984,0.0864901355227977,0.0217833693462181,"MSCCR_reGRID_1123_Biopsy_1904"
0.722694136996967,0.277305863003033,0,"MSCCR_reGRID_1124_Biopsy_1905"
0.787290839418659,0.177039143630945,0.0356700169503956,"MSCCR_reGRID_1124_Biopsy_1906"
0.767501845434985,0.201269154862818,0.0312289997021961,"MSCCR_reGRID_1125_Biopsy_1907"
0.833057973480709,0.13204070423429,0.0349013222850015,"MSCCR_reGRID_1125_Biopsy_1908"
0.829087952878992,0.136364089690105,0.0345479574309029,"MSCCR_reGRID_1126_Biopsy_1909"
0.823178049640454,0.160718846668285,0.0161031036912603,"MSCCR_reGRID_1126_Biopsy_1910"
0.796118027119346,0.160724246828551,0.0431577260521028,"MSCCR_reGRID_1127_Biopsy_1911"
0.845144316959341,0.127844770677019,0.0270109123636392,"MSCCR_reGRID_1127_Biopsy_1912"
0.76710126479498,0.192433127436038,0.0404656077689824,"MSCCR_reGRID_1128_Biopsy_1913"
0.738348004856542,0.261651995143458,0,"MSCCR_reGRID_1129_Biopsy_1915"
0.682873527138427,0.317126472861573,0,"MSCCR_reGRID_1129_Biopsy_1914"
0.847408936200053,0.133189981005709,0.0194010827942384,"MSCCR_reGRID_1134_Biopsy_1917"
0.866675498088903,0.0976960150149656,0.0356284868961313,"MSCCR_reGRID_1134_Biopsy_1916"
0.824821790365741,0.150369275257072,0.0248089343771863,"MSCCR_reGRID_1135_Biopsy_1918"
0.831082167826194,0.151532660094785,0.0173851720790202,"MSCCR_reGRID_1136_Biopsy_1919"
0.880201318727261,0.119798681272739,0,"MSCCR_reGRID_1136_Biopsy_1920"
0.86700082441115,0.126120639249193,0.00687853633965652,"MSCCR_reGRID_1137_Biopsy_1921"
0.885103080034177,0.114896919965823,0,"MSCCR_reGRID_1138_Biopsy_1922"
0.851441261145419,0.143571385250587,0.00498735360399338,"MSCCR_reGRID_1138_Biopsy_1923"
0.904409259580442,0.0955907404195577,0,"MSCCR_reGRID_1139_Biopsy_1924"
0.864613314958133,0.126425339580665,0.00896134546120164,"MSCCR_reGRID_1142_Biopsy_1925"
0.777850172978795,0.189411389966712,0.032738437054493,"MSCCR_reGRID_1142_Biopsy_1926"
0.859560633662853,0.140439366337147,0,"MSCCR_reGRID_1145_Biopsy_1928"
0.778156591202976,0.221843408797024,0,"MSCCR_reGRID_1145_Biopsy_1927"
0.763668076499799,0.236331923500201,0,"MSCCR_reGRID_1148_Biopsy_1929"
0.834325031646417,0.165674968353583,0,"MSCCR_reGRID_1148_Biopsy_1930"
0.842877749621298,0.13566972861493,0.0214525217637715,"MSCCR_reGRID_1148_Biopsy_1931"
0.852548069696094,0.142999064701514,0.00445286560239222,"MSCCR_reGRID_1148_Biopsy_1932"
0.809691067192676,0.176702600948983,0.0136063318583413,"MSCCR_reGRID_1149_Biopsy_1934"
0.846236679482172,0.147676846193351,0.00608647432447651,"MSCCR_reGRID_1149_Biopsy_1933"
0.73607945872385,0.26392054127615,0,"MSCCR_reGRID_1149_Biopsy_1935"
0.766258246961764,0.184329350494351,0.0494124025438844,"MSCCR_reGRID_1150_Biopsy_1936"
0.771089633037216,0.203181375645095,0.0257289913176884,"MSCCR_reGRID_1150_Biopsy_1937"
0.740407527777626,0.240410754923235,0.0191817172991388,"MSCCR_reGRID_1151_Biopsy_1939"
0.813380054742202,0.149095200314729,0.0375247449430685,"MSCCR_reGRID_1151_Biopsy_1938"
0.750041703058911,0.236064664093703,0.0138936328473855,"MSCCR_reGRID_1152_Biopsy_1941"
0.878616948498925,0.0968652934374584,0.0245177580636163,"MSCCR_reGRID_1152_Biopsy_1940"
0.875479305122678,0.120626315833922,0.0038943790434004,"MSCCR_reGRID_1154_Biopsy_1942"
0.842713624700815,0.11285356843332,0.0444328068658649,"MSCCR_reGRID_1154_Biopsy_1943"
0.777193181070853,0.182841363410715,0.0399654555184321,"MSCCR_reGRID_1156_Biopsy_1946"
0.775224567716054,0.224775432283945,0,"MSCCR_reGRID_1156_Biopsy_1945"
0.858581578633395,0.127800249672128,0.013618171694477,"MSCCR_reGRID_1156_Biopsy_1944"
0.843219388207547,0.156780611792453,0,"MSCCR_reGRID_1157_Biopsy_1948"
0.88254786538036,0.10619913647659,0.0112529981430498,"MSCCR_reGRID_1157_Biopsy_1947"
0.769835585000606,0.230164414999394,0,"MSCCR_reGRID_1159_Biopsy_1949"
0.766466625741074,0.217118152348328,0.0164152219105974,"MSCCR_reGRID_1161_Biopsy_1950"
0.884690389663005,0.114170140038333,0.00113947029866157,"MSCCR_reGRID_1164_Biopsy_1952"
0.922678870789599,0.0773211292104006,0,"MSCCR_reGRID_1164_Biopsy_1951"
0.732525401793508,0.267474598206492,0,"MSCCR_reGRID_1165_Biopsy_1953"
0.821565272478218,0.178434727521782,0,"MSCCR_reGRID_1165_Biopsy_1954"
0.796802670400143,0.192222229562692,0.0109751000371647,"MSCCR_reGRID_1166_Biopsy_1955"
0.859263642356859,0.12808054113855,0.0126558165045908,"MSCCR_reGRID_1166_Biopsy_1956"
0.76512315988457,0.211822141542751,0.0230546985726785,"MSCCR_reGRID_1167_Biopsy_1958"
0.766514564615581,0.228041574465463,0.00544386091895666,"MSCCR_reGRID_1167_Biopsy_1957"
0.823770555756454,0.135894527646237,0.0403349165973085,"MSCCR_reGRID_1168_Biopsy_1960"
0.831196461967297,0.150913404230065,0.0178901338026377,"MSCCR_reGRID_1169_Biopsy_1962"
0.789136973607367,0.210863026392633,0,"MSCCR_reGRID_1169_Biopsy_1961"
0.81778258773795,0.167494170195446,0.0147232420666029,"MSCCR_reGRID_1169_Biopsy_1963"
0.823666156342028,0.153373755748009,0.0229600879099625,"MSCCR_reGRID_1171_Biopsy_1964"
0.787453351852477,0.197950619910304,0.0145960282372185,"MSCCR_reGRID_1174_Biopsy_1966"
0.850316210930775,0.134461584276769,0.015222204792456,"MSCCR_reGRID_1174_Biopsy_1967"
0.699330496896584,0.270244729250307,0.0304247738531084,"MSCCR_reGRID_1174_Biopsy_1965"
0.799999869974558,0.177794495072727,0.0222056349527143,"MSCCR_reGRID_1175_Biopsy_1968"
0.797890538072277,0.191151654582941,0.0109578073447824,"MSCCR_reGRID_1176_Biopsy_1969"
0.70288689988217,0.29711310011783,0,"MSCCR_reGRID_1177_Biopsy_1971"
0.89519509301999,0.104804906980009,0,"MSCCR_reGRID_1177_Biopsy_1972"
0.754169884645626,0.243659338110053,0.00217077724432135,"MSCCR_reGRID_1177_Biopsy_1970"
0.76191546854768,0.213770970048068,0.0243135614042516,"MSCCR_reGRID_1180_Biopsy_1973"
0.849366412842769,0.150633587157231,0,"MSCCR_reGRID_1180_Biopsy_1974"
0.699506356009733,0.300493643990267,0,"MSCCR_reGRID_1183_Biopsy_1975"
0.768608733572346,0.220889426912773,0.0105018395148815,"MSCCR_reGRID_1184_Biopsy_1976"
0.913191865527901,0.0798863249753389,0.00692180949675991,"MSCCR_reGRID_1184_Biopsy_1977"
0.797835805096976,0.165943537531586,0.0362206573714382,"MSCCR_reGRID_1185_Biopsy_1979"
0.876607557075219,0.123392442924781,0,"MSCCR_reGRID_1185_Biopsy_1978"
0.843544375779103,0.156455624220897,0,"MSCCR_reGRID_1186_Biopsy_1980"
0.787050642522737,0.204327272554767,0.00862208492249522,"MSCCR_reGRID_1186_Biopsy_1981"
0.773096312070323,0.211226839198732,0.0156768487309454,"MSCCR_reGRID_1187_Biopsy_1984"
0.843687250755275,0.156312749244725,0,"MSCCR_reGRID_1187_Biopsy_1982"
0.812732878447955,0.145287508820774,0.0419796127312703,"MSCCR_reGRID_1187_Biopsy_1983"
0.769288123880544,0.201310253344631,0.0294016227748246,"MSCCR_reGRID_1192_Biopsy_1985"
0.779934637932647,0.172192354137258,0.0478730079300962,"MSCCR_reGRID_1192_Biopsy_1986"
0.702700283230026,0.297299716769973,0,"MSCCR_reGRID_1192_Biopsy_1987"
0.775663454373513,0.171424462815924,0.0529120828105631,"MSCCR_reGRID_1193_Biopsy_1988"
0.808914285056182,0.141410793774717,0.0496749211691018,"MSCCR_reGRID_1193_Biopsy_1989"
0.818430218424366,0.151827667180962,0.029742114394671,"MSCCR_reGRID_1195_Biopsy_1991"
0.802843768025861,0.170683692700667,0.026472539273472,"MSCCR_reGRID_1195_Biopsy_1990"
0.829442573447283,0.146722511118941,0.0238349154337756,"MSCCR_reGRID_1197_Biopsy_1992"
0.78061348953557,0.186536832991,0.0328496774734295,"MSCCR_reGRID_1201_Biopsy_1993"
0.804454018733157,0.195545981266842,0,"MSCCR_reGRID_1201_Biopsy_1994"
0.667499571570355,0.332500428429645,0,"MSCCR_reGRID_1202_Biopsy_1995"
0.658824899969404,0.341175100030596,0,"MSCCR_reGRID_1203_Biopsy_1997"
0.841629885185834,0.143725903496538,0.0146442113176277,"MSCCR_reGRID_1203_Biopsy_1996"
0.702237079696931,0.297762920303069,0,"MSCCR_reGRID_1204_Biopsy_1998"
0.6884139988481,0.3115860011519,0,"MSCCR_reGRID_1205_Biopsy_1999"
0.840921564698751,0.133505771758107,0.0255726635431416,"MSCCR_reGRID_1205_Biopsy_2000"
0.743740654952161,0.252105968046324,0.00415337700151469,"MSCCR_reGRID_1205_Biopsy_2001"
0.861245366375995,0.104532482034662,0.0342221515893418,"MSCCR_reGRID_1206_Biopsy_2002"
0.798529143757378,0.177656563406794,0.0238142928358284,"MSCCR_reGRID_1207_Biopsy_2005"
0.858972214309855,0.134452369239548,0.00657541645059678,"MSCCR_reGRID_1207_Biopsy_2004"
0.839183142104207,0.140318179784805,0.0204986781109875,"MSCCR_reGRID_1207_Biopsy_2003"
0.774858818698684,0.171634224952824,0.0535069563484914,"MSCCR_reGRID_1208_Biopsy_2006"
0.747596065806654,0.244400657366633,0.00800327682671309,"MSCCR_reGRID_1214_Biopsy_2007"
0.791770185341396,0.189090252145217,0.019139562513386,"MSCCR_reGRID_1214_Biopsy_2008"
0.867844843686207,0.132155156313793,0,"MSCCR_reGRID_1214_Biopsy_2009"
0.846421244323308,0.125185781748347,0.0283929739283453,"MSCCR_reGRID_1221_Biopsy_2010"
0.752652787804089,0.18944408122506,0.0579031309708505,"MSCCR_reGRID_1233_Biopsy_2012"
0.851125774606248,0.122170018332594,0.0267042070611578,"MSCCR_reGRID_1233_Biopsy_2011"
0.817948378938037,0.151386004659773,0.0306656164021897,"MSCCR_reGRID_1235_Biopsy_2013"
0.861358290745138,0.138641709254862,0,"MSCCR_reGRID_1236_Biopsy_2014"
0.822896771653768,0.161594231438679,0.0155089969075528,"MSCCR_reGRID_1236_Biopsy_2015"
0.745867309537671,0.254132690462329,0,"MSCCR_reGRID_1258_Biopsy_2016"
0.903184180255723,0.0651178716866923,0.031697948057585,"MSCCR_reGRID_1258_Biopsy_2017"
0.776669585067373,0.2144938186307,0.0088365963019264,"MSCCR_reGRID_1290_Biopsy_2020"
0.887972019958368,0.0846002808827778,0.0274276991588531,"MSCCR_reGRID_1290_Biopsy_2019"
0.88345893822966,0.0647077781791948,0.0518332835911454,"MSCCR_reGRID_1290_Biopsy_2018"
0.76425478785378,0.206417873398264,0.0293273387479565,"MSCCR_reGRID_1291_Biopsy_2022"
0.856918081676505,0.115132444162035,0.02794947416146,"MSCCR_reGRID_1291_Biopsy_2021"
0.77659803246343,0.188057405243887,0.035344562292683,"MSCCR_reGRID_1292_Biopsy_2025"
0.900726980472416,0.0925932281695465,0.00667979135803698,"MSCCR_reGRID_1292_Biopsy_2024"
0.834373314763761,0.142802277549091,0.0228244076871471,"MSCCR_reGRID_1292_Biopsy_2023"
0.781107474713714,0.199365836187628,0.0195266890986583,"MSCCR_reGRID_1293_Biopsy_2027"
0.810808721919806,0.184507831474847,0.00468344660534659,"MSCCR_reGRID_1293_Biopsy_2026"
0.73852600067034,0.26147399932966,0,"MSCCR_reGRID_1299_Biopsy_2029"
0.882710616714895,0.107087462206283,0.0102019210788217,"MSCCR_reGRID_1299_Biopsy_2030"
0.875559712425832,0.0950207128948647,0.0294195746793032,"MSCCR_reGRID_1299_Biopsy_2028"
0.793105444546511,0.206894555453488,0,"MSCCR_reGRID_1300_Biopsy_2031"
0.868936306367375,0.100868204117238,0.0301954895153865,"MSCCR_reGRID_1300_Biopsy_2032"
0.858742274618183,0.141257725381817,0,"MSCCR_reGRID_1302_Biopsy_2033"
0.877659910493539,0.122340089506461,0,"MSCCR_reGRID_1302_Biopsy_2034"
0.91563619188711,0.0843638081128895,0,"MSCCR_reGRID_1302_Biopsy_2035"
0.814506595611214,0.16669849185941,0.018794912529376,"MSCCR_reGRID_1303_Biopsy_2036"
0.834591022132629,0.136081669039284,0.0293273088280859,"MSCCR_reGRID_1304_Biopsy_2037"
0.887232396464254,0.102803847399176,0.00996375613656975,"MSCCR_reGRID_1305_Biopsy_2039"
0.810485018643235,0.175098023255153,0.0144169581016118,"MSCCR_reGRID_1305_Biopsy_2038"
0.88662870092405,0.0975266452473508,0.0158446538285993,"MSCCR_reGRID_1309_Biopsy_2040"
0.922888165438804,0.077111834561196,0,"MSCCR_reGRID_1311_Biopsy_2041"
0.7930870555207,0.185964437517068,0.0209485069622312,"MSCCR_reGRID_1311_Biopsy_2042"
0.759478612095781,0.215820851217375,0.0247005366868446,"MSCCR_reGRID_1314_Biopsy_2043"
0.811443739167363,0.179730424778966,0.0088258360536711,"MSCCR_reGRID_1314_Biopsy_2044"
0.824972068829809,0.164664662913177,0.0103632682570135,"MSCCR_reGRID_1315_Biopsy_2045"
0.888338960165792,0.0754282267118622,0.0362328131223458,"MSCCR_reGRID_1316_Biopsy_2047"
0.873763661336197,0.0930327709681052,0.0332035676956972,"MSCCR_reGRID_1316_Biopsy_2046"
0.71933238802524,0.25127639346206,0.0293912185127003,"MSCCR_reGRID_1317_Biopsy_2049"
0.771916915024419,0.206598680438947,0.0214844045366345,"MSCCR_reGRID_1317_Biopsy_2048"
0.806105958250946,0.167792091672255,0.0261019500767991,"MSCCR_reGRID_1317_Biopsy_2050"
0.769310551976285,0.191908259863229,0.038781188160486,"MSCCR_reGRID_1318_Biopsy_2051"
0.797160915071851,0.180095433065017,0.0227436518631314,"MSCCR_reGRID_1318_Biopsy_2052"
0.810891946306672,0.178354037784691,0.0107540159086366,"MSCCR_reGRID_1319_Biopsy_2054"
0.792998857167376,0.180226751799941,0.0267743910326831,"MSCCR_reGRID_1319_Biopsy_2053"
0.913681348352806,0.0863186516471942,0,"MSCCR_reGRID_1319_Biopsy_2055"
0.818730214432633,0.162199867329168,0.0190699182381984,"MSCCR_reGRID_1320_Biopsy_2056"
0.758443133524192,0.19302834187702,0.0485285245987876,"MSCCR_reGRID_1323_Biopsy_2057"
0.917319767610597,0.0826802323894034,0,"MSCCR_reGRID_1323_Biopsy_2058"
0.750945070607748,0.190877975989812,0.0581769534024403,"MSCCR_reGRID_1326_Biopsy_2059"
0.816823725184967,0.172442740041494,0.0107335347735387,"MSCCR_reGRID_1326_Biopsy_2060"
0.84487337822062,0.131474242471307,0.0236523793080723,"MSCCR_reGRID_1326_Biopsy_2061"
0.924177165127657,0.0612183774821599,0.0146044573901833,"MSCCR_reGRID_1327_Biopsy_2062"
0.756617182402529,0.1840583542035,0.0593244633939701,"MSCCR_reGRID_1328_Biopsy_2064"
0.931207618363089,0.0596426025151205,0.0091497791217896,"MSCCR_reGRID_1328_Biopsy_2063"
0.849141966383824,0.115660902419902,0.0351971311962735,"MSCCR_reGRID_1329_Biopsy_2065"
0.765203813533379,0.23479618646662,0,"MSCCR_reGRID_1330_Biopsy_2066"
0.882417757686108,0.083701825410455,0.0338804169034367,"MSCCR_reGRID_1330_Biopsy_2067"
0.783013500816296,0.177169001512428,0.0398174976712755,"MSCCR_reGRID_1331_Biopsy_2068"
0.788355072159811,0.161302678236928,0.0503422496032608,"MSCCR_reGRID_1331_Biopsy_2069"
0.786747079285646,0.176506276599953,0.0367466441144013,"MSCCR_reGRID_1332_Biopsy_2071"
0.846513579941885,0.130377548378391,0.0231088716797231,"MSCCR_reGRID_1332_Biopsy_2070"
0.815480697272117,0.153353599887812,0.0311657028400709,"MSCCR_reGRID_1333_Biopsy_2072"
0.804913362163168,0.161771078866743,0.0333155589700886,"MSCCR_reGRID_1333_Biopsy_2073"
0.798553628593038,0.174029878209531,0.0274164931974311,"MSCCR_reGRID_1335_Biopsy_2074"
0.856218668226175,0.143781331773825,0,"MSCCR_reGRID_1335_Biopsy_2075"
0.789125919803471,0.199560417955198,0.0113136622413305,"MSCCR_reGRID_1337_Biopsy_2076"
0.833102645349174,0.153542084332048,0.0133552703187775,"MSCCR_reGRID_1339_Biopsy_2077"
0.867364145862726,0.10954951656737,0.0230863375699042,"MSCCR_reGRID_1339_Biopsy_2078"
0.719166059651873,0.280833940348127,0,"MSCCR_reGRID_1340_Biopsy_2079"
0.830085089012936,0.161023274244609,0.00889163674245363,"MSCCR_reGRID_1340_Biopsy_2080"
0.774296335429008,0.225703664570992,0,"MSCCR_reGRID_1341_Biopsy_2081"
0.849467677260829,0.130973906158544,0.0195584165806257,"MSCCR_reGRID_1342_Biopsy_2082"
0.706537400994732,0.293462599005268,0,"MSCCR_reGRID_1343_Biopsy_2083"
0.707078593731631,0.232475337478227,0.0604460687901416,"MSCCR_reGRID_1344_Biopsy_2084"
0.793419962798202,0.183048635409309,0.0235314017924884,"MSCCR_reGRID_1344_Biopsy_2085"
0.819910703733149,0.179417888397918,0.000671407868932827,"MSCCR_reGRID_1345_Biopsy_2087"
0.715713495920232,0.266798537978451,0.0174879661013171,"MSCCR_reGRID_1345_Biopsy_2086"
0.793771550324439,0.1885798977372,0.0176485519383614,"MSCCR_reGRID_1346_Biopsy_2088"
0.860024290770739,0.119505101312778,0.0204706079164835,"MSCCR_reGRID_1346_Biopsy_2089"
0.891110609611542,0.106220809200276,0.00266858118818192,"MSCCR_reGRID_1348_Biopsy_2091"
0.885645807444398,0.0960545824635625,0.0182996100920395,"MSCCR_reGRID_1348_Biopsy_2090"
0.86297850537654,0.112192599586779,0.0248288950366804,"MSCCR_reGRID_1349_Biopsy_2093"
0.826363455614483,0.132890104860942,0.0407464395245746,"MSCCR_reGRID_1349_Biopsy_2092"
0.763652703481578,0.232777117648717,0.00357017886970518,"MSCCR_reGRID_1351_Biopsy_2094"
0.873375895794779,0.0985033597732705,0.0281207444319501,"MSCCR_reGRID_1351_Biopsy_2095"
0.787200551821958,0.184442377272334,0.0283570709057073,"MSCCR_reGRID_1352_Biopsy_2096"
0.803175640389174,0.191732276363729,0.00509208324709587,"MSCCR_reGRID_1353_Biopsy_2097"
0.839319694302003,0.131048045091836,0.02963226060616,"MSCCR_reGRID_1353_Biopsy_2098"
0.80796392513985,0.156980388603534,0.0350556862566159,"MSCCR_reGRID_1354_Biopsy_2100"
0.857329636267188,0.136913915180293,0.005756448552519,"MSCCR_reGRID_1354_Biopsy_2099"
0.775233896188111,0.197396269019671,0.0273698347922171,"MSCCR_reGRID_1355_Biopsy_2101"
0.817426325961559,0.147826251802157,0.0347474222362839,"MSCCR_reGRID_1355_Biopsy_2102"
0.683351571014944,0.316648428985056,0,"MSCCR_reGRID_1356_Biopsy_2104"
0.764741383181443,0.219548517119994,0.0157100996985626,"MSCCR_reGRID_1356_Biopsy_2103"
0.832769963156852,0.157953500629953,0.00927653621319435,"MSCCR_reGRID_1357_Biopsy_2106"
0.823694752683863,0.155720882064673,0.0205843652514644,"MSCCR_reGRID_1357_Biopsy_2105"
0.791227640940067,0.177948681915843,0.0308236771440901,"MSCCR_reGRID_1359_Biopsy_2107"
0.891047152465676,0.108952847534323,0,"MSCCR_reGRID_1359_Biopsy_2108"
0.794758005817223,0.181316164471446,0.0239258297113306,"MSCCR_reGRID_1360_Biopsy_2109"
0.875443773432507,0.111993082214635,0.0125631443528581,"MSCCR_reGRID_1360_Biopsy_2110"
0.799333637648444,0.16934845997183,0.0313179023797264,"MSCCR_reGRID_1361_Biopsy_2111"
0.804948943580598,0.166086689410261,0.0289643670091402,"MSCCR_reGRID_1361_Biopsy_2112"
0.811330209643884,0.168572988507916,0.0200968018481992,"MSCCR_reGRID_1362_Biopsy_2113"
0.772311374637475,0.223808785055405,0.00387984030711985,"MSCCR_reGRID_1362_Biopsy_2115"
0.843350523430508,0.156649476569491,0,"MSCCR_reGRID_1362_Biopsy_2114"
0.740270306020151,0.259729693979849,0,"MSCCR_reGRID_1363_Biopsy_2117"
0.792093268851903,0.169265619806434,0.0386411113416624,"MSCCR_reGRID_1363_Biopsy_2116"
0.838516266504572,0.160632771205008,0.000850962290419699,"MSCCR_reGRID_1364_Biopsy_2119"
0.796031744131915,0.174013002288529,0.0299552535795555,"MSCCR_reGRID_1364_Biopsy_2118"
0.857713129779762,0.141463433927487,0.000823436292750612,"MSCCR_reGRID_1365_Biopsy_2120"
0.905911399765098,0.0887522092976589,0.00533639093724225,"MSCCR_reGRID_1365_Biopsy_2121"
0.714026352415323,0.285973647584677,0,"MSCCR_reGRID_1366_Biopsy_2124"
0.847209229500519,0.098789133242746,0.0540016372567342,"MSCCR_reGRID_1366_Biopsy_2123"
0.823033459403565,0.150694286141044,0.0262722544553902,"MSCCR_reGRID_1366_Biopsy_2122"
0.877656042448595,0.114762873343211,0.00758108420819403,"MSCCR_reGRID_1367_Biopsy_2125"
0.775175538791241,0.203516273349689,0.0213081878590692,"MSCCR_reGRID_1367_Biopsy_2126"
0.736590486752247,0.250163196458478,0.0132463167892747,"MSCCR_reGRID_1369_Biopsy_2127"
0.835348482072602,0.129686854197726,0.0349646637296715,"MSCCR_reGRID_1369_Biopsy_2128"
0.859088893670849,0.104739510093474,0.0361715962356769,"MSCCR_reGRID_1369_Biopsy_2129"
0.735454991672532,0.264545008327468,0,"MSCCR_reGRID_1370_Biopsy_2130"
0.859196978174734,0.13183718041894,0.00896584140632617,"MSCCR_reGRID_1370_Biopsy_2131"
0.740989529770378,0.241583899262724,0.0174265709668976,"MSCCR_reGRID_1372_Biopsy_2132"
0.798456876766991,0.182055451358403,0.0194876718746054,"MSCCR_reGRID_1372_Biopsy_2133"
0.728738077742927,0.271261922257072,0,"MSCCR_reGRID_1373_Biopsy_2134"
0.823576478019806,0.176423521980193,0,"MSCCR_reGRID_1373_Biopsy_2135"
0.862576818973714,0.117134732850447,0.0202884481758391,"MSCCR_reGRID_1374_Biopsy_2137"
0.824006258743792,0.154451629209399,0.0215421120468089,"MSCCR_reGRID_1374_Biopsy_2136"
0.792503623426402,0.180080009909045,0.027416366664553,"MSCCR_reGRID_1375_Biopsy_2138"
0.872882835482127,0.123411215299615,0.00370594921825729,"MSCCR_reGRID_1376_Biopsy_2139"
0.890424171949749,0.103605244850607,0.00597058319964383,"MSCCR_reGRID_1376_Biopsy_2140"
0.8510801382681,0.14542153849216,0.00349832323974031,"MSCCR_reGRID_1377_Biopsy_2142"
0.805506969632742,0.157745173041389,0.0367478573258694,"MSCCR_reGRID_1377_Biopsy_2141"
0.959201097644499,0.037768408766968,0.00303049358853291,"MSCCR_reGRID_1378_Biopsy_2144"
0.902554824220816,0.080619043072624,0.0168261327065595,"MSCCR_reGRID_1378_Biopsy_2143"
0.832800257435863,0.155105846153423,0.012093896410715,"MSCCR_reGRID_1379_Biopsy_2146"
0.865277294571103,0.130523040149505,0.00419966527939264,"MSCCR_reGRID_1379_Biopsy_2145"
0.695293195186181,0.280422336096452,0.0242844687173669,"MSCCR_reGRID_1382_Biopsy_2147"
0.823405664861874,0.163379257219631,0.0132150779184944,"MSCCR_reGRID_1382_Biopsy_2148"
0.721114125505814,0.260805120676276,0.0180807538179097,"MSCCR_reGRID_1385_Biopsy_2149"
0.846949387694222,0.124184600441216,0.0288660118645623,"MSCCR_reGRID_1386_Biopsy_2150"
0.80664676004688,0.146893409225127,0.0464598307279935,"MSCCR_reGRID_1386_Biopsy_2151"
0.820011061646024,0.136658542291976,0.0433303960619994,"MSCCR_reGRID_1387_Biopsy_2152"
0.828783531596647,0.139751907540686,0.0314645608626664,"MSCCR_reGRID_1387_Biopsy_2153"
0.799712489996307,0.175496444495115,0.0247910655085785,"MSCCR_reGRID_1388_Biopsy_2154"
0.841488169866696,0.136555945610816,0.0219558845224874,"MSCCR_reGRID_1388_Biopsy_2155"
0.783166794115821,0.186189365836636,0.0306438400475427,"MSCCR_reGRID_1389_Biopsy_2156"
0.876125887332669,0.119873129701534,0.00400098296579687,"MSCCR_reGRID_1389_Biopsy_2157"
0.761244408845743,0.238755591154257,0,"MSCCR_reGRID_1390_Biopsy_2158"
0.878114219490064,0.117783909648025,0.00410187086191005,"MSCCR_reGRID_1390_Biopsy_2159"
0.834808949427093,0.134699071249514,0.0304919793233925,"MSCCR_reGRID_1391_Biopsy_2160"
0.744880146483977,0.216886097733535,0.0382337557824886,"MSCCR_reGRID_1391_Biopsy_2161"
0.788061607864341,0.193044646177907,0.0188937459577523,"MSCCR_reGRID_1392_Biopsy_2163"
0.843483939558307,0.12018439459547,0.0363316658462225,"MSCCR_reGRID_1392_Biopsy_2162"
0.797814209903816,0.17730745179456,0.0248783383016244,"MSCCR_reGRID_1393_Biopsy_2165"
0.85569561291346,0.128062175619364,0.0162422114671759,"MSCCR_reGRID_1393_Biopsy_2164"
0.933150335128731,0.0610995779553516,0.0057500869159175,"MSCCR_reGRID_1394_Biopsy_2166"
0.751643658046766,0.248356341953234,0,"MSCCR_reGRID_1395_Biopsy_2167"
0.908874573295635,0.0911254267043641,0,"MSCCR_reGRID_1396_Biopsy_2168"
0.943629587982863,0.0563704120171372,0,"MSCCR_reGRID_1398_Biopsy_2170"
0.826687967243483,0.145504403291453,0.0278076294650638,"MSCCR_reGRID_1398_Biopsy_2169"
0.901116897475249,0.0794446015003692,0.0194385010243814,"MSCCR_reGRID_1398_Biopsy_2171"
0.841564744187405,0.130248463884804,0.0281867919277908,"MSCCR_reGRID_1399_Biopsy_2172"
0.766447500451512,0.212575528100955,0.0209769714475319,"MSCCR_reGRID_1400_Biopsy_2174"
0.854231402419455,0.114310516482282,0.031458081098263,"MSCCR_reGRID_1400_Biopsy_2173"
0.912556051652288,0.0798394295561901,0.00760451879152191,"MSCCR_reGRID_1401_Biopsy_2175"
0.892987298909664,0.0899402059116872,0.0170724951786488,"MSCCR_reGRID_1401_Biopsy_2176"
0.794761676934823,0.182581004194434,0.0226573188707426,"MSCCR_reGRID_1404_Biopsy_2177"
0.827558647746571,0.172441352253429,0,"MSCCR_reGRID_1404_Biopsy_2178"
0.776197294249343,0.208945424085113,0.0148572816655435,"MSCCR_reGRID_1405_Biopsy_2180"
0.849326177982379,0.127821987029482,0.0228518349881385,"MSCCR_reGRID_1405_Biopsy_2179"
0.774978090072615,0.21430685135925,0.0107150585681347,"MSCCR_reGRID_1405_Biopsy_2181"
0.651518535910769,0.348481464089231,0,"MSCCR_reGRID_1406_Biopsy_2183"
0.850516704674642,0.128262905658267,0.0212203896670916,"MSCCR_reGRID_1406_Biopsy_2182"
0.803498159158326,0.17898263491473,0.0175192059269437,"MSCCR_reGRID_1406_Biopsy_2184"
0.862828348896743,0.137171651103257,0,"MSCCR_reGRID_1408_Biopsy_2186"
0.858715614777891,0.122798759298825,0.0184856259232843,"MSCCR_reGRID_1408_Biopsy_2185"
0.628935559721221,0.371064440278779,0,"MSCCR_reGRID_1409_Biopsy_2189"
0.806552635250159,0.165982210273903,0.0274651544759378,"MSCCR_reGRID_1409_Biopsy_2187"
0.778715025655448,0.197388117089418,0.0238968572551346,"MSCCR_reGRID_1409_Biopsy_2188"
0.872289262190023,0.127710737809977,0,"MSCCR_reGRID_1415_Biopsy_2192"
0.85738352505137,0.136852425785549,0.00576404916308049,"MSCCR_reGRID_1416_Biopsy_2193"
0.859538407810339,0.134738664791556,0.00572292739810443,"MSCCR_reGRID_1417_Biopsy_2194"
0.73103763138659,0.235621827940901,0.0333405406725091,"MSCCR_reGRID_1418_Biopsy_2195"
0.810012832831699,0.170324696517755,0.0196624706505469,"MSCCR_reGRID_1418_Biopsy_2196"
0.85159666767908,0.118104951891125,0.0302983804297949,"MSCCR_reGRID_1420_Biopsy_2197"
0.910225800733464,0.0891212832650639,0.000652916001471882,"MSCCR_reGRID_1421_Biopsy_2200"
0.844374545303424,0.126201918463538,0.0294235362330378,"MSCCR_reGRID_1421_Biopsy_2199"
0.809319754077189,0.181254606071768,0.00942563985104372,"MSCCR_reGRID_1421_Biopsy_2198"
0.822311991786186,0.163633567153946,0.0140544410598676,"MSCCR_reGRID_1423_Biopsy_2203"
0.892314475437849,0.10768552456215,0,"MSCCR_reGRID_1423_Biopsy_2202"
0.905089056250952,0.0662708306606624,0.0286401130883855,"MSCCR_reGRID_1423_Biopsy_2201"
0.814349012820114,0.148227279924947,0.0374237072549393,"MSCCR_reGRID_1424_Biopsy_2204"
0.772953515779282,0.195344932929295,0.0317015512914233,"MSCCR_reGRID_1425_Biopsy_2205"
0.868565384894895,0.131434615105105,0,"MSCCR_reGRID_1425_Biopsy_2206"
0.808955012919107,0.189692240861445,0.00135274621944781,"MSCCR_reGRID_1427_Biopsy_2209"
0.874915053839489,0.119011936029736,0.00607301013077444,"MSCCR_reGRID_1427_Biopsy_2207"
0.800248421825262,0.199751578174738,0,"MSCCR_reGRID_1427_Biopsy_2208"
0.785644006125609,0.186626962270229,0.0277290316041613,"MSCCR_reGRID_1429_Biopsy_2210"
0.856945217985067,0.143054782014933,0,"MSCCR_reGRID_1429_Biopsy_2211"
0.859441759908362,0.134089879042284,0.00646836104935467,"MSCCR_reGRID_1429_Biopsy_2212"
0.755806152682415,0.203453787258219,0.040740060059365,"MSCCR_reGRID_1433_Biopsy_2214"
0.844452285097315,0.128960576015387,0.0265871388872986,"MSCCR_reGRID_1433_Biopsy_2213"
0.848128091690664,0.151871908309336,0,"MSCCR_reGRID_1434_Biopsy_2215"
0.835881714133579,0.122903279393015,0.0412150064734056,"MSCCR_reGRID_1435_Biopsy_2217"
0.843309445111165,0.119589557543157,0.037100997345678,"MSCCR_reGRID_1435_Biopsy_2216"
0.866874580439589,0.0980792381747269,0.0350461813856839,"MSCCR_reGRID_1437_Biopsy_2220"
0.908716483034161,0.0771041274115655,0.0141793895542731,"MSCCR_reGRID_1437_Biopsy_2219"
0.844332647280078,0.155667352719921,0,"MSCCR_reGRID_1437_Biopsy_2218"
0.877453697178264,0.119897841059116,0.00264846176262024,"MSCCR_reGRID_1438_Biopsy_2223"
0.618734215124825,0.355505066414115,0.0257607184610599,"MSCCR_reGRID_1438_Biopsy_2221"
0.860876839809359,0.136579227069915,0.00254393312072532,"MSCCR_reGRID_1438_Biopsy_2222"
0.791423126932661,0.208576873067338,0,"MSCCR_reGRID_1441_Biopsy_2225"
0.842361462686994,0.157638537313006,0,"MSCCR_reGRID_1441_Biopsy_2224"
0.855430272201435,0.144569727798565,0,"MSCCR_reGRID_1441_Biopsy_2226"
0.75004442671164,0.236510660034618,0.0134449132537419,"MSCCR_reGRID_1442_Biopsy_2227"
0.747917810425381,0.224919832717348,0.0271623568572709,"MSCCR_reGRID_1445_Biopsy_2229"
0.789413309274721,0.195379698399751,0.0152069923255279,"MSCCR_reGRID_1445_Biopsy_2228"
0.765438624365271,0.203417908833388,0.0311434668013415,"MSCCR_reGRID_1446_Biopsy_2231"
0.854941719686462,0.117838374769866,0.0272199055436713,"MSCCR_reGRID_1446_Biopsy_2230"
0.872318657630437,0.118773211684875,0.00890813068468788,"MSCCR_reGRID_1447_Biopsy_2232"
0.761776575455254,0.184842465594041,0.0533809589507039,"MSCCR_reGRID_1448_Biopsy_2234"
0.859396265056346,0.113070547563368,0.0275331873802858,"MSCCR_reGRID_1448_Biopsy_2233"
0.872164821396155,0.124346534338817,0.00348864426502826,"MSCCR_reGRID_1448_Biopsy_2235"
0.89226691337995,0.0646381082204651,0.0430949783995844,"MSCCR_reGRID_1449_Biopsy_2236"
0.855150169568419,0.10298600117778,0.0418638292538008,"MSCCR_reGRID_1451_Biopsy_2238"
0.777600699431773,0.183982381081198,0.0384169194870285,"MSCCR_reGRID_1451_Biopsy_2237"
0.852298412565854,0.124619197246037,0.0230823901881084,"MSCCR_reGRID_1452_Biopsy_2239"
0.843098903856906,0.156901096143094,0,"MSCCR_reGRID_1454_Biopsy_2240"
0.787911991447843,0.17873355870759,0.0333544498445667,"MSCCR_reGRID_1455_Biopsy_2242"
0.819660684222574,0.151456257856629,0.0288830579207969,"MSCCR_reGRID_1455_Biopsy_2241"
0.834750246860147,0.143144873874776,0.0221048792650779,"MSCCR_reGRID_1457_Biopsy_2243"
0.847984879706637,0.123024730516784,0.0289903897765783,"MSCCR_reGRID_1458_Biopsy_2245"
0.844365639135367,0.132248374928852,0.0233859859357802,"MSCCR_reGRID_1458_Biopsy_2244"
0.859356262206994,0.122126935425055,0.0185168023679499,"MSCCR_reGRID_1463_Biopsy_2246"
0.799157939835819,0.173555316106073,0.0272867440581075,"MSCCR_reGRID_1464_Biopsy_2247"
0.884028735337767,0.0876603948392408,0.0283108698229918,"MSCCR_reGRID_1464_Biopsy_2248"
0.791650457962947,0.181464237762082,0.0268853042749712,"MSCCR_reGRID_1466_Biopsy_2250"
0.870196131312002,0.108087189592668,0.0217166790953305,"MSCCR_reGRID_1466_Biopsy_2249"
0.774476355112539,0.210816650758836,0.0147069941286249,"MSCCR_reGRID_1467_Biopsy_2251"
0.881257013671989,0.118742986328011,0,"MSCCR_reGRID_1467_Biopsy_2252"
0.882496906489224,0.107987411513277,0.00951568199749919,"MSCCR_reGRID_1468_Biopsy_2253"
0.836206513521282,0.118664373033525,0.0451291134451926,"MSCCR_reGRID_1468_Biopsy_2254"
0.874417598935401,0.100958112203761,0.0246242888608372,"MSCCR_reGRID_1469_Biopsy_2255"
0.869430497391292,0.127055149990306,0.00351435261840172,"MSCCR_reGRID_1470_Biopsy_2256"
0.871755401834086,0.128244598165914,0,"MSCCR_reGRID_1471_Biopsy_2257"
0.779794519445248,0.199280807605081,0.0209246729496702,"MSCCR_reGRID_1472_Biopsy_2258"
0.877832964039351,0.103494300847809,0.01867273511284,"MSCCR_reGRID_1472_Biopsy_2259"
0.733949499293311,0.241067464119024,0.0249830365876645,"MSCCR_reGRID_1476_Biopsy_2260"
0.7170733451629,0.2829266548371,0,"MSCCR_reGRID_1476_Biopsy_2261"
0.74992692861772,0.227464420251258,0.0226086511310212,"MSCCR_reGRID_1477_Biopsy_2262"
0.752303754640992,0.247696245359008,0,"MSCCR_reGRID_1477_Biopsy_2263"
0.816391537380883,0.148984359588673,0.034624103030444,"MSCCR_reGRID_1477_Biopsy_2264"
0.828522577273202,0.171477422726798,0,"MSCCR_reGRID_1479_Biopsy_2266"
0.77179795379749,0.219546985852264,0.00865506035024555,"MSCCR_reGRID_1479_Biopsy_2265"
0.777021193656803,0.174714477761613,0.0482643285815837,"MSCCR_reGRID_1482_Biopsy_2268"
0.824971245556929,0.149294776688536,0.025733977754535,"MSCCR_reGRID_1482_Biopsy_2267"
0.85543276759945,0.108638158012026,0.0359290743885237,"MSCCR_reGRID_1484_Biopsy_2269"
0.764691225177468,0.225187847799434,0.0101209270230981,"MSCCR_reGRID_1485_Biopsy_2270"
0.815018307029341,0.166872057774128,0.0181096351965314,"MSCCR_reGRID_1485_Biopsy_2271"
0.701638724805194,0.298361275194806,0,"MSCCR_reGRID_1486_Biopsy_2273"
0.79126233660864,0.17469351854366,0.0340441448477001,"MSCCR_reGRID_1488_Biopsy_2274"
0.790692165341981,0.160741191376673,0.0485666432813461,"MSCCR_reGRID_1488_Biopsy_2275"
0.666739390076814,0.333260609923185,0,"MSCCR_reGRID_1490_Biopsy_2278"
0.892053520779116,0.095429338052277,0.0125171411686061,"MSCCR_reGRID_1490_Biopsy_2276"
0.769873851742816,0.214764431663171,0.0153617165940123,"MSCCR_reGRID_1490_Biopsy_2277"
0.754119069309254,0.238878570466454,0.00700236022429274,"MSCCR_reGRID_1491_Biopsy_2279"
0.900746055350073,0.0992539446499267,0,"MSCCR_reGRID_1491_Biopsy_2280"
0.748258560686031,0.221468744603293,0.0302726947106755,"MSCCR_reGRID_1492_Biopsy_2282"
0.775285563660096,0.188766566617767,0.0359478697221374,"MSCCR_reGRID_1492_Biopsy_2281"
0.871964858023235,0.115561878296438,0.0124732636803273,"MSCCR_reGRID_1493_Biopsy_2283"
0.836508049437165,0.12009147760054,0.043400472962295,"MSCCR_reGRID_1493_Biopsy_2284"
0.764289170857262,0.235710829142737,0,"MSCCR_reGRID_1494_Biopsy_2285"
0.831242269099431,0.149702293618171,0.0190554372823979,"MSCCR_reGRID_1494_Biopsy_2286"
0.845724448777713,0.124415081171845,0.0298604700504412,"MSCCR_reGRID_1494_Biopsy_2287"
0.788445139711672,0.14510204338405,0.0664528169042773,"MSCCR_reGRID_1496_Biopsy_2288"
0.690234801034076,0.271842794097829,0.0379224048680951,"MSCCR_reGRID_1497_Biopsy_2289"
0.842583651091871,0.124264249833615,0.0331520990745143,"MSCCR_reGRID_1497_Biopsy_2290"
0.819707314724696,0.17139830326976,0.00889438200554438,"MSCCR_reGRID_1498_Biopsy_2291"
0.777803883215722,0.220121699154442,0.00207441762983562,"MSCCR_reGRID_1499_Biopsy_2294"
0.777617898474395,0.217238145472142,0.00514395605346252,"MSCCR_reGRID_1499_Biopsy_2293"
0.88330580424264,0.11669419575736,0,"MSCCR_reGRID_1499_Biopsy_2292"
0.897893372062204,0.0979836379636093,0.00412298997418636,"MSCCR_reGRID_1500_Biopsy_2295"
0.617487855133229,0.382512144866771,0,"MSCCR_reGRID_1501_Biopsy_2296"
0.796584868060468,0.159559317908135,0.0438558140313966,"MSCCR_reGRID_1501_Biopsy_2297"
0.779273457099554,0.166912267089115,0.0538142758113312,"MSCCR_reGRID_1502_Biopsy_2298"
0.822231627454546,0.155766303236143,0.0220020693093112,"MSCCR_reGRID_1503_Biopsy_2299"
0.783658386339361,0.197092806499171,0.0192488071614682,"MSCCR_reGRID_1505_Biopsy_2300"
0.810369575847013,0.161581723851319,0.0280487003016684,"MSCCR_reGRID_1505_Biopsy_2301"
0.85496416004789,0.145035839952109,0,"MSCCR_reGRID_1506_Biopsy_2302"
0.863704212890131,0.0998851294714547,0.0364106576384145,"MSCCR_reGRID_1506_Biopsy_2303"
0.778220029043785,0.220847286971225,0.000932683984990745,"MSCCR_reGRID_1507_Biopsy_2304"
0.819493740177434,0.163160086978031,0.0173461728445346,"MSCCR_reGRID_1507_Biopsy_2305"
0.844308942531604,0.122364016644943,0.0333270408234535,"MSCCR_reGRID_1508_Biopsy_2306"
0.798757891353578,0.169510998829118,0.031731109817304,"MSCCR_reGRID_1509_Biopsy_2308"
0.780609592536545,0.219390407463455,0,"MSCCR_reGRID_1509_Biopsy_2307"
0.789854210773328,0.174297811639195,0.0358479775874773,"MSCCR_reGRID_1509_Biopsy_2309"
0.768079842478657,0.231920157521343,0,"MSCCR_reGRID_1510_Biopsy_2311"
0.832524681197936,0.167475318802064,0,"MSCCR_reGRID_1510_Biopsy_2310"
0.827238951909128,0.14296443048299,0.029796617607882,"MSCCR_reGRID_1512_Biopsy_2314"
0.892231227628298,0.0916912424044642,0.0160775299672374,"MSCCR_reGRID_1512_Biopsy_2313"
0.870341139159669,0.128622182538323,0.00103667830200793,"MSCCR_reGRID_1512_Biopsy_2312"
0.740921802943818,0.255181917700024,0.00389627935615783,"MSCCR_reGRID_1513_Biopsy_2315"
0.714413600954159,0.248282935076254,0.0373034639695863,"MSCCR_reGRID_1514_Biopsy_2316"
0.789986944452824,0.210013055547176,0,"MSCCR_reGRID_1514_Biopsy_2317"
0.827500705977141,0.141052205951299,0.0314470880715593,"MSCCR_reGRID_1514_Biopsy_2318"
0.778936746888466,0.221063253111534,0,"MSCCR_reGRID_1518_Biopsy_2319"
0.86447409954704,0.13552590045296,0,"MSCCR_reGRID_1518_Biopsy_2321"
0.796116102634135,0.166094591086505,0.0377893062793594,"MSCCR_reGRID_1518_Biopsy_2320"
0.892452345617044,0.107547654382956,0,"MSCCR_reGRID_1521_Biopsy_2322"
0.751096384375927,0.248903615624074,0,"MSCCR_reGRID_1522_Biopsy_2325"
0.885797507375036,0.0944750162675439,0.0197274763574193,"MSCCR_reGRID_1522_Biopsy_2324"
0.895339989153576,0.0712328249712753,0.0334271858751494,"MSCCR_reGRID_1522_Biopsy_2323"
0.793899770836963,0.177139181032496,0.0289610481305405,"MSCCR_reGRID_1523_Biopsy_2327"
0.821756397036442,0.154231759155,0.024011843808558,"MSCCR_reGRID_1523_Biopsy_2326"
0.782292167693044,0.217707832306955,0,"MSCCR_reGRID_1523_Biopsy_2328"
0.779296636335818,0.220703363664182,0,"MSCCR_reGRID_1524_Biopsy_2329"
0.892117259360421,0.107882740639578,0,"MSCCR_reGRID_1524_Biopsy_2330"
0.623713669733483,0.376286330266517,0,"MSCCR_reGRID_1526_Biopsy_2331"
0.803648693918828,0.158659592422147,0.0376917136590252,"MSCCR_reGRID_1527_Biopsy_2333"
0.800806366032649,0.173877773978497,0.0253158599888533,"MSCCR_reGRID_1527_Biopsy_2332"
0.831354242037287,0.132882214032169,0.0357635439305441,"MSCCR_reGRID_1529_Biopsy_2334"
0.85593000635391,0.132236799181669,0.0118331944644212,"MSCCR_reGRID_1529_Biopsy_2335"
0.851491826161441,0.131023139940681,0.0174850338978778,"MSCCR_reGRID_1533_Biopsy_2336"
0.771000470181518,0.190507322639369,0.0384922071791131,"MSCCR_reGRID_1536_Biopsy_2337"
0.875608750564204,0.0966113145273905,0.0277799349084052,"MSCCR_reGRID_1537_Biopsy_2338"
0.79103340231242,0.172983624667461,0.0359829730201183,"MSCCR_reGRID_1538_Biopsy_2340"
0.912351956724212,0.0402839435295475,0.0473640997462404,"MSCCR_reGRID_1538_Biopsy_2339"
0.770980424859186,0.191522121040269,0.0374974541005452,"MSCCR_reGRID_1539_Biopsy_2343"
0.833589680568185,0.150413876675186,0.0159964427566284,"MSCCR_reGRID_1539_Biopsy_2342"
0.768203367996008,0.225371658722299,0.00642497328169234,"MSCCR_reGRID_1539_Biopsy_2341"
0.762532187519691,0.205058605624025,0.0324092068562836,"MSCCR_reGRID_1540_Biopsy_2344"
0.858687588843591,0.114747358070305,0.0265650530861039,"MSCCR_reGRID_1541_Biopsy_2346"
0.600733329503209,0.39926667049679,0,"MSCCR_reGRID_1541_Biopsy_2345"
0.807991588559958,0.189406855540928,0.00260155589911326,"MSCCR_reGRID_1541_Biopsy_2347"
0.679883530868645,0.319406443375955,0.000710025755400134,"MSCCR_reGRID_1542_Biopsy_2349"
0.833412928112688,0.166587071887312,0,"MSCCR_reGRID_1542_Biopsy_2348"
0.780602326371969,0.206494990669618,0.0129026829584128,"MSCCR_reGRID_1542_Biopsy_2350"
0.864602994420452,0.125247804014777,0.0101492015647708,"MSCCR_reGRID_1544_Biopsy_2352"
0.784489668186545,0.16185735380469,0.0536529780087646,"MSCCR_reGRID_1544_Biopsy_2351"
0.848326412606154,0.151673587393845,0,"MSCCR_reGRID_1545_Biopsy_2355"
0.872375358561917,0.0984377502119,0.0291868912261833,"MSCCR_reGRID_1545_Biopsy_2354"
0.83389212388365,0.110502942829676,0.0556049332866738,"MSCCR_reGRID_1545_Biopsy_2353"
0.79401258433715,0.176477995338753,0.0295094203240959,"MSCCR_reGRID_1547_Biopsy_2357"
0.760282516570653,0.203414058475943,0.0363034249534033,"MSCCR_reGRID_1547_Biopsy_2356"
0.864014732813908,0.133380972364655,0.00260429482143676,"MSCCR_reGRID_1548_Biopsy_2358"
0.607948219057631,0.392051780942369,0,"MSCCR_reGRID_1549_Biopsy_2359"
0.755886922394006,0.244113077605994,0,"MSCCR_reGRID_1549_Biopsy_2360"
0.814334360088905,0.165111617304126,0.0205540226069686,"MSCCR_reGRID_1550_Biopsy_2363"
0.961404742388516,0.0223398259409363,0.0162554316705475,"MSCCR_reGRID_1550_Biopsy_2362"
0.928779748468566,0.051819272797906,0.0194009787335278,"MSCCR_reGRID_1550_Biopsy_2361"
0.743656577965409,0.226480738232597,0.0298626838019943,"MSCCR_reGRID_1552_Biopsy_2365"
0.826142326856566,0.133915589573651,0.0399420835697826,"MSCCR_reGRID_1552_Biopsy_2364"
0.789461586614625,0.191602410464096,0.0189360029212788,"MSCCR_reGRID_1553_Biopsy_2366"
0.777574487175818,0.222335770241107,8.97425830748699e-05,"MSCCR_reGRID_1555_Biopsy_2368"
0.830536025205378,0.149799138067998,0.0196648367266237,"MSCCR_reGRID_1555_Biopsy_2367"
0.871219707817016,0.112560236522472,0.0162200556605113,"MSCCR_reGRID_1556_Biopsy_2369"
0.759090591413018,0.240909408586982,0,"MSCCR_reGRID_1557_Biopsy_2372"
0.799357089564131,0.18544316970176,0.0151997407341087,"MSCCR_reGRID_1557_Biopsy_2370"
0.857610645677894,0.129736588280017,0.0126527660420888,"MSCCR_reGRID_1557_Biopsy_2371"
0.75607499764625,0.20608212401224,0.0378428783415094,"MSCCR_reGRID_1558_Biopsy_2375"
0.814254262449709,0.152863422723097,0.0328823148271945,"MSCCR_reGRID_1558_Biopsy_2374"
0.801473538666771,0.13671353519832,0.0618129261349083,"MSCCR_reGRID_1558_Biopsy_2373"
0.719910208021452,0.280089791978548,0,"MSCCR_reGRID_1561_Biopsy_2378"
0.850660815004065,0.147266683743787,0.00207250125214853,"MSCCR_reGRID_1561_Biopsy_2376"
0.855653042650901,0.113859208752447,0.0304877485966522,"MSCCR_reGRID_1561_Biopsy_2377"
0.720291967798589,0.279708032201411,0,"MSCCR_reGRID_1562_Biopsy_2381"
0.827528463286974,0.169860203108562,0.00261133360446342,"MSCCR_reGRID_1562_Biopsy_2379"
0.864333495655869,0.1031243788488,0.0325421254953299,"MSCCR_reGRID_1562_Biopsy_2380"
0.792650319271637,0.155616906371144,0.0517327743572192,"MSCCR_reGRID_1563_Biopsy_2382"
0.766577852747179,0.202730489556778,0.0306916576960428,"MSCCR_reGRID_1564_Biopsy_2383"
0.749749793856361,0.215137698541123,0.0351125076025166,"MSCCR_reGRID_1564_Biopsy_2384"
0.822814766463224,0.165236896446402,0.0119483370903744,"MSCCR_reGRID_1565_Biopsy_2385"
0.783298201451548,0.216701798548451,0,"MSCCR_reGRID_1569_Biopsy_2387"
0.802020770202744,0.153914278285137,0.0440649515121194,"MSCCR_reGRID_1569_Biopsy_2386"
0.782248612132832,0.176616224038769,0.0411351638283992,"MSCCR_reGRID_1572_Biopsy_2389"
0.776770238614732,0.223229761385268,0,"MSCCR_reGRID_1572_Biopsy_2388"
0.659882547016904,0.340117452983096,0,"MSCCR_reGRID_1573_Biopsy_2392"
0.782042715959457,0.211918060609481,0.00603922343106239,"MSCCR_reGRID_1573_Biopsy_2390"
0.835135517161506,0.125150404472512,0.0397140783659816,"MSCCR_reGRID_1573_Biopsy_2391"
0.89124192625825,0.0861366473315594,0.0226214264101906,"MSCCR_reGRID_1574_Biopsy_2395"
0.778610678065987,0.167787109429923,0.0536022125040897,"MSCCR_reGRID_1574_Biopsy_2393"
0.946628575596756,0.039325100873302,0.0140463235299425,"MSCCR_reGRID_1574_Biopsy_2394"
0.850878142137641,0.122889718439132,0.0262321394232268,"MSCCR_reGRID_1577_Biopsy_2396"
0.753196131453476,0.215559475047545,0.0312443934989783,"MSCCR_reGRID_1578_Biopsy_2397"
0.77441719392214,0.225582806077859,0,"MSCCR_reGRID_1578_Biopsy_2398"
0.82229463574557,0.128888726982042,0.0488166372723876,"MSCCR_reGRID_1578_Biopsy_2399"
0.810251561683891,0.153161919033157,0.0365865192829523,"MSCCR_reGRID_1579_Biopsy_2401"
0.889396365009936,0.0891701379139219,0.0214334970761423,"MSCCR_reGRID_1579_Biopsy_2400"
0.769344139345058,0.201805915203959,0.0288499454509829,"MSCCR_reGRID_1581_Biopsy_2403"
0.812784482266197,0.147402982192818,0.0398125355409848,"MSCCR_reGRID_1581_Biopsy_2402"
0.828539946947065,0.144274773233921,0.0271852798190134,"MSCCR_reGRID_1583_Biopsy_2405"
0.780633447014526,0.215189140182685,0.00417741280278866,"MSCCR_reGRID_1583_Biopsy_2404"
0.837208111436004,0.14428684562421,0.0185050429397851,"MSCCR_reGRID_1584_Biopsy_2406"
0.843523875853864,0.143349740831874,0.0131263833142607,"MSCCR_reGRID_1584_Biopsy_2407"
0.700825410900288,0.299174589099712,0,"MSCCR_reGRID_1586_Biopsy_2408"
0.724471474623701,0.275528525376299,0,"MSCCR_reGRID_1587_Biopsy_2410"
0.920736053053379,0.0588471173371263,0.0204168296094945,"MSCCR_reGRID_1587_Biopsy_2409"
0.825212646456746,0.156931869755549,0.0178554837877053,"MSCCR_reGRID_1589_Biopsy_2412"
0.835923295257938,0.145250362376488,0.0188263423655749,"MSCCR_reGRID_1589_Biopsy_2411"
0.80357736094604,0.155072547592663,0.0413500914612979,"MSCCR_reGRID_1595_Biopsy_2413"
0.731511733365697,0.268488266634302,0,"MSCCR_reGRID_1595_Biopsy_2414"
0.815356274922788,0.184643725077212,0,"MSCCR_reGRID_1597_Biopsy_2416"
0.868332316458667,0.0920229065762083,0.0396447769651249,"MSCCR_reGRID_1597_Biopsy_2415"
0.749015934369751,0.18709183115504,0.0638922344752085,"MSCCR_reGRID_1598_Biopsy_2417"
0.63385210746531,0.36614789253469,0,"MSCCR_reGRID_1601_Biopsy_2419"
0.870883725444573,0.0806998796969731,0.0484163948584541,"MSCCR_reGRID_1601_Biopsy_2418"
0.724210607398104,0.275789392601896,0,"MSCCR_reGRID_1602_Biopsy_2420"
0.91399611870347,0.0860038812965302,0,"MSCCR_reGRID_1602_Biopsy_2421"
0.85299608926344,0.145479413135154,0.00152449760140649,"MSCCR_reGRID_1603_Biopsy_2422"
0.78690450384193,0.21309549615807,0,"MSCCR_reGRID_1603_Biopsy_2423"
0.790294892587059,0.187081628960427,0.0226234784525141,"MSCCR_reGRID_1605_Biopsy_2424"
0.74649746571962,0.204933454704465,0.0485690795759152,"MSCCR_reGRID_1608_Biopsy_2426"
0.863901420896415,0.12302740365042,0.0130711754531656,"MSCCR_reGRID_1608_Biopsy_2425"
0.815064965036167,0.158493283536718,0.0264417514271147,"MSCCR_reGRID_1611_Biopsy_2427"
0.78657739357287,0.211765041935119,0.0016575644920111,"MSCCR_reGRID_1612_Biopsy_2428"
0.871579931533626,0.110595167632394,0.0178249008339806,"MSCCR_reGRID_1612_Biopsy_2429"
0.68940712941195,0.31059287058805,0,"MSCCR_reGRID_1615_Biopsy_2430"
0.681700991810864,0.318299008189136,0,"MSCCR_reGRID_1616_Biopsy_2431"
0.779808175200795,0.208720949110585,0.0114708756886208,"MSCCR_reGRID_1617_Biopsy_2432"
0.795529593195611,0.1771532076795,0.0273171991248891,"MSCCR_reGRID_1618_Biopsy_2433"
0.745070758670842,0.23987133278818,0.0150579085409774,"MSCCR_reGRID_1618_Biopsy_2434"
0.843854480979726,0.125064490392599,0.0310810286276751,"MSCCR_reGRID_1618_Biopsy_2435"
0.754844463442635,0.200522092157495,0.0446334443998704,"MSCCR_reGRID_1619_Biopsy_2436"
0.803911968185292,0.151871582536933,0.0442164492777744,"MSCCR_reGRID_1619_Biopsy_2437"
0.7446790828849,0.212490959066657,0.0428299580484427,"MSCCR_reGRID_1619_Biopsy_2438"
0.837736312237299,0.15319160828329,0.00907207947941135,"MSCCR_reGRID_1620_Biopsy_2439"
0.772084410743912,0.196932564416252,0.030983024839836,"MSCCR_reGRID_1620_Biopsy_2440"
0.768886910449541,0.21471338365052,0.0163997058999391,"MSCCR_reGRID_1621_Biopsy_2441"
0.642622326762453,0.357377673237547,0,"MSCCR_reGRID_1622_Biopsy_2442"
0.805038064399286,0.165303649939856,0.0296582856608578,"MSCCR_reGRID_1623_Biopsy_2443"
0.780570465320857,0.214144560162196,0.00528497451694587,"MSCCR_reGRID_1624_Biopsy_2445"
0.792644805611935,0.202441057808361,0.00491413657970435,"MSCCR_reGRID_1624_Biopsy_2444"
0.87697025341067,0.12302974658933,0,"MSCCR_reGRID_1624_Biopsy_2446"
0.767000090136637,0.208113310574915,0.0248865992884481,"MSCCR_reGRID_1625_Biopsy_2449"
0.817732678832335,0.179999948428489,0.00226737273917543,"MSCCR_reGRID_1625_Biopsy_2447"
0.839600529229245,0.150867194456877,0.00953227631387765,"MSCCR_reGRID_1625_Biopsy_2448"
0.743569443881186,0.256430556118814,0,"MSCCR_reGRID_1626_Biopsy_2450"
0.777061023921086,0.222938976078914,0,"MSCCR_reGRID_1627_Biopsy_2453"
0.815656531250454,0.174051958484119,0.0102915102654258,"MSCCR_reGRID_1627_Biopsy_2452"
0.767794052964491,0.197260047017813,0.0349459000176962,"MSCCR_reGRID_1627_Biopsy_2451"
0.778881055282744,0.199360742940325,0.0217582017769304,"MSCCR_reGRID_1629_Biopsy_2454"
0.781701175287889,0.175500544260855,0.0427982804512559,"MSCCR_reGRID_1632_Biopsy_2455"
0.629690653353322,0.370309346646677,0,"MSCCR_reGRID_1634_Biopsy_2456"
0.814651128925053,0.185348871074947,0,"MSCCR_reGRID_1634_Biopsy_2457"
0.705072189565044,0.294927810434956,0,"MSCCR_reGRID_1636_Biopsy_2458"
0.782274242505684,0.185338233650923,0.0323875238433932,"MSCCR_reGRID_1637_Biopsy_2459"
0.807713604591796,0.178733956900372,0.0135524385078314,"MSCCR_reGRID_1637_Biopsy_2460"
0.85791525697955,0.128043828331502,0.0140409146889481,"MSCCR_reGRID_1637_Biopsy_2461"
0.744590240706798,0.232401278665485,0.0230084806277164,"MSCCR_reGRID_1638_Biopsy_2463"
0.848459713896366,0.147412613028215,0.00412767307541861,"MSCCR_reGRID_1638_Biopsy_2462"
0.857224615975517,0.142775384024483,0,"MSCCR_reGRID_1638_Biopsy_2464"
0.911666418246881,0.0883335817531183,0,"MSCCR_reGRID_1640_Biopsy_2465"
0.813812275703592,0.11601016472238,0.0701775595740278,"MSCCR_reGRID_1641_Biopsy_2468"
0.940009219838911,0.0571462757010682,0.00284450446002094,"MSCCR_reGRID_1641_Biopsy_2467"
0.933878686624706,0.0661213133752935,0,"MSCCR_reGRID_1641_Biopsy_2466"
0.813353156549712,0.152920831664564,0.0337260117857242,"MSCCR_reGRID_1643_Biopsy_2470"
0.843507466903347,0.125976203455989,0.0305163296406632,"MSCCR_reGRID_1643_Biopsy_2469"
0.828444264617755,0.158634356693437,0.0129213786888075,"MSCCR_reGRID_1643_Biopsy_2471"
0.758670133705938,0.198762712913079,0.0425671533809828,"MSCCR_reGRID_1644_Biopsy_2472"
0.682236908259582,0.317763091740418,0,"MSCCR_reGRID_1645_Biopsy_2474"
0.790214273770463,0.194294934021373,0.0154907922081635,"MSCCR_reGRID_1645_Biopsy_2473"
0.737246219304123,0.242889829680204,0.0198639510156735,"MSCCR_reGRID_1652_Biopsy_2475"
0.753883968896711,0.200907110983931,0.0452089201193583,"MSCCR_reGRID_1655_Biopsy_2478"
0.878831044145486,0.0967335647520291,0.0244353911024845,"MSCCR_reGRID_1655_Biopsy_2476"
0.80576855719715,0.151921731524714,0.0423097112781366,"MSCCR_reGRID_1655_Biopsy_2477"
0.870389726398547,0.110936799450005,0.0186734741514476,"MSCCR_reGRID_1656_Biopsy_2480"
0.758958648632504,0.220378542633331,0.0206628087341642,"MSCCR_reGRID_1656_Biopsy_2479"
0.877981860265219,0.101343680208776,0.0206744595260044,"MSCCR_reGRID_1658_Biopsy_2481"
0.636153817097898,0.363846182902102,0,"MSCCR_reGRID_1665_Biopsy_2482"
0.786376524756251,0.213623475243748,0,"MSCCR_reGRID_1665_Biopsy_2483"
0.802137664600238,0.162148261644166,0.0357140737555966,"MSCCR_reGRID_1665_Biopsy_2484"
0.814778397704399,0.159214886236241,0.0260067160593597,"MSCCR_reGRID_1675_Biopsy_2485"
0.91126710334841,0.0838850730203804,0.0048478236312095,"MSCCR_reGRID_1675_Biopsy_2486"
0.752494695989922,0.247505304010078,0,"MSCCR_reGRID_1675_Biopsy_2487"
0.791521973800915,0.169293321976877,0.0391847042222075,"MSCCR_reGRID_1677_Biopsy_2489"
0.828853514891668,0.121497322490472,0.0496491626178599,"MSCCR_reGRID_1677_Biopsy_2488"
0.77891066507402,0.22108933492598,0,"MSCCR_reGRID_1678_Biopsy_2490"
