"Epithelial","Immune","Other","sample"
0.50129410471034,0.498000122942158,0.000705772347501428,"MSCCR_reGRID_1_Biopsy_3"
0.943742428758146,0.0562575712418544,0,"MSCCR_reGRID_1_Biopsy_2"
0.920185492825296,0.0798145071747042,0,"MSCCR_reGRID_1_Biopsy_1"
0.808452057374793,0.191547942625208,0,"MSCCR_reGRID_3_Biopsy_6"
0.945185485480843,0.0548145145191565,0,"MSCCR_reGRID_3_Biopsy_5"
0.927003465424444,0.0729965345755564,0,"MSCCR_reGRID_3_Biopsy_4"
0.789135928579019,0.208571440980271,0.00229263044071061,"MSCCR_reGRID_4_Biopsy_9"
0.838658041294983,0.161341958705017,0,"MSCCR_reGRID_4_Biopsy_7"
0.862366272667239,0.137633727332761,0,"MSCCR_reGRID_4_Biopsy_8"
0.844230738610082,0.155769261389918,0,"MSCCR_reGRID_5_Biopsy_10"
0.889898516109436,0.110101483890564,0,"MSCCR_reGRID_5_Biopsy_11"
0.765891320369912,0.232172915630885,0.00193576399920207,"MSCCR_reGRID_5_Biopsy_12"
0.94288716349474,0.0571128365052599,0,"MSCCR_reGRID_6_Biopsy_13"
0.953777905194413,0.0462220948055867,0,"MSCCR_reGRID_6_Biopsy_14"
0.886897643108659,0.113102356891341,0,"MSCCR_reGRID_7_Biopsy_16"
0.881008221875191,0.118567078914713,0.000424699210096476,"MSCCR_reGRID_7_Biopsy_15"
0.884739475843914,0.114600952413455,0.000659571742630628,"MSCCR_reGRID_9_Biopsy_17"
0.937630404797612,0.0623695952023881,0,"MSCCR_reGRID_10_Biopsy_18"
0.916933854123714,0.0830661458762863,0,"MSCCR_reGRID_10_Biopsy_20"
0.943257945479646,0.0564774885716623,0.000264565948691192,"MSCCR_reGRID_10_Biopsy_19"
0.903976643697867,0.0960233563021327,0,"MSCCR_reGRID_11_Biopsy_21"
0.731950149375665,0.258809534014407,0.00924031660992782,"MSCCR_reGRID_12_Biopsy_22"
0.923596743992339,0.0764032560076612,0,"MSCCR_reGRID_12_Biopsy_23"
0.911834405961404,0.0881655940385963,0,"MSCCR_reGRID_12_Biopsy_24"
0.933198379024331,0.0668016209756691,0,"MSCCR_reGRID_13_Biopsy_25"
0.942541910291982,0.0574580897080183,0,"MSCCR_reGRID_13_Biopsy_26"
0.958542510187961,0.0414574898120386,0,"MSCCR_reGRID_13_Biopsy_27"
0.973016903399148,0.0269830966008517,0,"MSCCR_reGRID_14_Biopsy_28"
0.907151531308721,0.0928484686912794,0,"MSCCR_reGRID_14_Biopsy_29"
0.941742175708105,0.0582578242918952,0,"MSCCR_reGRID_14_Biopsy_30"
0.861809564275619,0.137793835164047,0.000396600560333929,"MSCCR_reGRID_15_Biopsy_32"
0.943910799882681,0.0560892001173188,0,"MSCCR_reGRID_15_Biopsy_31"
0.913780248696047,0.0862197513039529,0,"MSCCR_reGRID_15_Biopsy_33"
0.758154328308623,0.238762114711177,0.00308355698020078,"MSCCR_reGRID_16_Biopsy_34"
0.910923660854704,0.0890763391452962,0,"MSCCR_reGRID_16_Biopsy_35"
0.959077575474472,0.040922424525528,0,"MSCCR_reGRID_16_Biopsy_36"
0.76217792338388,0.236605158042241,0.00121691857387898,"MSCCR_reGRID_17_Biopsy_38"
0.900737240972148,0.0992627590278521,0,"MSCCR_reGRID_17_Biopsy_37"
0.898498691565738,0.101501308434262,0,"MSCCR_reGRID_17_Biopsy_39"
0.947563556094964,0.0524364439050359,0,"MSCCR_reGRID_18_Biopsy_40"
0.955019528816923,0.0449804711830772,0,"MSCCR_reGRID_18_Biopsy_41"
0.945291973380988,0.0547080266190117,0,"MSCCR_reGRID_18_Biopsy_42"
0.877978327867383,0.121096124319077,0.000925547813540406,"MSCCR_reGRID_19_Biopsy_43"
0.922950372701149,0.0770496272988509,0,"MSCCR_reGRID_19_Biopsy_44"
0.943141611825506,0.0568583881744934,0,"MSCCR_reGRID_19_Biopsy_45"
0.685488914159382,0.314511085840618,0,"MSCCR_reGRID_20_Biopsy_46"
0.895136192069048,0.104239869749745,0.000623938181206654,"MSCCR_reGRID_20_Biopsy_47"
0.864151173986204,0.134935475986092,0.000913350027703817,"MSCCR_reGRID_20_Biopsy_48"
0.540268925859372,0.456704045398385,0.00302702874224297,"MSCCR_reGRID_22_Biopsy_49"
0.843817292408106,0.156182707591894,0,"MSCCR_reGRID_22_Biopsy_50"
0.866570819365968,0.133429180634032,0,"MSCCR_reGRID_22_Biopsy_51"
0.84168355194014,0.15831644805986,0,"MSCCR_reGRID_24_Biopsy_53"
0.869544384606999,0.130455615393001,0,"MSCCR_reGRID_24_Biopsy_52"
0.899756088906606,0.100243911093394,0,"MSCCR_reGRID_25_Biopsy_54"
0.893334860675139,0.106665139324861,0,"MSCCR_reGRID_25_Biopsy_56"
0.871606450054714,0.128393549945286,0,"MSCCR_reGRID_25_Biopsy_55"
0.735844673238374,0.262366134991542,0.00178919177008474,"MSCCR_reGRID_27_Biopsy_57"
0.934799639637041,0.0652003603629592,0,"MSCCR_reGRID_27_Biopsy_58"
0.926701628339384,0.073298371660616,0,"MSCCR_reGRID_27_Biopsy_59"
0.680688057220442,0.319311942779558,0,"MSCCR_reGRID_28_Biopsy_60"
0.869395646195238,0.109671747765205,0.020932606039557,"MSCCR_reGRID_28_Biopsy_61"
0.903762596488777,0.0962374035112232,0,"MSCCR_reGRID_29_Biopsy_62"
0.884566804730144,0.115267933658379,0.000165261611477907,"MSCCR_reGRID_29_Biopsy_63"
0.953462357740146,0.0465376422598536,0,"MSCCR_reGRID_29_Biopsy_64"
0.764419360195251,0.235524519501201,5.61203035473737e-05,"MSCCR_reGRID_31_Biopsy_65"
0.912648057099493,0.0873519429005074,0,"MSCCR_reGRID_31_Biopsy_66"
0.836326231281196,0.16344042558401,0.000233343134794231,"MSCCR_reGRID_32_Biopsy_67"
0.925357030340461,0.074642969659539,0,"MSCCR_reGRID_32_Biopsy_68"
0.8219968880661,0.177406455789627,0.000596656144273197,"MSCCR_reGRID_33_Biopsy_69"
0.926178027066971,0.0738219729330294,0,"MSCCR_reGRID_33_Biopsy_70"
0.707665522980243,0.289155159468779,0.0031793175509781,"MSCCR_reGRID_34_Biopsy_72"
0.873300363900502,0.121937757068211,0.00476187903128731,"MSCCR_reGRID_34_Biopsy_71"
0.900333917336227,0.099666082663773,0,"MSCCR_reGRID_35_Biopsy_73"
0.932456658709327,0.0675433412906725,0,"MSCCR_reGRID_35_Biopsy_74"
0.907001568984401,0.0929984310155993,0,"MSCCR_reGRID_35_Biopsy_75"
0.882101997734169,0.117898002265831,0,"MSCCR_reGRID_36_Biopsy_76"
0.952024601966009,0.0479753980339907,0,"MSCCR_reGRID_36_Biopsy_77"
0.885280322175188,0.114719677824812,0,"MSCCR_reGRID_37_Biopsy_78"
0.883448247216131,0.116551752783869,0,"MSCCR_reGRID_37_Biopsy_80"
0.887964297340909,0.112035702659091,0,"MSCCR_reGRID_37_Biopsy_79"
0.86209613339571,0.137903866604291,0,"MSCCR_reGRID_38_Biopsy_81"
0.909922376462421,0.0900776235375785,0,"MSCCR_reGRID_39_Biopsy_84"
0.921747573260969,0.078252426739031,0,"MSCCR_reGRID_39_Biopsy_82"
0.907513310094776,0.0924866899052243,0,"MSCCR_reGRID_39_Biopsy_83"
0.915743064413027,0.0832191897704266,0.00103774581654628,"MSCCR_reGRID_41_Biopsy_85"
0.893988482943204,0.106011517056796,0,"MSCCR_reGRID_42_Biopsy_88"
0.877933520217002,0.122066479782998,0,"MSCCR_reGRID_42_Biopsy_86"
0.185150970805292,0.814849029194708,0,"MSCCR_reGRID_42_Biopsy_87"
0.842045710795273,0.157703676762256,0.000250612442470613,"MSCCR_reGRID_43_Biopsy_90"
0.952142786725284,0.0478572132747155,0,"MSCCR_reGRID_43_Biopsy_89"
0.934203259499084,0.0657967405009161,0,"MSCCR_reGRID_43_Biopsy_91"
0.858363975891801,0.13954937718083,0.00208664692736824,"MSCCR_reGRID_47_Biopsy_93"
0.933940458021568,0.0660595419784324,0,"MSCCR_reGRID_47_Biopsy_92"
0.835659973712291,0.163246704535074,0.00109332175263508,"MSCCR_reGRID_48_Biopsy_94"
0.855529861101171,0.144470138898829,0,"MSCCR_reGRID_48_Biopsy_95"
0.5838904925904,0.415137441556946,0.000972065852654163,"MSCCR_reGRID_48_Biopsy_96"
0.560915674834353,0.437402575458288,0.00168174970735871,"MSCCR_reGRID_50_Biopsy_97"
0.921860669113246,0.0781393308867543,0,"MSCCR_reGRID_50_Biopsy_98"
0.902481310315799,0.0975186896842008,0,"MSCCR_reGRID_51_Biopsy_99"
0.926984060870554,0.073015939129446,0,"MSCCR_reGRID_51_Biopsy_100"
0.927957127685328,0.0720428723146719,0,"MSCCR_reGRID_51_Biopsy_101"
0.501985006160907,0.498014993839092,0,"MSCCR_reGRID_52_Biopsy_102"
0.947206651546353,0.0527933484536474,0,"MSCCR_reGRID_52_Biopsy_103"
0.935984716252883,0.0640152837471169,0,"MSCCR_reGRID_53_Biopsy_104"
0.928606432645239,0.0713935673547614,0,"MSCCR_reGRID_53_Biopsy_105"
0.772342855725463,0.227657144274537,0,"MSCCR_reGRID_54_Biopsy_108"
0.876757541122467,0.122285677685984,0.000956781191549096,"MSCCR_reGRID_54_Biopsy_107"
0.924911310695647,0.0750886893043532,0,"MSCCR_reGRID_54_Biopsy_106"
0.930089165655123,0.0699108343448768,0,"MSCCR_reGRID_55_Biopsy_109"
0.448598414656851,0.551401585343149,0,"MSCCR_reGRID_55_Biopsy_110"
0.896154719222371,0.103845280777629,0,"MSCCR_reGRID_55_Biopsy_111"
0.870561008578536,0.129438991421464,0,"MSCCR_reGRID_56_Biopsy_112"
0.913823201814765,0.0861767981852348,0,"MSCCR_reGRID_56_Biopsy_113"
0.901986605634334,0.0977386134857278,0.000274780879937692,"MSCCR_reGRID_56_Biopsy_114"
0.813844898990635,0.185294197898323,0.000860903111042272,"MSCCR_reGRID_57_Biopsy_115"
0.758228050471137,0.241400249954984,0.000371699573879931,"MSCCR_reGRID_57_Biopsy_116"
0.655913769633703,0.341402684714659,0.00268354565163817,"MSCCR_reGRID_58_Biopsy_117"
0.874101767358891,0.125898232641109,0,"MSCCR_reGRID_58_Biopsy_118"
0.768971321846473,0.231028678153527,0,"MSCCR_reGRID_59_Biopsy_120"
0.941445669590245,0.0585543304097546,0,"MSCCR_reGRID_59_Biopsy_119"
0.927140799500456,0.0728592004995437,0,"MSCCR_reGRID_59_Biopsy_121"
0.875325278933199,0.124205882703443,0.000468838363357802,"MSCCR_reGRID_63_Biopsy_122"
0.869542663233166,0.130457336766834,0,"MSCCR_reGRID_63_Biopsy_123"
0.927182237372634,0.0728177626273657,0,"MSCCR_reGRID_64_Biopsy_124"
0.915082915570355,0.0849170844296447,0,"MSCCR_reGRID_64_Biopsy_125"
0.860108943122262,0.139093471835491,0.000797585042246356,"MSCCR_reGRID_64_Biopsy_126"
0.882658573449726,0.114473551771798,0.00286787477847637,"MSCCR_reGRID_65_Biopsy_127"
0.871336791069424,0.128663208930576,0,"MSCCR_reGRID_65_Biopsy_128"
0.674437880096446,0.32458643876291,0.000975681140644484,"MSCCR_reGRID_65_Biopsy_129"
0.8501698946993,0.145980972182242,0.00384913311845814,"MSCCR_reGRID_66_Biopsy_130"
0.809847377425385,0.190152622574615,0,"MSCCR_reGRID_68_Biopsy_131"
0.911873882961589,0.0881261170384108,0,"MSCCR_reGRID_68_Biopsy_132"
0.912905960827732,0.0870940391722676,0,"MSCCR_reGRID_68_Biopsy_133"
0.708944740717131,0.291055259282869,0,"MSCCR_reGRID_69_Biopsy_134"
0.888505980958176,0.111139817456113,0.000354201585710574,"MSCCR_reGRID_69_Biopsy_135"
0.901471328384354,0.0978941826492968,0.000634488966349686,"MSCCR_reGRID_69_Biopsy_136"
0.913868686705416,0.0861313132945841,0,"MSCCR_reGRID_70_Biopsy_137"
0.828876335326073,0.16867589148826,0.00244777318566793,"MSCCR_reGRID_71_Biopsy_140"
0.910473810299924,0.0895261897000761,0,"MSCCR_reGRID_71_Biopsy_138"
0.930359325165567,0.0696406748344326,0,"MSCCR_reGRID_71_Biopsy_139"
0.513223993976973,0.486776006023027,0,"MSCCR_reGRID_72_Biopsy_141"
0.890076229425652,0.109923770574348,0,"MSCCR_reGRID_72_Biopsy_142"
0.700002861379881,0.274676132963947,0.0253210056561715,"MSCCR_reGRID_72_Biopsy_143"
0.847071338962858,0.152928661037142,0,"MSCCR_reGRID_73_Biopsy_145"
0.934068580103517,0.0659314198964829,0,"MSCCR_reGRID_73_Biopsy_144"
0.921606923125747,0.0783930768742528,0,"MSCCR_reGRID_75_Biopsy_146"
0.75467088116859,0.226747741561482,0.0185813772699275,"MSCCR_reGRID_75_Biopsy_147"
0.944608635325723,0.0553913646742773,0,"MSCCR_reGRID_77_Biopsy_148"
0.930293879187224,0.0697061208127756,0,"MSCCR_reGRID_77_Biopsy_149"
0.804895489466016,0.195104510533984,0,"MSCCR_reGRID_78_Biopsy_151"
0.851555666176844,0.125544141302296,0.0229001925208605,"MSCCR_reGRID_78_Biopsy_150"
0.900076748783169,0.0999232512168308,0,"MSCCR_reGRID_79_Biopsy_153"
0.736930169177978,0.263069830822022,0,"MSCCR_reGRID_79_Biopsy_152"
0.881704859489105,0.118295140510895,0,"MSCCR_reGRID_80_Biopsy_156"
0.545196509701641,0.454803490298359,0,"MSCCR_reGRID_80_Biopsy_154"
0.925145739026421,0.0748542609735791,0,"MSCCR_reGRID_80_Biopsy_155"
0.934854374020478,0.0651456259795225,0,"MSCCR_reGRID_81_Biopsy_157"
0.929728396032741,0.0702716039672585,0,"MSCCR_reGRID_81_Biopsy_159"
0.926261129269481,0.0737388707305187,0,"MSCCR_reGRID_81_Biopsy_158"
0.852634153958913,0.147365846041087,0,"MSCCR_reGRID_82_Biopsy_160"
0.857369759335564,0.142630240664436,0,"MSCCR_reGRID_82_Biopsy_161"
0.677043809871523,0.32128139507011,0.00167479505836655,"MSCCR_reGRID_84_Biopsy_162"
0.889652612811184,0.109430221320831,0.000917165867984937,"MSCCR_reGRID_84_Biopsy_163"
0.745057626017875,0.251081881552262,0.00386049242986282,"MSCCR_reGRID_85_Biopsy_164"
0.950280775103977,0.0497192248960225,0,"MSCCR_reGRID_85_Biopsy_165"
0.911628820873839,0.088371179126161,0,"MSCCR_reGRID_85_Biopsy_166"
0.614094352300734,0.382796843009195,0.00310880469007078,"MSCCR_reGRID_86_Biopsy_167"
0.900578835248293,0.0994211647517071,0,"MSCCR_reGRID_86_Biopsy_169"
0.710302040614069,0.289059277429869,0.000638681956062396,"MSCCR_reGRID_86_Biopsy_168"
0.923316075876721,0.0750940704011606,0.00158985372211862,"MSCCR_reGRID_87_Biopsy_171"
0.891523709949976,0.108476290050024,0,"MSCCR_reGRID_87_Biopsy_170"
0.747636646228932,0.252363353771068,0,"MSCCR_reGRID_88_Biopsy_172"
0.956301052226965,0.0436989477730347,0,"MSCCR_reGRID_88_Biopsy_173"
0.970603112525479,0.0293968874745209,0,"MSCCR_reGRID_88_Biopsy_174"
0.914567295107183,0.0854327048928174,0,"MSCCR_reGRID_89_Biopsy_175"
0.816189848927373,0.183398956726485,0.000411194346142289,"MSCCR_reGRID_90_Biopsy_176"
0.810462364362079,0.189537635637921,0,"MSCCR_reGRID_90_Biopsy_177"
0.886893955399563,0.105449967352503,0.00765607724793439,"MSCCR_reGRID_91_Biopsy_178"
0.845043933154138,0.152325249337771,0.00263081750809118,"MSCCR_reGRID_91_Biopsy_179"
0.751917223564064,0.227274349531065,0.0208084269048708,"MSCCR_reGRID_91_Biopsy_180"
0.967541292823776,0.0324587071762237,0,"MSCCR_reGRID_92_Biopsy_183"
0.92510539547964,0.0748946045203603,0,"MSCCR_reGRID_92_Biopsy_182"
0.936519510934861,0.0634804890651386,0,"MSCCR_reGRID_92_Biopsy_181"
0.738896335972,0.260131446773619,0.000972217254381642,"MSCCR_reGRID_93_Biopsy_184"
0.852281550418158,0.147718449581842,0,"MSCCR_reGRID_93_Biopsy_186"
0.855226127470493,0.144773872529507,0,"MSCCR_reGRID_93_Biopsy_185"
0.931206299562808,0.0687937004371917,0,"MSCCR_reGRID_94_Biopsy_187"
0.907754071421491,0.0922459285785092,0,"MSCCR_reGRID_95_Biopsy_188"
0.928929363796479,0.0710706362035207,0,"MSCCR_reGRID_95_Biopsy_189"
0.760154270369468,0.239845729630532,0,"MSCCR_reGRID_96_Biopsy_191"
0.912061796845226,0.0879382031547744,0,"MSCCR_reGRID_96_Biopsy_192"
0.874077244721552,0.123461202357394,0.00246155292105419,"MSCCR_reGRID_96_Biopsy_190"
0.932116512291785,0.0678834877082147,0,"MSCCR_reGRID_97_Biopsy_195"
0.920870043276363,0.0791299567236369,0,"MSCCR_reGRID_97_Biopsy_194"
0.937634800699584,0.0623651993004157,0,"MSCCR_reGRID_97_Biopsy_193"
0.88470010108419,0.114736923389207,0.000562975526602887,"MSCCR_reGRID_98_Biopsy_196"
0.916707612447805,0.0832923875521949,0,"MSCCR_reGRID_98_Biopsy_197"
0.91673784272481,0.0832621572751901,0,"MSCCR_reGRID_98_Biopsy_198"
0.252851701837119,0.728755611421541,0.0183926867413402,"MSCCR_reGRID_99_Biopsy_199"
0.688485209782917,0.308096199713433,0.00341859050364941,"MSCCR_reGRID_99_Biopsy_200"
0.939351814856317,0.0605599005487503,8.82845949331423e-05,"MSCCR_reGRID_100_Biopsy_201"
0.921193954801173,0.078806045198827,0,"MSCCR_reGRID_100_Biopsy_202"
0.753282756940213,0.246717243059787,0,"MSCCR_reGRID_101_Biopsy_203"
0.944077485319695,0.0559225146803046,0,"MSCCR_reGRID_101_Biopsy_204"
0.852333630659932,0.147666369340068,0,"MSCCR_reGRID_102_Biopsy_205"
0.902718059971347,0.0972819400286527,0,"MSCCR_reGRID_102_Biopsy_206"
0.884927632379122,0.111623182407522,0.00344918521335624,"MSCCR_reGRID_102_Biopsy_207"
0.856513930294212,0.14221470229491,0.00127136741087807,"MSCCR_reGRID_103_Biopsy_208"
0.92090746890213,0.0783024121462611,0.00079011895160915,"MSCCR_reGRID_103_Biopsy_210"
0.899591733086085,0.100408266913915,0,"MSCCR_reGRID_103_Biopsy_209"
0.948353024633734,0.0516469753662661,0,"MSCCR_reGRID_105_Biopsy_211"
0.630852214096798,0.367216924023818,0.0019308618793836,"MSCCR_reGRID_106_Biopsy_212"
0.912035504873399,0.0879644951266013,0,"MSCCR_reGRID_106_Biopsy_213"
0.789045497534289,0.210954502465711,0,"MSCCR_reGRID_107_Biopsy_215"
0.916806623802345,0.0831933761976547,0,"MSCCR_reGRID_107_Biopsy_216"
0.852118250478888,0.14715594844381,0.000725801077301911,"MSCCR_reGRID_107_Biopsy_214"
0.822483723462594,0.177516276537406,0,"MSCCR_reGRID_109_Biopsy_217"
0.877823436166556,0.122176563833444,0,"MSCCR_reGRID_109_Biopsy_218"
0.843623645288287,0.156376354711713,0,"MSCCR_reGRID_109_Biopsy_219"
0.905355687425529,0.0946443125744713,0,"MSCCR_reGRID_110_Biopsy_221"
0.949853205784886,0.0501467942151136,0,"MSCCR_reGRID_110_Biopsy_222"
0.932252580810355,0.0677474191896446,0,"MSCCR_reGRID_110_Biopsy_220"
0.82444539793254,0.17555460206746,0,"MSCCR_reGRID_111_Biopsy_225"
0.941229411626151,0.0587705883738485,0,"MSCCR_reGRID_111_Biopsy_224"
0.860589562810424,0.139410437189576,0,"MSCCR_reGRID_111_Biopsy_223"
0.722557241926755,0.27471760422994,0.00272515384330483,"MSCCR_reGRID_112_Biopsy_228"
0.86555139492178,0.133686950848617,0.000761654229603398,"MSCCR_reGRID_112_Biopsy_226"
0.886333151855354,0.112639188259343,0.00102765988530353,"MSCCR_reGRID_112_Biopsy_227"
0.659534918156345,0.340465081843655,0,"MSCCR_reGRID_113_Biopsy_231"
0.896277084130028,0.103722915869971,0,"MSCCR_reGRID_113_Biopsy_229"
0.903685488882316,0.0963145111176839,0,"MSCCR_reGRID_113_Biopsy_230"
0.35342587340033,0.64657412659967,0,"MSCCR_reGRID_115_Biopsy_234"
0.905939448754195,0.0739968589355158,0.0200636923102896,"MSCCR_reGRID_115_Biopsy_233"
0.439367617709477,0.558580465535139,0.00205191675538335,"MSCCR_reGRID_115_Biopsy_232"
0.736781335246574,0.261358803261784,0.00185986149164263,"MSCCR_reGRID_116_Biopsy_235"
0.869686895320301,0.130313104679699,0,"MSCCR_reGRID_116_Biopsy_236"
0.807837429626044,0.190951705379072,0.00121086499488387,"MSCCR_reGRID_116_Biopsy_237"
0.831674473886796,0.165971941468164,0.00235358464503958,"MSCCR_reGRID_117_Biopsy_238"
0.924411205299538,0.0755887947004618,0,"MSCCR_reGRID_117_Biopsy_239"
0.913873888333694,0.0861261116663064,0,"MSCCR_reGRID_117_Biopsy_240"
0.857809157406497,0.142190842593503,0,"MSCCR_reGRID_118_Biopsy_241"
0.926882785948043,0.0728387518462132,0.000278462205744006,"MSCCR_reGRID_118_Biopsy_242"
0.962053963534085,0.0379460364659146,0,"MSCCR_reGRID_118_Biopsy_243"
0.665769755232883,0.334230244767117,0,"MSCCR_reGRID_119_Biopsy_244"
0.902489190530427,0.0975108094695725,0,"MSCCR_reGRID_122_Biopsy_245"
0.940693854962704,0.0593061450372961,0,"MSCCR_reGRID_122_Biopsy_246"
0.720798705157262,0.279201294842738,0,"MSCCR_reGRID_123_Biopsy_247"
0.8892665583999,0.110642630222859,9.0811377240665e-05,"MSCCR_reGRID_123_Biopsy_248"
0.906381389303037,0.0828882684806205,0.0107303422163427,"MSCCR_reGRID_123_Biopsy_249"
0.688743803654517,0.309108679720447,0.00214751662503536,"MSCCR_reGRID_125_Biopsy_250"
0.919370051240981,0.080629948759019,0,"MSCCR_reGRID_126_Biopsy_251"
0.705750273620347,0.293845655076146,0.000404071303507064,"MSCCR_reGRID_127_Biopsy_252"
0.723252883043243,0.275783176834742,0.000963940122014943,"MSCCR_reGRID_127_Biopsy_254"
0.688761315524049,0.310731926093142,0.000506758382809428,"MSCCR_reGRID_127_Biopsy_253"
0.707653610411321,0.292346389588678,0,"MSCCR_reGRID_128_Biopsy_256"
0.755934316322234,0.229013708224154,0.0150519754536118,"MSCCR_reGRID_128_Biopsy_255"
0.696641475025142,0.303358524974858,0,"MSCCR_reGRID_129_Biopsy_257"
0.930814737312546,0.0691852626874538,0,"MSCCR_reGRID_129_Biopsy_258"
0.931528767567971,0.0684712324320293,0,"MSCCR_reGRID_129_Biopsy_259"
0.706188808791815,0.29221377816587,0.00159741304231517,"MSCCR_reGRID_130_Biopsy_260"
0.912421679488276,0.0874033406344074,0.000174979877316292,"MSCCR_reGRID_130_Biopsy_261"
0.91143830960488,0.0885616903951195,0,"MSCCR_reGRID_130_Biopsy_262"
0.915087408276597,0.0849125917234032,0,"MSCCR_reGRID_131_Biopsy_263"
0.874595232098221,0.125404767901779,0,"MSCCR_reGRID_131_Biopsy_264"
0.860973833139974,0.138565731768948,0.000460435091078408,"MSCCR_reGRID_132_Biopsy_265"
0.944849440950421,0.0551505590495794,0,"MSCCR_reGRID_132_Biopsy_266"
0.913561327780192,0.0864386722198082,0,"MSCCR_reGRID_132_Biopsy_267"
0.87674551101855,0.12325448898145,0,"MSCCR_reGRID_133_Biopsy_269"
0.942337386654219,0.0576626133457812,0,"MSCCR_reGRID_133_Biopsy_268"
0.687975405671003,0.312024594328997,0,"MSCCR_reGRID_134_Biopsy_270"
0.670758466185727,0.328676500306143,0.000565033508129874,"MSCCR_reGRID_134_Biopsy_271"
0.912093801488965,0.087906198511035,0,"MSCCR_reGRID_136_Biopsy_274"
0.895863075124272,0.104136924875728,0,"MSCCR_reGRID_136_Biopsy_273"
0.909156788121564,0.0908432118784357,0,"MSCCR_reGRID_136_Biopsy_272"
0.776247500719445,0.223752499280555,0,"MSCCR_reGRID_137_Biopsy_275"
0.85252028779381,0.14747971220619,0,"MSCCR_reGRID_138_Biopsy_278"
0.919554942715285,0.0804450572847151,0,"MSCCR_reGRID_138_Biopsy_276"
0.905559905072233,0.094025607123992,0.000414487803774571,"MSCCR_reGRID_138_Biopsy_277"
0.795103504901186,0.204896495098814,0,"MSCCR_reGRID_139_Biopsy_279"
0.927421358356451,0.0725786416435494,0,"MSCCR_reGRID_139_Biopsy_281"
0.913539611493509,0.0864603885064911,0,"MSCCR_reGRID_139_Biopsy_280"
0.924133005455736,0.075866994544264,0,"MSCCR_reGRID_141_Biopsy_282"
0.92293064357401,0.0770693564259904,0,"MSCCR_reGRID_141_Biopsy_283"
0.804619040102583,0.195380959897417,0,"MSCCR_reGRID_143_Biopsy_284"
0.898592746925941,0.101407253074059,0,"MSCCR_reGRID_143_Biopsy_286"
0.860269601279314,0.129553691615961,0.010176707104725,"MSCCR_reGRID_143_Biopsy_285"
0.858985277336702,0.141014722663298,0,"MSCCR_reGRID_145_Biopsy_288"
0.821014281175768,0.178985718824232,0,"MSCCR_reGRID_145_Biopsy_289"
0.871692876104649,0.128307123895351,0,"MSCCR_reGRID_145_Biopsy_287"
0.56421750856307,0.43578249143693,0,"MSCCR_reGRID_146_Biopsy_290"
0.898759763712309,0.101240236287691,0,"MSCCR_reGRID_146_Biopsy_291"
0.951116338957751,0.0488836610422487,0,"MSCCR_reGRID_146_Biopsy_292"
0.806142789709915,0.193053232908162,0.000803977381923514,"MSCCR_reGRID_147_Biopsy_293"
0.909071723776183,0.0907529988719668,0.000175277351850666,"MSCCR_reGRID_147_Biopsy_295"
0.82621493929633,0.173708678075417,7.63826282523997e-05,"MSCCR_reGRID_147_Biopsy_294"
0.694975518698337,0.305024481301663,0,"MSCCR_reGRID_151_Biopsy_296"
0.91644723561178,0.0835527643882202,0,"MSCCR_reGRID_151_Biopsy_297"
0.903500057963791,0.0964999420362091,0,"MSCCR_reGRID_151_Biopsy_298"
0.635869046971734,0.361398743833595,0.00273220919467114,"MSCCR_reGRID_153_Biopsy_299"
0.907642821735803,0.0899751128642543,0.00238206539994226,"MSCCR_reGRID_153_Biopsy_300"
0.920740813505532,0.0777535980777403,0.00150558841672786,"MSCCR_reGRID_153_Biopsy_301"
0.91268832174294,0.0873116782570596,0,"MSCCR_reGRID_154_Biopsy_302"
0.92964402268751,0.0703559773124903,0,"MSCCR_reGRID_154_Biopsy_304"
0.926727818416397,0.0732721815836033,0,"MSCCR_reGRID_154_Biopsy_303"
0.916544799477506,0.083416231156129,3.89693663647966e-05,"MSCCR_reGRID_155_Biopsy_305"
0.870629090895547,0.129370909104453,0,"MSCCR_reGRID_157_Biopsy_308"
0.916872720064758,0.0831272799352423,0,"MSCCR_reGRID_157_Biopsy_307"
0.939608847750971,0.0603911522490288,0,"MSCCR_reGRID_157_Biopsy_306"
0.885657478480387,0.114342521519613,0,"MSCCR_reGRID_158_Biopsy_309"
0.902997027357359,0.0970029726426409,0,"MSCCR_reGRID_158_Biopsy_310"
0.85038564336248,0.140538711317267,0.00907564532025236,"MSCCR_reGRID_158_Biopsy_311"
0.95195685514341,0.0480431448565897,0,"MSCCR_reGRID_159_Biopsy_314"
0.853684304398731,0.145352514971891,0.000963180629378561,"MSCCR_reGRID_159_Biopsy_312"
0.940119557597837,0.0595844602571159,0.000295982145046869,"MSCCR_reGRID_159_Biopsy_313"
0.937766644044996,0.0622333559550041,0,"MSCCR_reGRID_160_Biopsy_315"
0.888295230555555,0.111078587542348,0.000626181902097396,"MSCCR_reGRID_160_Biopsy_316"
0.560591485171988,0.439076497474905,0.000332017353107799,"MSCCR_reGRID_163_Biopsy_317"
0.819889888762041,0.178329752258596,0.00178035897936294,"MSCCR_reGRID_163_Biopsy_318"
0.866993119523782,0.132582141852509,0.000424738623708973,"MSCCR_reGRID_165_Biopsy_320"
0.941604245365669,0.0583957546343311,0,"MSCCR_reGRID_165_Biopsy_319"
0.849207520745116,0.141845775166783,0.00894670408810184,"MSCCR_reGRID_166_Biopsy_321"
0.94117942952364,0.0588205704763604,0,"MSCCR_reGRID_166_Biopsy_322"
0.907939802986638,0.0920601970133617,0,"MSCCR_reGRID_166_Biopsy_323"
0.967875197032011,0.0321248029679885,0,"MSCCR_reGRID_169_Biopsy_324"
0.958416296164287,0.0415837038357129,0,"MSCCR_reGRID_169_Biopsy_325"
0.624067381647082,0.373821008096815,0.00211161025610257,"MSCCR_reGRID_169_Biopsy_326"
0.85760999146669,0.14229472577065,9.52827626596245e-05,"MSCCR_reGRID_170_Biopsy_327"
0.745319943448641,0.254680056551359,0,"MSCCR_reGRID_170_Biopsy_328"
0.897621269566306,0.102378730433694,0,"MSCCR_reGRID_172_Biopsy_330"
0.889133541314966,0.110866458685034,0,"MSCCR_reGRID_172_Biopsy_329"
0.483808580315417,0.516191419684583,0,"MSCCR_reGRID_174_Biopsy_331"
0.910129256521275,0.0898707434787249,0,"MSCCR_reGRID_174_Biopsy_332"
0.90750779499463,0.0924922050053704,0,"MSCCR_reGRID_174_Biopsy_333"
0.450760416430728,0.516072349952453,0.0331672336168197,"MSCCR_reGRID_175_Biopsy_334"
0.885602586430486,0.114397413569514,0,"MSCCR_reGRID_175_Biopsy_335"
0.779757323933795,0.219031747548367,0.00121092851783774,"MSCCR_reGRID_175_Biopsy_336"
0.755234633085584,0.243364162545715,0.00140120436870118,"MSCCR_reGRID_176_Biopsy_337"
0.737350340611468,0.261500248470828,0.00114941091770397,"MSCCR_reGRID_176_Biopsy_338"
0.698063478588128,0.300847793396461,0.00108872801541119,"MSCCR_reGRID_177_Biopsy_339"
0.926825883622617,0.0731741163773832,0,"MSCCR_reGRID_177_Biopsy_341"
0.937448531523667,0.0625514684763331,0,"MSCCR_reGRID_177_Biopsy_340"
0.740140408400311,0.256914748327924,0.0029448432717654,"MSCCR_reGRID_178_Biopsy_342"
0.890173549152036,0.109826450847964,0,"MSCCR_reGRID_178_Biopsy_343"
0.843049748618218,0.156197793206666,0.000752458175116207,"MSCCR_reGRID_180_Biopsy_344"
0.904785948737995,0.0952140512620046,0,"MSCCR_reGRID_180_Biopsy_345"
0.912575313825362,0.0874246861746374,0,"MSCCR_reGRID_180_Biopsy_346"
0.758354788315436,0.241645211684564,0,"MSCCR_reGRID_182_Biopsy_347"
0.905600974968539,0.0943990250314615,0,"MSCCR_reGRID_182_Biopsy_348"
0.900802006811082,0.0991979931889176,0,"MSCCR_reGRID_182_Biopsy_349"
0.899145270802337,0.100718171507238,0.000136557690424393,"MSCCR_reGRID_183_Biopsy_350"
0.839524999645162,0.160475000354838,0,"MSCCR_reGRID_184_Biopsy_351"
0.74295990381896,0.25704009618104,0,"MSCCR_reGRID_185_Biopsy_353"
0.952615708815103,0.047384291184897,0,"MSCCR_reGRID_185_Biopsy_352"
0.889413280189405,0.110586719810595,0,"MSCCR_reGRID_185_Biopsy_354"
0.872978697048721,0.127021302951279,0,"MSCCR_reGRID_187_Biopsy_355"
0.927169435658911,0.0728305643410886,0,"MSCCR_reGRID_187_Biopsy_356"
0.886755352455405,0.113244647544595,0,"MSCCR_reGRID_188_Biopsy_357"
0.54413294975585,0.441020950182817,0.0148461000613335,"MSCCR_reGRID_188_Biopsy_358"
0.882584404358694,0.117415595641306,0,"MSCCR_reGRID_188_Biopsy_359"
0.905327695418847,0.0826668310150718,0.0120054735660812,"MSCCR_reGRID_189_Biopsy_360"
0.905002319907923,0.094997680092077,0,"MSCCR_reGRID_189_Biopsy_361"
0.847958510497543,0.152041489502457,0,"MSCCR_reGRID_190_Biopsy_362"
0.896263541848789,0.103736458151211,0,"MSCCR_reGRID_190_Biopsy_363"
0.916959277126549,0.0830407228734514,0,"MSCCR_reGRID_191_Biopsy_364"
0.89089846700654,0.10910153299346,0,"MSCCR_reGRID_191_Biopsy_365"
0.904333092627482,0.0956669073725177,0,"MSCCR_reGRID_192_Biopsy_367"
0.612145955089396,0.38478828442812,0.00306576048248318,"MSCCR_reGRID_192_Biopsy_366"
0.84392184934012,0.15607815065988,0,"MSCCR_reGRID_192_Biopsy_368"
0.696570836702999,0.303429163297001,0,"MSCCR_reGRID_193_Biopsy_370"
0.938017416471936,0.0619825835280641,0,"MSCCR_reGRID_193_Biopsy_369"
0.934216276465008,0.0657837235349921,0,"MSCCR_reGRID_193_Biopsy_371"
0.797696770776173,0.202303229223827,0,"MSCCR_reGRID_194_Biopsy_373"
0.889701930561783,0.110298069438217,0,"MSCCR_reGRID_194_Biopsy_374"
0.887808754373491,0.112191245626509,0,"MSCCR_reGRID_194_Biopsy_372"
0.850552901877679,0.146289818692856,0.0031572794294655,"MSCCR_reGRID_196_Biopsy_376"
0.924995577444222,0.0750044225557782,0,"MSCCR_reGRID_196_Biopsy_375"
0.904808469486163,0.0951915305138369,0,"MSCCR_reGRID_196_Biopsy_377"
0.917413300437318,0.0825866995626816,0,"MSCCR_reGRID_197_Biopsy_379"
0.851591080535781,0.130759582603244,0.0176493368609746,"MSCCR_reGRID_197_Biopsy_378"
0.932051648060421,0.0679483519395796,0,"MSCCR_reGRID_197_Biopsy_380"
0.923074497234617,0.0769255027653828,0,"MSCCR_reGRID_198_Biopsy_383"
0.93986469562851,0.0601353043714894,0,"MSCCR_reGRID_198_Biopsy_381"
0.894108307579426,0.105891692420573,0,"MSCCR_reGRID_198_Biopsy_382"
0.904512146364568,0.0954878536354324,0,"MSCCR_reGRID_199_Biopsy_384"
0.896535908501313,0.103464091498687,0,"MSCCR_reGRID_199_Biopsy_386"
0.918519590349097,0.0814804096509029,0,"MSCCR_reGRID_199_Biopsy_385"
0.879294359329325,0.120705640670675,0,"MSCCR_reGRID_200_Biopsy_387"
0.828516188163906,0.171483811836094,0,"MSCCR_reGRID_200_Biopsy_388"
0.753010300892162,0.246989699107838,0,"MSCCR_reGRID_200_Biopsy_389"
0.968165710919617,0.0318342890803828,0,"MSCCR_reGRID_201_Biopsy_390"
0.907422631511527,0.0925773684884726,0,"MSCCR_reGRID_201_Biopsy_391"
0.532595093716618,0.456126955523256,0.0112779507601264,"MSCCR_reGRID_202_Biopsy_392"
0.911827451097625,0.0881725489023747,0,"MSCCR_reGRID_202_Biopsy_393"
0.884178016445234,0.115821983554766,0,"MSCCR_reGRID_202_Biopsy_394"
0.961287924450496,0.038712075549504,0,"MSCCR_reGRID_203_Biopsy_396"
0.941305707479109,0.0586942925208911,0,"MSCCR_reGRID_203_Biopsy_397"
0.928471914316388,0.0715280856836124,0,"MSCCR_reGRID_203_Biopsy_395"
0.372105657492626,0.627894342507374,0,"MSCCR_reGRID_205_Biopsy_400"
0.929479983767607,0.0705200162323934,0,"MSCCR_reGRID_205_Biopsy_399"
0.902351768370369,0.0971486172962198,0.000499614333410771,"MSCCR_reGRID_205_Biopsy_398"
0.791129797578518,0.208544159390184,0.000326043031298065,"MSCCR_reGRID_206_Biopsy_401"
0.854029965463858,0.145970034536142,0,"MSCCR_reGRID_206_Biopsy_402"
0.903187308555269,0.0968126914447308,0,"MSCCR_reGRID_206_Biopsy_403"
0.832159780437807,0.167840219562193,0,"MSCCR_reGRID_207_Biopsy_404"
0.867115285902347,0.132884714097654,0,"MSCCR_reGRID_207_Biopsy_405"
0.809781089399303,0.189949480084329,0.000269430516367197,"MSCCR_reGRID_207_Biopsy_406"
0.811989342914549,0.188010657085451,0,"MSCCR_reGRID_208_Biopsy_407"
0.89294333905824,0.107056660941761,0,"MSCCR_reGRID_209_Biopsy_408"
0.824639316971435,0.174197614638068,0.0011630683904977,"MSCCR_reGRID_210_Biopsy_409"
0.92519529362221,0.0748047063777899,0,"MSCCR_reGRID_210_Biopsy_410"
0.931308877664181,0.0684180291553853,0.00027309318043378,"MSCCR_reGRID_210_Biopsy_411"
0.863026542305466,0.136973457694534,0,"MSCCR_reGRID_211_Biopsy_412"
0.909145796885606,0.0908542031143937,0,"MSCCR_reGRID_211_Biopsy_413"
0.890974483731818,0.109025516268183,0,"MSCCR_reGRID_211_Biopsy_414"
0.744970394524099,0.255029605475901,0,"MSCCR_reGRID_212_Biopsy_416"
0.914981638578344,0.0850183614216563,0,"MSCCR_reGRID_212_Biopsy_415"
0.929638668251612,0.0703613317483885,0,"MSCCR_reGRID_213_Biopsy_417"
0.877568499325578,0.122431500674421,0,"MSCCR_reGRID_213_Biopsy_418"
0.642523826976952,0.357476173023048,0,"MSCCR_reGRID_213_Biopsy_419"
0.0110794534878276,0.988670371101762,0.000250175410410607,"MSCCR_reGRID_214_Biopsy_420"
0.919439550208158,0.0805604497918415,0,"MSCCR_reGRID_214_Biopsy_421"
0.423668104847548,0.57496394506515,0.00136795008730193,"MSCCR_reGRID_214_Biopsy_422"
0.783436860665839,0.214571619534292,0.00199151979986886,"MSCCR_reGRID_215_Biopsy_423"
0.901508228207598,0.0984917717924021,0,"MSCCR_reGRID_215_Biopsy_425"
0.858866975297252,0.141024767193059,0.000108257509688784,"MSCCR_reGRID_216_Biopsy_426"
0.918480271555276,0.0815197284447237,0,"MSCCR_reGRID_217_Biopsy_427"
0.925826059486859,0.0741739405131406,0,"MSCCR_reGRID_217_Biopsy_428"
0.927457585703718,0.072542414296282,0,"MSCCR_reGRID_217_Biopsy_429"
0.849957525854574,0.150042474145426,0,"MSCCR_reGRID_219_Biopsy_430"
0.882965075830268,0.114968724457645,0.00206619971208686,"MSCCR_reGRID_219_Biopsy_431"
0.870919020139395,0.127964692717105,0.00111628714349959,"MSCCR_reGRID_219_Biopsy_432"
0.880302071660407,0.119697928339593,0,"MSCCR_reGRID_220_Biopsy_433"
0.87619625471039,0.12380374528961,0,"MSCCR_reGRID_220_Biopsy_434"
0.917581232635098,0.0824187673649015,0,"MSCCR_reGRID_221_Biopsy_436"
0.899601164442652,0.100398835557348,0,"MSCCR_reGRID_221_Biopsy_435"
0.567088443414649,0.432137299226742,0.000774257358608418,"MSCCR_reGRID_221_Biopsy_437"
0.883686569700432,0.116313430299568,0,"MSCCR_reGRID_222_Biopsy_438"
0.905761803630265,0.0942381963697348,0,"MSCCR_reGRID_222_Biopsy_439"
0.903428842503233,0.0965711574967672,0,"MSCCR_reGRID_223_Biopsy_442"
0.909980528380828,0.0900194716191716,0,"MSCCR_reGRID_223_Biopsy_440"
0.896638926120707,0.103361073879293,0,"MSCCR_reGRID_223_Biopsy_441"
0.912540340441767,0.087459659558233,0,"MSCCR_reGRID_224_Biopsy_443"
0.90193958247477,0.0933537374255758,0.00470668009965403,"MSCCR_reGRID_224_Biopsy_444"
0.904889476286994,0.0947430364924034,0.00036748722060275,"MSCCR_reGRID_224_Biopsy_445"
0.881475608305723,0.118524391694277,0,"MSCCR_reGRID_225_Biopsy_446"
0.894516146977317,0.105483853022683,0,"MSCCR_reGRID_225_Biopsy_447"
0.88200965398302,0.11799034601698,0,"MSCCR_reGRID_225_Biopsy_448"
0.917571400572885,0.082428599427115,0,"MSCCR_reGRID_228_Biopsy_449"
0.901249067103594,0.0982438558730462,0.000507077023359625,"MSCCR_reGRID_228_Biopsy_450"
0.719774719473669,0.277684119855651,0.00254116067068003,"MSCCR_reGRID_228_Biopsy_451"
0.720283566272558,0.279716433727442,0,"MSCCR_reGRID_229_Biopsy_452"
0.754774303036634,0.245225696963366,0,"MSCCR_reGRID_230_Biopsy_453"
0.726273054845827,0.270540478224867,0.00318646692930649,"MSCCR_reGRID_230_Biopsy_454"
0.71105082569082,0.286887516048758,0.00206165826042198,"MSCCR_reGRID_230_Biopsy_455"
0.915074293446688,0.084925706553312,0,"MSCCR_reGRID_233_Biopsy_456"
0.875760701627654,0.124239298372346,0,"MSCCR_reGRID_233_Biopsy_457"
0.751685078799053,0.248086064528651,0.000228856672296158,"MSCCR_reGRID_233_Biopsy_458"
0.929607715799503,0.0703922842004972,0,"MSCCR_reGRID_234_Biopsy_459"
0.923928987218065,0.0739657311095479,0.0021052816723871,"MSCCR_reGRID_234_Biopsy_460"
0.743022084664519,0.256977915335481,0,"MSCCR_reGRID_235_Biopsy_463"
0.907215503625292,0.0927516111948925,3.28851798157326e-05,"MSCCR_reGRID_235_Biopsy_462"
0.85879864656566,0.140510045605684,0.000691307828655441,"MSCCR_reGRID_235_Biopsy_461"
0.903536646864949,0.0964633531350512,0,"MSCCR_reGRID_238_Biopsy_464"
0.924748899290149,0.0752511007098515,0,"MSCCR_reGRID_238_Biopsy_465"
0.905339402943269,0.0933643893020736,0.00129620775465778,"MSCCR_reGRID_238_Biopsy_466"
0.903769285577108,0.0962307144228918,0,"MSCCR_reGRID_239_Biopsy_467"
0.706834137644877,0.293165862355123,0,"MSCCR_reGRID_240_Biopsy_469"
0.842313902027173,0.157686097972827,0,"MSCCR_reGRID_240_Biopsy_470"
0.869677538717537,0.130322461282463,0,"MSCCR_reGRID_240_Biopsy_468"
0.915877972664568,0.0841220273354323,0,"MSCCR_reGRID_241_Biopsy_471"
0.899186152953793,0.100813847046207,0,"MSCCR_reGRID_241_Biopsy_472"
0.591342031552665,0.407460724187959,0.00119724425937558,"MSCCR_reGRID_241_Biopsy_473"
0.721502934416921,0.278497065583079,0,"MSCCR_reGRID_242_Biopsy_474"
0.895612043265659,0.104387956734341,0,"MSCCR_reGRID_242_Biopsy_475"
0.903911101068834,0.0957380117729236,0.000350887158242077,"MSCCR_reGRID_242_Biopsy_476"
0.953259633501393,0.0467403664986068,0,"MSCCR_reGRID_243_Biopsy_478"
0.924270073024698,0.0757299269753019,0,"MSCCR_reGRID_243_Biopsy_477"
0.937379796943556,0.0626202030564442,0,"MSCCR_reGRID_243_Biopsy_479"
0.771921720063754,0.228078279936246,0,"MSCCR_reGRID_245_Biopsy_480"
0.961181671767843,0.0388183282321572,0,"MSCCR_reGRID_245_Biopsy_481"
0.766544472720532,0.233455527279468,0,"MSCCR_reGRID_246_Biopsy_483"
0.947951032862682,0.052048967137318,0,"MSCCR_reGRID_246_Biopsy_482"
0.956098082902231,0.043901917097769,0,"MSCCR_reGRID_247_Biopsy_484"
0.932234566919436,0.067765433080564,0,"MSCCR_reGRID_247_Biopsy_485"
0.85716087362914,0.14283912637086,0,"MSCCR_reGRID_248_Biopsy_486"
0.97095643027195,0.0290435697280499,0,"MSCCR_reGRID_248_Biopsy_487"
0.916638978611768,0.0833610213882317,0,"MSCCR_reGRID_250_Biopsy_488"
0.93069589804453,0.0693041019554697,0,"MSCCR_reGRID_250_Biopsy_489"
0.743164478370586,0.256835521629415,0,"MSCCR_reGRID_251_Biopsy_491"
0.853808366971019,0.146191633028981,0,"MSCCR_reGRID_251_Biopsy_492"
0.796610261523378,0.184926068166803,0.0184636703098192,"MSCCR_reGRID_251_Biopsy_490"
0.922135139129483,0.0778648608705167,0,"MSCCR_reGRID_252_Biopsy_494"
0.914254941424608,0.0857450585753918,0,"MSCCR_reGRID_252_Biopsy_493"
0.896563623159637,0.103436376840363,0,"MSCCR_reGRID_252_Biopsy_495"
0.932132266463201,0.0678677335367988,0,"MSCCR_reGRID_254_Biopsy_497"
0.926018019337693,0.0739819806623068,0,"MSCCR_reGRID_254_Biopsy_496"
0.912483650221065,0.0867383549707497,0.000777994808185548,"MSCCR_reGRID_254_Biopsy_498"
0.957491465004655,0.0425085349953446,0,"MSCCR_reGRID_255_Biopsy_499"
0.744654312172961,0.252970100699298,0.00237558712774141,"MSCCR_reGRID_256_Biopsy_501"
0.89256359695974,0.10743640304026,0,"MSCCR_reGRID_256_Biopsy_502"
0.942488521552564,0.0575114784474356,0,"MSCCR_reGRID_256_Biopsy_500"
0.821908778949163,0.177164501270551,0.000926719780286402,"MSCCR_reGRID_257_Biopsy_503"
0.941465380439751,0.0585346195602493,0,"MSCCR_reGRID_257_Biopsy_504"
0.930288711312083,0.0697112886879174,0,"MSCCR_reGRID_257_Biopsy_505"
0.717061558156417,0.282938441843583,0,"MSCCR_reGRID_258_Biopsy_507"
0.878217717647747,0.121782282352253,0,"MSCCR_reGRID_258_Biopsy_508"
0.883227000472608,0.11622055316317,0.000552446364222131,"MSCCR_reGRID_258_Biopsy_506"
0.940673488574439,0.0593265114255606,0,"MSCCR_reGRID_259_Biopsy_509"
0.892677544374891,0.105314469920458,0.00200798570465125,"MSCCR_reGRID_259_Biopsy_510"
0.896558276070572,0.102907791925731,0.000533932003697356,"MSCCR_reGRID_259_Biopsy_511"
0.948196097699843,0.0518039023001574,0,"MSCCR_reGRID_261_Biopsy_512"
0.927444135124652,0.0725558648753482,0,"MSCCR_reGRID_261_Biopsy_513"
0.910711693685229,0.0892883063147707,0,"MSCCR_reGRID_261_Biopsy_514"
0.748920418142296,0.251079581857704,0,"MSCCR_reGRID_262_Biopsy_515"
0.720713900246229,0.279286099753771,0,"MSCCR_reGRID_263_Biopsy_516"
0.910673094444317,0.089326905555683,0,"MSCCR_reGRID_263_Biopsy_517"
0.169777946273223,0.826147797081541,0.00407425664523652,"MSCCR_reGRID_263_Biopsy_518"
0.646967126296424,0.351269835135679,0.00176303856789714,"MSCCR_reGRID_265_Biopsy_519"
0.909863307172815,0.0901366928271846,0,"MSCCR_reGRID_265_Biopsy_520"
0.888132404635668,0.111867595364332,0,"MSCCR_reGRID_265_Biopsy_521"
0.906364778466712,0.0933180518523193,0.00031716968096865,"MSCCR_reGRID_266_Biopsy_522"
0.837252656863985,0.157961144154798,0.00478619898121791,"MSCCR_reGRID_266_Biopsy_523"
0.890686212050414,0.108353024342785,0.000960763606801028,"MSCCR_reGRID_266_Biopsy_524"
0.731492620472442,0.265790134397742,0.00271724512981581,"MSCCR_reGRID_267_Biopsy_525"
0.839574588061917,0.157266370852711,0.00315904108537213,"MSCCR_reGRID_267_Biopsy_526"
0,0.99976157194081,0.000238428059190103,"MSCCR_reGRID_267_Biopsy_527"
0.844932934863576,0.155067065136424,0,"MSCCR_reGRID_268_Biopsy_529"
0.901330218482025,0.0986697815179751,0,"MSCCR_reGRID_268_Biopsy_530"
0.906300770249112,0.0936992297508884,0,"MSCCR_reGRID_268_Biopsy_528"
0.669969941488678,0.328732834187028,0.00129722432429358,"MSCCR_reGRID_269_Biopsy_531"
0.479550256277229,0.519498127861917,0.000951615860854156,"MSCCR_reGRID_269_Biopsy_532"
0.793631223400394,0.204214109916411,0.00215466668319551,"MSCCR_reGRID_270_Biopsy_533"
0.924270748785039,0.0757292512149609,0,"MSCCR_reGRID_272_Biopsy_534"
0.891818407353567,0.108181592646433,0,"MSCCR_reGRID_272_Biopsy_535"
0.921084097552518,0.078915902447482,0,"MSCCR_reGRID_272_Biopsy_536"
0.917021232356612,0.0829787676433878,0,"MSCCR_reGRID_273_Biopsy_537"
0.916078118639637,0.0839218813603634,0,"MSCCR_reGRID_273_Biopsy_538"
0.875904138604587,0.123740465245031,0.000355396150382043,"MSCCR_reGRID_273_Biopsy_539"
0.73648354155109,0.26351645844891,0,"MSCCR_reGRID_274_Biopsy_540"
0.867473345405325,0.132526654594675,0,"MSCCR_reGRID_274_Biopsy_541"
0.882921311013312,0.117078688986688,0,"MSCCR_reGRID_274_Biopsy_542"
0.907190506402584,0.0928094935974164,0,"MSCCR_reGRID_275_Biopsy_544"
0.917444327582805,0.0825556724171954,0,"MSCCR_reGRID_275_Biopsy_545"
0.901388578129501,0.0986114218704993,0,"MSCCR_reGRID_275_Biopsy_543"
0.571435669130969,0.427851280459853,0.000713050409177823,"MSCCR_reGRID_276_Biopsy_546"
0.919374402866092,0.0806255971339079,0,"MSCCR_reGRID_276_Biopsy_547"
0.921605680307402,0.0783943196925981,0,"MSCCR_reGRID_276_Biopsy_548"
0.915676477964896,0.0843235220351038,0,"MSCCR_reGRID_277_Biopsy_551"
0.965715673621069,0.0342843263789308,0,"MSCCR_reGRID_277_Biopsy_550"
0.940029600950756,0.059970399049244,0,"MSCCR_reGRID_277_Biopsy_549"
0.894945818137915,0.105054181862085,0,"MSCCR_reGRID_278_Biopsy_553"
0.929822436571199,0.0701775634288011,0,"MSCCR_reGRID_278_Biopsy_554"
0.890945296460534,0.109054703539466,0,"MSCCR_reGRID_278_Biopsy_552"
0.907375025397588,0.0926249746024124,0,"MSCCR_reGRID_279_Biopsy_555"
0.882644595086343,0.117355404913657,0,"MSCCR_reGRID_279_Biopsy_556"
0.88971145242118,0.11028854757882,0,"MSCCR_reGRID_279_Biopsy_557"
0.834620792704619,0.165212422055295,0.000166785240086384,"MSCCR_reGRID_280_Biopsy_558"
0.827105172360188,0.172573011462787,0.000321816177025897,"MSCCR_reGRID_280_Biopsy_559"
0.89555410777943,0.10444589222057,0,"MSCCR_reGRID_280_Biopsy_560"
0.876557958377219,0.123442041622781,0,"MSCCR_reGRID_281_Biopsy_561"
0.032714572122155,0.910141651284398,0.0571437765934469,"MSCCR_reGRID_281_Biopsy_562"
0.892718729958804,0.107281270041196,0,"MSCCR_reGRID_281_Biopsy_563"
0.77951764491172,0.22048235508828,0,"MSCCR_reGRID_282_Biopsy_564"
0.831676640018927,0.168323359981073,0,"MSCCR_reGRID_282_Biopsy_565"
0.924549797816555,0.0754502021834452,0,"MSCCR_reGRID_282_Biopsy_566"
0.883040853055174,0.116570278819236,0.00038886812558939,"MSCCR_reGRID_283_Biopsy_567"
0.851593671674739,0.139968286892623,0.00843804143263888,"MSCCR_reGRID_283_Biopsy_568"
0.856838674319451,0.14242530963763,0.000736016042919045,"MSCCR_reGRID_283_Biopsy_569"
0.86330433434161,0.136002605467148,0.000693060191241612,"MSCCR_reGRID_284_Biopsy_570"
0.755907131519363,0.242005997479316,0.00208687100132108,"MSCCR_reGRID_285_Biopsy_571"
0.761545612232648,0.237085008547923,0.00136937921942934,"MSCCR_reGRID_286_Biopsy_572"
0.881540018931602,0.118145890887702,0.000314090180695318,"MSCCR_reGRID_286_Biopsy_573"
0.916119272013435,0.0838807279865654,0,"MSCCR_reGRID_286_Biopsy_574"
0.832160323645342,0.167839676354658,0,"MSCCR_reGRID_287_Biopsy_575"
0.97313422830203,0.0268657716979702,0,"MSCCR_reGRID_287_Biopsy_576"
0.866038742612232,0.133961257387768,0,"MSCCR_reGRID_289_Biopsy_578"
0.904234134436524,0.0899738144479025,0.00579205111557363,"MSCCR_reGRID_289_Biopsy_577"
0.864934529532134,0.135065470467866,0,"MSCCR_reGRID_290_Biopsy_579"
0.872294526651779,0.127681426898887,2.40464493346305e-05,"MSCCR_reGRID_290_Biopsy_580"
0.678790507296613,0.321209492703387,0,"MSCCR_reGRID_291_Biopsy_581"
0.892291832030421,0.107708167969579,0,"MSCCR_reGRID_291_Biopsy_582"
0.965345746358225,0.0346542536417752,0,"MSCCR_reGRID_292_Biopsy_583"
0.926361056113946,0.0736389438860542,0,"MSCCR_reGRID_292_Biopsy_585"
0.931623435779343,0.0683765642206565,0,"MSCCR_reGRID_292_Biopsy_584"
0.923165851184158,0.0768341488158421,0,"MSCCR_reGRID_293_Biopsy_586"
0.901034373553292,0.0989656264467082,0,"MSCCR_reGRID_294_Biopsy_587"
0.913819317777206,0.0858897317819607,0.000290950440832832,"MSCCR_reGRID_295_Biopsy_588"
0.948736173362198,0.0512638266378018,0,"MSCCR_reGRID_295_Biopsy_589"
0.865444120018361,0.13427042296099,0.000285457020648904,"MSCCR_reGRID_297_Biopsy_590"
0.769393320576076,0.230606679423924,0,"MSCCR_reGRID_298_Biopsy_593"
0.883370621715983,0.116629378284017,0,"MSCCR_reGRID_298_Biopsy_591"
0.870009972330472,0.129990027669528,0,"MSCCR_reGRID_298_Biopsy_592"
0.531149651750191,0.468051133007353,0.000799215242456422,"MSCCR_reGRID_299_Biopsy_594"
0.895770216700346,0.104229783299654,0,"MSCCR_reGRID_299_Biopsy_595"
0.673621927827688,0.324643444507777,0.00173462766453571,"MSCCR_reGRID_299_Biopsy_596"
0.885828690644573,0.114171309355427,0,"MSCCR_reGRID_301_Biopsy_598"
0.927284517080851,0.0721174885693204,0.000597994349828691,"MSCCR_reGRID_301_Biopsy_599"
0.929211909781797,0.070788090218203,0,"MSCCR_reGRID_301_Biopsy_597"
0.798297871032044,0.200253338412816,0.00144879055513968,"MSCCR_reGRID_302_Biopsy_600"
0.938015505113395,0.0619844948866049,0,"MSCCR_reGRID_302_Biopsy_601"
0.923255293724643,0.0767447062753571,0,"MSCCR_reGRID_302_Biopsy_602"
0.581022846896469,0.39486922828407,0.0241079248194609,"MSCCR_reGRID_303_Biopsy_603"
0.92698926122448,0.0730107387755204,0,"MSCCR_reGRID_303_Biopsy_604"
0.904257800259666,0.0957421997403336,0,"MSCCR_reGRID_303_Biopsy_605"
0.923462428933965,0.0765375710660347,0,"MSCCR_reGRID_304_Biopsy_607"
0.944315357560583,0.0556846424394174,0,"MSCCR_reGRID_304_Biopsy_608"
0.93785636486672,0.0621436351332797,0,"MSCCR_reGRID_304_Biopsy_606"
0.79230534475175,0.206935118096503,0.00075953715174673,"MSCCR_reGRID_305_Biopsy_609"
0.863132828618365,0.136495362310095,0.000371809071540489,"MSCCR_reGRID_305_Biopsy_610"
0.876749910978813,0.123250089021187,0,"MSCCR_reGRID_305_Biopsy_611"
0.869920467781371,0.130079532218629,0,"MSCCR_reGRID_306_Biopsy_612"
0.746962140255834,0.253037859744166,0,"MSCCR_reGRID_307_Biopsy_614"
0.87368836930892,0.12631163069108,0,"MSCCR_reGRID_307_Biopsy_613"
0.850930889723217,0.144898527244353,0.00417058303242977,"MSCCR_reGRID_310_Biopsy_615"
0.623685412046011,0.376314587953989,0,"MSCCR_reGRID_311_Biopsy_616"
0.923982493743207,0.0759271982839768,9.03079728168063e-05,"MSCCR_reGRID_311_Biopsy_617"
0.54903765359471,0.45096234640529,0,"MSCCR_reGRID_312_Biopsy_618"
0.891208514043733,0.108791485956267,0,"MSCCR_reGRID_312_Biopsy_619"
0.875266659994576,0.124733340005424,0,"MSCCR_reGRID_312_Biopsy_620"
0.890163273870532,0.109836726129468,0,"MSCCR_reGRID_314_Biopsy_623"
0.904008212019546,0.0959917879804538,0,"MSCCR_reGRID_314_Biopsy_621"
0.918894941648895,0.081105058351105,0,"MSCCR_reGRID_314_Biopsy_622"
0.715153914067649,0.28436673599042,0.000479349941931704,"MSCCR_reGRID_315_Biopsy_624"
0.952541166939121,0.0474588330608785,0,"MSCCR_reGRID_315_Biopsy_625"
0.913015610433257,0.0869843895667434,0,"MSCCR_reGRID_316_Biopsy_628"
0.888139417312496,0.111860582687504,0,"MSCCR_reGRID_316_Biopsy_626"
0.91976481354322,0.0802351864567794,0,"MSCCR_reGRID_316_Biopsy_627"
0.940221898306522,0.0597781016934778,0,"MSCCR_reGRID_317_Biopsy_629"
0.925272304026992,0.0747276959730082,0,"MSCCR_reGRID_317_Biopsy_630"
0.890365186242104,0.109634813757896,0,"MSCCR_reGRID_317_Biopsy_631"
0.833835289262846,0.166164710737154,0,"MSCCR_reGRID_318_Biopsy_632"
0.898675271491935,0.101324728508065,0,"MSCCR_reGRID_320_Biopsy_633"
0.868796378644603,0.131203621355397,0,"MSCCR_reGRID_320_Biopsy_634"
0.922060668088009,0.0779393319119909,0,"MSCCR_reGRID_320_Biopsy_635"
0.910234853759407,0.0897651462405929,0,"MSCCR_reGRID_321_Biopsy_637"
0.907518305852729,0.0924816941472705,0,"MSCCR_reGRID_321_Biopsy_636"
0.751240582352314,0.247041749319667,0.00171766832801912,"MSCCR_reGRID_323_Biopsy_638"
0.913203809402911,0.0867961905970888,0,"MSCCR_reGRID_324_Biopsy_640"
0.903465773005193,0.0965342269948072,0,"MSCCR_reGRID_324_Biopsy_639"
0.737919688626548,0.260021049069137,0.00205926230431547,"MSCCR_reGRID_327_Biopsy_641"
0.936161657661158,0.0638383423388423,0,"MSCCR_reGRID_327_Biopsy_642"
0.866779565112399,0.133220434887601,0,"MSCCR_reGRID_328_Biopsy_643"
0.822696670721134,0.177303329278866,0,"MSCCR_reGRID_328_Biopsy_644"
0.869138254764256,0.130861745235744,0,"MSCCR_reGRID_328_Biopsy_645"
0.867479735575013,0.132520264424987,0,"MSCCR_reGRID_329_Biopsy_646"
0.938408087354736,0.061591912645264,0,"MSCCR_reGRID_330_Biopsy_649"
0.906821469616632,0.0931785303833677,0,"MSCCR_reGRID_330_Biopsy_647"
0.945979522790552,0.0540204772094478,0,"MSCCR_reGRID_330_Biopsy_648"
0.752792339471847,0.247207660528153,0,"MSCCR_reGRID_333_Biopsy_652"
0.752675418001365,0.245684000433642,0.00164058156499381,"MSCCR_reGRID_333_Biopsy_651"
0.894369243499231,0.105630756500769,0,"MSCCR_reGRID_333_Biopsy_650"
0.50467825687573,0.49532174312427,0,"MSCCR_reGRID_336_Biopsy_653"
0.869854695303646,0.129135591615309,0.00100971308104438,"MSCCR_reGRID_336_Biopsy_654"
0.765881886803087,0.22688856710166,0.00722954609525293,"MSCCR_reGRID_337_Biopsy_656"
0.878310325208179,0.117411662903494,0.00427801188832673,"MSCCR_reGRID_337_Biopsy_655"
0.912929063030083,0.0870709369699166,0,"MSCCR_reGRID_337_Biopsy_657"
0.800907457074691,0.199092542925309,0,"MSCCR_reGRID_338_Biopsy_658"
0.879615516994438,0.120384483005562,0,"MSCCR_reGRID_338_Biopsy_659"
0.83797151152922,0.161242258664412,0.000786229806367982,"MSCCR_reGRID_339_Biopsy_660"
0.93966141275058,0.0603385872494201,0,"MSCCR_reGRID_339_Biopsy_661"
0.864462493702774,0.135243638964973,0.000293867332252756,"MSCCR_reGRID_339_Biopsy_662"
0.687398966629713,0.312601033370287,0,"MSCCR_reGRID_340_Biopsy_663"
0.865935289636391,0.127712600523774,0.00635210983983508,"MSCCR_reGRID_340_Biopsy_664"
0.571565707439136,0.380732838571107,0.0477014539897569,"MSCCR_reGRID_341_Biopsy_667"
0.940118581153456,0.0598814188465444,0,"MSCCR_reGRID_341_Biopsy_665"
0.875769110349382,0.123039894874552,0.00119099477606635,"MSCCR_reGRID_341_Biopsy_666"
0.689924131635819,0.308856137340221,0.00121973102395988,"MSCCR_reGRID_342_Biopsy_668"
0.890831234086525,0.109168765913475,0,"MSCCR_reGRID_342_Biopsy_669"
0.714805563582345,0.285194436417655,0,"MSCCR_reGRID_343_Biopsy_671"
0.873457758500767,0.126542241499232,0,"MSCCR_reGRID_343_Biopsy_670"
0.665469140254895,0.334093296694002,0.000437563051103271,"MSCCR_reGRID_344_Biopsy_672"
0.890269750837135,0.109730249162865,0,"MSCCR_reGRID_344_Biopsy_673"
0.765122757486243,0.234877242513757,0,"MSCCR_reGRID_344_Biopsy_674"
0.857617917217539,0.1406756618591,0.00170642092336135,"MSCCR_reGRID_345_Biopsy_676"
0.861197902527751,0.13880209747225,0,"MSCCR_reGRID_345_Biopsy_675"
0.796071274553705,0.203763493795098,0.000165231651196741,"MSCCR_reGRID_346_Biopsy_677"
0.896889827201307,0.103110172798693,0,"MSCCR_reGRID_346_Biopsy_678"
0.879854058823413,0.120058927829486,8.70133471014865e-05,"MSCCR_reGRID_346_Biopsy_679"
0.783808454548036,0.214430842328091,0.0017607031238735,"MSCCR_reGRID_347_Biopsy_680"
0.909376915608519,0.0906230843914806,0,"MSCCR_reGRID_347_Biopsy_681"
0.900124665198652,0.0991411327384886,0.000734202062859668,"MSCCR_reGRID_347_Biopsy_682"
0.828928784632276,0.169201583252901,0.00186963211482306,"MSCCR_reGRID_348_Biopsy_683"
0.88013458540277,0.11986541459723,0,"MSCCR_reGRID_348_Biopsy_684"
0.900385039366044,0.099614960633956,0,"MSCCR_reGRID_348_Biopsy_685"
0.898920668617456,0.101079331382544,0,"MSCCR_reGRID_351_Biopsy_686"
0.917564840160344,0.0824351598396564,0,"MSCCR_reGRID_351_Biopsy_687"
0.883663417777592,0.116336582222408,0,"MSCCR_reGRID_351_Biopsy_688"
0.872587938646111,0.127412061353889,0,"MSCCR_reGRID_352_Biopsy_689"
0.875415081995208,0.122997312366802,0.00158760563798985,"MSCCR_reGRID_353_Biopsy_690"
0.897436863057579,0.102563136942421,0,"MSCCR_reGRID_353_Biopsy_691"
0.833407717184723,0.166592282815277,0,"MSCCR_reGRID_354_Biopsy_693"
0.860923168441335,0.139076831558665,0,"MSCCR_reGRID_354_Biopsy_692"
0.790372683688514,0.209627316311486,0,"MSCCR_reGRID_355_Biopsy_694"
0.757495979082279,0.165420681715998,0.0770833392017233,"MSCCR_reGRID_355_Biopsy_695"
0.871464041546477,0.127027893130644,0.00150806532287959,"MSCCR_reGRID_355_Biopsy_696"
0.870360681108037,0.127665614525804,0.00197370436615899,"MSCCR_reGRID_358_Biopsy_697"
0.919015570665418,0.0809844293345824,0,"MSCCR_reGRID_358_Biopsy_698"
0.91907083520598,0.0809291647940197,0,"MSCCR_reGRID_359_Biopsy_699"
0.406037208145579,0.572388737479621,0.0215740543748002,"MSCCR_reGRID_359_Biopsy_700"
0.899231539705262,0.100768460294738,0,"MSCCR_reGRID_359_Biopsy_701"
0.333357934114117,0.66488995025263,0.00175211563325321,"MSCCR_reGRID_361_Biopsy_704"
0.805272569198778,0.194727430801222,0,"MSCCR_reGRID_361_Biopsy_702"
0.91127330856991,0.0887266914300896,0,"MSCCR_reGRID_361_Biopsy_703"
0.942188571046779,0.0578114289532207,0,"MSCCR_reGRID_362_Biopsy_705"
0.9172592032591,0.0827407967409002,0,"MSCCR_reGRID_362_Biopsy_706"
0.851492326626557,0.148507673373442,0,"MSCCR_reGRID_362_Biopsy_707"
0.95062261132806,0.0493773886719396,0,"MSCCR_reGRID_363_Biopsy_709"
0.947837201029831,0.0521627989701694,0,"MSCCR_reGRID_363_Biopsy_708"
0.898777870702013,0.100766081180482,0.000456048117505388,"MSCCR_reGRID_363_Biopsy_710"
0.50500418517643,0.494569303169744,0.000426511653826524,"MSCCR_reGRID_364_Biopsy_711"
0.890368053757718,0.109631946242282,0,"MSCCR_reGRID_364_Biopsy_712"
0.92813818643613,0.0718618135638704,0,"MSCCR_reGRID_364_Biopsy_713"
0.827256797822979,0.172743202177021,0,"MSCCR_reGRID_365_Biopsy_714"
0.912720891643528,0.0860560538357067,0.00122305452076508,"MSCCR_reGRID_365_Biopsy_715"
0.861464382523421,0.138535617476579,0,"MSCCR_reGRID_366_Biopsy_716"
0.869490449789224,0.130509550210776,0,"MSCCR_reGRID_366_Biopsy_718"
0.847522399751802,0.136372699565238,0.01610490068296,"MSCCR_reGRID_366_Biopsy_717"
0.650530097667202,0.348171331893431,0.00129857043936736,"MSCCR_reGRID_367_Biopsy_721"
0.918306906216057,0.0816930937839434,0,"MSCCR_reGRID_367_Biopsy_720"
0.935159563642035,0.0648404363579655,0,"MSCCR_reGRID_367_Biopsy_719"
0.923464935574113,0.0765350644258872,0,"MSCCR_reGRID_368_Biopsy_722"
0.889169546817104,0.110830453182896,0,"MSCCR_reGRID_368_Biopsy_723"
0.883361341743131,0.112992560879345,0.00364609737752467,"MSCCR_reGRID_368_Biopsy_724"
0.822029026341474,0.176887129017884,0.00108384464064172,"MSCCR_reGRID_369_Biopsy_725"
0.923147416691764,0.0768525833082356,0,"MSCCR_reGRID_370_Biopsy_727"
0.414758647165953,0.584578560871287,0.000662791962760661,"MSCCR_reGRID_370_Biopsy_728"
0.913014379621271,0.086985620378729,0,"MSCCR_reGRID_370_Biopsy_726"
0.893204638796843,0.106795361203157,0,"MSCCR_reGRID_371_Biopsy_729"
0.916838103288808,0.0831618967111924,0,"MSCCR_reGRID_371_Biopsy_730"
0.90740042792548,0.0925995720745198,0,"MSCCR_reGRID_371_Biopsy_731"
0.920411896667653,0.0795881033323467,0,"MSCCR_reGRID_372_Biopsy_732"
0.90391701293567,0.0960829870643304,0,"MSCCR_reGRID_372_Biopsy_733"
0.879204958945416,0.115810224550069,0.00498481650451457,"MSCCR_reGRID_372_Biopsy_734"
0.78406203527963,0.215112708687674,0.000825256032695907,"MSCCR_reGRID_373_Biopsy_737"
0.948890373236826,0.0511096267631737,0,"MSCCR_reGRID_373_Biopsy_736"
0.924463149537776,0.0755368504622242,0,"MSCCR_reGRID_373_Biopsy_735"
0.602533798471083,0.357732869814541,0.0397333317143769,"MSCCR_reGRID_374_Biopsy_738"
0.801475138098444,0.196673086150803,0.00185177575075343,"MSCCR_reGRID_375_Biopsy_739"
0.907254958832634,0.0927450411673661,0,"MSCCR_reGRID_375_Biopsy_740"
0.788177550265157,0.211822449734843,0,"MSCCR_reGRID_376_Biopsy_742"
0.897568488545051,0.102431511454949,0,"MSCCR_reGRID_376_Biopsy_743"
0.884789083048906,0.115210916951094,0,"MSCCR_reGRID_376_Biopsy_741"
0.83453399483794,0.165099103009104,0.000366902152955484,"MSCCR_reGRID_377_Biopsy_744"
0.889268130225937,0.110731869774063,0,"MSCCR_reGRID_377_Biopsy_746"
0.927948753581668,0.0720512464183321,0,"MSCCR_reGRID_377_Biopsy_745"
0.882781171192936,0.117181366385469,3.74624215951308e-05,"MSCCR_reGRID_378_Biopsy_748"
0.935249848349402,0.0647501516505979,0,"MSCCR_reGRID_378_Biopsy_749"
0.947346995211077,0.0526530047889233,0,"MSCCR_reGRID_378_Biopsy_747"
0.910810466454838,0.0845549774104017,0.00463455613476066,"MSCCR_reGRID_379_Biopsy_750"
0.869317221021003,0.130682778978997,0,"MSCCR_reGRID_379_Biopsy_751"
0.86397580496889,0.136024195031109,0,"MSCCR_reGRID_379_Biopsy_752"
0.862039574282988,0.133420643916641,0.00453978180037077,"MSCCR_reGRID_380_Biopsy_753"
0.904773567935876,0.0952264320641243,0,"MSCCR_reGRID_380_Biopsy_754"
0.858052272649851,0.141723421140823,0.000224306209326118,"MSCCR_reGRID_380_Biopsy_755"
0.645444852117959,0.354555147882041,0,"MSCCR_reGRID_381_Biopsy_756"
0.892437558493519,0.107562441506481,0,"MSCCR_reGRID_381_Biopsy_758"
0.887581732348056,0.112418267651944,0,"MSCCR_reGRID_381_Biopsy_757"
0.911836589863675,0.0855721386774535,0.00259127145887134,"MSCCR_reGRID_382_Biopsy_761"
0.72441007298003,0.219016352725919,0.0565735742940509,"MSCCR_reGRID_382_Biopsy_759"
0.910825195241066,0.0888190304266358,0.000355774332298582,"MSCCR_reGRID_382_Biopsy_760"
0.889917075735322,0.110082924264679,0,"MSCCR_reGRID_383_Biopsy_762"
0.897931451627354,0.102068548372646,0,"MSCCR_reGRID_383_Biopsy_763"
0.878037208905679,0.121962791094321,0,"MSCCR_reGRID_383_Biopsy_764"
0.816745592046624,0.183254407953376,0,"MSCCR_reGRID_384_Biopsy_765"
0.683479382755135,0.315288911738509,0.00123170550635613,"MSCCR_reGRID_384_Biopsy_766"
0.688794722046206,0.309568555651525,0.00163672230226909,"MSCCR_reGRID_384_Biopsy_767"
0.919240355297589,0.0807596447024109,0,"MSCCR_reGRID_385_Biopsy_768"
0.902303203801065,0.0976967961989351,0,"MSCCR_reGRID_385_Biopsy_769"
0.899262179954737,0.100737820045263,0,"MSCCR_reGRID_385_Biopsy_770"
0.919821883581173,0.0801781164188267,0,"MSCCR_reGRID_386_Biopsy_772"
0.921244216316803,0.0787557836831971,0,"MSCCR_reGRID_386_Biopsy_771"
0.816096120430489,0.181528163410846,0.00237571615866552,"MSCCR_reGRID_387_Biopsy_773"
0.757981303890746,0.242018696109254,0,"MSCCR_reGRID_387_Biopsy_774"
0.921708751492161,0.078291248507839,0,"MSCCR_reGRID_387_Biopsy_775"
0.827911221225786,0.171521082044897,0.000567696729316792,"MSCCR_reGRID_388_Biopsy_776"
0.8703049393096,0.1296950606904,0,"MSCCR_reGRID_388_Biopsy_777"
0.749960205949389,0.248027906141012,0.00201188790959873,"MSCCR_reGRID_388_Biopsy_778"
0.916430129147385,0.0835698708526153,0,"MSCCR_reGRID_389_Biopsy_780"
0.634460823489315,0.362633719051069,0.00290545745961619,"MSCCR_reGRID_389_Biopsy_779"
0.341263682435918,0.658736317564082,0,"MSCCR_reGRID_390_Biopsy_781"
0.880513438833217,0.119486561166783,0,"MSCCR_reGRID_390_Biopsy_782"
0.897234585818734,0.102765414181266,0,"MSCCR_reGRID_390_Biopsy_783"
0.918265569791547,0.0817344302084534,0,"MSCCR_reGRID_391_Biopsy_784"
0.905557099906079,0.0943258858013143,0.000117014292606876,"MSCCR_reGRID_391_Biopsy_785"
0.686741102988277,0.313258897011724,0,"MSCCR_reGRID_392_Biopsy_787"
0.361448831597226,0.603777034219107,0.0347741341836666,"MSCCR_reGRID_392_Biopsy_786"
0.814540318997155,0.185459681002845,0,"MSCCR_reGRID_393_Biopsy_789"
0.855655446424785,0.144344553575215,0,"MSCCR_reGRID_393_Biopsy_790"
0.846965188847425,0.153034811152575,0,"MSCCR_reGRID_393_Biopsy_788"
0.711139772307983,0.286716236444623,0.00214399124739433,"MSCCR_reGRID_395_Biopsy_791"
0.83475459863143,0.130293538251628,0.0349518631169424,"MSCCR_reGRID_395_Biopsy_792"
0.636357770573862,0.317894230058024,0.0457479993681145,"MSCCR_reGRID_395_Biopsy_793"
0.919772435224943,0.0802275647750567,0,"MSCCR_reGRID_397_Biopsy_796"
0.92135643292262,0.07864356707738,0,"MSCCR_reGRID_397_Biopsy_794"
0.834626573352436,0.165373426647564,0,"MSCCR_reGRID_397_Biopsy_795"
0.740316462022281,0.259683537977719,0,"MSCCR_reGRID_398_Biopsy_798"
0.886976840468709,0.107132454590951,0.00589070494033994,"MSCCR_reGRID_398_Biopsy_799"
0.877073403987053,0.106619897997102,0.0163066980158449,"MSCCR_reGRID_398_Biopsy_797"
0.946316110849496,0.0536838891505038,0,"MSCCR_reGRID_399_Biopsy_800"
0.930849982492734,0.0691500175072658,0,"MSCCR_reGRID_399_Biopsy_801"
0.88333764681742,0.0931937463424709,0.0234686068401087,"MSCCR_reGRID_399_Biopsy_802"
0.69172213897548,0.307307472240866,0.000970388783654216,"MSCCR_reGRID_401_Biopsy_803"
0.9371851414194,0.0628148585806001,0,"MSCCR_reGRID_401_Biopsy_804"
0.930065880360551,0.0699341196394493,0,"MSCCR_reGRID_401_Biopsy_805"
0.730564179419315,0.269435820580685,0,"MSCCR_reGRID_402_Biopsy_806"
0.905173650708222,0.094826349291778,0,"MSCCR_reGRID_402_Biopsy_807"
0.729858440012201,0.214973693556354,0.0551678664314451,"MSCCR_reGRID_402_Biopsy_808"
0.852613637532117,0.147386362467883,0,"MSCCR_reGRID_403_Biopsy_809"
0.901346304317216,0.0986536956827838,0,"MSCCR_reGRID_403_Biopsy_811"
0.933026355457725,0.0669736445422749,0,"MSCCR_reGRID_403_Biopsy_810"
0.592402407098485,0.407233454178256,0.000364138723258556,"MSCCR_reGRID_405_Biopsy_813"
0.866048196085661,0.133951803914339,0,"MSCCR_reGRID_405_Biopsy_814"
0.882271746626616,0.117728253373384,0,"MSCCR_reGRID_405_Biopsy_812"
0.838536570387606,0.160240147002678,0.00122328260971543,"MSCCR_reGRID_406_Biopsy_816"
0.941401957482512,0.0585980425174878,0,"MSCCR_reGRID_406_Biopsy_817"
0.732413947982892,0.267586052017108,0,"MSCCR_reGRID_406_Biopsy_815"
0.790434398482515,0.209565601517485,0,"MSCCR_reGRID_407_Biopsy_818"
0.899365027866831,0.100634972133169,0,"MSCCR_reGRID_407_Biopsy_819"
0.84202947742587,0.15797052257413,0,"MSCCR_reGRID_407_Biopsy_820"
0.92024243367081,0.0797575663291903,0,"MSCCR_reGRID_408_Biopsy_821"
0.94945108191137,0.0505489180886296,0,"MSCCR_reGRID_408_Biopsy_822"
0.929063634657786,0.0709363653422139,0,"MSCCR_reGRID_408_Biopsy_823"
0.992340575049339,0.00765942495066069,0,"MSCCR_reGRID_409_Biopsy_824"
0.969088427019183,0.0309115729808166,0,"MSCCR_reGRID_410_Biopsy_825"
0.917105993201021,0.0828940067989792,0,"MSCCR_reGRID_410_Biopsy_826"
0.851308824649872,0.148691175350128,0,"MSCCR_reGRID_410_Biopsy_827"
0.292232521617373,0.70717209919685,0.000595379185776709,"MSCCR_reGRID_411_Biopsy_828"
0.919568987176711,0.0804310128232886,0,"MSCCR_reGRID_411_Biopsy_829"
0.924650487762302,0.0753495122376985,0,"MSCCR_reGRID_411_Biopsy_830"
0.923549078682937,0.0764509213170631,0,"MSCCR_reGRID_412_Biopsy_831"
0.949955452019394,0.0500445479806057,0,"MSCCR_reGRID_412_Biopsy_832"
0.957624893590288,0.0423751064097123,0,"MSCCR_reGRID_412_Biopsy_833"
0.784481153934408,0.21460851108194,0.000910334983652023,"MSCCR_reGRID_413_Biopsy_834"
0.925492149945673,0.0745078500543273,0,"MSCCR_reGRID_413_Biopsy_835"
0.904152451789071,0.0958475482109287,0,"MSCCR_reGRID_413_Biopsy_836"
0.877985452252018,0.122014547747982,0,"MSCCR_reGRID_414_Biopsy_837"
0.571758845220238,0.426894247427938,0.00134690735182416,"MSCCR_reGRID_414_Biopsy_838"
0.919613309090535,0.0803866909094646,0,"MSCCR_reGRID_416_Biopsy_840"
0.922514362106675,0.0774856378933255,0,"MSCCR_reGRID_416_Biopsy_841"
0.916020932365392,0.0839790676346084,0,"MSCCR_reGRID_416_Biopsy_839"
0.298682226759074,0.699244135146218,0.00207363809470768,"MSCCR_reGRID_418_Biopsy_842"
0.843957198913541,0.15386126222815,0.00218153885830845,"MSCCR_reGRID_418_Biopsy_843"
0.864861801416115,0.127620153567058,0.00751804501682647,"MSCCR_reGRID_418_Biopsy_844"
0.601940553909445,0.397817038673312,0.00024240741724346,"MSCCR_reGRID_419_Biopsy_846"
0.935863641408647,0.0641363585913529,0,"MSCCR_reGRID_419_Biopsy_847"
0.944327116393757,0.0556728836062425,0,"MSCCR_reGRID_419_Biopsy_845"
0.739898267148629,0.259117367793994,0.000984365057376707,"MSCCR_reGRID_420_Biopsy_848"
0.952200949166629,0.0477990508333705,0,"MSCCR_reGRID_420_Biopsy_849"
0.890045069744605,0.109954930255396,0,"MSCCR_reGRID_420_Biopsy_850"
0.890908297146237,0.109091702853763,0,"MSCCR_reGRID_422_Biopsy_852"
0.858833569111609,0.128678714375493,0.012487716512898,"MSCCR_reGRID_422_Biopsy_851"
0.89593709702826,0.102857075172713,0.00120582779902704,"MSCCR_reGRID_424_Biopsy_853"
0.85530341585058,0.122716835730054,0.0219797484193661,"MSCCR_reGRID_424_Biopsy_854"
0.800084973463849,0.198396594925562,0.00151843161058872,"MSCCR_reGRID_424_Biopsy_855"
0.927647838411194,0.0723521615888062,0,"MSCCR_reGRID_425_Biopsy_857"
0.881571551371104,0.118428448628896,0,"MSCCR_reGRID_425_Biopsy_858"
0.908531548050253,0.0914684519497469,0,"MSCCR_reGRID_425_Biopsy_856"
0.70697045407298,0.29302954592702,0,"MSCCR_reGRID_427_Biopsy_859"
0.441228507437793,0.558771492562207,0,"MSCCR_reGRID_428_Biopsy_860"
0.926140372661717,0.0738596273382832,0,"MSCCR_reGRID_428_Biopsy_861"
0.873336036203089,0.126663963796911,0,"MSCCR_reGRID_428_Biopsy_862"
0.843695571334851,0.154219631689847,0.00208479697530192,"MSCCR_reGRID_429_Biopsy_863"
0.947544368565839,0.0524556314341611,0,"MSCCR_reGRID_429_Biopsy_864"
0.955278841098467,0.0447211589015328,0,"MSCCR_reGRID_429_Biopsy_865"
0.944648208794786,0.0553517912052145,0,"MSCCR_reGRID_430_Biopsy_867"
0.961549428069985,0.0384505719300151,0,"MSCCR_reGRID_430_Biopsy_866"
0.96149597884379,0.0385040211562095,0,"MSCCR_reGRID_431_Biopsy_868"
0.95639596039745,0.0436040396025499,0,"MSCCR_reGRID_431_Biopsy_869"
0.854113384769881,0.144920500689614,0.000966114540504806,"MSCCR_reGRID_431_Biopsy_870"
0.54625027271737,0.452513910784666,0.00123581649796425,"MSCCR_reGRID_432_Biopsy_873"
0.921695534553412,0.0783044654465878,0,"MSCCR_reGRID_432_Biopsy_871"
0.786168555734267,0.213831444265733,0,"MSCCR_reGRID_432_Biopsy_872"
0.601870363868636,0.397266762154675,0.000862873976688281,"MSCCR_reGRID_433_Biopsy_875"
0.937205100523608,0.0627948994763917,0,"MSCCR_reGRID_433_Biopsy_876"
0.932905849776744,0.0668745391382577,0.000219611084998608,"MSCCR_reGRID_433_Biopsy_874"
0.888216551953488,0.111171899956799,0.000611548089713152,"MSCCR_reGRID_434_Biopsy_877"
0.921927345909254,0.0780726540907456,0,"MSCCR_reGRID_434_Biopsy_878"
0.932760346480808,0.0672396535191916,0,"MSCCR_reGRID_434_Biopsy_879"
0.919628946355925,0.0801546853126253,0.000216368331449306,"MSCCR_reGRID_436_Biopsy_880"
0.930071616294037,0.069873879194521,5.45045114421173e-05,"MSCCR_reGRID_436_Biopsy_881"
0.857562104894835,0.12628387657119,0.016154018533975,"MSCCR_reGRID_436_Biopsy_882"
0.922626096965209,0.0773739030347912,0,"MSCCR_reGRID_437_Biopsy_883"
0.901307139582255,0.0986928604177454,0,"MSCCR_reGRID_437_Biopsy_884"
0.928574101270776,0.0714258987292236,0,"MSCCR_reGRID_438_Biopsy_885"
0.969215624078675,0.030784375921325,0,"MSCCR_reGRID_438_Biopsy_886"
0.855723226356051,0.143225933859879,0.00105083978406953,"MSCCR_reGRID_438_Biopsy_887"
0.938393435593483,0.0615049954519335,0.000101568954583599,"MSCCR_reGRID_439_Biopsy_888"
0.942230112392389,0.0577698876076108,0,"MSCCR_reGRID_439_Biopsy_889"
0.766849950833381,0.231503858495542,0.00164619067107656,"MSCCR_reGRID_439_Biopsy_890"
0.842935914511723,0.157064085488277,0,"MSCCR_reGRID_440_Biopsy_891"
0.709544918382974,0.290150277249277,0.000304804367749209,"MSCCR_reGRID_440_Biopsy_892"
0.895494736179764,0.104505263820236,0,"MSCCR_reGRID_441_Biopsy_893"
0.949904836822975,0.0500951631770249,0,"MSCCR_reGRID_441_Biopsy_894"
0.883345054800529,0.116654945199471,0,"MSCCR_reGRID_442_Biopsy_897"
0.93288903914531,0.0663793731308538,0.000731587723836216,"MSCCR_reGRID_442_Biopsy_895"
0.936541101813082,0.0634588981869179,0,"MSCCR_reGRID_442_Biopsy_896"
0.905890708316453,0.0941092916835469,0,"MSCCR_reGRID_443_Biopsy_898"
0.863829909251561,0.136170090748439,0,"MSCCR_reGRID_443_Biopsy_899"
0.831792051872591,0.168207948127409,0,"MSCCR_reGRID_443_Biopsy_900"
0.907951514131113,0.0920484858688869,0,"MSCCR_reGRID_444_Biopsy_901"
0.953301058714446,0.0466989412855544,0,"MSCCR_reGRID_444_Biopsy_902"
0.949764827465505,0.050235172534495,0,"MSCCR_reGRID_444_Biopsy_903"
0.86358884382596,0.135104111680862,0.00130704449317787,"MSCCR_reGRID_445_Biopsy_904"
0.936645801262269,0.0633541987377309,0,"MSCCR_reGRID_445_Biopsy_905"
0.771622505149056,0.228377494850944,0,"MSCCR_reGRID_446_Biopsy_906"
0.936932638322284,0.0630673616777163,0,"MSCCR_reGRID_446_Biopsy_907"
0.953844759423283,0.0461552405767171,0,"MSCCR_reGRID_446_Biopsy_908"
0.944287287540924,0.0557127124590758,0,"MSCCR_reGRID_447_Biopsy_909"
0.925704679696711,0.0742953203032894,0,"MSCCR_reGRID_447_Biopsy_910"
0.923249298951204,0.0767507010487962,0,"MSCCR_reGRID_447_Biopsy_911"
0.80908603535278,0.185730153379207,0.00518381126801227,"MSCCR_reGRID_448_Biopsy_913"
0.821555865954206,0.164329878007234,0.0141142560385604,"MSCCR_reGRID_448_Biopsy_912"
0.628277624248901,0.370501775858315,0.00122059989278358,"MSCCR_reGRID_450_Biopsy_914"
0.797608176997411,0.200564966356772,0.00182685664581647,"MSCCR_reGRID_450_Biopsy_915"
0.74556646200644,0.253305433343378,0.00112810465018163,"MSCCR_reGRID_450_Biopsy_916"
0.877334902668827,0.122665097331173,0,"MSCCR_reGRID_452_Biopsy_918"
0.921245727086836,0.0787542729131638,0,"MSCCR_reGRID_452_Biopsy_917"
0.857880998918608,0.139698243573302,0.00242075750808994,"MSCCR_reGRID_453_Biopsy_919"
0.719373410307431,0.280626589692569,0,"MSCCR_reGRID_454_Biopsy_921"
0.910622849927199,0.0893771500728007,0,"MSCCR_reGRID_454_Biopsy_922"
0.879920245972981,0.120079754027019,0,"MSCCR_reGRID_454_Biopsy_920"
0.806488428666799,0.193511571333201,0,"MSCCR_reGRID_455_Biopsy_923"
0.908774950338308,0.0912250496616924,0,"MSCCR_reGRID_455_Biopsy_924"
0.668928614186026,0.329134856014216,0.00193652979975845,"MSCCR_reGRID_457_Biopsy_925"
0.899874431048086,0.100125568951914,0,"MSCCR_reGRID_457_Biopsy_926"
0.923898393330706,0.0750974363414767,0.00100417032781724,"MSCCR_reGRID_457_Biopsy_927"
0.418248683196136,0.581226778396474,0.000524538407389325,"MSCCR_reGRID_458_Biopsy_928"
0.8877772213799,0.10974120682411,0.00248157179598994,"MSCCR_reGRID_458_Biopsy_929"
0.926751557503672,0.0732484424963282,0,"MSCCR_reGRID_459_Biopsy_930"
0.947277457697062,0.0527225423029375,0,"MSCCR_reGRID_459_Biopsy_931"
0.936491811565725,0.0635081884342745,0,"MSCCR_reGRID_459_Biopsy_932"
0.738583118797923,0.259428064707303,0.00198881649477412,"MSCCR_reGRID_460_Biopsy_933"
0.927366990476893,0.0726330095231075,0,"MSCCR_reGRID_460_Biopsy_934"
0.881518648421186,0.100279576428269,0.0182017751505451,"MSCCR_reGRID_460_Biopsy_935"
0.875320831415512,0.124679168584488,0,"MSCCR_reGRID_461_Biopsy_936"
0.914362205204619,0.0856377947953811,0,"MSCCR_reGRID_463_Biopsy_938"
0.825914153781626,0.161500635670137,0.0125852105482372,"MSCCR_reGRID_463_Biopsy_937"
0.80076485751344,0.19923514248656,0,"MSCCR_reGRID_464_Biopsy_939"
0.840340183468647,0.159659816531353,0,"MSCCR_reGRID_464_Biopsy_940"
0.873772529111119,0.126227470888881,0,"MSCCR_reGRID_464_Biopsy_941"
0.937621295454915,0.0623787045450851,0,"MSCCR_reGRID_467_Biopsy_942"
0.931618295266442,0.0683817047335577,0,"MSCCR_reGRID_467_Biopsy_943"
0.905827064925907,0.0941729350740931,0,"MSCCR_reGRID_468_Biopsy_944"
0.94585326341268,0.0541467365873204,0,"MSCCR_reGRID_468_Biopsy_945"
0.91072082139038,0.0892791786096198,0,"MSCCR_reGRID_468_Biopsy_946"
0.897838544387494,0.0998367151360054,0.00232474047650091,"MSCCR_reGRID_469_Biopsy_947"
0.934412574067095,0.0655874259329052,0,"MSCCR_reGRID_469_Biopsy_949"
0.918238333965143,0.0817616660348566,0,"MSCCR_reGRID_469_Biopsy_948"
0.749017783355269,0.250982216644731,0,"MSCCR_reGRID_470_Biopsy_950"
0.901820173342345,0.0981798266576551,0,"MSCCR_reGRID_471_Biopsy_951"
0.931045184876755,0.0689548151232451,0,"MSCCR_reGRID_471_Biopsy_952"
0.774416056844239,0.223354462134593,0.0022294810211683,"MSCCR_reGRID_472_Biopsy_955"
0.904757078569841,0.0952429214301593,0,"MSCCR_reGRID_472_Biopsy_956"
0.898932022309096,0.101067977690904,0,"MSCCR_reGRID_472_Biopsy_953"
0.798980714648866,0.198679183848594,0.00234010150254003,"MSCCR_reGRID_472_Biopsy_954"
0.796433838557719,0.203566161442281,0,"MSCCR_reGRID_474_Biopsy_957"
0.834631967210162,0.164603737921012,0.000764294868825503,"MSCCR_reGRID_474_Biopsy_958"
0.796386204754589,0.203291239088542,0.000322556156869431,"MSCCR_reGRID_475_Biopsy_960"
0.581042114913059,0.418957885086941,0,"MSCCR_reGRID_475_Biopsy_959"
0.913413954511862,0.0865860454881376,0,"MSCCR_reGRID_476_Biopsy_961"
0.90724727606872,0.0927527239312799,0,"MSCCR_reGRID_476_Biopsy_962"
0.861143200173526,0.137535082531931,0.00132171729454307,"MSCCR_reGRID_476_Biopsy_963"
0.206547617261778,0.79297853280848,0.000473849929742111,"MSCCR_reGRID_477_Biopsy_964"
0.897445547657957,0.102554452342043,0,"MSCCR_reGRID_477_Biopsy_965"
0.874523563138147,0.107403872888872,0.0180725639729804,"MSCCR_reGRID_477_Biopsy_966"
0.76826356897606,0.23173643102394,0,"MSCCR_reGRID_478_Biopsy_968"
0.935642390015599,0.0643576099844011,0,"MSCCR_reGRID_478_Biopsy_967"
0.728551977844413,0.268595091538231,0.00285293061735613,"MSCCR_reGRID_480_Biopsy_970"
0.860823005274525,0.139176994725475,0,"MSCCR_reGRID_480_Biopsy_969"
0.890112823394365,0.10982121410676,6.59624988750299e-05,"MSCCR_reGRID_480_Biopsy_971"
0.966403375047358,0.0335966249526424,0,"MSCCR_reGRID_481_Biopsy_972"
0.962378130363356,0.0376218696366444,0,"MSCCR_reGRID_481_Biopsy_973"
0.725206687942989,0.273221624400525,0.0015716876564854,"MSCCR_reGRID_482_Biopsy_975"
0.928693862896497,0.0713061371035029,0,"MSCCR_reGRID_482_Biopsy_976"
0.873825620830578,0.126174379169422,0,"MSCCR_reGRID_482_Biopsy_974"
0.38405016707026,0.61594983292974,0,"MSCCR_reGRID_483_Biopsy_979"
0.900889082335695,0.0958403281251158,0.00327058953918913,"MSCCR_reGRID_483_Biopsy_978"
0.960415794513205,0.0395842054867952,0,"MSCCR_reGRID_483_Biopsy_977"
0.929883785291399,0.0701162147086009,0,"MSCCR_reGRID_484_Biopsy_980"
0.599505797641561,0.399728726991809,0.000765475366630334,"MSCCR_reGRID_484_Biopsy_981"
0.923758195492674,0.0762418045073258,0,"MSCCR_reGRID_486_Biopsy_982"
0.920735364652,0.0791279563009457,0.000136679047054821,"MSCCR_reGRID_486_Biopsy_983"
0.92197747327857,0.0780225267214298,0,"MSCCR_reGRID_487_Biopsy_984"
0.94296930066897,0.0570306993310299,0,"MSCCR_reGRID_487_Biopsy_985"
0.875142301333175,0.123214715239891,0.00164298342693331,"MSCCR_reGRID_487_Biopsy_986"
0.932998123274062,0.0670018767259385,0,"MSCCR_reGRID_488_Biopsy_987"
0.924724386404593,0.0752756135954067,0,"MSCCR_reGRID_488_Biopsy_988"
0.944023541042898,0.0559764589571016,0,"MSCCR_reGRID_489_Biopsy_991"
0.955004546854386,0.0449954531456143,0,"MSCCR_reGRID_489_Biopsy_989"
0.903511582703917,0.0964884172960834,0,"MSCCR_reGRID_489_Biopsy_990"
0.9576204998197,0.0423795001803004,0,"MSCCR_reGRID_490_Biopsy_992"
0.425077107368271,0.574656232252156,0.000266660379573633,"MSCCR_reGRID_490_Biopsy_993"
0.397830108531335,0.60199941364918,0.000170477819485222,"MSCCR_reGRID_491_Biopsy_994"
0.890175587462319,0.109824412537681,0,"MSCCR_reGRID_491_Biopsy_995"
0.871677828959923,0.128322171040077,0,"MSCCR_reGRID_491_Biopsy_996"
0.833717479356054,0.166282520643946,0,"MSCCR_reGRID_492_Biopsy_997"
0.892371023007921,0.107628976992079,0,"MSCCR_reGRID_492_Biopsy_998"
0.932271758558248,0.0677282414417522,0,"MSCCR_reGRID_492_Biopsy_999"
0.773631049504949,0.223600412655367,0.00276853783968339,"MSCCR_reGRID_493_Biopsy_1000"
0.904538844908025,0.0954611550919753,0,"MSCCR_reGRID_493_Biopsy_1001"
0.873212202397178,0.126787797602822,0,"MSCCR_reGRID_493_Biopsy_1002"
0.931933341574986,0.0680666584250137,0,"MSCCR_reGRID_495_Biopsy_1004"
0.899580559426124,0.100419440573876,0,"MSCCR_reGRID_495_Biopsy_1003"
0.888575020258395,0.111424979741605,0,"MSCCR_reGRID_496_Biopsy_1005"
0.0949288605035282,0.888267575571614,0.0168035639248582,"MSCCR_reGRID_496_Biopsy_1006"
0.903379095230181,0.0966209047698191,0,"MSCCR_reGRID_496_Biopsy_1007"
0.793990023940716,0.206009976059283,0,"MSCCR_reGRID_497_Biopsy_1008"
0.868510254618603,0.131489745381397,0,"MSCCR_reGRID_497_Biopsy_1009"
0.935166923629119,0.0648330763708814,0,"MSCCR_reGRID_497_Biopsy_1010"
0.919828224678365,0.0801717753216353,0,"MSCCR_reGRID_498_Biopsy_1011"
0.934982233816227,0.0650177661837728,0,"MSCCR_reGRID_498_Biopsy_1013"
0.865150382149875,0.133334135159333,0.00151548269079257,"MSCCR_reGRID_498_Biopsy_1012"
0.895245354637571,0.103017260249539,0.0017373851128895,"MSCCR_reGRID_500_Biopsy_1014"
0.891988964215839,0.108011035784161,0,"MSCCR_reGRID_500_Biopsy_1015"
0.87909446241113,0.119684443993109,0.00122109359576129,"MSCCR_reGRID_501_Biopsy_1016"
0.926266783931165,0.0733850181256029,0.000348197943232557,"MSCCR_reGRID_502_Biopsy_1017"
0.888772591255707,0.111227408744294,0,"MSCCR_reGRID_502_Biopsy_1019"
0.891723014001101,0.108177152883753,9.98331151463273e-05,"MSCCR_reGRID_502_Biopsy_1018"
0.542718207224533,0.455960146154706,0.00132164662076064,"MSCCR_reGRID_503_Biopsy_1021"
0.881909358792408,0.106954359376549,0.0111362818310425,"MSCCR_reGRID_503_Biopsy_1020"
0.918585995105365,0.0814140048946349,0,"MSCCR_reGRID_504_Biopsy_1022"
0.934958580334947,0.0650414196650527,0,"MSCCR_reGRID_505_Biopsy_1023"
0.910230617450677,0.089769382549323,0,"MSCCR_reGRID_505_Biopsy_1024"
0.88597767374022,0.11402232625978,0,"MSCCR_reGRID_505_Biopsy_1025"
0.736419371919923,0.263580628080077,0,"MSCCR_reGRID_507_Biopsy_1026"
0.902812072982848,0.0971879270171522,0,"MSCCR_reGRID_507_Biopsy_1027"
0.921705859274353,0.0782941407256468,0,"MSCCR_reGRID_507_Biopsy_1028"
0.757368286742641,0.242631713257359,0,"MSCCR_reGRID_508_Biopsy_1031"
0.906930750712889,0.0930692492871106,0,"MSCCR_reGRID_508_Biopsy_1029"
0.899810881391151,0.100189118608849,0,"MSCCR_reGRID_508_Biopsy_1030"
0.928102129927245,0.0718978700727551,0,"MSCCR_reGRID_509_Biopsy_1033"
0.800900279789023,0.197544441269101,0.00155527894187612,"MSCCR_reGRID_509_Biopsy_1032"
0.967044934437062,0.0329550655629384,0,"MSCCR_reGRID_510_Biopsy_1034"
0.90681922959783,0.0931807704021695,0,"MSCCR_reGRID_510_Biopsy_1035"
0.937234536154689,0.0623103339173263,0.000455129927984935,"MSCCR_reGRID_510_Biopsy_1036"
0.883873367761546,0.116126632238454,0,"MSCCR_reGRID_513_Biopsy_1037"
0.842002663333195,0.151073704093219,0.00692363257358611,"MSCCR_reGRID_513_Biopsy_1038"
0.711013784242027,0.287695602523837,0.00129061323413536,"MSCCR_reGRID_514_Biopsy_1040"
0.886495620835676,0.113504379164324,0,"MSCCR_reGRID_514_Biopsy_1039"
0.939301472379338,0.0606985276206625,0,"MSCCR_reGRID_515_Biopsy_1041"
0.856703271737177,0.143296728262823,0,"MSCCR_reGRID_515_Biopsy_1042"
0.867383673705164,0.131914587799789,0.000701738495047278,"MSCCR_reGRID_516_Biopsy_1043"
0.956007117226149,0.0439928827738511,0,"MSCCR_reGRID_516_Biopsy_1044"
0.866021475044956,0.133978524955044,0,"MSCCR_reGRID_519_Biopsy_1045"
0.836277096048474,0.163722903951526,0,"MSCCR_reGRID_520_Biopsy_1047"
0.881461203573291,0.118538796426709,0,"MSCCR_reGRID_520_Biopsy_1046"
0.572653088289299,0.427346911710701,0,"MSCCR_reGRID_522_Biopsy_1048"
0.868554332652104,0.129700332730019,0.00174533461787702,"MSCCR_reGRID_522_Biopsy_1049"
0.694901572638899,0.305098427361101,0,"MSCCR_reGRID_523_Biopsy_1050"
0.917425229645566,0.0825747703544337,0,"MSCCR_reGRID_523_Biopsy_1051"
0.955731722801672,0.0442682771983284,0,"MSCCR_reGRID_524_Biopsy_1053"
0.866789954150793,0.132974980938512,0.000235064910694908,"MSCCR_reGRID_524_Biopsy_1052"
0.819949367829909,0.180050632170091,0,"MSCCR_reGRID_525_Biopsy_1054"
0.9178451764084,0.0821548235915996,0,"MSCCR_reGRID_525_Biopsy_1055"
0.936676181896579,0.0633238181034212,0,"MSCCR_reGRID_528_Biopsy_1056"
0.851852828064052,0.131053330550521,0.0170938413854266,"MSCCR_reGRID_530_Biopsy_1057"
0.897491422937323,0.102508577062677,0,"MSCCR_reGRID_530_Biopsy_1058"
0.925016836368082,0.0749831636319184,0,"MSCCR_reGRID_531_Biopsy_1059"
0.83091673674448,0.16908326325552,0,"MSCCR_reGRID_531_Biopsy_1060"
0.938978273131602,0.0610217268683981,0,"MSCCR_reGRID_532_Biopsy_1061"
0.903232368392567,0.096767631607433,0,"MSCCR_reGRID_532_Biopsy_1062"
0.851543934215768,0.146687526457489,0.00176853932674265,"MSCCR_reGRID_533_Biopsy_1063"
0.90222165357991,0.0967713902133524,0.0010069562067374,"MSCCR_reGRID_533_Biopsy_1064"
0.952975430070011,0.047024569929989,0,"MSCCR_reGRID_535_Biopsy_1065"
0.972508413550141,0.027491586449859,0,"MSCCR_reGRID_535_Biopsy_1066"
0.808618699048641,0.190267258859922,0.00111404209143717,"MSCCR_reGRID_536_Biopsy_1067"
0.868717537926559,0.127475383412772,0.00380707866066929,"MSCCR_reGRID_536_Biopsy_1068"
0.724059727275522,0.275940272724478,0,"MSCCR_reGRID_538_Biopsy_1069"
0.887359204130057,0.112640795869943,0,"MSCCR_reGRID_538_Biopsy_1070"
0.859763570041304,0.139031008207913,0.00120542175078317,"MSCCR_reGRID_539_Biopsy_1071"
0.877557482749567,0.122442517250433,0,"MSCCR_reGRID_539_Biopsy_1072"
0.888381705095454,0.111618294904546,0,"MSCCR_reGRID_540_Biopsy_1073"
0.89271349949577,0.10728650050423,0,"MSCCR_reGRID_541_Biopsy_1075"
0.681438828353456,0.314664027429209,0.00389714421733508,"MSCCR_reGRID_541_Biopsy_1074"
0.780151441869148,0.219848558130852,0,"MSCCR_reGRID_542_Biopsy_1076"
0.905690701957994,0.0943092980420064,0,"MSCCR_reGRID_542_Biopsy_1077"
0.900407520578613,0.0995924794213871,0,"MSCCR_reGRID_544_Biopsy_1078"
0.876320174321605,0.1235887613629,9.10643154948746e-05,"MSCCR_reGRID_544_Biopsy_1079"
0.7848320802701,0.213115001561792,0.0020529181681084,"MSCCR_reGRID_545_Biopsy_1080"
0.943563953410388,0.056436046589612,0,"MSCCR_reGRID_545_Biopsy_1081"
0.482417126818132,0.516749569765287,0.000833303416581213,"MSCCR_reGRID_546_Biopsy_1082"
0.922800027149091,0.0771999728509091,0,"MSCCR_reGRID_546_Biopsy_1083"
0.887212041424598,0.112431506005349,0.000356452570053016,"MSCCR_reGRID_547_Biopsy_1084"
0.877985785453376,0.119406534424727,0.00260768012189615,"MSCCR_reGRID_547_Biopsy_1085"
0.967880764421014,0.0321192355789864,0,"MSCCR_reGRID_548_Biopsy_1086"
0.912837318700795,0.0871626812992051,0,"MSCCR_reGRID_548_Biopsy_1087"
0.936049898303773,0.0633514008506329,0.000598700845594014,"MSCCR_reGRID_550_Biopsy_1088"
0.897960350224338,0.10131683601381,0.000722813761852545,"MSCCR_reGRID_551_Biopsy_1089"
0.910494470269025,0.0895055297309749,0,"MSCCR_reGRID_551_Biopsy_1090"
0.820541245540851,0.176712416628348,0.00274633783080209,"MSCCR_reGRID_552_Biopsy_1093"
0.839676896016012,0.160323103983988,0,"MSCCR_reGRID_552_Biopsy_1092"
0.883038516702101,0.116961483297899,0,"MSCCR_reGRID_552_Biopsy_1091"
0.759350527219919,0.240649472780081,0,"MSCCR_reGRID_553_Biopsy_1094"
0.873848132705821,0.125162544169469,0.000989323124710307,"MSCCR_reGRID_553_Biopsy_1095"
0.758104383068096,0.241895616931904,0,"MSCCR_reGRID_555_Biopsy_1097"
0.894602536736378,0.105397463263622,0,"MSCCR_reGRID_555_Biopsy_1096"
0.890192118120656,0.109807881879344,0,"MSCCR_reGRID_558_Biopsy_1099"
0.82753836441403,0.171954842528903,0.000506793057067843,"MSCCR_reGRID_558_Biopsy_1098"
0.726133207152695,0.273866792847305,0,"MSCCR_reGRID_559_Biopsy_1100"
0.920732989527991,0.0792670104720092,0,"MSCCR_reGRID_559_Biopsy_1101"
0.86583564152344,0.13416435847656,0,"MSCCR_reGRID_560_Biopsy_1102"
0.860617605491607,0.138819634242509,0.000562760265883999,"MSCCR_reGRID_560_Biopsy_1103"
0.324757476865074,0.675242523134926,0,"MSCCR_reGRID_561_Biopsy_1104"
0.921253717136541,0.0784260220273338,0.000320260836124596,"MSCCR_reGRID_561_Biopsy_1105"
0.708005352609781,0.291994647390219,0,"MSCCR_reGRID_564_Biopsy_1107"
0.771333301855003,0.208687792044314,0.0199789061006836,"MSCCR_reGRID_564_Biopsy_1106"
0.618377521509211,0.381555082020867,6.7396469921983e-05,"MSCCR_reGRID_566_Biopsy_1108"
0.910480613315174,0.0838952162035353,0.00562417048129006,"MSCCR_reGRID_566_Biopsy_1109"
0.907482051501541,0.0922998063339304,0.000218142164528848,"MSCCR_reGRID_567_Biopsy_1110"
0.705750933775198,0.291333165079589,0.00291590114521221,"MSCCR_reGRID_569_Biopsy_1112"
0.6935368754122,0.305744854536428,0.000718270051371948,"MSCCR_reGRID_569_Biopsy_1111"
0.709711509050062,0.288527981929965,0.00176050901997303,"MSCCR_reGRID_569_Biopsy_1113"
0.870278807006009,0.12972119299399,0,"MSCCR_reGRID_570_Biopsy_1114"
0.859058186765572,0.130830856473885,0.0101109567605435,"MSCCR_reGRID_570_Biopsy_1115"
0.717778287046898,0.282221712953102,0,"MSCCR_reGRID_573_Biopsy_1116"
0.885025825154533,0.114974174845467,0,"MSCCR_reGRID_573_Biopsy_1117"
0.828805372513929,0.171194627486071,0,"MSCCR_reGRID_574_Biopsy_1118"
0.766723338380841,0.231216133307639,0.00206052831151991,"MSCCR_reGRID_574_Biopsy_1119"
0.15490722129846,0.844770035992263,0.00032274270927736,"MSCCR_reGRID_575_Biopsy_1120"
0.902311809127501,0.0964003343710117,0.0012878565014876,"MSCCR_reGRID_575_Biopsy_1121"
0.919510402036835,0.0804895979631649,0,"MSCCR_reGRID_575_Biopsy_1122"
0.89810313016274,0.10189686983726,0,"MSCCR_reGRID_576_Biopsy_1124"
0.911955873260145,0.0880441267398551,0,"MSCCR_reGRID_576_Biopsy_1123"
0.49440189437605,0.505276509694768,0.000321595929182409,"MSCCR_reGRID_577_Biopsy_1125"
0.857191615978408,0.142808384021592,0,"MSCCR_reGRID_577_Biopsy_1126"
0.70155604042125,0.29844395957875,0,"MSCCR_reGRID_578_Biopsy_1127"
0.919349258940978,0.0806507410590216,0,"MSCCR_reGRID_578_Biopsy_1128"
0.893802750629136,0.101906850457939,0.00429039891292584,"MSCCR_reGRID_578_Biopsy_1129"
0.90766038486048,0.0923396151395196,0,"MSCCR_reGRID_580_Biopsy_1131"
0.933753256247789,0.0662467437522109,0,"MSCCR_reGRID_580_Biopsy_1130"
0.734189498446405,0.253743231085037,0.012067270468558,"MSCCR_reGRID_581_Biopsy_1132"
0.793138387148536,0.200154244613971,0.00670736823749222,"MSCCR_reGRID_581_Biopsy_1133"
0.935940092955409,0.0640599070445915,0,"MSCCR_reGRID_582_Biopsy_1135"
0.901557230463146,0.0984427695368544,0,"MSCCR_reGRID_582_Biopsy_1134"
0.758669889805656,0.238404093404227,0.00292601679011675,"MSCCR_reGRID_583_Biopsy_1136"
0.922605818818098,0.0773941811819015,0,"MSCCR_reGRID_584_Biopsy_1137"
0.859492212437309,0.130875962653623,0.00963182490906758,"MSCCR_reGRID_584_Biopsy_1138"
0.889657873928616,0.110342126071384,0,"MSCCR_reGRID_585_Biopsy_1139"
0.884912838695654,0.115087161304346,0,"MSCCR_reGRID_585_Biopsy_1140"
0.886327248108782,0.112919974620117,0.0007527772711014,"MSCCR_reGRID_585_Biopsy_1141"
0.941883322497421,0.0581166775025788,0,"MSCCR_reGRID_586_Biopsy_1142"
0.906124849062895,0.0934750487423291,0.000400102194775844,"MSCCR_reGRID_586_Biopsy_1143"
0.621791606893036,0.377042282223505,0.00116611088345911,"MSCCR_reGRID_587_Biopsy_1144"
0.935249430106868,0.0647505698931316,0,"MSCCR_reGRID_587_Biopsy_1145"
0.810877575288617,0.189122424711383,0,"MSCCR_reGRID_587_Biopsy_1146"
0.904624151194905,0.0953758488050954,0,"MSCCR_reGRID_588_Biopsy_1148"
0.71432352361402,0.284815288207567,0.000861188178412736,"MSCCR_reGRID_588_Biopsy_1147"
0.672177889858071,0.327822110141929,0,"MSCCR_reGRID_589_Biopsy_1149"
0.500284773226089,0.499715226773911,0,"MSCCR_reGRID_589_Biopsy_1150"
0.643762233658856,0.355695933979909,0.000541832361234677,"MSCCR_reGRID_590_Biopsy_1151"
0.935483098530202,0.0645169014697979,0,"MSCCR_reGRID_590_Biopsy_1152"
0.908902324310878,0.0910976756891225,0,"MSCCR_reGRID_591_Biopsy_1154"
0.910171309031936,0.0898286909680637,0,"MSCCR_reGRID_591_Biopsy_1153"
0.83053386198972,0.16946613801028,0,"MSCCR_reGRID_592_Biopsy_1155"
0.880113149531052,0.118167495462441,0.00171935500650705,"MSCCR_reGRID_592_Biopsy_1156"
0.864702914555168,0.135297085444832,0,"MSCCR_reGRID_593_Biopsy_1158"
0.872111477794671,0.121441316436914,0.00644720576841496,"MSCCR_reGRID_593_Biopsy_1157"
0.673337854808487,0.326662145191513,0,"MSCCR_reGRID_594_Biopsy_1159"
0.909254336971777,0.0906886050223504,5.70580058721676e-05,"MSCCR_reGRID_594_Biopsy_1160"
0.829724700602085,0.169077954832854,0.00119734456506096,"MSCCR_reGRID_595_Biopsy_1161"
0.894297074286887,0.104777588003325,0.000925337709787967,"MSCCR_reGRID_595_Biopsy_1162"
0.87696190414293,0.12303809585707,0,"MSCCR_reGRID_596_Biopsy_1163"
0.921367953090268,0.0786320469097319,0,"MSCCR_reGRID_598_Biopsy_1164"
0.882182818741943,0.114168314183473,0.00364886707458466,"MSCCR_reGRID_598_Biopsy_1165"
0.794813276994317,0.204153182528666,0.00103354047701714,"MSCCR_reGRID_600_Biopsy_1166"
0.891365194413669,0.108603218259413,3.15873269174059e-05,"MSCCR_reGRID_600_Biopsy_1167"
0.0872079967500821,0.912792003249918,0,"MSCCR_reGRID_601_Biopsy_1168"
0.899803007955115,0.100196992044885,0,"MSCCR_reGRID_601_Biopsy_1169"
0.803112453780207,0.196687762993934,0.000199783225858739,"MSCCR_reGRID_602_Biopsy_1170"
0.925813841431758,0.0741861585682419,0,"MSCCR_reGRID_602_Biopsy_1171"
0.36137145449853,0.636573329982065,0.00205521551940473,"MSCCR_reGRID_603_Biopsy_1173"
0.839971602570022,0.160028397429978,0,"MSCCR_reGRID_603_Biopsy_1172"
0.731078978434875,0.266860534689184,0.00206048687594084,"MSCCR_reGRID_604_Biopsy_1174"
0.961042365128716,0.038957634871284,0,"MSCCR_reGRID_604_Biopsy_1175"
0.93646770636558,0.0635322936344198,0,"MSCCR_reGRID_604_Biopsy_1176"
0.720941185997191,0.27716995483226,0.00188885917054954,"MSCCR_reGRID_605_Biopsy_1177"
0.885830878386407,0.113617088689654,0.000552032923939206,"MSCCR_reGRID_605_Biopsy_1178"
0.858441430530688,0.141558569469312,0,"MSCCR_reGRID_605_Biopsy_1179"
0.71410299637625,0.28589700362375,0,"MSCCR_reGRID_606_Biopsy_1180"
0.938274761214053,0.0617252387859474,0,"MSCCR_reGRID_606_Biopsy_1181"
0.901410478414308,0.0985895215856922,0,"MSCCR_reGRID_607_Biopsy_1182"
0.966321493831898,0.0336785061681022,0,"MSCCR_reGRID_608_Biopsy_1183"
0.930273515648895,0.0697264843511046,0,"MSCCR_reGRID_608_Biopsy_1184"
0.845562699551201,0.153091799885125,0.00134550056367363,"MSCCR_reGRID_609_Biopsy_1185"
0.900009647050363,0.0864507707313347,0.0135395822183018,"MSCCR_reGRID_609_Biopsy_1186"
0.894360299063105,0.105639700936895,0,"MSCCR_reGRID_610_Biopsy_1187"
0.886673830630888,0.113326169369112,0,"MSCCR_reGRID_610_Biopsy_1188"
0.872027354025346,0.117558578106873,0.0104140678677812,"MSCCR_reGRID_611_Biopsy_1189"
0.919424511259366,0.0805754887406342,0,"MSCCR_reGRID_611_Biopsy_1190"
0.564886052437068,0.435113947562932,0,"MSCCR_reGRID_612_Biopsy_1191"
0.694150362938279,0.305849637061721,0,"MSCCR_reGRID_612_Biopsy_1192"
0.890272874501023,0.109727125498977,0,"MSCCR_reGRID_612_Biopsy_1193"
0.860774552583623,0.139225447416377,0,"MSCCR_reGRID_613_Biopsy_1194"
0.9361109646804,0.0638890353196005,0,"MSCCR_reGRID_613_Biopsy_1195"
0.912547642931365,0.0874523570686348,0,"MSCCR_reGRID_614_Biopsy_1196"
0.917627643398618,0.0823723566013823,0,"MSCCR_reGRID_615_Biopsy_1197"
0.945530008771087,0.0544699912289132,0,"MSCCR_reGRID_616_Biopsy_1198"
0.850793048949562,0.133648269255124,0.0155586817953145,"MSCCR_reGRID_616_Biopsy_1199"
0.86619946261505,0.13342719848712,0.000373338897829943,"MSCCR_reGRID_617_Biopsy_1201"
0.493208612017734,0.506602298736255,0.000189089246010798,"MSCCR_reGRID_617_Biopsy_1200"
0.888217093490463,0.111782906509537,0,"MSCCR_reGRID_618_Biopsy_1202"
0.873302016989913,0.112149623984626,0.0145483590254615,"MSCCR_reGRID_618_Biopsy_1203"
0.38582682846165,0.612696796180012,0.0014763753583381,"MSCCR_reGRID_619_Biopsy_1204"
0.916335101309095,0.0836648986909049,0,"MSCCR_reGRID_620_Biopsy_1206"
0.899363708215723,0.100636291784277,0,"MSCCR_reGRID_620_Biopsy_1205"
0.899560565901479,0.0977153416760692,0.00272409242245211,"MSCCR_reGRID_621_Biopsy_1207"
0.882756610563929,0.116117461066392,0.00112592836967982,"MSCCR_reGRID_621_Biopsy_1208"
0.915262933007349,0.0847370669926514,0,"MSCCR_reGRID_622_Biopsy_1209"
0.895533698488568,0.104466301511432,0,"MSCCR_reGRID_623_Biopsy_1211"
0.876520381481439,0.123479618518561,0,"MSCCR_reGRID_623_Biopsy_1210"
0.94838446907658,0.0516155309234205,0,"MSCCR_reGRID_624_Biopsy_1212"
0.770533066808231,0.222525494692397,0.00694143849937193,"MSCCR_reGRID_625_Biopsy_1214"
0.8585532531702,0.1414467468298,0,"MSCCR_reGRID_625_Biopsy_1213"
0.800020780138228,0.198680093144515,0.00129912671725779,"MSCCR_reGRID_627_Biopsy_1216"
0.88425409987372,0.11574590012628,0,"MSCCR_reGRID_627_Biopsy_1215"
0.872344355871328,0.127375630434557,0.000280013694115673,"MSCCR_reGRID_627_Biopsy_1217"
0.20686502208725,0.791254118312715,0.00188085960003523,"MSCCR_reGRID_628_Biopsy_1218"
0.94103822234487,0.0589617776551299,0,"MSCCR_reGRID_628_Biopsy_1219"
0.861309386376274,0.13825246331349,0.000438150310236125,"MSCCR_reGRID_629_Biopsy_1221"
0.921395226252611,0.0786047737473885,0,"MSCCR_reGRID_629_Biopsy_1220"
0.371427381098595,0.628365479537703,0.000207139363701828,"MSCCR_reGRID_631_Biopsy_1223"
0.885719936232006,0.114090118567136,0.000189945200858306,"MSCCR_reGRID_631_Biopsy_1222"
0.854495876900404,0.145504123099596,0,"MSCCR_reGRID_632_Biopsy_1224"
0.731411596713114,0.268588403286886,0,"MSCCR_reGRID_633_Biopsy_1225"
0.815643571190488,0.184356428809512,0,"MSCCR_reGRID_633_Biopsy_1226"
0.930736338090635,0.0692636619093649,0,"MSCCR_reGRID_633_Biopsy_1227"
0.915830625506608,0.0841693744933921,0,"MSCCR_reGRID_634_Biopsy_1228"
0.925270382917337,0.0747296170826628,0,"MSCCR_reGRID_634_Biopsy_1229"
0.881961076919711,0.118038923080289,0,"MSCCR_reGRID_635_Biopsy_1230"
0.911376759481537,0.0885296206419672,9.36198764959682e-05,"MSCCR_reGRID_636_Biopsy_1231"
0.93616163162263,0.0638383683773701,0,"MSCCR_reGRID_636_Biopsy_1232"
0.778286567539548,0.221713432460452,0,"MSCCR_reGRID_637_Biopsy_1233"
0.819347912820804,0.180608127778981,4.39594002155457e-05,"MSCCR_reGRID_637_Biopsy_1234"
0.884320818163265,0.111114058967216,0.00456512286951912,"MSCCR_reGRID_638_Biopsy_1236"
0.92473010713291,0.0752698928670904,0,"MSCCR_reGRID_638_Biopsy_1235"
0.926470516799311,0.0735294832006888,0,"MSCCR_reGRID_639_Biopsy_1237"
0.87789324330282,0.122106756697179,0,"MSCCR_reGRID_641_Biopsy_1238"
0.933402486957646,0.0665975130423535,0,"MSCCR_reGRID_641_Biopsy_1239"
0.888948817672344,0.110381812411813,0.000669369915843079,"MSCCR_reGRID_643_Biopsy_1240"
0.464541978899781,0.53513666311725,0.00032135798296889,"MSCCR_reGRID_644_Biopsy_1241"
0.919712812247916,0.0802871877520841,0,"MSCCR_reGRID_644_Biopsy_1242"
0.615508142353689,0.383490037767069,0.00100181987924128,"MSCCR_reGRID_645_Biopsy_1244"
0.730531769539008,0.269468230460992,0,"MSCCR_reGRID_645_Biopsy_1243"
0.895655115542002,0.104344884457999,0,"MSCCR_reGRID_646_Biopsy_1245"
0.909445263403677,0.0905547365963233,0,"MSCCR_reGRID_646_Biopsy_1246"
0.964328394924886,0.0356716050751141,0,"MSCCR_reGRID_647_Biopsy_1247"
0.858843723006475,0.140801165713014,0.000355111280511053,"MSCCR_reGRID_647_Biopsy_1248"
0.942110421996951,0.0578895780030486,0,"MSCCR_reGRID_648_Biopsy_1249"
0.921936634905296,0.077785788942902,0.000277576151801966,"MSCCR_reGRID_648_Biopsy_1250"
0.948559640736689,0.0514403592633109,0,"MSCCR_reGRID_649_Biopsy_1251"
0.923528776839175,0.0694758026926347,0.00699542046819086,"MSCCR_reGRID_649_Biopsy_1252"
0.323078321472728,0.676921678527272,0,"MSCCR_reGRID_650_Biopsy_1253"
0.88397401989752,0.11586601279203,0.0001599673104507,"MSCCR_reGRID_650_Biopsy_1254"
0.812578171549377,0.185586739834567,0.0018350886160563,"MSCCR_reGRID_651_Biopsy_1256"
0.885119782836807,0.114880217163193,0,"MSCCR_reGRID_651_Biopsy_1255"
0.672811897545763,0.327188102454237,0,"MSCCR_reGRID_652_Biopsy_1257"
0.863689851287573,0.121183841172809,0.0151263075396186,"MSCCR_reGRID_652_Biopsy_1258"
0.94243220357807,0.0573053715084925,0.00026242491343767,"MSCCR_reGRID_653_Biopsy_1259"
0.744590319344906,0.255409680655094,0,"MSCCR_reGRID_654_Biopsy_1261"
0.845138180403562,0.144580786312747,0.0102810332836906,"MSCCR_reGRID_654_Biopsy_1262"
0.774230438880542,0.189331672711432,0.0364378884080254,"MSCCR_reGRID_654_Biopsy_1260"
0.832862219637295,0.167137780362705,0,"MSCCR_reGRID_655_Biopsy_1263"
0.628732555786091,0.369522667771055,0.0017447764428547,"MSCCR_reGRID_655_Biopsy_1264"
0.963115652559366,0.0368843474406342,0,"MSCCR_reGRID_656_Biopsy_1265"
0.811987887723127,0.188012112276873,0,"MSCCR_reGRID_656_Biopsy_1266"
0.798197459989392,0.199471006623695,0.00233153338691337,"MSCCR_reGRID_657_Biopsy_1267"
0.921629884560846,0.0782857890614272,8.43263777265801e-05,"MSCCR_reGRID_657_Biopsy_1268"
0.761895352647425,0.235631424914055,0.00247322243851956,"MSCCR_reGRID_658_Biopsy_1270"
0.943767525243412,0.0562324747565877,0,"MSCCR_reGRID_658_Biopsy_1269"
0.77057373508143,0.227473914358217,0.00195235056035276,"MSCCR_reGRID_659_Biopsy_1271"
0.926750236922445,0.0732497630775552,0,"MSCCR_reGRID_659_Biopsy_1272"
0.786851049032606,0.213055606433925,9.33445334685442e-05,"MSCCR_reGRID_660_Biopsy_1273"
0.90052492169583,0.0994750783041699,0,"MSCCR_reGRID_660_Biopsy_1274"
0.517922304496891,0.48207769550311,0,"MSCCR_reGRID_661_Biopsy_1276"
0.879688966900732,0.120311033099269,0,"MSCCR_reGRID_661_Biopsy_1275"
0.88049411351813,0.117764496264474,0.00174139021739575,"MSCCR_reGRID_662_Biopsy_1277"
0.848263761291957,0.147842020755945,0.0038942179520981,"MSCCR_reGRID_662_Biopsy_1278"
0.896728670096111,0.102684746255661,0.000586583648227902,"MSCCR_reGRID_664_Biopsy_1279"
0.77489804161558,0.192896218226358,0.0322057401580617,"MSCCR_reGRID_664_Biopsy_1280"
0.78997392292449,0.207511068329288,0.00251500874622162,"MSCCR_reGRID_665_Biopsy_1282"
0.879866278335615,0.119978756123154,0.000154965541230646,"MSCCR_reGRID_665_Biopsy_1281"
0.930115272586698,0.0698847274133015,0,"MSCCR_reGRID_666_Biopsy_1284"
0.898069550922648,0.101930449077352,0,"MSCCR_reGRID_666_Biopsy_1283"
0.896400691414411,0.103599308585589,0,"MSCCR_reGRID_667_Biopsy_1285"
0.917488052851521,0.0825119471484793,0,"MSCCR_reGRID_667_Biopsy_1286"
0.934890677704234,0.0651093222957657,0,"MSCCR_reGRID_668_Biopsy_1287"
0.892929909321111,0.107070090678889,0,"MSCCR_reGRID_668_Biopsy_1288"
0.933028170407163,0.0669718295928368,0,"MSCCR_reGRID_670_Biopsy_1289"
0.883372987333745,0.116627012666255,0,"MSCCR_reGRID_670_Biopsy_1290"
0.860549785432295,0.139450214567705,0,"MSCCR_reGRID_671_Biopsy_1292"
0.876839244294035,0.123160755705965,0,"MSCCR_reGRID_671_Biopsy_1291"
0.935601392682468,0.0643986073175323,0,"MSCCR_reGRID_672_Biopsy_1293"
0.874005673813264,0.125994326186736,0,"MSCCR_reGRID_672_Biopsy_1294"
0.874910767820513,0.125089232179487,0,"MSCCR_reGRID_673_Biopsy_1295"
0.899749104855284,0.0999213589662076,0.000329536178508229,"MSCCR_reGRID_673_Biopsy_1296"
0.895344896777668,0.104655103222332,0,"MSCCR_reGRID_674_Biopsy_1297"
0.885522250181922,0.114477749818078,0,"MSCCR_reGRID_674_Biopsy_1298"
0.528542160062943,0.452699935740434,0.0187579041966234,"MSCCR_reGRID_675_Biopsy_1299"
0.845766108662944,0.135346447734643,0.0188874436024124,"MSCCR_reGRID_675_Biopsy_1300"
0.915726455529162,0.084273544470838,0,"MSCCR_reGRID_676_Biopsy_1301"
0.917277179016933,0.0808512950626363,0.00187152592043076,"MSCCR_reGRID_676_Biopsy_1302"
0.669629856547966,0.330370143452035,0,"MSCCR_reGRID_678_Biopsy_1305"
0.88425986724638,0.11574013275362,0,"MSCCR_reGRID_678_Biopsy_1304"
0.882114372279288,0.117885627720712,0,"MSCCR_reGRID_678_Biopsy_1303"
0.784432121659208,0.214389091084587,0.00117878725620416,"MSCCR_reGRID_680_Biopsy_1308"
0.919510736881307,0.0804892631186927,0,"MSCCR_reGRID_680_Biopsy_1307"
0.865892754995018,0.134107245004983,0,"MSCCR_reGRID_680_Biopsy_1306"
0.818048885207156,0.181694800216797,0.000256314576047115,"MSCCR_reGRID_681_Biopsy_1309"
0.811125047562127,0.187778075209666,0.00109687722820731,"MSCCR_reGRID_681_Biopsy_1310"
0.802491453104903,0.195738944802297,0.00176960209280006,"MSCCR_reGRID_682_Biopsy_1311"
0.931271915887164,0.0687280841128364,0,"MSCCR_reGRID_682_Biopsy_1312"
0.894396832068396,0.105603167931604,0,"MSCCR_reGRID_684_Biopsy_1313"
0.904689393770601,0.0953106062293992,0,"MSCCR_reGRID_684_Biopsy_1314"
0.535866674250023,0.463408130532368,0.000725195217609269,"MSCCR_reGRID_686_Biopsy_1315"
0.774461106694926,0.224730179171894,0.000808714133180185,"MSCCR_reGRID_686_Biopsy_1316"
0.858494976156704,0.141505023843296,0,"MSCCR_reGRID_688_Biopsy_1317"
0.934253125399824,0.0655867977301302,0.000160076870046006,"MSCCR_reGRID_688_Biopsy_1318"
0.90868682688515,0.0913131731148503,0,"MSCCR_reGRID_689_Biopsy_1319"
0.883169638765941,0.116095352571803,0.000735008662256165,"MSCCR_reGRID_689_Biopsy_1320"
0.84782043066719,0.143425842278849,0.00875372705396159,"MSCCR_reGRID_691_Biopsy_1322"
0.896839657827099,0.103160342172901,0,"MSCCR_reGRID_691_Biopsy_1321"
0.923180827531666,0.0768191724683344,0,"MSCCR_reGRID_692_Biopsy_1323"
0.910797950398453,0.0892020496015465,0,"MSCCR_reGRID_692_Biopsy_1324"
0.903709925556183,0.0962877147380829,2.35970573417427e-06,"MSCCR_reGRID_693_Biopsy_1325"
0.887770897689343,0.110405933124213,0.00182316918644492,"MSCCR_reGRID_693_Biopsy_1326"
0.688892570358373,0.309420998046494,0.00168643159513331,"MSCCR_reGRID_694_Biopsy_1328"
0.894498913129831,0.087247120479834,0.0182539663903346,"MSCCR_reGRID_694_Biopsy_1329"
0.692471255145121,0.305872928445235,0.00165581640964485,"MSCCR_reGRID_694_Biopsy_1327"
0.622086301949267,0.377913698050733,0,"MSCCR_reGRID_695_Biopsy_1331"
0.873242084807426,0.126757915192574,0,"MSCCR_reGRID_695_Biopsy_1330"
0.939555110753919,0.0604448892460807,0,"MSCCR_reGRID_696_Biopsy_1332"
0.865341001446249,0.134658998553751,0,"MSCCR_reGRID_696_Biopsy_1333"
0.907774771019864,0.0922252289801358,0,"MSCCR_reGRID_697_Biopsy_1334"
0.072079021354265,0.924032979423439,0.00388799922229641,"MSCCR_reGRID_697_Biopsy_1335"
0.641425429944513,0.35729018452107,0.00128438553441724,"MSCCR_reGRID_698_Biopsy_1337"
0.857863758126834,0.142136241873166,0,"MSCCR_reGRID_698_Biopsy_1336"
0.885623987484431,0.114376012515569,0,"MSCCR_reGRID_700_Biopsy_1338"
0.867966734890094,0.123181543483448,0.00885172162645784,"MSCCR_reGRID_701_Biopsy_1339"
0.916561506265232,0.0832248841954066,0.000213609539361746,"MSCCR_reGRID_702_Biopsy_1342"
0.939660639723263,0.0603393602767367,0,"MSCCR_reGRID_702_Biopsy_1341"
0.933979847081753,0.066020152918247,0,"MSCCR_reGRID_703_Biopsy_1343"
0.918720958537745,0.0812790414622547,0,"MSCCR_reGRID_704_Biopsy_1344"
0.929323634676718,0.0694856583413608,0.00119070698192072,"MSCCR_reGRID_704_Biopsy_1345"
0.892935748426797,0.10647623385082,0.000588017722383854,"MSCCR_reGRID_705_Biopsy_1346"
0.89090553401103,0.10909446598897,0,"MSCCR_reGRID_705_Biopsy_1347"
0.776889798073744,0.221556020225561,0.00155418170069433,"MSCCR_reGRID_706_Biopsy_1348"
0.849808334261031,0.150191665738969,0,"MSCCR_reGRID_706_Biopsy_1349"
0.812821510635344,0.187178489364656,0,"MSCCR_reGRID_706_Biopsy_1350"
0.869396243547119,0.130603756452881,0,"MSCCR_reGRID_707_Biopsy_1351"
0.885397504424781,0.114602495575219,0,"MSCCR_reGRID_707_Biopsy_1352"
0.861982949782543,0.136753398413413,0.00126365180404429,"MSCCR_reGRID_708_Biopsy_1354"
0.886020525539613,0.0998358632125483,0.0141436112478389,"MSCCR_reGRID_708_Biopsy_1353"
0.590995366983647,0.409004633016353,0,"MSCCR_reGRID_709_Biopsy_1355"
0.911911417165946,0.0880885828340543,0,"MSCCR_reGRID_709_Biopsy_1356"
0.855704001059891,0.139103621791926,0.00519237714818308,"MSCCR_reGRID_710_Biopsy_1357"
0.838989214653246,0.145752172707209,0.015258612639545,"MSCCR_reGRID_710_Biopsy_1358"
0.699846723411619,0.300153276588381,0,"MSCCR_reGRID_711_Biopsy_1360"
0.897733787089162,0.0807448390793948,0.0215213738314437,"MSCCR_reGRID_711_Biopsy_1361"
0.591823121466063,0.406539864238843,0.00163701429509434,"MSCCR_reGRID_711_Biopsy_1359"
0.679183598594997,0.295100287568227,0.0257161138367758,"MSCCR_reGRID_712_Biopsy_1362"
0.868019198720318,0.131980801279682,0,"MSCCR_reGRID_712_Biopsy_1363"
0.939736870813964,0.0602631291860364,0,"MSCCR_reGRID_713_Biopsy_1364"
0.917069921990369,0.0829300780096305,0,"MSCCR_reGRID_713_Biopsy_1365"
0.882183924290254,0.117816075709746,0,"MSCCR_reGRID_714_Biopsy_1366"
0.872031101455122,0.127726305724202,0.000242592820675255,"MSCCR_reGRID_715_Biopsy_1368"
0.897745847304249,0.102254152695751,0,"MSCCR_reGRID_715_Biopsy_1367"
0.7630384692826,0.234742607863214,0.00221892285418596,"MSCCR_reGRID_716_Biopsy_1369"
0.921277165980697,0.0783293747935895,0.000393459225713319,"MSCCR_reGRID_716_Biopsy_1370"
0.282022235382036,0.715310624557398,0.00266714006056656,"MSCCR_reGRID_718_Biopsy_1371"
0.645908049768229,0.354091950231771,0,"MSCCR_reGRID_718_Biopsy_1372"
0.713785317434641,0.286214682565359,0,"MSCCR_reGRID_719_Biopsy_1373"
0.909091767869653,0.0902542818467433,0.000653950283603579,"MSCCR_reGRID_719_Biopsy_1374"
0.634211227414828,0.365788772585172,0,"MSCCR_reGRID_720_Biopsy_1376"
0.844147328805377,0.143393241592059,0.0124594296025636,"MSCCR_reGRID_720_Biopsy_1375"
0.611572294729683,0.388427705270317,0,"MSCCR_reGRID_721_Biopsy_1377"
0.920030169659153,0.0799698303408467,0,"MSCCR_reGRID_721_Biopsy_1378"
0.75700950659271,0.24299049340729,0,"MSCCR_reGRID_722_Biopsy_1379"
0.870030608185255,0.129969391814745,0,"MSCCR_reGRID_722_Biopsy_1380"
0.902735627723897,0.0972643722761034,0,"MSCCR_reGRID_723_Biopsy_1381"
0.826472867377337,0.169165582842623,0.00436154978003938,"MSCCR_reGRID_723_Biopsy_1382"
0.728709304867224,0.271290695132776,0,"MSCCR_reGRID_724_Biopsy_1383"
0.920298726755635,0.0797012732443648,0,"MSCCR_reGRID_724_Biopsy_1384"
0.892320240231642,0.107679759768358,0,"MSCCR_reGRID_725_Biopsy_1385"
0.863385942614974,0.136614057385025,0,"MSCCR_reGRID_725_Biopsy_1386"
0.908068428297874,0.091931571702126,0,"MSCCR_reGRID_726_Biopsy_1387"
0.866906501773557,0.114205902503644,0.0188875957227985,"MSCCR_reGRID_726_Biopsy_1388"
0.948451815916904,0.0491439294990254,0.00240425458407072,"MSCCR_reGRID_727_Biopsy_1389"
0.744663982754933,0.253791345722413,0.00154467152265435,"MSCCR_reGRID_727_Biopsy_1390"
0.665565647968355,0.334434352031645,0,"MSCCR_reGRID_728_Biopsy_1391"
0.922378579139741,0.077621420860259,0,"MSCCR_reGRID_728_Biopsy_1392"
0.913589989879487,0.0864100101205132,0,"MSCCR_reGRID_730_Biopsy_1394"
0.874188475675798,0.124455659084962,0.00135586523924043,"MSCCR_reGRID_730_Biopsy_1393"
0.66540814366157,0.333479466530195,0.00111238980823471,"MSCCR_reGRID_731_Biopsy_1395"
0.900838770419229,0.0991612295807713,0,"MSCCR_reGRID_731_Biopsy_1396"
0.942006299326344,0.0579937006736563,0,"MSCCR_reGRID_732_Biopsy_1398"
0.6418684810559,0.357141004342884,0.000990514601216311,"MSCCR_reGRID_732_Biopsy_1397"
0.901507712460655,0.0984922875393451,0,"MSCCR_reGRID_733_Biopsy_1399"
0.910851168497921,0.0891488315020792,0,"MSCCR_reGRID_733_Biopsy_1400"
0.834475589812836,0.165524410187164,0,"MSCCR_reGRID_734_Biopsy_1401"
0.907135633731459,0.0928643662685407,0,"MSCCR_reGRID_734_Biopsy_1402"
0.926320986779942,0.0736790132200581,0,"MSCCR_reGRID_735_Biopsy_1404"
0.92625247742372,0.0737475225762803,0,"MSCCR_reGRID_735_Biopsy_1403"
0.932885330308598,0.0670334246996141,8.12449917879964e-05,"MSCCR_reGRID_736_Biopsy_1406"
0.874690057851631,0.124974143008287,0.000335799140082413,"MSCCR_reGRID_736_Biopsy_1405"
0.869047325257017,0.129789742355455,0.00116293238752749,"MSCCR_reGRID_738_Biopsy_1407"
0.712504699919039,0.28448608437189,0.00300921570907107,"MSCCR_reGRID_738_Biopsy_1408"
0.842520052392794,0.154635436769537,0.00284451083766911,"MSCCR_reGRID_739_Biopsy_1409"
0.865311351613007,0.132354963574636,0.00233368481235655,"MSCCR_reGRID_739_Biopsy_1410"
0.730586294000713,0.269413705999288,0,"MSCCR_reGRID_741_Biopsy_1411"
0.887355391708643,0.112581634388891,6.29739024656399e-05,"MSCCR_reGRID_741_Biopsy_1412"
0.886288954404059,0.11371104559594,0,"MSCCR_reGRID_742_Biopsy_1413"
0.890216946184021,0.109783053815979,0,"MSCCR_reGRID_742_Biopsy_1414"
0.858093674080676,0.141906325919324,0,"MSCCR_reGRID_745_Biopsy_1415"
0.916410988015936,0.083589011984064,0,"MSCCR_reGRID_745_Biopsy_1416"
0.69504817267055,0.30495182732945,0,"MSCCR_reGRID_748_Biopsy_1417"
0.872427303819577,0.12731717907396,0.000255517106462954,"MSCCR_reGRID_748_Biopsy_1418"
0.678365771016648,0.320742121863331,0.00089210712002101,"MSCCR_reGRID_750_Biopsy_1420"
0.711367473730276,0.288632526269724,0,"MSCCR_reGRID_750_Biopsy_1421"
0.733736037454582,0.265014622840014,0.00124933970540428,"MSCCR_reGRID_750_Biopsy_1419"
0.72408681909597,0.27591318090403,0,"MSCCR_reGRID_751_Biopsy_1422"
0.87510338924131,0.118035999836855,0.00686061092183557,"MSCCR_reGRID_751_Biopsy_1423"
0.90470036850231,0.0952996314976896,0,"MSCCR_reGRID_754_Biopsy_1424"
0.80250317293931,0.19749682706069,0,"MSCCR_reGRID_755_Biopsy_1425"
0.882982381856414,0.115304992860257,0.00171262528332965,"MSCCR_reGRID_755_Biopsy_1426"
0.552337611985562,0.447662388014438,0,"MSCCR_reGRID_758_Biopsy_1427"
0.887310125966138,0.112606497325752,8.33767081096673e-05,"MSCCR_reGRID_758_Biopsy_1428"
0.803872391129491,0.196127608870509,0,"MSCCR_reGRID_760_Biopsy_1429"
0.893847524541007,0.106152475458993,0,"MSCCR_reGRID_760_Biopsy_1430"
0.717698996353494,0.28134167341374,0.000959330232766058,"MSCCR_reGRID_761_Biopsy_1431"
0.832363551437486,0.142006679002004,0.0256297695605101,"MSCCR_reGRID_761_Biopsy_1432"
0.729354899681377,0.268893682593803,0.00175141772481959,"MSCCR_reGRID_762_Biopsy_1433"
0.904133552243893,0.0958664477561067,0,"MSCCR_reGRID_762_Biopsy_1434"
0.893597308130481,0.0962840443452397,0.0101186475242792,"MSCCR_reGRID_763_Biopsy_1435"
0.791682476795557,0.178522770682247,0.0297947525221957,"MSCCR_reGRID_763_Biopsy_1436"
0.820988565619902,0.177373543199338,0.00163789118075941,"MSCCR_reGRID_764_Biopsy_1437"
0.845397850009742,0.154602149990258,0,"MSCCR_reGRID_764_Biopsy_1439"
0.86489330197039,0.13510669802961,0,"MSCCR_reGRID_764_Biopsy_1438"
0.398006425708256,0.601993574291744,0,"MSCCR_reGRID_765_Biopsy_1440"
0.783694338960745,0.215388779783212,0.000916881256042602,"MSCCR_reGRID_765_Biopsy_1441"
0.553422669379734,0.445096935914808,0.00148039470545769,"MSCCR_reGRID_766_Biopsy_1442"
0.877820764730191,0.122179235269809,0,"MSCCR_reGRID_766_Biopsy_1443"
0.734473595832973,0.265526404167027,0,"MSCCR_reGRID_767_Biopsy_1444"
0.0114553046684721,0.911415515022886,0.0771291803086424,"MSCCR_reGRID_767_Biopsy_1445"
0.870522409462737,0.129477590537263,0,"MSCCR_reGRID_769_Biopsy_1446"
0.631248042163438,0.367544309103354,0.00120764873320855,"MSCCR_reGRID_770_Biopsy_1447"
0.926401200248347,0.0735987997516531,0,"MSCCR_reGRID_770_Biopsy_1448"
0.660153529807902,0.339846470192098,0,"MSCCR_reGRID_771_Biopsy_1449"
0.899661851080107,0.0886360413051828,0.0117021076147102,"MSCCR_reGRID_771_Biopsy_1450"
0.902207653452714,0.0977923465472856,0,"MSCCR_reGRID_773_Biopsy_1451"
0.882836130498333,0.116052009868801,0.00111185963286569,"MSCCR_reGRID_773_Biopsy_1452"
0.91675432806399,0.0719228747521612,0.0113227971838492,"MSCCR_reGRID_775_Biopsy_1453"
0.91979291293481,0.0802070870651901,0,"MSCCR_reGRID_775_Biopsy_1454"
0.705799292622784,0.293786384466913,0.000414322910303335,"MSCCR_reGRID_776_Biopsy_1455"
0.906558578371437,0.0934414216285628,0,"MSCCR_reGRID_779_Biopsy_1457"
0.893196936897002,0.106803063102998,0,"MSCCR_reGRID_779_Biopsy_1456"
0.775487709813016,0.224512290186984,0,"MSCCR_reGRID_780_Biopsy_1458"
0.875407523917819,0.124592476082181,0,"MSCCR_reGRID_780_Biopsy_1459"
0.837217339448975,0.162782660551025,0,"MSCCR_reGRID_781_Biopsy_1460"
0.936579979560935,0.0634200204390649,0,"MSCCR_reGRID_781_Biopsy_1461"
0.780200293811727,0.219799706188273,0,"MSCCR_reGRID_782_Biopsy_1463"
0.922455970913111,0.0775440290868884,0,"MSCCR_reGRID_782_Biopsy_1462"
0.657003570258228,0.342996429741772,0,"MSCCR_reGRID_783_Biopsy_1464"
0.914737647149194,0.0852623528508063,0,"MSCCR_reGRID_783_Biopsy_1465"
0.563741283994521,0.435482419963836,0.000776296041642994,"MSCCR_reGRID_784_Biopsy_1467"
0.920073533349004,0.0791336916916227,0.00079277495937299,"MSCCR_reGRID_784_Biopsy_1466"
0.826501556825787,0.173498443174213,0,"MSCCR_reGRID_785_Biopsy_1468"
0.895978965452169,0.104021034547831,0,"MSCCR_reGRID_785_Biopsy_1469"
0.674358773364492,0.211394992535975,0.114246234099533,"MSCCR_reGRID_787_Biopsy_1470"
0.871181226843548,0.128818773156452,0,"MSCCR_reGRID_788_Biopsy_1472"
0.908680842124535,0.0913191578754646,0,"MSCCR_reGRID_788_Biopsy_1471"
0.759194802893297,0.240805197106703,0,"MSCCR_reGRID_789_Biopsy_1473"
0.818801594721158,0.178165813560154,0.00303259171868783,"MSCCR_reGRID_790_Biopsy_1474"
0.887520315057866,0.112479684942134,0,"MSCCR_reGRID_791_Biopsy_1476"
0.799429121129865,0.200570878870135,0,"MSCCR_reGRID_791_Biopsy_1475"
0.940864527164019,0.0591354728359809,0,"MSCCR_reGRID_793_Biopsy_1477"
0.913632049979976,0.0863679500200236,0,"MSCCR_reGRID_793_Biopsy_1478"
0.866242160870741,0.133757839129259,0,"MSCCR_reGRID_795_Biopsy_1479"
0.87001784356385,0.129443250236479,0.000538906199670844,"MSCCR_reGRID_795_Biopsy_1480"
0.375743996248468,0.623358277326156,0.000897726425375883,"MSCCR_reGRID_796_Biopsy_1481"
0.917555440195397,0.0822333434569528,0.00021121634764975,"MSCCR_reGRID_796_Biopsy_1482"
0.743640084545474,0.256359915454526,0,"MSCCR_reGRID_797_Biopsy_1484"
0.91876283313928,0.0812371668607204,0,"MSCCR_reGRID_797_Biopsy_1483"
0.793651304601938,0.202699880446958,0.00364881495110468,"MSCCR_reGRID_798_Biopsy_1485"
0.941417508899934,0.056643759222204,0.00193873187786194,"MSCCR_reGRID_798_Biopsy_1486"
0.569517636172946,0.430482363827054,0,"MSCCR_reGRID_800_Biopsy_1487"
0.885717296958418,0.114282703041582,0,"MSCCR_reGRID_800_Biopsy_1488"
0.880507499374223,0.117109136943883,0.0023833636818944,"MSCCR_reGRID_801_Biopsy_1489"
0.870045081749278,0.1198380189427,0.0101168993080223,"MSCCR_reGRID_801_Biopsy_1490"
0.760854994845192,0.239145005154808,0,"MSCCR_reGRID_803_Biopsy_1491"
0.901633861877114,0.095428702906398,0.00293743521648796,"MSCCR_reGRID_803_Biopsy_1492"
0.893648634851941,0.106351365148059,0,"MSCCR_reGRID_804_Biopsy_1494"
0.824172431418522,0.162384828307008,0.01344274027447,"MSCCR_reGRID_804_Biopsy_1493"
0.806363309032352,0.190891278776796,0.0027454121908523,"MSCCR_reGRID_805_Biopsy_1495"
0.90029247901948,0.0997075209805195,0,"MSCCR_reGRID_805_Biopsy_1496"
0.933616414514869,0.065976656137453,0.000406929347678403,"MSCCR_reGRID_806_Biopsy_1497"
0.894422070022689,0.104966986196974,0.000610943780337057,"MSCCR_reGRID_806_Biopsy_1498"
0.802120138342961,0.197879861657039,0,"MSCCR_reGRID_807_Biopsy_1499"
0.911245418032458,0.0887545819675417,0,"MSCCR_reGRID_807_Biopsy_1500"
0.768362426954585,0.231637573045415,0,"MSCCR_reGRID_809_Biopsy_1501"
0.871688881632935,0.128311118367065,0,"MSCCR_reGRID_809_Biopsy_1502"
0.941648727166635,0.0583512728333647,0,"MSCCR_reGRID_810_Biopsy_1503"
0.902765616476517,0.0972343835234826,0,"MSCCR_reGRID_810_Biopsy_1504"
0.918794414878413,0.0812055851215873,0,"MSCCR_reGRID_811_Biopsy_1505"
0.900430406837669,0.0995695931623311,0,"MSCCR_reGRID_811_Biopsy_1506"
0.948467267203765,0.051532732796235,0,"MSCCR_reGRID_812_Biopsy_1508"
0.904005673620785,0.0959943263792148,0,"MSCCR_reGRID_812_Biopsy_1507"
0.888298353509575,0.111383058631304,0.000318587859120295,"MSCCR_reGRID_813_Biopsy_1509"
0.869464483362323,0.130535516637677,0,"MSCCR_reGRID_813_Biopsy_1510"
0.813073896129957,0.186926103870043,0,"MSCCR_reGRID_815_Biopsy_1511"
0.905681350625565,0.0943186493744353,0,"MSCCR_reGRID_816_Biopsy_1512"
0.693708227871495,0.306291772128505,0,"MSCCR_reGRID_817_Biopsy_1513"
0.884409092885307,0.115590907114693,0,"MSCCR_reGRID_817_Biopsy_1514"
0.856272192930567,0.143727807069433,0,"MSCCR_reGRID_818_Biopsy_1515"
0.776602141291367,0.222327899104517,0.00106995960411653,"MSCCR_reGRID_819_Biopsy_1517"
0.880052729519861,0.116824532879935,0.00312273760020461,"MSCCR_reGRID_819_Biopsy_1516"
0.713932677176184,0.286067322823816,0,"MSCCR_reGRID_820_Biopsy_1518"
0.875668045407562,0.118582233026353,0.00574972156608483,"MSCCR_reGRID_820_Biopsy_1519"
0.953318419749195,0.0466815802508056,0,"MSCCR_reGRID_821_Biopsy_1520"
0.910339760184967,0.0896602398150325,0,"MSCCR_reGRID_821_Biopsy_1521"
0.907464061192939,0.0925359388070614,0,"MSCCR_reGRID_822_Biopsy_1522"
0.817215652095878,0.181750286586557,0.00103406131756502,"MSCCR_reGRID_822_Biopsy_1523"
0.755503622903826,0.244496377096174,0,"MSCCR_reGRID_823_Biopsy_1524"
0.913533623763073,0.0864663762369274,0,"MSCCR_reGRID_823_Biopsy_1525"
0.61127238156403,0.38872761843597,0,"MSCCR_reGRID_824_Biopsy_1527"
0.891248038743884,0.108751961256115,0,"MSCCR_reGRID_824_Biopsy_1526"
0.311132814767478,0.688110258381712,0.000756926850809507,"MSCCR_reGRID_825_Biopsy_1528"
0.900811327247881,0.0991886727521185,0,"MSCCR_reGRID_825_Biopsy_1529"
0.927599707743012,0.0724002922569875,0,"MSCCR_reGRID_826_Biopsy_1530"
0.945784175414799,0.0542158245852014,0,"MSCCR_reGRID_826_Biopsy_1531"
0.389512025350157,0.609780659226894,0.000707315422949611,"MSCCR_reGRID_827_Biopsy_1532"
0.872055974235911,0.126846196107571,0.00109782965651792,"MSCCR_reGRID_827_Biopsy_1533"
0.846687236437026,0.148464457343256,0.00484830621971821,"MSCCR_reGRID_828_Biopsy_1534"
0.910824796494916,0.0891752035050837,0,"MSCCR_reGRID_828_Biopsy_1535"
0.565680877920474,0.378652506494446,0.0556666155850799,"MSCCR_reGRID_829_Biopsy_1536"
0.909298677151993,0.0893657791699475,0.00133554367806,"MSCCR_reGRID_831_Biopsy_1537"
0.731264628255729,0.268735371744271,0,"MSCCR_reGRID_832_Biopsy_1539"
0.896000877203562,0.0826601646965193,0.0213389580999188,"MSCCR_reGRID_832_Biopsy_1538"
0.772328896272378,0.224717951003502,0.00295315272412046,"MSCCR_reGRID_832_Biopsy_1540"
0.873076101175742,0.126923898824258,0,"MSCCR_reGRID_834_Biopsy_1541"
0.908444214388701,0.0915557856112985,0,"MSCCR_reGRID_834_Biopsy_1542"
0.921409366271931,0.0785906337280684,0,"MSCCR_reGRID_836_Biopsy_1543"
0.850963870964708,0.132304142998253,0.0167319860370394,"MSCCR_reGRID_836_Biopsy_1544"
0.79132556158404,0.2070826246091,0.00159181380686069,"MSCCR_reGRID_841_Biopsy_1545"
0.938341760012259,0.061658239987741,0,"MSCCR_reGRID_841_Biopsy_1546"
0.924430098408153,0.0755699015918474,0,"MSCCR_reGRID_844_Biopsy_1547"
0.888790784524454,0.110346581380623,0.000862634094922735,"MSCCR_reGRID_845_Biopsy_1548"
0.894246963641329,0.101153025549652,0.00460001080901873,"MSCCR_reGRID_845_Biopsy_1549"
0.892050386939416,0.107949613060584,0,"MSCCR_reGRID_846_Biopsy_1550"
0.920404446911141,0.0795955530888591,0,"MSCCR_reGRID_846_Biopsy_1551"
0.663849126602167,0.335473017609683,0.000677855788149437,"MSCCR_reGRID_847_Biopsy_1552"
0.910537623742684,0.0894623762573162,0,"MSCCR_reGRID_848_Biopsy_1553"
0.914149934112932,0.0858500658870685,0,"MSCCR_reGRID_848_Biopsy_1554"
0.774051126012654,0.223431775405715,0.00251709858163141,"MSCCR_reGRID_849_Biopsy_1555"
0.597858931916529,0.401183503409904,0.000957564673566974,"MSCCR_reGRID_849_Biopsy_1556"
0.64853585741086,0.345261196917742,0.0062029456713983,"MSCCR_reGRID_850_Biopsy_1557"
0.366242803438173,0.604807204424713,0.0289499921371143,"MSCCR_reGRID_850_Biopsy_1558"
0.761950320950225,0.238049679049775,0,"MSCCR_reGRID_851_Biopsy_1559"
0.94097580168363,0.0570298918206198,0.00199430649575046,"MSCCR_reGRID_851_Biopsy_1560"
0.785197423677612,0.212061956106174,0.00274062021621426,"MSCCR_reGRID_852_Biopsy_1562"
0.911541738188572,0.0884582618114279,0,"MSCCR_reGRID_852_Biopsy_1561"
0.728273414966656,0.271726585033344,0,"MSCCR_reGRID_853_Biopsy_1564"
0.935034972717886,0.0649650272821143,0,"MSCCR_reGRID_853_Biopsy_1563"
0.689215258517236,0.309943894433625,0.000840847049138722,"MSCCR_reGRID_854_Biopsy_1565"
0.902522324220196,0.0974776757798038,0,"MSCCR_reGRID_854_Biopsy_1566"
0.597979488093975,0.400290043723728,0.00173046818229689,"MSCCR_reGRID_855_Biopsy_1567"
0.887269261815701,0.112662397083195,6.83411011039793e-05,"MSCCR_reGRID_855_Biopsy_1568"
0.727729443154377,0.268965839884439,0.00330471696118355,"MSCCR_reGRID_856_Biopsy_1570"
0.750392352408189,0.247940301730171,0.00166734586163931,"MSCCR_reGRID_856_Biopsy_1569"
0.913464421618334,0.0865355783816661,0,"MSCCR_reGRID_857_Biopsy_1571"
0.728001406654362,0.270513147473963,0.0014854458716753,"MSCCR_reGRID_858_Biopsy_1572"
0.95195092915974,0.0480490708402597,0,"MSCCR_reGRID_858_Biopsy_1573"
0.956413899925152,0.0435861000748485,0,"MSCCR_reGRID_859_Biopsy_1575"
0.933657708015776,0.0663422919842242,0,"MSCCR_reGRID_859_Biopsy_1574"
0.61339171674993,0.386608283250071,0,"MSCCR_reGRID_860_Biopsy_1577"
0.947322865384334,0.0526771346156657,0,"MSCCR_reGRID_860_Biopsy_1576"
0.93030505647359,0.0696949435264102,0,"MSCCR_reGRID_865_Biopsy_1578"
0.854669139072325,0.144493022126326,0.000837838801349306,"MSCCR_reGRID_867_Biopsy_1580"
0.866819089618411,0.132670293510752,0.000510616870837102,"MSCCR_reGRID_867_Biopsy_1579"
0.66100522228593,0.33899477771407,0,"MSCCR_reGRID_868_Biopsy_1581"
0.905128428282795,0.0948715717172051,0,"MSCCR_reGRID_868_Biopsy_1582"
0.959994140502734,0.0400058594972663,0,"MSCCR_reGRID_869_Biopsy_1584"
0.906521938587287,0.0842120119348899,0.00926604947782263,"MSCCR_reGRID_869_Biopsy_1583"
0.44910448740448,0.549867909169669,0.00102760342585074,"MSCCR_reGRID_870_Biopsy_1586"
0.889978839934221,0.110021160065779,0,"MSCCR_reGRID_870_Biopsy_1585"
0.843916126401031,0.154205327112995,0.00187854648597323,"MSCCR_reGRID_871_Biopsy_1587"
0.909483671608424,0.0905163283915754,0,"MSCCR_reGRID_871_Biopsy_1588"
0.421550414828692,0.578449585171308,0,"MSCCR_reGRID_872_Biopsy_1589"
0.932469024883909,0.0675309751160913,0,"MSCCR_reGRID_872_Biopsy_1590"
0.875560553838688,0.123663118365003,0.000776327796309706,"MSCCR_reGRID_873_Biopsy_1592"
0.952951915162299,0.0470480848377005,0,"MSCCR_reGRID_873_Biopsy_1591"
0.863054872497832,0.136945127502168,0,"MSCCR_reGRID_875_Biopsy_1594"
0.941362924507694,0.0586370754923064,0,"MSCCR_reGRID_875_Biopsy_1593"
0.83467936059767,0.16532063940233,0,"MSCCR_reGRID_876_Biopsy_1595"
0.8869788420284,0.1130211579716,0,"MSCCR_reGRID_876_Biopsy_1596"
0.923846681493223,0.0761533185067768,0,"MSCCR_reGRID_879_Biopsy_1597"
0.925473921719991,0.0745260782800095,0,"MSCCR_reGRID_880_Biopsy_1598"
0.914710673987633,0.0852893260123673,0,"MSCCR_reGRID_884_Biopsy_1600"
0.924802638023543,0.0751973619764568,0,"MSCCR_reGRID_884_Biopsy_1599"
0.630814704440744,0.362611425986825,0.00657386957243097,"MSCCR_reGRID_886_Biopsy_1601"
0.916775104899288,0.0832248951007115,0,"MSCCR_reGRID_886_Biopsy_1602"
0.948537625371849,0.0514623746281512,0,"MSCCR_reGRID_887_Biopsy_1604"
0.90981740145029,0.0901825985497099,0,"MSCCR_reGRID_887_Biopsy_1603"
0.744050531443365,0.231965383111101,0.0239840854455335,"MSCCR_reGRID_888_Biopsy_1606"
0.436627617273227,0.542848308824742,0.0205240739020308,"MSCCR_reGRID_888_Biopsy_1605"
0.866978744399388,0.131244008024476,0.0017772475761355,"MSCCR_reGRID_889_Biopsy_1608"
0.9024545246683,0.0847489874322597,0.0127964878994399,"MSCCR_reGRID_889_Biopsy_1607"
0.591590838018502,0.408307185704591,0.000101976276906729,"MSCCR_reGRID_890_Biopsy_1609"
0.877078663691989,0.113921420160401,0.008999916147611,"MSCCR_reGRID_890_Biopsy_1610"
0.683425412198119,0.285567429883513,0.0310071579183681,"MSCCR_reGRID_890_Biopsy_1611"
0.891167450201664,0.108832549798336,0,"MSCCR_reGRID_891_Biopsy_1612"
0.931616593882498,0.0683834061175026,0,"MSCCR_reGRID_891_Biopsy_1613"
0.35806295822474,0.64034553513538,0.00159150663987968,"MSCCR_reGRID_892_Biopsy_1614"
0.898110745474728,0.101889254525272,0,"MSCCR_reGRID_892_Biopsy_1615"
0.785269417462348,0.213928519065815,0.000802063471837155,"MSCCR_reGRID_895_Biopsy_1616"
0.898296589400114,0.101703410599886,0,"MSCCR_reGRID_895_Biopsy_1617"
0.873210259438046,0.126789740561954,0,"MSCCR_reGRID_896_Biopsy_1619"
0.919773733066103,0.0796456401293418,0.000580626804554904,"MSCCR_reGRID_896_Biopsy_1618"
0.750233295214585,0.249766704785415,0,"MSCCR_reGRID_897_Biopsy_1620"
0.935998979766678,0.0640010202333225,0,"MSCCR_reGRID_897_Biopsy_1621"
0.736802319208555,0.263197680791445,0,"MSCCR_reGRID_898_Biopsy_1623"
0.734157264659109,0.264128500382856,0.00171423495803438,"MSCCR_reGRID_898_Biopsy_1622"
0.406285723222035,0.59306660450652,0.000647672271444707,"MSCCR_reGRID_899_Biopsy_1624"
0.906922100264045,0.093077899735955,0,"MSCCR_reGRID_899_Biopsy_1625"
0.848316450179854,0.149524761102568,0.0021587887175784,"MSCCR_reGRID_901_Biopsy_1626"
0.84507955383446,0.154512577960549,0.000407868204991403,"MSCCR_reGRID_901_Biopsy_1627"
0.818178990061198,0.181347700480754,0.000473309458048172,"MSCCR_reGRID_902_Biopsy_1628"
0.87998831911549,0.12001168088451,0,"MSCCR_reGRID_902_Biopsy_1629"
0.906330110127792,0.0936698898722085,0,"MSCCR_reGRID_903_Biopsy_1630"
0.899404229967699,0.100595770032301,0,"MSCCR_reGRID_903_Biopsy_1631"
0.478768994808343,0.520477403402433,0.000753601789224216,"MSCCR_reGRID_904_Biopsy_1633"
0.800391172130457,0.19743061636315,0.00217821150639335,"MSCCR_reGRID_904_Biopsy_1632"
0.83286386628802,0.165545663840268,0.00159046987171224,"MSCCR_reGRID_905_Biopsy_1634"
0.903971128258507,0.0960288717414926,0,"MSCCR_reGRID_905_Biopsy_1635"
0.86131689815342,0.13868310184658,0,"MSCCR_reGRID_906_Biopsy_1637"
0.914327933953892,0.0808070268138673,0.00486503923224105,"MSCCR_reGRID_906_Biopsy_1636"
0.724292940207024,0.275707059792976,0,"MSCCR_reGRID_907_Biopsy_1638"
0.902741950227773,0.097258049772227,0,"MSCCR_reGRID_907_Biopsy_1639"
0.937424824647628,0.0625751753523717,0,"MSCCR_reGRID_908_Biopsy_1641"
0.886410510773559,0.113589489226441,0,"MSCCR_reGRID_908_Biopsy_1640"
0.9089401883581,0.0910598116419004,0,"MSCCR_reGRID_908_Biopsy_1642"
0.864353903971577,0.135646096028423,0,"MSCCR_reGRID_909_Biopsy_1643"
0.859977955361414,0.138057022054644,0.00196502258394194,"MSCCR_reGRID_910_Biopsy_1644"
0.949184792377303,0.0508152076226967,0,"MSCCR_reGRID_910_Biopsy_1645"
0.925241762625099,0.0747582373749009,0,"MSCCR_reGRID_911_Biopsy_1646"
0.719171134909847,0.280828865090153,0,"MSCCR_reGRID_914_Biopsy_1648"
0.922096087871031,0.0779039121289686,0,"MSCCR_reGRID_914_Biopsy_1647"
0.431183793033433,0.568816206966567,0,"MSCCR_reGRID_919_Biopsy_1650"
0.84839440427341,0.15160559572659,0,"MSCCR_reGRID_919_Biopsy_1651"
0.92387924594969,0.0761207540503099,0,"MSCCR_reGRID_919_Biopsy_1649"
0.835071637466015,0.163089133886551,0.00183922864743416,"MSCCR_reGRID_922_Biopsy_1652"
0.960129446409562,0.0398705535904375,0,"MSCCR_reGRID_922_Biopsy_1653"
0.849944797370878,0.149687978054631,0.000367224574491357,"MSCCR_reGRID_922_Biopsy_1654"
0.654709190723024,0.344259691426972,0.00103111785000348,"MSCCR_reGRID_923_Biopsy_1655"
0.764991385387706,0.23216753846445,0.00284107614784417,"MSCCR_reGRID_926_Biopsy_1656"
0.859144622421887,0.133206030226053,0.00764934735206052,"MSCCR_reGRID_926_Biopsy_1657"
0.761822358138441,0.238177641861559,0,"MSCCR_reGRID_928_Biopsy_1659"
0.429657907271742,0.472825952663114,0.0975161400651443,"MSCCR_reGRID_928_Biopsy_1658"
0.87692426391042,0.122975818553527,9.99175360527965e-05,"MSCCR_reGRID_931_Biopsy_1661"
0.881644944460517,0.118355055539483,0,"MSCCR_reGRID_931_Biopsy_1660"
0.832824533003048,0.166088073092909,0.00108739390404318,"MSCCR_reGRID_932_Biopsy_1662"
0.907399292924446,0.0926007070755535,0,"MSCCR_reGRID_932_Biopsy_1663"
0.919459855503981,0.0805401444960188,0,"MSCCR_reGRID_933_Biopsy_1665"
0.924235410381979,0.0757645896180213,0,"MSCCR_reGRID_933_Biopsy_1664"
0.72073719849899,0.27926280150101,0,"MSCCR_reGRID_934_Biopsy_1666"
0.835275837964729,0.148958237716784,0.0157659243184861,"MSCCR_reGRID_934_Biopsy_1667"
0.924251839425705,0.0757481605742954,0,"MSCCR_reGRID_936_Biopsy_1668"
0.92518397417407,0.0748160258259304,0,"MSCCR_reGRID_936_Biopsy_1669"
0.838923809336722,0.159979696274294,0.00109649438898477,"MSCCR_reGRID_937_Biopsy_1670"
0.931143616532845,0.0688563834671548,0,"MSCCR_reGRID_937_Biopsy_1671"
0.503033652889671,0.496966347110329,0,"MSCCR_reGRID_939_Biopsy_1672"
0.852787800147139,0.147212199852861,0,"MSCCR_reGRID_939_Biopsy_1673"
0.899296476885545,0.0988694636227833,0.00183405949167164,"MSCCR_reGRID_940_Biopsy_1674"
0.871804535660782,0.127392522454284,0.000802941884934001,"MSCCR_reGRID_941_Biopsy_1675"
0.914810341194422,0.085189658805578,0,"MSCCR_reGRID_941_Biopsy_1676"
0.877508559665049,0.122491440334951,0,"MSCCR_reGRID_941_Biopsy_1677"
0.70982256361888,0.29017743638112,0,"MSCCR_reGRID_942_Biopsy_1679"
0.741736733293378,0.256331476090282,0.00193179061633924,"MSCCR_reGRID_942_Biopsy_1678"
0.425506177636291,0.574493822363709,0,"MSCCR_reGRID_943_Biopsy_1680"
0.717811830678073,0.282188169321927,0,"MSCCR_reGRID_944_Biopsy_1681"
0.901181348125486,0.0977921490973414,0.00102650277717248,"MSCCR_reGRID_944_Biopsy_1682"
0.765347308108592,0.234652691891408,0,"MSCCR_reGRID_945_Biopsy_1683"
0.902774845879326,0.0972251541206742,0,"MSCCR_reGRID_945_Biopsy_1684"
0.906082708288559,0.0939172917114406,0,"MSCCR_reGRID_946_Biopsy_1685"
0.911382281538606,0.0886177184613943,0,"MSCCR_reGRID_946_Biopsy_1686"
0.943047802460253,0.0569521975397475,0,"MSCCR_reGRID_947_Biopsy_1687"
0.937413403758351,0.0625865962416488,0,"MSCCR_reGRID_947_Biopsy_1688"
0.723850535895382,0.276149464104618,0,"MSCCR_reGRID_948_Biopsy_1689"
0.903251632430944,0.096748367569056,0,"MSCCR_reGRID_948_Biopsy_1690"
0.70469947697504,0.292978718803162,0.00232180422179752,"MSCCR_reGRID_949_Biopsy_1691"
0.885611173006746,0.114388826993254,0,"MSCCR_reGRID_949_Biopsy_1692"
0.900764223337888,0.0988803330916022,0.000355443570509588,"MSCCR_reGRID_950_Biopsy_1693"
0.949564618859851,0.0504353811401488,0,"MSCCR_reGRID_950_Biopsy_1694"
0.391469396248151,0.608530603751849,0,"MSCCR_reGRID_951_Biopsy_1695"
0.857279256656459,0.142066990754757,0.000653752588783104,"MSCCR_reGRID_951_Biopsy_1696"
0.892372088618476,0.107627911381524,0,"MSCCR_reGRID_955_Biopsy_1697"
0.890883438782087,0.109116561217913,0,"MSCCR_reGRID_956_Biopsy_1698"
0.926071602578971,0.073928397421029,0,"MSCCR_reGRID_956_Biopsy_1699"
0.926564370861501,0.0729365435217569,0.000499085616742363,"MSCCR_reGRID_956_Biopsy_1700"
0.927151609055402,0.0728483909445985,0,"MSCCR_reGRID_959_Biopsy_1701"
0.720080500235162,0.266107147646437,0.0138123521184012,"MSCCR_reGRID_961_Biopsy_1703"
0.884695397090559,0.115304602909441,0,"MSCCR_reGRID_961_Biopsy_1702"
0.902556659130613,0.0974433408693869,0,"MSCCR_reGRID_962_Biopsy_1704"
0.764414290991001,0.234588053762261,0.000997655246738835,"MSCCR_reGRID_963_Biopsy_1706"
0.885928198441993,0.104300883466075,0.00977091809193276,"MSCCR_reGRID_963_Biopsy_1705"
0.609403625788905,0.390596374211095,0,"MSCCR_reGRID_964_Biopsy_1708"
0.911796062486448,0.088203937513552,0,"MSCCR_reGRID_964_Biopsy_1707"
0.524058605240757,0.473712501306674,0.00222889345256901,"MSCCR_reGRID_966_Biopsy_1711"
0.888903300733967,0.111096699266033,0,"MSCCR_reGRID_966_Biopsy_1710"
0.872495961556107,0.127504038443893,0,"MSCCR_reGRID_966_Biopsy_1709"
0.956443676015161,0.0435563239848394,0,"MSCCR_reGRID_967_Biopsy_1713"
0.950501194278189,0.0494988057218107,0,"MSCCR_reGRID_967_Biopsy_1712"
0.94563152285601,0.0543684771439904,0,"MSCCR_reGRID_971_Biopsy_1714"
0.91916853215805,0.0808314678419496,0,"MSCCR_reGRID_971_Biopsy_1715"
0.847406746144081,0.15259325385592,0,"MSCCR_reGRID_982_Biopsy_1716"
0.696594580523613,0.28475871551,0.0186467039663866,"MSCCR_reGRID_983_Biopsy_1718"
0.78760186213614,0.211439964203522,0.000958173660338358,"MSCCR_reGRID_983_Biopsy_1717"
0.927893207545698,0.0721067924543024,0,"MSCCR_reGRID_984_Biopsy_1719"
0.919217879293823,0.0798456537042876,0.000936467001889191,"MSCCR_reGRID_984_Biopsy_1720"
0.592354973154961,0.406994708239329,0.000650318605710072,"MSCCR_reGRID_988_Biopsy_1721"
0.866653674035761,0.133346325964239,0,"MSCCR_reGRID_988_Biopsy_1722"
0.897403005758967,0.0970147026039154,0.00558229163711748,"MSCCR_reGRID_989_Biopsy_1723"
0.580180149854548,0.419819850145452,0,"MSCCR_reGRID_991_Biopsy_1724"
0.615343908095675,0.384656091904325,0,"MSCCR_reGRID_991_Biopsy_1725"
0.919999388024312,0.0800006119756882,0,"MSCCR_reGRID_992_Biopsy_1726"
0.925286999173523,0.074713000826477,0,"MSCCR_reGRID_992_Biopsy_1727"
0.922562296222758,0.0774377037772421,0,"MSCCR_reGRID_994_Biopsy_1729"
0.871786382609528,0.125937114619542,0.00227650277093005,"MSCCR_reGRID_994_Biopsy_1728"
0.723703280038385,0.275961540821465,0.000335179140150006,"MSCCR_reGRID_999_Biopsy_1730"
0.878628369697915,0.109979585074208,0.0113920452278766,"MSCCR_reGRID_999_Biopsy_1731"
0.851095181991114,0.147082058078198,0.0018227599306877,"MSCCR_reGRID_1000_Biopsy_1733"
0.707706643419159,0.290297682407503,0.00199567417333757,"MSCCR_reGRID_1000_Biopsy_1732"
0.879649044796527,0.118987883227111,0.00136307197636243,"MSCCR_reGRID_1001_Biopsy_1734"
0.905937332669328,0.0940626673306724,0,"MSCCR_reGRID_1001_Biopsy_1735"
0.633799612567629,0.362389862658601,0.00381052477376998,"MSCCR_reGRID_1002_Biopsy_1736"
0.889276307925208,0.110723692074792,0,"MSCCR_reGRID_1002_Biopsy_1737"
0.923540219436245,0.0764597805637547,0,"MSCCR_reGRID_1004_Biopsy_1739"
0.94064818882896,0.0593518111710403,0,"MSCCR_reGRID_1004_Biopsy_1738"
0.669420919891326,0.330579080108674,0,"MSCCR_reGRID_1008_Biopsy_1740"
0.912361960598137,0.0875424432559111,9.55961459518161e-05,"MSCCR_reGRID_1008_Biopsy_1741"
0.883421143004581,0.116578856995419,0,"MSCCR_reGRID_1010_Biopsy_1742"
0.812850324195909,0.187149675804091,0,"MSCCR_reGRID_1012_Biopsy_1744"
0.882892208019238,0.0922434785297631,0.0248643134509985,"MSCCR_reGRID_1012_Biopsy_1743"
0.717290866782577,0.281386159417508,0.00132297379991576,"MSCCR_reGRID_1013_Biopsy_1745"
0.845836976898331,0.114391930821284,0.0397710922803851,"MSCCR_reGRID_1013_Biopsy_1746"
0.877923904424127,0.12032782715551,0.00174826842036236,"MSCCR_reGRID_1015_Biopsy_1747"
0.883666709390995,0.108727595520723,0.00760569508828201,"MSCCR_reGRID_1015_Biopsy_1748"
0.848547777651285,0.126430452837623,0.025021769511092,"MSCCR_reGRID_1016_Biopsy_1749"
0.295929291107309,0.67836514467325,0.0257055642194419,"MSCCR_reGRID_1017_Biopsy_1750"
0.806115207337135,0.167333918679013,0.0265508739838524,"MSCCR_reGRID_1017_Biopsy_1751"
0.942048539495114,0.0579514605048858,0,"MSCCR_reGRID_1018_Biopsy_1753"
0.882107310786599,0.112047073026921,0.00584561618648008,"MSCCR_reGRID_1018_Biopsy_1752"
0.837374446783222,0.161109233112592,0.00151632010418572,"MSCCR_reGRID_1018_Biopsy_1754"
0.76501864301276,0.23498135698724,0,"MSCCR_reGRID_1019_Biopsy_1756"
0.900615210274703,0.0993847897252969,0,"MSCCR_reGRID_1019_Biopsy_1755"
0.265670542548338,0.726325284134072,0.00800417331759002,"MSCCR_reGRID_1020_Biopsy_1759"
0.923802485093469,0.0761975149065315,0,"MSCCR_reGRID_1020_Biopsy_1758"
0.87287853709606,0.12712146290394,0,"MSCCR_reGRID_1020_Biopsy_1757"
0.451616285213417,0.53544653626441,0.0129371785221732,"MSCCR_reGRID_1021_Biopsy_1760"
0.897571264420474,0.100167106813725,0.00226162876580171,"MSCCR_reGRID_1022_Biopsy_1762"
0.890120386025623,0.105637329082908,0.00424228489146801,"MSCCR_reGRID_1022_Biopsy_1761"
0.905777451473206,0.094222548526794,0,"MSCCR_reGRID_1024_Biopsy_1763"
0.853733675183461,0.146266324816539,0,"MSCCR_reGRID_1026_Biopsy_1764"
0.881472772499456,0.118103220650725,0.000424006849818532,"MSCCR_reGRID_1026_Biopsy_1765"
0.948632351472819,0.0513676485271811,0,"MSCCR_reGRID_1028_Biopsy_1767"
0.925438319048017,0.0745616809519834,0,"MSCCR_reGRID_1028_Biopsy_1766"
0.905964624181656,0.094035375818344,0,"MSCCR_reGRID_1029_Biopsy_1768"
0.863757220685386,0.121327750663552,0.0149150286510619,"MSCCR_reGRID_1030_Biopsy_1769"
0.687999381448765,0.307747498164939,0.00425312038629528,"MSCCR_reGRID_1031_Biopsy_1770"
0.846432250432735,0.127655591928891,0.0259121576383735,"MSCCR_reGRID_1031_Biopsy_1771"
0.888750968860545,0.110615916839801,0.000633114299654098,"MSCCR_reGRID_1032_Biopsy_1773"
0.894831860879432,0.105168139120568,0,"MSCCR_reGRID_1032_Biopsy_1772"
0.548980461855486,0.451019538144514,0,"MSCCR_reGRID_1033_Biopsy_1775"
0.864888269197054,0.135111730802946,0,"MSCCR_reGRID_1033_Biopsy_1774"
0.668532539945124,0.331467460054876,0,"MSCCR_reGRID_1034_Biopsy_1777"
0.894440902650108,0.092356190072697,0.0132029072771951,"MSCCR_reGRID_1034_Biopsy_1778"
0.909311363709669,0.0772232729347904,0.0134653633555407,"MSCCR_reGRID_1034_Biopsy_1776"
0.311001756135225,0.665700659035074,0.0232975848297009,"MSCCR_reGRID_1036_Biopsy_1779"
0.888343592098463,0.111656407901537,0,"MSCCR_reGRID_1036_Biopsy_1780"
0.963555650026354,0.0364443499736464,0,"MSCCR_reGRID_1037_Biopsy_1781"
0.75840828464773,0.240045026398504,0.00154668895376652,"MSCCR_reGRID_1040_Biopsy_1782"
0.89420271202588,0.10579728797412,0,"MSCCR_reGRID_1040_Biopsy_1784"
0.776115322221882,0.222362206506716,0.00152247127140277,"MSCCR_reGRID_1040_Biopsy_1783"
0.882339334782843,0.111414894550574,0.00624577066658327,"MSCCR_reGRID_1042_Biopsy_1785"
0.883858436493053,0.116052473818415,8.90896885320383e-05,"MSCCR_reGRID_1042_Biopsy_1786"
0.954743654228481,0.0452563457715193,0,"MSCCR_reGRID_1044_Biopsy_1787"
0.925193438263893,0.0748065617361073,0,"MSCCR_reGRID_1046_Biopsy_1789"
0.921857314197771,0.0781426858022286,0,"MSCCR_reGRID_1046_Biopsy_1788"
0.707661836661808,0.291449861656378,0.000888301681813689,"MSCCR_reGRID_1047_Biopsy_1791"
0.885126844727503,0.114873155272497,0,"MSCCR_reGRID_1047_Biopsy_1790"
0.87228281962161,0.109079927216175,0.0186372531622155,"MSCCR_reGRID_1047_Biopsy_1792"
0.744032775337927,0.255232583454368,0.000734641207705463,"MSCCR_reGRID_1048_Biopsy_1793"
0.810785915225528,0.187800247028911,0.00141383774556044,"MSCCR_reGRID_1048_Biopsy_1794"
0.829659590480883,0.170029226520388,0.000311182998729528,"MSCCR_reGRID_1049_Biopsy_1795"
0.923424616384902,0.0765753836150977,0,"MSCCR_reGRID_1051_Biopsy_1796"
0.765120008264009,0.234879991735991,0,"MSCCR_reGRID_1053_Biopsy_1798"
0.901011548003604,0.0989884519963957,0,"MSCCR_reGRID_1053_Biopsy_1799"
0.88781594995681,0.11218405004319,0,"MSCCR_reGRID_1053_Biopsy_1797"
0.889178819912679,0.109217749910606,0.00160343017671506,"MSCCR_reGRID_1061_Biopsy_1800"
0.816679572928475,0.183005285015856,0.000315142055668456,"MSCCR_reGRID_1062_Biopsy_1801"
0.961634167407264,0.0383658325927356,0,"MSCCR_reGRID_1063_Biopsy_1802"
0.90184553564539,0.0902934991605488,0.00786096519406086,"MSCCR_reGRID_1063_Biopsy_1803"
0.853275925958352,0.126856785656707,0.0198672883849416,"MSCCR_reGRID_1064_Biopsy_1804"
0.748341453539442,0.250615686972489,0.00104285948806853,"MSCCR_reGRID_1065_Biopsy_1805"
0.767317417969922,0.232507028148392,0.000175553881685884,"MSCCR_reGRID_1066_Biopsy_1806"
0.687324088961117,0.304398660664081,0.00827725037480116,"MSCCR_reGRID_1066_Biopsy_1807"
0.868534741411621,0.112072102721471,0.0193931558669072,"MSCCR_reGRID_1067_Biopsy_1808"
0.782843614946712,0.216043610257705,0.00111277479558307,"MSCCR_reGRID_1067_Biopsy_1809"
0.824369162622404,0.175630837377596,0,"MSCCR_reGRID_1068_Biopsy_1810"
0.714791768334237,0.285208231665764,0,"MSCCR_reGRID_1069_Biopsy_1811"
0.888083247438044,0.111916752561956,0,"MSCCR_reGRID_1069_Biopsy_1812"
0.736353718123245,0.261124513454038,0.00252176842271797,"MSCCR_reGRID_1070_Biopsy_1813"
0.713675523268153,0.285064273730058,0.00126020300178986,"MSCCR_reGRID_1072_Biopsy_1814"
0.839135503095218,0.128167701591254,0.0326967953135278,"MSCCR_reGRID_1072_Biopsy_1815"
0.834983873511374,0.165016126488626,0,"MSCCR_reGRID_1073_Biopsy_1816"
0.747691681576708,0.251995303549626,0.000313014873665861,"MSCCR_reGRID_1073_Biopsy_1817"
0.937790028809437,0.0622099711905627,0,"MSCCR_reGRID_1074_Biopsy_1819"
0.888303313786934,0.111696686213066,0,"MSCCR_reGRID_1074_Biopsy_1818"
0.660982695868513,0.325456319277866,0.0135609848536209,"MSCCR_reGRID_1075_Biopsy_1821"
0.873440039220161,0.10785711829784,0.0187028424819994,"MSCCR_reGRID_1075_Biopsy_1820"
0.607098406975189,0.39254250168216,0.000359091342651446,"MSCCR_reGRID_1076_Biopsy_1822"
0.863086867256258,0.136913132743742,0,"MSCCR_reGRID_1076_Biopsy_1823"
0.668621949462708,0.330079238254335,0.00129881228295725,"MSCCR_reGRID_1077_Biopsy_1824"
0.908616452260918,0.0913835477390816,0,"MSCCR_reGRID_1077_Biopsy_1825"
0.917755336965284,0.0817919831917169,0.000452679842998786,"MSCCR_reGRID_1077_Biopsy_1826"
0.702249293327939,0.296554048901113,0.00119665777094736,"MSCCR_reGRID_1078_Biopsy_1827"
0.859872201603967,0.12079495765014,0.0193328407458933,"MSCCR_reGRID_1078_Biopsy_1828"
0.627278523757158,0.372721476242842,0,"MSCCR_reGRID_1079_Biopsy_1829"
0.0271174325609468,0.952033207606396,0.0208493598326576,"MSCCR_reGRID_1079_Biopsy_1830"
0.782871973625472,0.217128026374528,0,"MSCCR_reGRID_1080_Biopsy_1831"
0.878563641203221,0.121436358796779,0,"MSCCR_reGRID_1080_Biopsy_1832"
0.247652057085332,0.741805430295266,0.0105425126194026,"MSCCR_reGRID_1081_Biopsy_1834"
0.678410512566959,0.311080452958654,0.0105090344743868,"MSCCR_reGRID_1081_Biopsy_1833"
0.683731910453732,0.316268089546268,0,"MSCCR_reGRID_1082_Biopsy_1835"
0.914369556184569,0.0856304438154309,0,"MSCCR_reGRID_1082_Biopsy_1836"
0.899684733433188,0.100315266566812,0,"MSCCR_reGRID_1082_Biopsy_1837"
0.914333137814946,0.0856668621850538,0,"MSCCR_reGRID_1083_Biopsy_1838"
0.906808972822823,0.0874255593357645,0.00576546784141293,"MSCCR_reGRID_1083_Biopsy_1839"
0.284123951881555,0.679060025458275,0.03681602266017,"MSCCR_reGRID_1084_Biopsy_1840"
0.723768503354773,0.275660936850804,0.000570559794423013,"MSCCR_reGRID_1084_Biopsy_1841"
0.62062371156852,0.371189644955927,0.00818664347555282,"MSCCR_reGRID_1085_Biopsy_1842"
0.834262194231007,0.144147540319089,0.0215902654499035,"MSCCR_reGRID_1085_Biopsy_1843"
0.919671874778032,0.0803281252219678,0,"MSCCR_reGRID_1086_Biopsy_1844"
0.907118218169973,0.0836502952923153,0.0092314865377118,"MSCCR_reGRID_1086_Biopsy_1845"
0.896275967072517,0.103724032927483,0,"MSCCR_reGRID_1087_Biopsy_1847"
0.881490404842038,0.105461447828865,0.0130481473290977,"MSCCR_reGRID_1087_Biopsy_1846"
0.848772386029257,0.114588864690764,0.0366387492799792,"MSCCR_reGRID_1088_Biopsy_1848"
0.586871339470719,0.363412739577392,0.0497159209518887,"MSCCR_reGRID_1088_Biopsy_1849"
0.820788953090912,0.179211046909088,0,"MSCCR_reGRID_1089_Biopsy_1851"
0.881797941665186,0.0968704081038257,0.0213316502309887,"MSCCR_reGRID_1089_Biopsy_1850"
0.902309369726854,0.0976906302731456,0,"MSCCR_reGRID_1090_Biopsy_1852"
0.869843517209441,0.130156482790559,0,"MSCCR_reGRID_1090_Biopsy_1853"
0.676205580621046,0.323386480662603,0.000407938716350551,"MSCCR_reGRID_1091_Biopsy_1854"
0.888001774051567,0.111998225948433,0,"MSCCR_reGRID_1091_Biopsy_1855"
0.718830765161612,0.280267678674508,0.000901556163880173,"MSCCR_reGRID_1091_Biopsy_1856"
0.876977611628007,0.100141745517345,0.0228806428546486,"MSCCR_reGRID_1092_Biopsy_1858"
0.680555464206848,0.28557342397775,0.0338711118154014,"MSCCR_reGRID_1092_Biopsy_1857"
0.897032046244871,0.102967953755129,0,"MSCCR_reGRID_1093_Biopsy_1859"
0.805751315037117,0.15664818878287,0.0376004961800132,"MSCCR_reGRID_1094_Biopsy_1861"
0.778913666953863,0.192239550928899,0.0288467821172384,"MSCCR_reGRID_1094_Biopsy_1860"
0.631268931374585,0.368731068625415,0,"MSCCR_reGRID_1096_Biopsy_1863"
0.696291472598641,0.283617125823163,0.0200914015781956,"MSCCR_reGRID_1096_Biopsy_1862"
0.877664960865623,0.0990024455641373,0.0233325935702402,"MSCCR_reGRID_1098_Biopsy_1865"
0.859982549789165,0.102762028811776,0.0372554213990594,"MSCCR_reGRID_1098_Biopsy_1864"
0.597518847585402,0.402106773400905,0.000374379013693301,"MSCCR_reGRID_1099_Biopsy_1866"
0.747170595030729,0.252542663032827,0.000286741936444645,"MSCCR_reGRID_1099_Biopsy_1867"
0.733529925025166,0.257214480707643,0.00925559426719141,"MSCCR_reGRID_1100_Biopsy_1868"
0.823463031083657,0.176536968916343,0,"MSCCR_reGRID_1100_Biopsy_1870"
0.874447669869325,0.113301435995029,0.0122508941356466,"MSCCR_reGRID_1100_Biopsy_1869"
0.838027240266334,0.160882407739863,0.00109035199380293,"MSCCR_reGRID_1102_Biopsy_1873"
0.669484870652379,0.330515129347621,0,"MSCCR_reGRID_1102_Biopsy_1871"
0.849187096521086,0.130947776549508,0.0198651269294059,"MSCCR_reGRID_1102_Biopsy_1872"
0.483331173892315,0.51493765138426,0.00173117472342471,"MSCCR_reGRID_1103_Biopsy_1874"
0.322246040403641,0.677753959596359,0,"MSCCR_reGRID_1104_Biopsy_1876"
0.800529484843678,0.181347555060774,0.0181229600955476,"MSCCR_reGRID_1104_Biopsy_1875"
0.899541106297234,0.0875488917829779,0.0129100019197881,"MSCCR_reGRID_1105_Biopsy_1877"
0.908547224035803,0.0850033861444277,0.00644938981976932,"MSCCR_reGRID_1105_Biopsy_1878"
0.763256717357698,0.236743282642302,0,"MSCCR_reGRID_1108_Biopsy_1879"
0.912753043336707,0.0812739307487063,0.00597302591458649,"MSCCR_reGRID_1108_Biopsy_1880"
0.441438069711546,0.486021435915466,0.0725404943729884,"MSCCR_reGRID_1109_Biopsy_1882"
0.895376961026364,0.0913998970289483,0.0132231419446875,"MSCCR_reGRID_1109_Biopsy_1881"
0.779190568910803,0.220809431089197,0,"MSCCR_reGRID_1110_Biopsy_1883"
0.743763469051526,0.256236530948474,0,"MSCCR_reGRID_1111_Biopsy_1884"
0.862470106847067,0.136045985454035,0.0014839076988984,"MSCCR_reGRID_1111_Biopsy_1885"
0.662277337911923,0.337722662088077,0,"MSCCR_reGRID_1112_Biopsy_1886"
0.675837795722632,0.267668607635147,0.056493596642221,"MSCCR_reGRID_1112_Biopsy_1887"
0.853078895334598,0.146921104665402,0,"MSCCR_reGRID_1113_Biopsy_1889"
0.59416309963484,0.405222076569989,0.000614823795171059,"MSCCR_reGRID_1113_Biopsy_1888"
0.252157950101296,0.747842049898704,0,"MSCCR_reGRID_1114_Biopsy_1892"
0.799535481644505,0.200464518355495,0,"MSCCR_reGRID_1114_Biopsy_1890"
0.825351278029888,0.168386249768686,0.00626247220142597,"MSCCR_reGRID_1114_Biopsy_1891"
0.465026850400718,0.534973149599282,0,"MSCCR_reGRID_1115_Biopsy_1893"
0.843894448910582,0.128481770788375,0.0276237803010427,"MSCCR_reGRID_1115_Biopsy_1894"
0.915060072541033,0.0849399274589667,0,"MSCCR_reGRID_1117_Biopsy_1895"
0.60445684358676,0.39336707600016,0.00217608041308028,"MSCCR_reGRID_1117_Biopsy_1896"
0.926377720137602,0.0736222798623977,0,"MSCCR_reGRID_1119_Biopsy_1898"
0.867210111286563,0.113373166246929,0.0194167224665085,"MSCCR_reGRID_1119_Biopsy_1897"
0.891088483248083,0.108911516751917,0,"MSCCR_reGRID_1120_Biopsy_1899"
0.874478079706313,0.124781682501503,0.000740237792183894,"MSCCR_reGRID_1120_Biopsy_1900"
0.879257126804725,0.11086391412406,0.00987895907121479,"MSCCR_reGRID_1122_Biopsy_1902"
0.926299425681145,0.0737005743188554,0,"MSCCR_reGRID_1122_Biopsy_1901"
0.929717360501577,0.0696490999328329,0.000633539565590477,"MSCCR_reGRID_1123_Biopsy_1904"
0.626482809812103,0.373517190187897,0,"MSCCR_reGRID_1124_Biopsy_1905"
0.853573866971236,0.137678511604152,0.00874762142461227,"MSCCR_reGRID_1124_Biopsy_1906"
0.692103056046769,0.305948673721847,0.00194827023138419,"MSCCR_reGRID_1125_Biopsy_1907"
0.885550344029083,0.113720243790641,0.000729412180276415,"MSCCR_reGRID_1125_Biopsy_1908"
0.888468628472744,0.102197436156577,0.0093339353706789,"MSCCR_reGRID_1126_Biopsy_1909"
0.866051206692958,0.128761824592351,0.00518696871469129,"MSCCR_reGRID_1126_Biopsy_1910"
0.859629180755458,0.140370819244542,0,"MSCCR_reGRID_1127_Biopsy_1911"
0.895029271904678,0.104405295500472,0.000565432594850061,"MSCCR_reGRID_1127_Biopsy_1912"
0.709313245642646,0.29057166912904,0.000115085228314851,"MSCCR_reGRID_1128_Biopsy_1913"
0.613933377139973,0.385833987709327,0.000232635150700398,"MSCCR_reGRID_1129_Biopsy_1915"
0.519801390956146,0.47964036188428,0.000558247159574481,"MSCCR_reGRID_1129_Biopsy_1914"
0.902424247365163,0.097078756539261,0.000496996095575544,"MSCCR_reGRID_1134_Biopsy_1917"
0.919792808337142,0.079862608610039,0.000344583052819393,"MSCCR_reGRID_1134_Biopsy_1916"
0.85354375420819,0.13000396066297,0.0164522851288405,"MSCCR_reGRID_1135_Biopsy_1918"
0.851921022489945,0.146333289664785,0.00174568784527048,"MSCCR_reGRID_1136_Biopsy_1919"
0.916493498320624,0.0835065016793759,0,"MSCCR_reGRID_1136_Biopsy_1920"
0.919768847333075,0.0802311526669248,0,"MSCCR_reGRID_1137_Biopsy_1921"
0.923590726619791,0.0764092733802089,0,"MSCCR_reGRID_1138_Biopsy_1922"
0.89799058665304,0.10200941334696,0,"MSCCR_reGRID_1138_Biopsy_1923"
0.914505024794909,0.085494975205091,0,"MSCCR_reGRID_1139_Biopsy_1924"
0.918162517590399,0.0818374824096006,0,"MSCCR_reGRID_1142_Biopsy_1925"
0.826687363309083,0.151942520222691,0.0213701164682264,"MSCCR_reGRID_1142_Biopsy_1926"
0.910530373775848,0.0894696262241523,0,"MSCCR_reGRID_1145_Biopsy_1928"
0.737170325325514,0.262276805165072,0.000552869509414434,"MSCCR_reGRID_1145_Biopsy_1927"
0.597609423187083,0.402390576812917,0,"MSCCR_reGRID_1148_Biopsy_1929"
0.878772326334489,0.121227673665511,0,"MSCCR_reGRID_1148_Biopsy_1930"
0.885504693813291,0.113621562635811,0.00087374355089755,"MSCCR_reGRID_1148_Biopsy_1931"
0.888184805955877,0.111815194044123,0,"MSCCR_reGRID_1148_Biopsy_1932"
0.888787787454512,0.111212212545488,0,"MSCCR_reGRID_1149_Biopsy_1934"
0.914664235566651,0.0853357644333485,0,"MSCCR_reGRID_1149_Biopsy_1933"
0.586328999837675,0.412258787779593,0.00141221238273202,"MSCCR_reGRID_1149_Biopsy_1935"
0.684709590382772,0.301260507276561,0.0140299023406667,"MSCCR_reGRID_1150_Biopsy_1936"
0.718180561617203,0.28091318194828,0.000906256434516894,"MSCCR_reGRID_1150_Biopsy_1937"
0.600310669236634,0.398711691795856,0.000977638967509387,"MSCCR_reGRID_1151_Biopsy_1939"
0.84945824011515,0.128335620341094,0.0222061395437557,"MSCCR_reGRID_1151_Biopsy_1938"
0.626673139035494,0.373326860964506,0,"MSCCR_reGRID_1152_Biopsy_1941"
0.901000494035313,0.0880333167065496,0.0109661892581371,"MSCCR_reGRID_1152_Biopsy_1940"
0.911347957826137,0.0886520421738634,0,"MSCCR_reGRID_1154_Biopsy_1942"
0.899370305161157,0.0905292609578978,0.0101004338809451,"MSCCR_reGRID_1154_Biopsy_1943"
0.742671353368397,0.244806701766031,0.0125219448655721,"MSCCR_reGRID_1156_Biopsy_1946"
0.730390618256411,0.269609381743589,0,"MSCCR_reGRID_1156_Biopsy_1945"
0.922271238337899,0.0777287616621012,0,"MSCCR_reGRID_1156_Biopsy_1944"
0.863259314309989,0.135477441679859,0.00126324401015188,"MSCCR_reGRID_1157_Biopsy_1948"
0.897285953684065,0.101700373421974,0.00101367289396133,"MSCCR_reGRID_1157_Biopsy_1947"
0.720652551436569,0.279347448563431,0,"MSCCR_reGRID_1159_Biopsy_1949"
0.710613414197148,0.288694090655814,0.000692495147037906,"MSCCR_reGRID_1161_Biopsy_1950"
0.932854158888793,0.0671458411112069,0,"MSCCR_reGRID_1164_Biopsy_1952"
0.956687867119111,0.0433121328808892,0,"MSCCR_reGRID_1164_Biopsy_1951"
0.558021578780181,0.441978421219819,0,"MSCCR_reGRID_1165_Biopsy_1953"
0.876519594431961,0.123480405568038,0,"MSCCR_reGRID_1165_Biopsy_1954"
0.775812780848253,0.224187219151747,0,"MSCCR_reGRID_1166_Biopsy_1955"
0.901538055407589,0.0984619445924111,0,"MSCCR_reGRID_1166_Biopsy_1956"
0.665374797359618,0.334625202640382,0,"MSCCR_reGRID_1167_Biopsy_1958"
0.71170581959271,0.288273319127391,2.08612798989217e-05,"MSCCR_reGRID_1167_Biopsy_1957"
0.88259277390931,0.107634956421745,0.00977226966894597,"MSCCR_reGRID_1168_Biopsy_1960"
0.870994837746754,0.115194608365729,0.0138105538875165,"MSCCR_reGRID_1169_Biopsy_1962"
0.845033582480273,0.154966417519727,0,"MSCCR_reGRID_1169_Biopsy_1961"
0.84501267772321,0.149349510816854,0.00563781145993622,"MSCCR_reGRID_1169_Biopsy_1963"
0.8723438710273,0.126301005072151,0.0013551239005493,"MSCCR_reGRID_1171_Biopsy_1964"
0.703985748358741,0.29504070938655,0.000973542254708191,"MSCCR_reGRID_1174_Biopsy_1966"
0.889869976720946,0.108046998278288,0.00208302500076595,"MSCCR_reGRID_1174_Biopsy_1967"
0.566982929009436,0.420110182368945,0.0129068886216194,"MSCCR_reGRID_1174_Biopsy_1965"
0.860215073189491,0.13833399876014,0.00145092805036884,"MSCCR_reGRID_1175_Biopsy_1968"
0.76005986045709,0.23994013954291,0,"MSCCR_reGRID_1176_Biopsy_1969"
0.499513322730341,0.50048667726966,0,"MSCCR_reGRID_1177_Biopsy_1971"
0.931782419258036,0.0682175807419636,0,"MSCCR_reGRID_1177_Biopsy_1972"
0.688310305813371,0.310906431630922,0.000783262555707205,"MSCCR_reGRID_1177_Biopsy_1970"
0.71718556096441,0.282183133889544,0.000631305146045363,"MSCCR_reGRID_1180_Biopsy_1973"
0.897070143289435,0.102929856710565,0,"MSCCR_reGRID_1180_Biopsy_1974"
0.407569766343782,0.592430233656218,0,"MSCCR_reGRID_1183_Biopsy_1975"
0.72998445055799,0.268974369237321,0.00104118020468968,"MSCCR_reGRID_1184_Biopsy_1976"
0.933848399477136,0.066151600522864,0,"MSCCR_reGRID_1184_Biopsy_1977"
0.84878044310441,0.132509565860486,0.0187099910351042,"MSCCR_reGRID_1185_Biopsy_1979"
0.915330730426785,0.084669269573215,0,"MSCCR_reGRID_1185_Biopsy_1978"
0.90052074189045,0.0994792581095501,0,"MSCCR_reGRID_1186_Biopsy_1980"
0.71724629006361,0.2807312071853,0.00202250275108974,"MSCCR_reGRID_1186_Biopsy_1981"
0.769685227156582,0.229980119840115,0.00033465300330313,"MSCCR_reGRID_1187_Biopsy_1984"
0.88580363268361,0.11419636731639,0,"MSCCR_reGRID_1187_Biopsy_1982"
0.865303638262193,0.103139541334753,0.0315568204030536,"MSCCR_reGRID_1187_Biopsy_1983"
0.721606516161366,0.277707409861702,0.000686073976932053,"MSCCR_reGRID_1192_Biopsy_1985"
0.770359331232577,0.214697528785371,0.0149431399820516,"MSCCR_reGRID_1192_Biopsy_1986"
0.478515357007943,0.520344668192213,0.00113997479984326,"MSCCR_reGRID_1192_Biopsy_1987"
0.751834175407322,0.246927031634428,0.00123879295824969,"MSCCR_reGRID_1193_Biopsy_1988"
0.803704128626427,0.18474681031366,0.0115490610599122,"MSCCR_reGRID_1193_Biopsy_1989"
0.80467191800733,0.19532808199267,0,"MSCCR_reGRID_1195_Biopsy_1991"
0.808136586467448,0.190792162022271,0.0010712515102814,"MSCCR_reGRID_1195_Biopsy_1990"
0.864612833425918,0.134857930542607,0.000529236031475225,"MSCCR_reGRID_1197_Biopsy_1992"
0.758163226070906,0.241836773929094,0,"MSCCR_reGRID_1201_Biopsy_1993"
0.8683269054511,0.131433290106266,0.000239804442633633,"MSCCR_reGRID_1201_Biopsy_1994"
0.319282152685719,0.678610975111488,0.00210687220279313,"MSCCR_reGRID_1202_Biopsy_1995"
0.290847832686587,0.687760701384991,0.0213914659284228,"MSCCR_reGRID_1203_Biopsy_1997"
0.891460043821606,0.108539956178394,0,"MSCCR_reGRID_1203_Biopsy_1996"
0.445354441593794,0.552964363589671,0.00168119481653466,"MSCCR_reGRID_1204_Biopsy_1998"
0.406149707644116,0.593850292355884,0,"MSCCR_reGRID_1205_Biopsy_1999"
0.893795422384215,0.104744234517876,0.00146034309790865,"MSCCR_reGRID_1205_Biopsy_2000"
0.637533461960329,0.356154538855239,0.0063119991844311,"MSCCR_reGRID_1205_Biopsy_2001"
0.904837240725539,0.0918325615631106,0.00333019771135018,"MSCCR_reGRID_1206_Biopsy_2002"
0.778117467381267,0.221882532618734,0,"MSCCR_reGRID_1207_Biopsy_2005"
0.908784186031794,0.0912158139682063,0,"MSCCR_reGRID_1207_Biopsy_2004"
0.903197317149359,0.0968026828506408,0,"MSCCR_reGRID_1207_Biopsy_2003"
0.71834103398876,0.260218335387525,0.0214406306237149,"MSCCR_reGRID_1208_Biopsy_2006"
0.624332852276166,0.375452983086391,0.000214164637442908,"MSCCR_reGRID_1214_Biopsy_2007"
0.776350233913763,0.222398351198289,0.00125141488794832,"MSCCR_reGRID_1214_Biopsy_2008"
0.913287815083501,0.0867121849164993,0,"MSCCR_reGRID_1214_Biopsy_2009"
0.898190776367349,0.101809223632651,0,"MSCCR_reGRID_1221_Biopsy_2010"
0.725300494845576,0.27238209251852,0.00231741263590452,"MSCCR_reGRID_1233_Biopsy_2012"
0.900231612073499,0.0997683879265011,0,"MSCCR_reGRID_1233_Biopsy_2011"
0.803307613309578,0.19420116084489,0.00249122584553249,"MSCCR_reGRID_1235_Biopsy_2013"
0.925524491119615,0.0744755088803845,0,"MSCCR_reGRID_1236_Biopsy_2014"
0.890457540047529,0.109542459952471,0,"MSCCR_reGRID_1236_Biopsy_2015"
0.66442391119293,0.333285361249908,0.00229072755716146,"MSCCR_reGRID_1258_Biopsy_2016"
0.91990078888506,0.0781677573329098,0.00193145378203065,"MSCCR_reGRID_1258_Biopsy_2017"
0.675817804701617,0.322934302816438,0.00124789248194481,"MSCCR_reGRID_1290_Biopsy_2020"
0.92200143649065,0.0779985635093495,0,"MSCCR_reGRID_1290_Biopsy_2019"
0.914432478598702,0.0841229599145692,0.00144456148672894,"MSCCR_reGRID_1290_Biopsy_2018"
0.722110831378602,0.275188754974659,0.00270041364673902,"MSCCR_reGRID_1291_Biopsy_2022"
0.891854827352774,0.094690597790791,0.0134545748564355,"MSCCR_reGRID_1291_Biopsy_2021"
0.722297757104507,0.275240800107576,0.00246144278791743,"MSCCR_reGRID_1292_Biopsy_2025"
0.941306956743651,0.0586930432563494,0,"MSCCR_reGRID_1292_Biopsy_2024"
0.896620066282717,0.103379933717283,0,"MSCCR_reGRID_1292_Biopsy_2023"
0.730971763512805,0.269028236487195,0,"MSCCR_reGRID_1293_Biopsy_2027"
0.805064886125845,0.194303250809109,0.000631863065045645,"MSCCR_reGRID_1293_Biopsy_2026"
0.741242863798911,0.258757136201089,0,"MSCCR_reGRID_1299_Biopsy_2029"
0.924303852482584,0.0756193725989426,7.67749184739747e-05,"MSCCR_reGRID_1299_Biopsy_2030"
0.911812378755485,0.0792473697630631,0.00894025148145184,"MSCCR_reGRID_1299_Biopsy_2028"
0.860964398604221,0.139035601395779,0,"MSCCR_reGRID_1300_Biopsy_2031"
0.914745014361298,0.0807524965887037,0.00450248904999851,"MSCCR_reGRID_1300_Biopsy_2032"
0.931873151792067,0.0681268482079332,0,"MSCCR_reGRID_1302_Biopsy_2033"
0.90864501055913,0.09135498944087,0,"MSCCR_reGRID_1302_Biopsy_2034"
0.932031468490693,0.0679685315093072,0,"MSCCR_reGRID_1302_Biopsy_2035"
0.867348800231917,0.120548368940685,0.0121028308273988,"MSCCR_reGRID_1303_Biopsy_2036"
0.90221489509716,0.0898928815941934,0.0078922233086465,"MSCCR_reGRID_1304_Biopsy_2037"
0.934310606918363,0.0656893930816371,0,"MSCCR_reGRID_1305_Biopsy_2039"
0.862569467552099,0.137430532447901,0,"MSCCR_reGRID_1305_Biopsy_2038"
0.940086304041507,0.0592012161724943,0.000712479785998383,"MSCCR_reGRID_1309_Biopsy_2040"
0.946483870117797,0.0535161298822026,0,"MSCCR_reGRID_1311_Biopsy_2041"
0.760377085698496,0.237085694013768,0.00253722028773556,"MSCCR_reGRID_1311_Biopsy_2042"
0.685740459142358,0.314259540857642,0,"MSCCR_reGRID_1314_Biopsy_2043"
0.81045106898903,0.18954893101097,0,"MSCCR_reGRID_1314_Biopsy_2044"
0.881400188714443,0.118599811285557,0,"MSCCR_reGRID_1315_Biopsy_2045"
0.916423800591354,0.0827298170411174,0.000846382367528725,"MSCCR_reGRID_1316_Biopsy_2047"
0.912051730681126,0.0879482693188742,0,"MSCCR_reGRID_1316_Biopsy_2046"
0.606094363310576,0.392527501136999,0.0013781355524255,"MSCCR_reGRID_1317_Biopsy_2049"
0.742630665822194,0.256074408233021,0.00129492594478524,"MSCCR_reGRID_1317_Biopsy_2048"
0.808337190842783,0.174420898370304,0.0172419107869135,"MSCCR_reGRID_1317_Biopsy_2050"
0.758054482520267,0.241945517479733,0,"MSCCR_reGRID_1318_Biopsy_2051"
0.823806480628459,0.176193519371541,0,"MSCCR_reGRID_1318_Biopsy_2052"
0.800075082313889,0.199924917686111,0,"MSCCR_reGRID_1319_Biopsy_2054"
0.82185527531635,0.158962791000837,0.0191819336828129,"MSCCR_reGRID_1319_Biopsy_2053"
0.93296844617015,0.0670315538298505,0,"MSCCR_reGRID_1319_Biopsy_2055"
0.85177346005966,0.132607243306267,0.0156192966340728,"MSCCR_reGRID_1320_Biopsy_2056"
0.673981501372927,0.300672662938281,0.0253458356887917,"MSCCR_reGRID_1323_Biopsy_2057"
0.936667674577154,0.0633323254228458,0,"MSCCR_reGRID_1323_Biopsy_2058"
0.679980840321412,0.320019159678588,0,"MSCCR_reGRID_1326_Biopsy_2059"
0.859419921412546,0.139167672613421,0.00141240597403289,"MSCCR_reGRID_1326_Biopsy_2060"
0.894992836744938,0.102896596828454,0.00211056642660783,"MSCCR_reGRID_1326_Biopsy_2061"
0.930874336229493,0.0691256637705073,0,"MSCCR_reGRID_1327_Biopsy_2062"
0.682295163807789,0.281324891638052,0.0363799445541593,"MSCCR_reGRID_1328_Biopsy_2064"
0.95367399815847,0.0463260018415303,0,"MSCCR_reGRID_1328_Biopsy_2063"
0.879694957268223,0.0979667857659171,0.0223382569658598,"MSCCR_reGRID_1329_Biopsy_2065"
0.665431209678763,0.333665535968142,0.000903254353095699,"MSCCR_reGRID_1330_Biopsy_2066"
0.926252117647402,0.0737478823525981,0,"MSCCR_reGRID_1330_Biopsy_2067"
0.777112220456911,0.220267337006888,0.00262044253620077,"MSCCR_reGRID_1331_Biopsy_2068"
0.868603938673671,0.12339131363072,0.00800474769560888,"MSCCR_reGRID_1331_Biopsy_2069"
0.738018355380716,0.261981644619284,0,"MSCCR_reGRID_1332_Biopsy_2071"
0.904582772901566,0.095417227098434,0,"MSCCR_reGRID_1332_Biopsy_2070"
0.866768101972858,0.118313216446561,0.0149186815805812,"MSCCR_reGRID_1333_Biopsy_2072"
0.861034493792117,0.130954258484641,0.00801124772324176,"MSCCR_reGRID_1333_Biopsy_2073"
0.844107448615511,0.155892551384489,0,"MSCCR_reGRID_1335_Biopsy_2074"
0.898781654231113,0.101218345768887,0,"MSCCR_reGRID_1335_Biopsy_2075"
0.727013127408935,0.272986872591065,0,"MSCCR_reGRID_1337_Biopsy_2076"
0.893268262278134,0.106565238691963,0.000166499029902879,"MSCCR_reGRID_1339_Biopsy_2077"
0.902908894516517,0.0918109420642991,0.00528016341918392,"MSCCR_reGRID_1339_Biopsy_2078"
0.534569219822084,0.465430780177916,0,"MSCCR_reGRID_1340_Biopsy_2079"
0.848373154753988,0.151626845246012,0,"MSCCR_reGRID_1340_Biopsy_2080"
0.702694353995654,0.295520819777247,0.00178482622709905,"MSCCR_reGRID_1341_Biopsy_2081"
0.894995314105385,0.105004685894615,0,"MSCCR_reGRID_1342_Biopsy_2082"
0.442869111339156,0.525410117963723,0.0317207706971206,"MSCCR_reGRID_1343_Biopsy_2083"
0.550334731375448,0.405073630769682,0.0445916378548697,"MSCCR_reGRID_1344_Biopsy_2084"
0.870948735298185,0.129051264701815,0,"MSCCR_reGRID_1344_Biopsy_2085"
0.888283398296451,0.111716601703549,0,"MSCCR_reGRID_1345_Biopsy_2087"
0.545762376894306,0.43245781710768,0.0217798059980141,"MSCCR_reGRID_1345_Biopsy_2086"
0.805792932751508,0.192164914789841,0.00204215245865083,"MSCCR_reGRID_1346_Biopsy_2088"
0.911947896079265,0.088052103920735,0,"MSCCR_reGRID_1346_Biopsy_2089"
0.931987250561277,0.0680127494387233,0,"MSCCR_reGRID_1348_Biopsy_2091"
0.924670672470518,0.0752522698634285,7.70576660530429e-05,"MSCCR_reGRID_1348_Biopsy_2090"
0.920347676833279,0.0796523231667208,0,"MSCCR_reGRID_1349_Biopsy_2093"
0.869365657174163,0.109920376121091,0.0207139667047451,"MSCCR_reGRID_1349_Biopsy_2092"
0.669612492640745,0.330387507359255,0,"MSCCR_reGRID_1351_Biopsy_2094"
0.922986085754545,0.0770139142454545,0,"MSCCR_reGRID_1351_Biopsy_2095"
0.75039993178666,0.24732753015649,0.00227253805685013,"MSCCR_reGRID_1352_Biopsy_2096"
0.861103938116265,0.138896061883735,0,"MSCCR_reGRID_1353_Biopsy_2097"
0.887593636450068,0.112406363549932,0,"MSCCR_reGRID_1353_Biopsy_2098"
0.776417802997519,0.223582197002481,0,"MSCCR_reGRID_1354_Biopsy_2100"
0.888238915156599,0.111602954539857,0.000158130303544146,"MSCCR_reGRID_1354_Biopsy_2099"
0.707642689087113,0.292357310912887,0,"MSCCR_reGRID_1355_Biopsy_2101"
0.862718449753458,0.131455720368252,0.00582582987828969,"MSCCR_reGRID_1355_Biopsy_2102"
0.427410674179861,0.572589325820139,0,"MSCCR_reGRID_1356_Biopsy_2104"
0.722122448514315,0.277877551485685,0,"MSCCR_reGRID_1356_Biopsy_2103"
0.889755073789902,0.110244926210098,0,"MSCCR_reGRID_1357_Biopsy_2106"
0.883407521217645,0.116272707306584,0.000319771475771161,"MSCCR_reGRID_1357_Biopsy_2105"
0.804385874164733,0.195614125835267,0,"MSCCR_reGRID_1359_Biopsy_2107"
0.929141387019712,0.0708586129802884,0,"MSCCR_reGRID_1359_Biopsy_2108"
0.849576238144023,0.148430809018065,0.00199295283791193,"MSCCR_reGRID_1360_Biopsy_2109"
0.913383530664885,0.0866164693351153,0,"MSCCR_reGRID_1360_Biopsy_2110"
0.740675111787835,0.259324888212165,0,"MSCCR_reGRID_1361_Biopsy_2111"
0.829027726253842,0.147498809256239,0.0234734644899189,"MSCCR_reGRID_1361_Biopsy_2112"
0.883458801642647,0.116541198357353,0,"MSCCR_reGRID_1362_Biopsy_2113"
0.815695666312718,0.184304333687282,0,"MSCCR_reGRID_1362_Biopsy_2115"
0.896103819812256,0.103896180187744,0,"MSCCR_reGRID_1362_Biopsy_2114"
0.561938168110681,0.432720355345271,0.00534147654404772,"MSCCR_reGRID_1363_Biopsy_2117"
0.7610738094085,0.224680018644563,0.0142461719469373,"MSCCR_reGRID_1363_Biopsy_2116"
0.888208053784065,0.11154649317732,0.000245453038615193,"MSCCR_reGRID_1364_Biopsy_2119"
0.872974401426891,0.120703508570059,0.00632209000304995,"MSCCR_reGRID_1364_Biopsy_2118"
0.894251480153303,0.105748519846697,0,"MSCCR_reGRID_1365_Biopsy_2120"
0.906744966735437,0.093255033264563,0,"MSCCR_reGRID_1365_Biopsy_2121"
0.512105677981836,0.48664864555488,0.00124567646328453,"MSCCR_reGRID_1366_Biopsy_2124"
0.892631638557698,0.090487489288349,0.0168808721539529,"MSCCR_reGRID_1366_Biopsy_2123"
0.884705409030749,0.105593665121293,0.00970092584795758,"MSCCR_reGRID_1366_Biopsy_2122"
0.908972328016902,0.0884098293853935,0.00261784259770494,"MSCCR_reGRID_1367_Biopsy_2125"
0.746266362860923,0.221388534433799,0.0323451027052776,"MSCCR_reGRID_1367_Biopsy_2126"
0.705285182872867,0.294714817127133,0,"MSCCR_reGRID_1369_Biopsy_2127"
0.885063474725582,0.113912262394972,0.00102426287944554,"MSCCR_reGRID_1369_Biopsy_2128"
0.895573720297205,0.0983585585169094,0.0060677211858857,"MSCCR_reGRID_1369_Biopsy_2129"
0.637076423446941,0.361031119356774,0.00189245719628531,"MSCCR_reGRID_1370_Biopsy_2130"
0.909698943545438,0.0903010564545618,0,"MSCCR_reGRID_1370_Biopsy_2131"
0.608169239019567,0.384279699256218,0.00755106172421559,"MSCCR_reGRID_1372_Biopsy_2132"
0.848155051491163,0.137799195415423,0.0140457530934146,"MSCCR_reGRID_1372_Biopsy_2133"
0.559124123787032,0.440189253218501,0.000686622994467002,"MSCCR_reGRID_1373_Biopsy_2134"
0.839376685047313,0.160623314952687,0,"MSCCR_reGRID_1373_Biopsy_2135"
0.914061623064352,0.0859383769356482,0,"MSCCR_reGRID_1374_Biopsy_2137"
0.9022904662351,0.0966750576577705,0.00103447610712958,"MSCCR_reGRID_1374_Biopsy_2136"
0.77115396581378,0.228846034186219,0,"MSCCR_reGRID_1375_Biopsy_2138"
0.909476869179003,0.0905231308209973,0,"MSCCR_reGRID_1376_Biopsy_2139"
0.918323845657792,0.0816761543422084,0,"MSCCR_reGRID_1376_Biopsy_2140"
0.886837727832406,0.113162272167594,0,"MSCCR_reGRID_1377_Biopsy_2142"
0.846230018941537,0.138968289625254,0.0148016914332095,"MSCCR_reGRID_1377_Biopsy_2141"
0.944266937026701,0.0557330629732991,0,"MSCCR_reGRID_1378_Biopsy_2144"
0.934952790309421,0.0650472096905786,0,"MSCCR_reGRID_1378_Biopsy_2143"
0.878370686507836,0.118306351014715,0.00332296247744859,"MSCCR_reGRID_1379_Biopsy_2146"
0.901865562481263,0.0977699322390475,0.000364505279689217,"MSCCR_reGRID_1379_Biopsy_2145"
0.407547020772645,0.572794297488589,0.0196586817387655,"MSCCR_reGRID_1382_Biopsy_2147"
0.877073960554119,0.122926039445881,0,"MSCCR_reGRID_1382_Biopsy_2148"
0.571924755693629,0.425164032276402,0.0029112120299688,"MSCCR_reGRID_1385_Biopsy_2149"
0.873590028717493,0.111185925832259,0.0152240454502482,"MSCCR_reGRID_1386_Biopsy_2150"
0.837586531542764,0.130401284222864,0.0320121842343718,"MSCCR_reGRID_1386_Biopsy_2151"
0.852140514553738,0.118076225028292,0.0297832604179699,"MSCCR_reGRID_1387_Biopsy_2152"
0.891233574891505,0.10736040192905,0.00140602317944463,"MSCCR_reGRID_1387_Biopsy_2153"
0.749313688232601,0.250686311767399,0,"MSCCR_reGRID_1388_Biopsy_2154"
0.888982572932617,0.110042425430749,0.000975001636633776,"MSCCR_reGRID_1388_Biopsy_2155"
0.761236761570173,0.238763238429827,0,"MSCCR_reGRID_1389_Biopsy_2156"
0.922674409621122,0.077325590378878,0,"MSCCR_reGRID_1389_Biopsy_2157"
0.685244794226161,0.314755205773839,0,"MSCCR_reGRID_1390_Biopsy_2158"
0.93519000738522,0.0648099926147802,0,"MSCCR_reGRID_1390_Biopsy_2159"
0.864622636845517,0.110204592042302,0.0251727711121813,"MSCCR_reGRID_1391_Biopsy_2160"
0.634608129707398,0.364196044274877,0.00119582601772471,"MSCCR_reGRID_1391_Biopsy_2161"
0.719579543784712,0.280420456215288,0,"MSCCR_reGRID_1392_Biopsy_2163"
0.904420343674076,0.0930277499825134,0.00255190634341038,"MSCCR_reGRID_1392_Biopsy_2162"
0.742709228313841,0.257290771686159,0,"MSCCR_reGRID_1393_Biopsy_2165"
0.898504820049141,0.101495179950859,0,"MSCCR_reGRID_1393_Biopsy_2164"
0.943867518723786,0.0561324812762141,0,"MSCCR_reGRID_1394_Biopsy_2166"
0.655212405934958,0.344597266320055,0.000190327744986431,"MSCCR_reGRID_1395_Biopsy_2167"
0.934272222698313,0.0657277773016871,0,"MSCCR_reGRID_1396_Biopsy_2168"
0.966004865602431,0.0339951343975687,0,"MSCCR_reGRID_1398_Biopsy_2170"
0.887874001290386,0.110902365186717,0.00122363352289676,"MSCCR_reGRID_1398_Biopsy_2169"
0.946962587287236,0.0530374127127636,0,"MSCCR_reGRID_1398_Biopsy_2171"
0.887662081290239,0.110468753844693,0.00186916486506752,"MSCCR_reGRID_1399_Biopsy_2172"
0.718440053606606,0.281559946393394,0,"MSCCR_reGRID_1400_Biopsy_2174"
0.8952301324354,0.102500415756986,0.00226945180761429,"MSCCR_reGRID_1400_Biopsy_2173"
0.934264364671579,0.0657356353284208,0,"MSCCR_reGRID_1401_Biopsy_2175"
0.920137650660782,0.0798623493392184,0,"MSCCR_reGRID_1401_Biopsy_2176"
0.748981173735021,0.251018826264979,0,"MSCCR_reGRID_1404_Biopsy_2177"
0.870746560290258,0.129253439709742,0,"MSCCR_reGRID_1404_Biopsy_2178"
0.760918153668059,0.238601784290814,0.000480062041126942,"MSCCR_reGRID_1405_Biopsy_2180"
0.881904702854752,0.11778195412383,0.000313343021418062,"MSCCR_reGRID_1405_Biopsy_2179"
0.702827041641996,0.29577190281097,0.00140105554703327,"MSCCR_reGRID_1405_Biopsy_2181"
0.324144684838808,0.675855315161192,0,"MSCCR_reGRID_1406_Biopsy_2183"
0.90992867342299,0.0900713265770103,0,"MSCCR_reGRID_1406_Biopsy_2182"
0.86443795130805,0.13556204869195,0,"MSCCR_reGRID_1406_Biopsy_2184"
0.898486356255994,0.101513643744006,0,"MSCCR_reGRID_1408_Biopsy_2186"
0.895976105545624,0.104023894454376,0,"MSCCR_reGRID_1408_Biopsy_2185"
0.0159885790631724,0.981378179452755,0.00263324148407238,"MSCCR_reGRID_1409_Biopsy_2189"
0.884666142897146,0.115333857102854,0,"MSCCR_reGRID_1409_Biopsy_2187"
0.853748452913279,0.146251547086721,0,"MSCCR_reGRID_1409_Biopsy_2188"
0.923661063095445,0.0763389369045547,0,"MSCCR_reGRID_1415_Biopsy_2192"
0.908836703203607,0.0911632967963934,0,"MSCCR_reGRID_1416_Biopsy_2193"
0.892247301456385,0.107752698543615,0,"MSCCR_reGRID_1417_Biopsy_2194"
0.587589621339444,0.374389898689104,0.0380204799714519,"MSCCR_reGRID_1418_Biopsy_2195"
0.894337359515987,0.105662640484013,0,"MSCCR_reGRID_1418_Biopsy_2196"
0.878238522303967,0.102995069405764,0.0187664082902687,"MSCCR_reGRID_1420_Biopsy_2197"
0.914888228864603,0.0759922835550744,0.00911948758032226,"MSCCR_reGRID_1421_Biopsy_2200"
0.882829373597292,0.0958608168030787,0.0213098095996292,"MSCCR_reGRID_1421_Biopsy_2199"
0.850579749881849,0.139614676308287,0.00980557380986377,"MSCCR_reGRID_1421_Biopsy_2198"
0.883254143637786,0.116745856362214,0,"MSCCR_reGRID_1423_Biopsy_2203"
0.922029468113439,0.0779705318865613,0,"MSCCR_reGRID_1423_Biopsy_2202"
0.92052353293714,0.0794764670628602,0,"MSCCR_reGRID_1423_Biopsy_2201"
0.866260923209566,0.121109337381322,0.0126297394091118,"MSCCR_reGRID_1424_Biopsy_2204"
0.786316249120731,0.213683750879269,0,"MSCCR_reGRID_1425_Biopsy_2205"
0.910279611632784,0.0897203883672158,0,"MSCCR_reGRID_1425_Biopsy_2206"
0.834238298487715,0.165761701512285,0,"MSCCR_reGRID_1427_Biopsy_2209"
0.92717824047715,0.0728217595228504,0,"MSCCR_reGRID_1427_Biopsy_2207"
0.862856029299927,0.137143970700073,0,"MSCCR_reGRID_1427_Biopsy_2208"
0.824707612746872,0.175154143877627,0.000138243375501084,"MSCCR_reGRID_1429_Biopsy_2210"
0.895337022044571,0.104662977955429,0,"MSCCR_reGRID_1429_Biopsy_2211"
0.912670205581391,0.0873297944186091,0,"MSCCR_reGRID_1429_Biopsy_2212"
0.745558391596562,0.254441608403438,0,"MSCCR_reGRID_1433_Biopsy_2214"
0.88378180208224,0.111823366169883,0.00439483174787735,"MSCCR_reGRID_1433_Biopsy_2213"
0.921735981587336,0.0782640184126643,0,"MSCCR_reGRID_1434_Biopsy_2215"
0.877905710710986,0.107580765232438,0.0145135240565769,"MSCCR_reGRID_1435_Biopsy_2217"
0.8733623069755,0.119407109488445,0.00723058353605539,"MSCCR_reGRID_1435_Biopsy_2216"
0.882228391319082,0.106352195048767,0.0114194136321505,"MSCCR_reGRID_1437_Biopsy_2220"
0.927401444783567,0.0725985552164334,0,"MSCCR_reGRID_1437_Biopsy_2219"
0.890658794655436,0.109341205344564,0,"MSCCR_reGRID_1437_Biopsy_2218"
0.927707517199309,0.0722924828006909,0,"MSCCR_reGRID_1438_Biopsy_2223"
0.0307936963483389,0.915385087962516,0.0538212156891455,"MSCCR_reGRID_1438_Biopsy_2221"
0.894283201400322,0.103421752097056,0.00229504650262183,"MSCCR_reGRID_1438_Biopsy_2222"
0.7981766539574,0.2018233460426,0,"MSCCR_reGRID_1441_Biopsy_2225"
0.86573472346994,0.13426527653006,0,"MSCCR_reGRID_1441_Biopsy_2224"
0.918201763220479,0.0817982367795208,0,"MSCCR_reGRID_1441_Biopsy_2226"
0.648919869134105,0.307381785491734,0.0436983453741608,"MSCCR_reGRID_1442_Biopsy_2227"
0.633731378094729,0.359716535876391,0.00655208602888013,"MSCCR_reGRID_1445_Biopsy_2229"
0.746992491684704,0.253007508315296,0,"MSCCR_reGRID_1445_Biopsy_2228"
0.718716141727604,0.280248958129881,0.00103490014251452,"MSCCR_reGRID_1446_Biopsy_2231"
0.921067792851069,0.0789322071489314,0,"MSCCR_reGRID_1446_Biopsy_2230"
0.920247963232069,0.0797520367679306,0,"MSCCR_reGRID_1447_Biopsy_2232"
0.748601479307028,0.249677460625706,0.00172106006726669,"MSCCR_reGRID_1448_Biopsy_2234"
0.917299904245205,0.0827000957547954,0,"MSCCR_reGRID_1448_Biopsy_2233"
0.889320516410275,0.110679483589725,0,"MSCCR_reGRID_1448_Biopsy_2235"
0.907260993373685,0.0767928111661508,0.0159461954601637,"MSCCR_reGRID_1449_Biopsy_2236"
0.902327436346933,0.0968466882763201,0.000825875376747354,"MSCCR_reGRID_1451_Biopsy_2238"
0.741663170966172,0.255996291070893,0.00234053796293476,"MSCCR_reGRID_1451_Biopsy_2237"
0.882386444345032,0.117613555654968,0,"MSCCR_reGRID_1452_Biopsy_2239"
0.878226084219225,0.121773915780775,0,"MSCCR_reGRID_1454_Biopsy_2240"
0.859225562702047,0.139017008880562,0.00175742841739045,"MSCCR_reGRID_1455_Biopsy_2242"
0.884772833271073,0.115227166728927,0,"MSCCR_reGRID_1455_Biopsy_2241"
0.849557076860362,0.116228610430744,0.0342143127088933,"MSCCR_reGRID_1457_Biopsy_2243"
0.898746821763927,0.101253178236073,0,"MSCCR_reGRID_1458_Biopsy_2245"
0.891744135050261,0.108255864949739,0,"MSCCR_reGRID_1458_Biopsy_2244"
0.904454740034602,0.0885449941349189,0.0070002658304794,"MSCCR_reGRID_1463_Biopsy_2246"
0.842537064262267,0.15668681805869,0.000776117679042723,"MSCCR_reGRID_1464_Biopsy_2247"
0.934744493779393,0.0638630697840564,0.00139243643655038,"MSCCR_reGRID_1464_Biopsy_2248"
0.765023538796321,0.219884961848784,0.0150914993548955,"MSCCR_reGRID_1466_Biopsy_2250"
0.905293390436357,0.0922606928522257,0.00244591671141714,"MSCCR_reGRID_1466_Biopsy_2249"
0.744375123616173,0.255624876383827,0,"MSCCR_reGRID_1467_Biopsy_2251"
0.929923187265307,0.0700768127346928,0,"MSCCR_reGRID_1467_Biopsy_2252"
0.90093058405138,0.094918105837652,0.00415131011096787,"MSCCR_reGRID_1468_Biopsy_2253"
0.863488608650254,0.117959370876091,0.0185520204736549,"MSCCR_reGRID_1468_Biopsy_2254"
0.883389388332479,0.1027404931708,0.0138701184967206,"MSCCR_reGRID_1469_Biopsy_2255"
0.907232692670238,0.0927673073297625,0,"MSCCR_reGRID_1470_Biopsy_2256"
0.908171825809547,0.0918281741904529,0,"MSCCR_reGRID_1471_Biopsy_2257"
0.754886768721388,0.245113231278612,0,"MSCCR_reGRID_1472_Biopsy_2258"
0.906901548269385,0.093098451730615,0,"MSCCR_reGRID_1472_Biopsy_2259"
0.537269689307196,0.462730310692804,0,"MSCCR_reGRID_1476_Biopsy_2260"
0.498590236059791,0.50091681292462,0.000492951015589586,"MSCCR_reGRID_1476_Biopsy_2261"
0.675774607247258,0.323883480201286,0.00034191255145583,"MSCCR_reGRID_1477_Biopsy_2262"
0.763836057818533,0.236163942181467,0,"MSCCR_reGRID_1477_Biopsy_2263"
0.866463241721629,0.124440466299855,0.00909629197851642,"MSCCR_reGRID_1477_Biopsy_2264"
0.871994034302849,0.128005965697151,0,"MSCCR_reGRID_1479_Biopsy_2266"
0.675129761346251,0.324870238653749,0,"MSCCR_reGRID_1479_Biopsy_2265"
0.735724630964725,0.263101118732205,0.00117425030306951,"MSCCR_reGRID_1482_Biopsy_2268"
0.874067858812757,0.120444321701609,0.00548781948563391,"MSCCR_reGRID_1482_Biopsy_2267"
0.870066619789538,0.107560744694782,0.02237263551568,"MSCCR_reGRID_1484_Biopsy_2269"
0.673001414325371,0.325375284116783,0.00162330155784639,"MSCCR_reGRID_1485_Biopsy_2270"
0.864885785463875,0.135114214536126,0,"MSCCR_reGRID_1485_Biopsy_2271"
0.521841692108787,0.478158307891213,0,"MSCCR_reGRID_1486_Biopsy_2273"
0.767264401834477,0.231417399655695,0.00131819850982786,"MSCCR_reGRID_1488_Biopsy_2274"
0.867430735665982,0.118569041110207,0.0140002232238113,"MSCCR_reGRID_1488_Biopsy_2275"
0.350090212245949,0.649259853169136,0.000649934584915389,"MSCCR_reGRID_1490_Biopsy_2278"
0.929406198039889,0.0705938019601114,0,"MSCCR_reGRID_1490_Biopsy_2276"
0.814670244916272,0.183413500277438,0.00191625480628975,"MSCCR_reGRID_1490_Biopsy_2277"
0.630570807034785,0.368818215910037,0.000610977055178283,"MSCCR_reGRID_1491_Biopsy_2279"
0.925321820642914,0.0746781793570858,0,"MSCCR_reGRID_1491_Biopsy_2280"
0.754325655010993,0.215039163750206,0.0306351812388004,"MSCCR_reGRID_1492_Biopsy_2282"
0.782471096639953,0.202723654384799,0.0148052489752478,"MSCCR_reGRID_1492_Biopsy_2281"
0.911509570790721,0.0832707805951095,0.00521964861416953,"MSCCR_reGRID_1493_Biopsy_2283"
0.847494160328293,0.115126532707608,0.0373793069640985,"MSCCR_reGRID_1493_Biopsy_2284"
0.670562365749812,0.325422820707057,0.00401481354313108,"MSCCR_reGRID_1494_Biopsy_2285"
0.899285851634476,0.100714148365524,0,"MSCCR_reGRID_1494_Biopsy_2286"
0.874522214727144,0.111710301512562,0.0137674837602937,"MSCCR_reGRID_1494_Biopsy_2287"
0.827367515339826,0.144158522568598,0.0284739620915758,"MSCCR_reGRID_1496_Biopsy_2288"
0.504537298610786,0.449314237365548,0.0461484640236667,"MSCCR_reGRID_1497_Biopsy_2289"
0.890601473384565,0.10364683083007,0.00575169578536512,"MSCCR_reGRID_1497_Biopsy_2290"
0.856368333111462,0.143631666888538,0,"MSCCR_reGRID_1498_Biopsy_2291"
0.703849517732252,0.295884477224191,0.000266005043556973,"MSCCR_reGRID_1499_Biopsy_2294"
0.8017134718041,0.188020187335325,0.0102663408605751,"MSCCR_reGRID_1499_Biopsy_2293"
0.921960293283056,0.0780397067169439,0,"MSCCR_reGRID_1499_Biopsy_2292"
0.929606913557933,0.0695546748461067,0.000838411595960024,"MSCCR_reGRID_1500_Biopsy_2295"
0.198692413793457,0.801307586206543,0,"MSCCR_reGRID_1501_Biopsy_2296"
0.806513677055522,0.15891063231271,0.0345756906317678,"MSCCR_reGRID_1501_Biopsy_2297"
0.814458731542076,0.183755605348605,0.00178566310931855,"MSCCR_reGRID_1502_Biopsy_2298"
0.865308943824171,0.132343479521224,0.00234757665460495,"MSCCR_reGRID_1503_Biopsy_2299"
0.861687192667551,0.138312807332449,0,"MSCCR_reGRID_1505_Biopsy_2300"
0.874077042972894,0.116386558572863,0.00953639845424206,"MSCCR_reGRID_1505_Biopsy_2301"
0.890814861292367,0.109185138707633,0,"MSCCR_reGRID_1506_Biopsy_2302"
0.911007537064014,0.0889924629359859,0,"MSCCR_reGRID_1506_Biopsy_2303"
0.831314375358356,0.168685624641644,0,"MSCCR_reGRID_1507_Biopsy_2304"
0.776325972025549,0.211758624141873,0.011915403832578,"MSCCR_reGRID_1507_Biopsy_2305"
0.884225779987645,0.0975738058930369,0.0182004141193183,"MSCCR_reGRID_1508_Biopsy_2306"
0.733666840698744,0.266333159301256,0,"MSCCR_reGRID_1509_Biopsy_2308"
0.759122810406236,0.239700740546287,0.00117644904747646,"MSCCR_reGRID_1509_Biopsy_2307"
0.839684985981106,0.1485375828766,0.0117774311422942,"MSCCR_reGRID_1509_Biopsy_2309"
0.801591621771105,0.198408378228895,0,"MSCCR_reGRID_1510_Biopsy_2311"
0.890782605305928,0.109217394694072,0,"MSCCR_reGRID_1510_Biopsy_2310"
0.846368371081804,0.152703593675807,0.000928035242388983,"MSCCR_reGRID_1512_Biopsy_2314"
0.908543420852145,0.0914565791478551,0,"MSCCR_reGRID_1512_Biopsy_2313"
0.896048427722138,0.103951572277862,0,"MSCCR_reGRID_1512_Biopsy_2312"
0.601442929532479,0.396916771560266,0.00164029890725414,"MSCCR_reGRID_1513_Biopsy_2315"
0.525814023390418,0.457333430935732,0.0168525456738498,"MSCCR_reGRID_1514_Biopsy_2316"
0.750486120202225,0.248558603503295,0.000955276294480326,"MSCCR_reGRID_1514_Biopsy_2317"
0.884408151849931,0.108659488832622,0.00693235931744754,"MSCCR_reGRID_1514_Biopsy_2318"
0.69348244517633,0.30651755482367,0,"MSCCR_reGRID_1518_Biopsy_2319"
0.924417459613001,0.0755825403869985,0,"MSCCR_reGRID_1518_Biopsy_2321"
0.878012592412587,0.120542674358579,0.00144473322883445,"MSCCR_reGRID_1518_Biopsy_2320"
0.930502551145254,0.0693037895926083,0.000193659262137827,"MSCCR_reGRID_1521_Biopsy_2322"
0.739425774519777,0.260574225480223,0,"MSCCR_reGRID_1522_Biopsy_2325"
0.924620647724323,0.0753793522756768,0,"MSCCR_reGRID_1522_Biopsy_2324"
0.935219063225165,0.0647809367748348,0,"MSCCR_reGRID_1522_Biopsy_2323"
0.788747865516518,0.209366011269693,0.00188612321378891,"MSCCR_reGRID_1523_Biopsy_2327"
0.893454355645487,0.102505704586137,0.00403993976837593,"MSCCR_reGRID_1523_Biopsy_2326"
0.728019872667378,0.271980127332622,0,"MSCCR_reGRID_1523_Biopsy_2328"
0.744919959723121,0.254036239453036,0.00104380082384301,"MSCCR_reGRID_1524_Biopsy_2329"
0.926883346601033,0.0731166533989669,0,"MSCCR_reGRID_1524_Biopsy_2330"
0.224537687759251,0.77479057514797,0.000671737092778933,"MSCCR_reGRID_1526_Biopsy_2331"
0.803892824473546,0.196107175526454,0,"MSCCR_reGRID_1527_Biopsy_2333"
0.844483130962909,0.155516869037091,0,"MSCCR_reGRID_1527_Biopsy_2332"
0.914125998676869,0.0858740013231307,0,"MSCCR_reGRID_1529_Biopsy_2334"
0.902891181117803,0.0971088188821976,0,"MSCCR_reGRID_1529_Biopsy_2335"
0.885593713990189,0.109678671668305,0.00472761434150542,"MSCCR_reGRID_1533_Biopsy_2336"
0.720584853831341,0.27858416805926,0.000830978109398798,"MSCCR_reGRID_1536_Biopsy_2337"
0.936593463890239,0.0634065361097612,0,"MSCCR_reGRID_1537_Biopsy_2338"
0.842279445726445,0.149496341850785,0.00822421242276934,"MSCCR_reGRID_1538_Biopsy_2340"
0.91364798485701,0.0745602709196645,0.0117917442233254,"MSCCR_reGRID_1538_Biopsy_2339"
0.765061779608514,0.23480289091726,0.000135329474225941,"MSCCR_reGRID_1539_Biopsy_2343"
0.894151812721876,0.105848187278124,0,"MSCCR_reGRID_1539_Biopsy_2342"
0.700090555090522,0.298969828938247,0.000939615971230729,"MSCCR_reGRID_1539_Biopsy_2341"
0.671052553115325,0.316662248774038,0.0122851981106373,"MSCCR_reGRID_1540_Biopsy_2344"
0.898703897081494,0.101296102918506,0,"MSCCR_reGRID_1541_Biopsy_2346"
0.0220921098734359,0.975315958136346,0.00259193199021774,"MSCCR_reGRID_1541_Biopsy_2345"
0.844325829170166,0.155674170829834,0,"MSCCR_reGRID_1541_Biopsy_2347"
0.362094985268559,0.63637767216565,0.00152734256579041,"MSCCR_reGRID_1542_Biopsy_2349"
0.88306247824465,0.11693752175535,0,"MSCCR_reGRID_1542_Biopsy_2348"
0.772193546369918,0.227806453630082,0,"MSCCR_reGRID_1542_Biopsy_2350"
0.886343776332902,0.11094778027955,0.00270844338754794,"MSCCR_reGRID_1544_Biopsy_2352"
0.746385423075038,0.226057411729972,0.0275571651949898,"MSCCR_reGRID_1544_Biopsy_2351"
0.903335974121248,0.0966640258787521,0,"MSCCR_reGRID_1545_Biopsy_2355"
0.928950363880788,0.0707009022098123,0.000348733909399887,"MSCCR_reGRID_1545_Biopsy_2354"
0.867983303456933,0.110172874560606,0.0218438219824603,"MSCCR_reGRID_1545_Biopsy_2353"
0.840254402601788,0.13902336022902,0.0207222371691919,"MSCCR_reGRID_1547_Biopsy_2357"
0.63711300857856,0.343660640393286,0.0192263510281542,"MSCCR_reGRID_1547_Biopsy_2356"
0.905957636466593,0.0940423635334065,0,"MSCCR_reGRID_1548_Biopsy_2358"
0.188530226587228,0.811469773412771,0,"MSCCR_reGRID_1549_Biopsy_2359"
0.683562081126047,0.314168893575963,0.00226902529798995,"MSCCR_reGRID_1549_Biopsy_2360"
0.835772935969693,0.164026253645633,0.000200810384673938,"MSCCR_reGRID_1550_Biopsy_2363"
0.93962285457328,0.0598295992836068,0.000547546143113015,"MSCCR_reGRID_1550_Biopsy_2362"
0.913626151628479,0.0835289067885412,0.00284494158297982,"MSCCR_reGRID_1550_Biopsy_2361"
0.64767169915177,0.339616045665651,0.0127122551825789,"MSCCR_reGRID_1552_Biopsy_2365"
0.867660595677981,0.105936719711299,0.0264026846107208,"MSCCR_reGRID_1552_Biopsy_2364"
0.829486466111745,0.169448193515293,0.00106534037296145,"MSCCR_reGRID_1553_Biopsy_2366"
0.838640807926043,0.161359192073957,0,"MSCCR_reGRID_1555_Biopsy_2368"
0.862076264064862,0.130521282396976,0.00740245353816236,"MSCCR_reGRID_1555_Biopsy_2367"
0.908643364013933,0.091356635986067,0,"MSCCR_reGRID_1556_Biopsy_2369"
0.730161604283954,0.269838395716046,0,"MSCCR_reGRID_1557_Biopsy_2372"
0.888479835270439,0.111520164729561,0,"MSCCR_reGRID_1557_Biopsy_2370"
0.902685002991394,0.0972628777370541,5.21192715517018e-05,"MSCCR_reGRID_1557_Biopsy_2371"
0.678764345866324,0.309794003696835,0.011441650436841,"MSCCR_reGRID_1558_Biopsy_2375"
0.885973052591825,0.100123209510704,0.0139037378974706,"MSCCR_reGRID_1558_Biopsy_2374"
0.812690308675941,0.156630318922215,0.0306793724018441,"MSCCR_reGRID_1558_Biopsy_2373"
0.442569161792389,0.556179727718068,0.00125111048954251,"MSCCR_reGRID_1561_Biopsy_2378"
0.890232520716411,0.109767479283589,0,"MSCCR_reGRID_1561_Biopsy_2376"
0.886903275016966,0.0963955661794684,0.0167011588035657,"MSCCR_reGRID_1561_Biopsy_2377"
0.531269868141914,0.468730131858086,0,"MSCCR_reGRID_1562_Biopsy_2381"
0.858363916743897,0.14148946735357,0.000146615902532908,"MSCCR_reGRID_1562_Biopsy_2379"
0.875484756319887,0.121831115400617,0.00268412827949618,"MSCCR_reGRID_1562_Biopsy_2380"
0.812895400457634,0.187104599542366,0,"MSCCR_reGRID_1563_Biopsy_2382"
0.739877106134394,0.258836667951717,0.00128622591388886,"MSCCR_reGRID_1564_Biopsy_2383"
0.643024511392971,0.315508467398478,0.0414670212085506,"MSCCR_reGRID_1564_Biopsy_2384"
0.879746945912813,0.120237470498031,1.55835891562818e-05,"MSCCR_reGRID_1565_Biopsy_2385"
0.812677698572085,0.187322301427915,0,"MSCCR_reGRID_1569_Biopsy_2387"
0.866863747052724,0.110152096281144,0.0229841566661324,"MSCCR_reGRID_1569_Biopsy_2386"
0.756856138302089,0.234393922559967,0.00874993913794385,"MSCCR_reGRID_1572_Biopsy_2389"
0.727929042138891,0.272070957861109,0,"MSCCR_reGRID_1572_Biopsy_2388"
0.377167342292589,0.622676205578034,0.000156452129376839,"MSCCR_reGRID_1573_Biopsy_2392"
0.850727938230323,0.149182241164368,8.98206053090155e-05,"MSCCR_reGRID_1573_Biopsy_2390"
0.870716809323441,0.105461190164036,0.0238220005125234,"MSCCR_reGRID_1573_Biopsy_2391"
0.931623128588637,0.067969252978672,0.000407618432691252,"MSCCR_reGRID_1574_Biopsy_2395"
0.744414223522234,0.249728795256441,0.00585698122132481,"MSCCR_reGRID_1574_Biopsy_2393"
0.962565607944573,0.0374343920554269,0,"MSCCR_reGRID_1574_Biopsy_2394"
0.904426894236999,0.0955731057630012,0,"MSCCR_reGRID_1577_Biopsy_2396"
0.722198010901688,0.272797006214565,0.00500498288374738,"MSCCR_reGRID_1578_Biopsy_2397"
0.717787168197971,0.282212831802029,0,"MSCCR_reGRID_1578_Biopsy_2398"
0.865895658432733,0.111411391210355,0.0226929503569118,"MSCCR_reGRID_1578_Biopsy_2399"
0.827772405892173,0.169821231098027,0.00240636300979948,"MSCCR_reGRID_1579_Biopsy_2401"
0.914338960486923,0.0856610395130771,0,"MSCCR_reGRID_1579_Biopsy_2400"
0.679938871231649,0.318904645879639,0.00115648288871199,"MSCCR_reGRID_1581_Biopsy_2403"
0.871594027339955,0.106180845324432,0.0222251273356132,"MSCCR_reGRID_1581_Biopsy_2402"
0.860312472969002,0.13144894037098,0.00823858666001854,"MSCCR_reGRID_1583_Biopsy_2405"
0.79879193519345,0.196718019099298,0.00449004570725146,"MSCCR_reGRID_1583_Biopsy_2404"
0.898845810206187,0.101154189793813,0,"MSCCR_reGRID_1584_Biopsy_2406"
0.913771584058186,0.0862284159418143,0,"MSCCR_reGRID_1584_Biopsy_2407"
0.482773716267891,0.516082293274437,0.00114399045767196,"MSCCR_reGRID_1586_Biopsy_2408"
0.522151759049668,0.477848240950332,0,"MSCCR_reGRID_1587_Biopsy_2410"
0.942432228200452,0.0575677717995478,0,"MSCCR_reGRID_1587_Biopsy_2409"
0.87783409724055,0.120197486273447,0.00196841648600303,"MSCCR_reGRID_1589_Biopsy_2412"
0.877080055589443,0.115114740715924,0.00780520369463372,"MSCCR_reGRID_1589_Biopsy_2411"
0.771416775015232,0.227093958314703,0.00148926667006539,"MSCCR_reGRID_1595_Biopsy_2413"
0.621446069974283,0.376965853156007,0.00158807686971022,"MSCCR_reGRID_1595_Biopsy_2414"
0.866932055902656,0.133067944097344,0,"MSCCR_reGRID_1597_Biopsy_2416"
0.917307925188738,0.0660548749610058,0.0166371998502563,"MSCCR_reGRID_1597_Biopsy_2415"
0.655017607637835,0.342699264668861,0.00228312769330391,"MSCCR_reGRID_1598_Biopsy_2417"
0.237467981651803,0.762532018348197,0,"MSCCR_reGRID_1601_Biopsy_2419"
0.92647973771766,0.0732157370985492,0.00030452518379127,"MSCCR_reGRID_1601_Biopsy_2418"
0.518208810417753,0.481791189582247,0,"MSCCR_reGRID_1602_Biopsy_2420"
0.957257283374792,0.0427427166252083,0,"MSCCR_reGRID_1602_Biopsy_2421"
0.904197296271511,0.0934820098077181,0.00232069392077097,"MSCCR_reGRID_1603_Biopsy_2422"
0.782699578975772,0.216290951449236,0.00100946957499261,"MSCCR_reGRID_1603_Biopsy_2423"
0.765586295992366,0.234413704007634,0,"MSCCR_reGRID_1605_Biopsy_2424"
0.663314437100963,0.336146972056602,0.00053859084243446,"MSCCR_reGRID_1608_Biopsy_2426"
0.905207892600694,0.0947921073993064,0,"MSCCR_reGRID_1608_Biopsy_2425"
0.858116265672986,0.130569015450657,0.0113147188763578,"MSCCR_reGRID_1611_Biopsy_2427"
0.747892121264387,0.252107878735613,0,"MSCCR_reGRID_1612_Biopsy_2428"
0.919680968257552,0.0798159604384409,0.000503071304007323,"MSCCR_reGRID_1612_Biopsy_2429"
0.418759096901264,0.579809119590014,0.00143178350872195,"MSCCR_reGRID_1615_Biopsy_2430"
0.374550718541247,0.625449281458753,0,"MSCCR_reGRID_1616_Biopsy_2431"
0.687734240709987,0.312265759290013,0,"MSCCR_reGRID_1617_Biopsy_2432"
0.878971745795609,0.121028254204391,0,"MSCCR_reGRID_1618_Biopsy_2433"
0.666941704641572,0.332489858103868,0.000568437254560192,"MSCCR_reGRID_1618_Biopsy_2434"
0.893044170203088,0.102481266618319,0.0044745631785926,"MSCCR_reGRID_1618_Biopsy_2435"
0.650087818725013,0.348756079322476,0.0011561019525111,"MSCCR_reGRID_1619_Biopsy_2436"
0.860361803659935,0.118539760752648,0.021098435587417,"MSCCR_reGRID_1619_Biopsy_2437"
0.67009134935517,0.286060680525415,0.0438479701194154,"MSCCR_reGRID_1619_Biopsy_2438"
0.902486722819065,0.0975132771809353,0,"MSCCR_reGRID_1620_Biopsy_2439"
0.742143081231454,0.255282233043865,0.00257468572468069,"MSCCR_reGRID_1620_Biopsy_2440"
0.783760904035931,0.215453996749598,0.000785099214470723,"MSCCR_reGRID_1621_Biopsy_2441"
0.317823219120946,0.682176780879055,0,"MSCCR_reGRID_1622_Biopsy_2442"
0.87713235298951,0.121905117802946,0.000962529207544233,"MSCCR_reGRID_1623_Biopsy_2443"
0.739095536913164,0.260904463086836,0,"MSCCR_reGRID_1624_Biopsy_2445"
0.845037841270014,0.153740132284237,0.00122202644574878,"MSCCR_reGRID_1624_Biopsy_2444"
0.896883022567781,0.103116977432219,0,"MSCCR_reGRID_1624_Biopsy_2446"
0.748954797704051,0.246679298865384,0.00436590343056534,"MSCCR_reGRID_1625_Biopsy_2449"
0.864152413461932,0.135488224780903,0.000359361757165296,"MSCCR_reGRID_1625_Biopsy_2447"
0.878624487068819,0.113579435601427,0.00779607732975362,"MSCCR_reGRID_1625_Biopsy_2448"
0.636889049803196,0.362720391584942,0.000390558611861773,"MSCCR_reGRID_1626_Biopsy_2450"
0.845371536117701,0.154628463882299,0,"MSCCR_reGRID_1627_Biopsy_2453"
0.878070543478587,0.121929456521412,0,"MSCCR_reGRID_1627_Biopsy_2452"
0.743658863889387,0.255704125238835,0.00063701087177753,"MSCCR_reGRID_1627_Biopsy_2451"
0.736907268175198,0.261683897838597,0.00140883398620529,"MSCCR_reGRID_1629_Biopsy_2454"
0.703798398210994,0.295293251667731,0.000908350121275402,"MSCCR_reGRID_1632_Biopsy_2455"
0.264127993786946,0.735872006213053,0,"MSCCR_reGRID_1634_Biopsy_2456"
0.806133312359713,0.193123085898134,0.000743601742153057,"MSCCR_reGRID_1634_Biopsy_2457"
0.510304344342519,0.489695655657481,0,"MSCCR_reGRID_1636_Biopsy_2458"
0.710401438774567,0.289598561225433,0,"MSCCR_reGRID_1637_Biopsy_2459"
0.884582767890938,0.115417232109062,0,"MSCCR_reGRID_1637_Biopsy_2460"
0.908768558522706,0.091231441477294,0,"MSCCR_reGRID_1637_Biopsy_2461"
0.617937816031501,0.380958913661037,0.00110327030746281,"MSCCR_reGRID_1638_Biopsy_2463"
0.909759909920103,0.0902400900798966,0,"MSCCR_reGRID_1638_Biopsy_2462"
0.909832581824964,0.090167418175036,0,"MSCCR_reGRID_1638_Biopsy_2464"
0.952204827523428,0.0477951724765724,0,"MSCCR_reGRID_1640_Biopsy_2465"
0.848615568116896,0.111721532570364,0.0396628993127401,"MSCCR_reGRID_1641_Biopsy_2468"
0.958852155071071,0.0411478449289291,0,"MSCCR_reGRID_1641_Biopsy_2467"
0.943554199309555,0.0564458006904446,0,"MSCCR_reGRID_1641_Biopsy_2466"
0.881108162791826,0.113051773212388,0.00584006399578579,"MSCCR_reGRID_1643_Biopsy_2470"
0.891625940779028,0.106613616917507,0.00176044230346518,"MSCCR_reGRID_1643_Biopsy_2469"
0.869117149701721,0.129881162273251,0.00100168802502819,"MSCCR_reGRID_1643_Biopsy_2471"
0.680759425947676,0.318323018710252,0.000917555342072571,"MSCCR_reGRID_1644_Biopsy_2472"
0.4099317595068,0.589986952712321,8.12877808790626e-05,"MSCCR_reGRID_1645_Biopsy_2474"
0.847756480992181,0.152243519007819,0,"MSCCR_reGRID_1645_Biopsy_2473"
0.668182677169405,0.331817322830595,0,"MSCCR_reGRID_1652_Biopsy_2475"
0.662305019702161,0.323780852047519,0.0139141282503209,"MSCCR_reGRID_1655_Biopsy_2478"
0.933254968238906,0.0667450317610941,0,"MSCCR_reGRID_1655_Biopsy_2476"
0.85336118141267,0.135257254573725,0.0113815640136053,"MSCCR_reGRID_1655_Biopsy_2477"
0.925021447441386,0.0749785525586135,0,"MSCCR_reGRID_1656_Biopsy_2480"
0.64733225313704,0.326328961290214,0.0263387855727453,"MSCCR_reGRID_1656_Biopsy_2479"
0.934084501884555,0.0659154981154448,0,"MSCCR_reGRID_1658_Biopsy_2481"
0.259261325025626,0.735758748690287,0.0049799262840878,"MSCCR_reGRID_1665_Biopsy_2482"
0.752810531146683,0.247189468853317,0,"MSCCR_reGRID_1665_Biopsy_2483"
0.824961671013627,0.158041735313632,0.0169965936727407,"MSCCR_reGRID_1665_Biopsy_2484"
0.825287925474222,0.174712074525778,0,"MSCCR_reGRID_1675_Biopsy_2485"
0.933332390499214,0.066667609500786,0,"MSCCR_reGRID_1675_Biopsy_2486"
0.698027734055587,0.299562828490939,0.00240943745347404,"MSCCR_reGRID_1675_Biopsy_2487"
0.748747706053425,0.249122937630503,0.00212935631607262,"MSCCR_reGRID_1677_Biopsy_2489"
0.871909822176157,0.128090177823843,0,"MSCCR_reGRID_1677_Biopsy_2488"
0.775053778959655,0.224946221040345,0,"MSCCR_reGRID_1678_Biopsy_2490"
